date,asset,alpha,level,model
2019-05-16,BTC,0.025,0.025,HS+ACI
2019-05-18,BTC,0.01,0.01001,HS+ACI
2019-05-21,BTC,0.025,0.02515625,HS+ACI
2019-05-23,BTC,0.01,0.010034999999999999,HS+ACI
2019-05-26,BTC,0.025,0.0253125,HS+ACI
2019-05-28,BTC,0.01,0.010059999999999998,HS+ACI
2019-05-31,BTC,0.025,0.025468750000000002,HS+ACI
2019-06-02,BTC,0.01,0.010084999999999997,HS+ACI
2019-06-05,BTC,0.025,0.025625000000000002,HS+ACI
2019-06-07,BTC,0.01,0.010109999999999996,HS+ACI
2019-06-10,BTC,0.025,0.025781250000000002,HS+ACI
2019-06-12,BTC,0.01,0.010134999999999995,HS+ACI
2019-06-15,BTC,0.025,0.025937500000000002,HS+ACI
2019-06-17,BTC,0.01,0.010159999999999994,HS+ACI
2019-06-20,BTC,0.025,0.026093750000000002,HS+ACI
2019-06-22,BTC,0.01,0.010184999999999993,HS+ACI
2019-06-25,BTC,0.025,0.026250000000000002,HS+ACI
2019-06-27,BTC,0.01,0.009709999999999991,HS+ACI
2019-06-30,BTC,0.025,0.02390625,HS+ACI
2019-07-02,BTC,0.01,0.00973499999999999,HS+ACI
2019-07-05,BTC,0.025,0.0240625,HS+ACI
2019-07-07,BTC,0.01,0.00975999999999999,HS+ACI
2019-07-10,BTC,0.025,0.02421875,HS+ACI
2019-07-12,BTC,0.01,0.009784999999999988,HS+ACI
2019-07-15,BTC,0.025,0.023125,HS+ACI
2019-07-17,BTC,0.01,0.009309999999999987,HS+ACI
2019-07-20,BTC,0.025,0.02203125,HS+ACI
2019-07-22,BTC,0.01,0.009334999999999986,HS+ACI
2019-07-25,BTC,0.025,0.0221875,HS+ACI
2019-07-27,BTC,0.01,0.009359999999999985,HS+ACI
2019-07-30,BTC,0.025,0.02234375,HS+ACI
2019-08-01,BTC,0.01,0.009384999999999984,HS+ACI
2019-08-04,BTC,0.025,0.0225,HS+ACI
2019-08-06,BTC,0.01,0.009409999999999983,HS+ACI
2019-08-09,BTC,0.025,0.02265625,HS+ACI
2019-08-11,BTC,0.01,0.009434999999999982,HS+ACI
2019-08-14,BTC,0.025,0.0228125,HS+ACI
2019-08-16,BTC,0.01,0.00945999999999998,HS+ACI
2019-08-19,BTC,0.025,0.02296875,HS+ACI
2019-08-21,BTC,0.01,0.00948499999999998,HS+ACI
2019-08-24,BTC,0.025,0.023125,HS+ACI
2019-08-26,BTC,0.01,0.009509999999999979,HS+ACI
2019-08-29,BTC,0.025,0.02328125,HS+ACI
2019-08-31,BTC,0.01,0.009534999999999978,HS+ACI
2019-09-03,BTC,0.025,0.0234375,HS+ACI
2019-09-05,BTC,0.01,0.009559999999999977,HS+ACI
2019-09-08,BTC,0.025,0.02359375,HS+ACI
2019-09-10,BTC,0.01,0.009584999999999975,HS+ACI
2019-09-13,BTC,0.025,0.02375,HS+ACI
2019-09-15,BTC,0.01,0.009609999999999974,HS+ACI
2019-09-18,BTC,0.025,0.02390625,HS+ACI
2019-09-20,BTC,0.01,0.009634999999999973,HS+ACI
2019-09-23,BTC,0.025,0.0240625,HS+ACI
2019-09-25,BTC,0.01,0.009159999999999972,HS+ACI
2019-09-28,BTC,0.025,0.02296875,HS+ACI
2019-09-30,BTC,0.01,0.009184999999999971,HS+ACI
2019-10-03,BTC,0.025,0.023125,HS+ACI
2019-10-05,BTC,0.01,0.00920999999999997,HS+ACI
2019-10-08,BTC,0.025,0.02328125,HS+ACI
2019-10-10,BTC,0.01,0.009234999999999969,HS+ACI
2019-10-13,BTC,0.025,0.0234375,HS+ACI
2019-10-15,BTC,0.01,0.009259999999999968,HS+ACI
2019-10-18,BTC,0.025,0.02359375,HS+ACI
2019-10-20,BTC,0.01,0.009284999999999967,HS+ACI
2019-10-23,BTC,0.025,0.02375,HS+ACI
2019-10-25,BTC,0.01,0.009309999999999966,HS+ACI
2019-10-28,BTC,0.025,0.02390625,HS+ACI
2019-10-30,BTC,0.01,0.009334999999999965,HS+ACI
2019-11-02,BTC,0.025,0.0240625,HS+ACI
2019-11-04,BTC,0.01,0.009359999999999964,HS+ACI
2019-11-07,BTC,0.025,0.02421875,HS+ACI
2019-11-09,BTC,0.01,0.009384999999999963,HS+ACI
2019-11-12,BTC,0.025,0.024375,HS+ACI
2019-11-14,BTC,0.01,0.009409999999999962,HS+ACI
2019-11-17,BTC,0.025,0.02453125,HS+ACI
2019-11-19,BTC,0.01,0.00943499999999996,HS+ACI
2019-11-22,BTC,0.025,0.0246875,HS+ACI
2019-11-24,BTC,0.01,0.00945999999999996,HS+ACI
2019-11-27,BTC,0.025,0.02484375,HS+ACI
2019-11-29,BTC,0.01,0.009484999999999959,HS+ACI
2019-12-02,BTC,0.025,0.025,HS+ACI
2019-12-04,BTC,0.01,0.009509999999999958,HS+ACI
2019-12-07,BTC,0.025,0.02515625,HS+ACI
2019-12-09,BTC,0.01,0.009534999999999957,HS+ACI
2019-12-12,BTC,0.025,0.0253125,HS+ACI
2019-12-14,BTC,0.01,0.009559999999999956,HS+ACI
2019-12-17,BTC,0.025,0.025468750000000002,HS+ACI
2019-12-19,BTC,0.01,0.009584999999999955,HS+ACI
2019-12-22,BTC,0.025,0.025625000000000002,HS+ACI
2019-12-24,BTC,0.01,0.009609999999999954,HS+ACI
2019-12-27,BTC,0.025,0.025781250000000002,HS+ACI
2019-12-29,BTC,0.01,0.009634999999999953,HS+ACI
2020-01-01,BTC,0.025,0.025937500000000002,HS+ACI
2020-01-03,BTC,0.01,0.009659999999999952,HS+ACI
2020-01-06,BTC,0.025,0.026093750000000002,HS+ACI
2020-01-08,BTC,0.01,0.00968499999999995,HS+ACI
2020-01-11,BTC,0.025,0.026250000000000002,HS+ACI
2020-01-13,BTC,0.01,0.00970999999999995,HS+ACI
2020-01-16,BTC,0.025,0.026406250000000003,HS+ACI
2020-01-18,BTC,0.01,0.009734999999999949,HS+ACI
2020-01-21,BTC,0.025,0.026562500000000003,HS+ACI
2020-01-23,BTC,0.01,0.009759999999999948,HS+ACI
2020-01-26,BTC,0.025,0.026718750000000003,HS+ACI
2020-01-28,BTC,0.01,0.009784999999999947,HS+ACI
2020-01-31,BTC,0.025,0.026875000000000003,HS+ACI
2020-02-02,BTC,0.01,0.009809999999999945,HS+ACI
2020-02-05,BTC,0.025,0.027031250000000003,HS+ACI
2020-02-07,BTC,0.01,0.009834999999999944,HS+ACI
2020-02-10,BTC,0.025,0.027187500000000003,HS+ACI
2020-02-12,BTC,0.01,0.009859999999999943,HS+ACI
2020-02-15,BTC,0.025,0.027343750000000003,HS+ACI
2020-02-17,BTC,0.01,0.009884999999999942,HS+ACI
2020-02-20,BTC,0.025,0.027500000000000004,HS+ACI
2020-02-22,BTC,0.01,0.009909999999999941,HS+ACI
2020-02-25,BTC,0.025,0.027656250000000004,HS+ACI
2020-02-27,BTC,0.01,0.00993499999999994,HS+ACI
2020-03-01,BTC,0.025,0.027812500000000004,HS+ACI
2020-03-03,BTC,0.01,0.00995999999999994,HS+ACI
2020-03-06,BTC,0.025,0.027968750000000004,HS+ACI
2020-03-08,BTC,0.01,0.009984999999999938,HS+ACI
2020-03-11,BTC,0.025,0.026875000000000003,HS+ACI
2020-03-13,BTC,0.01,0.009509999999999937,HS+ACI
2020-03-16,BTC,0.025,0.025781250000000002,HS+ACI
2020-03-18,BTC,0.01,0.009534999999999936,HS+ACI
2020-03-21,BTC,0.025,0.025937500000000002,HS+ACI
2020-03-23,BTC,0.01,0.009559999999999935,HS+ACI
2020-03-26,BTC,0.025,0.026093750000000002,HS+ACI
2020-03-28,BTC,0.01,0.009584999999999934,HS+ACI
2020-03-31,BTC,0.025,0.026250000000000002,HS+ACI
2020-04-02,BTC,0.01,0.009609999999999933,HS+ACI
2020-04-05,BTC,0.025,0.026406250000000003,HS+ACI
2020-04-07,BTC,0.01,0.009634999999999932,HS+ACI
2020-04-10,BTC,0.025,0.026562500000000003,HS+ACI
2020-04-12,BTC,0.01,0.00965999999999993,HS+ACI
2020-04-15,BTC,0.025,0.026718750000000003,HS+ACI
2020-04-17,BTC,0.01,0.00968499999999993,HS+ACI
2020-04-20,BTC,0.025,0.026875000000000003,HS+ACI
2020-04-22,BTC,0.01,0.009709999999999929,HS+ACI
2020-04-25,BTC,0.025,0.027031250000000003,HS+ACI
2020-04-27,BTC,0.01,0.009734999999999928,HS+ACI
2020-04-30,BTC,0.025,0.027187500000000003,HS+ACI
2020-05-02,BTC,0.01,0.009759999999999927,HS+ACI
2020-05-05,BTC,0.025,0.027343750000000003,HS+ACI
2020-05-07,BTC,0.01,0.009784999999999926,HS+ACI
2020-05-10,BTC,0.025,0.026250000000000002,HS+ACI
2020-05-12,BTC,0.01,0.009809999999999925,HS+ACI
2020-05-15,BTC,0.025,0.026406250000000003,HS+ACI
2020-05-17,BTC,0.01,0.009834999999999924,HS+ACI
2020-05-20,BTC,0.025,0.026562500000000003,HS+ACI
2020-05-22,BTC,0.01,0.009859999999999923,HS+ACI
2020-05-25,BTC,0.025,0.026718750000000003,HS+ACI
2020-05-27,BTC,0.01,0.009884999999999922,HS+ACI
2020-05-30,BTC,0.025,0.026875000000000003,HS+ACI
2020-06-01,BTC,0.01,0.00990999999999992,HS+ACI
2020-06-04,BTC,0.025,0.025781250000000002,HS+ACI
2020-06-06,BTC,0.01,0.00993499999999992,HS+ACI
2020-06-09,BTC,0.025,0.025937500000000002,HS+ACI
2020-06-11,BTC,0.01,0.009959999999999919,HS+ACI
2020-06-14,BTC,0.025,0.026093750000000002,HS+ACI
2020-06-16,BTC,0.01,0.009984999999999918,HS+ACI
2020-06-19,BTC,0.025,0.026250000000000002,HS+ACI
2020-06-21,BTC,0.01,0.010009999999999917,HS+ACI
2020-06-24,BTC,0.025,0.026406250000000003,HS+ACI
2020-06-26,BTC,0.01,0.010034999999999916,HS+ACI
2020-06-29,BTC,0.025,0.026562500000000003,HS+ACI
2020-07-01,BTC,0.01,0.010059999999999914,HS+ACI
2020-07-04,BTC,0.025,0.026718750000000003,HS+ACI
2020-07-06,BTC,0.01,0.010084999999999913,HS+ACI
2020-07-09,BTC,0.025,0.026875000000000003,HS+ACI
2020-07-11,BTC,0.01,0.010109999999999912,HS+ACI
2020-07-14,BTC,0.025,0.027031250000000003,HS+ACI
2020-07-16,BTC,0.01,0.010134999999999911,HS+ACI
2020-07-19,BTC,0.025,0.027187500000000003,HS+ACI
2020-07-21,BTC,0.01,0.01015999999999991,HS+ACI
2020-07-24,BTC,0.025,0.027343750000000003,HS+ACI
2020-07-26,BTC,0.01,0.01018499999999991,HS+ACI
2020-07-29,BTC,0.025,0.027500000000000004,HS+ACI
2020-07-31,BTC,0.01,0.010209999999999908,HS+ACI
2020-08-03,BTC,0.025,0.027656250000000004,HS+ACI
2020-08-05,BTC,0.01,0.010234999999999907,HS+ACI
2020-08-08,BTC,0.025,0.027812500000000004,HS+ACI
2020-08-10,BTC,0.01,0.010259999999999906,HS+ACI
2020-08-13,BTC,0.025,0.027968750000000004,HS+ACI
2020-08-15,BTC,0.01,0.010284999999999905,HS+ACI
2020-08-18,BTC,0.025,0.028125000000000004,HS+ACI
2020-08-20,BTC,0.01,0.010309999999999904,HS+ACI
2020-08-23,BTC,0.025,0.028281250000000004,HS+ACI
2020-08-25,BTC,0.01,0.010334999999999903,HS+ACI
2020-08-28,BTC,0.025,0.028437500000000004,HS+ACI
2020-08-30,BTC,0.01,0.010359999999999902,HS+ACI
2020-09-02,BTC,0.025,0.028593750000000005,HS+ACI
2020-09-04,BTC,0.01,0.0098849999999999,HS+ACI
2020-09-07,BTC,0.025,0.027500000000000004,HS+ACI
2020-09-09,BTC,0.01,0.0099099999999999,HS+ACI
2020-09-12,BTC,0.025,0.027656250000000004,HS+ACI
2020-09-14,BTC,0.01,0.009934999999999899,HS+ACI
2020-09-17,BTC,0.025,0.027812500000000004,HS+ACI
2020-09-19,BTC,0.01,0.009959999999999898,HS+ACI
2020-09-22,BTC,0.025,0.027968750000000004,HS+ACI
2020-09-24,BTC,0.01,0.009984999999999897,HS+ACI
2020-09-27,BTC,0.025,0.028125000000000004,HS+ACI
2020-09-29,BTC,0.01,0.010009999999999896,HS+ACI
2020-10-02,BTC,0.025,0.028281250000000004,HS+ACI
2020-10-04,BTC,0.01,0.010034999999999895,HS+ACI
2020-10-07,BTC,0.025,0.028437500000000004,HS+ACI
2020-10-09,BTC,0.01,0.010059999999999894,HS+ACI
2020-10-12,BTC,0.025,0.028593750000000005,HS+ACI
2020-10-14,BTC,0.01,0.010084999999999893,HS+ACI
2020-10-17,BTC,0.025,0.028750000000000005,HS+ACI
2020-10-19,BTC,0.01,0.010109999999999892,HS+ACI
2020-10-22,BTC,0.025,0.028906250000000005,HS+ACI
2020-10-24,BTC,0.01,0.01013499999999989,HS+ACI
2020-10-27,BTC,0.025,0.029062500000000005,HS+ACI
2020-10-29,BTC,0.01,0.01015999999999989,HS+ACI
2020-11-01,BTC,0.025,0.029218750000000005,HS+ACI
2020-11-03,BTC,0.01,0.010184999999999889,HS+ACI
2020-11-06,BTC,0.025,0.029375000000000005,HS+ACI
2020-11-08,BTC,0.01,0.010209999999999888,HS+ACI
2020-11-11,BTC,0.025,0.029531250000000005,HS+ACI
2020-11-13,BTC,0.01,0.010234999999999887,HS+ACI
2020-11-16,BTC,0.025,0.029687500000000006,HS+ACI
2020-11-18,BTC,0.01,0.010259999999999886,HS+ACI
2020-11-21,BTC,0.025,0.029843750000000006,HS+ACI
2020-11-23,BTC,0.01,0.010284999999999885,HS+ACI
2020-11-26,BTC,0.025,0.028750000000000005,HS+ACI
2020-11-28,BTC,0.01,0.010309999999999883,HS+ACI
2020-12-01,BTC,0.025,0.028906250000000005,HS+ACI
2020-12-03,BTC,0.01,0.010334999999999882,HS+ACI
2020-12-06,BTC,0.025,0.029062500000000005,HS+ACI
2020-12-08,BTC,0.01,0.010359999999999881,HS+ACI
2020-12-11,BTC,0.025,0.029218750000000005,HS+ACI
2020-12-13,BTC,0.01,0.01038499999999988,HS+ACI
2020-12-16,BTC,0.025,0.029375000000000005,HS+ACI
2020-12-18,BTC,0.01,0.01040999999999988,HS+ACI
2020-12-21,BTC,0.025,0.029531250000000005,HS+ACI
2020-12-23,BTC,0.01,0.010434999999999878,HS+ACI
2020-12-26,BTC,0.025,0.029687500000000006,HS+ACI
2020-12-28,BTC,0.01,0.010459999999999877,HS+ACI
2020-12-31,BTC,0.025,0.029843750000000006,HS+ACI
2021-01-02,BTC,0.01,0.010484999999999876,HS+ACI
2021-01-05,BTC,0.025,0.030000000000000006,HS+ACI
2021-01-07,BTC,0.01,0.010509999999999875,HS+ACI
2021-01-10,BTC,0.025,0.030156250000000006,HS+ACI
2021-01-12,BTC,0.01,0.010534999999999874,HS+ACI
2021-01-15,BTC,0.025,0.027812500000000004,HS+ACI
2021-01-17,BTC,0.01,0.010559999999999873,HS+ACI
2021-01-20,BTC,0.025,0.027968750000000004,HS+ACI
2021-01-22,BTC,0.01,0.010084999999999872,HS+ACI
2021-01-25,BTC,0.025,0.026875000000000003,HS+ACI
2021-01-27,BTC,0.01,0.01010999999999987,HS+ACI
2021-01-30,BTC,0.025,0.025781250000000002,HS+ACI
2021-02-01,BTC,0.01,0.01013499999999987,HS+ACI
2021-02-04,BTC,0.025,0.025937500000000002,HS+ACI
2021-02-06,BTC,0.01,0.010159999999999869,HS+ACI
2021-02-09,BTC,0.025,0.026093750000000002,HS+ACI
2021-02-11,BTC,0.01,0.010184999999999868,HS+ACI
2021-02-14,BTC,0.025,0.026250000000000002,HS+ACI
2021-02-16,BTC,0.01,0.010209999999999867,HS+ACI
2021-02-19,BTC,0.025,0.026406250000000003,HS+ACI
2021-02-21,BTC,0.01,0.010234999999999866,HS+ACI
2021-02-24,BTC,0.025,0.0240625,HS+ACI
2021-02-26,BTC,0.01,0.009759999999999864,HS+ACI
2021-03-01,BTC,0.025,0.02421875,HS+ACI
2021-03-03,BTC,0.01,0.009784999999999863,HS+ACI
2021-03-06,BTC,0.025,0.024375,HS+ACI
2021-03-08,BTC,0.01,0.009809999999999862,HS+ACI
2021-03-11,BTC,0.025,0.02453125,HS+ACI
2021-03-13,BTC,0.01,0.009834999999999861,HS+ACI
2021-03-16,BTC,0.025,0.0234375,HS+ACI
2021-03-18,BTC,0.01,0.00985999999999986,HS+ACI
2021-03-21,BTC,0.025,0.02359375,HS+ACI
2021-03-23,BTC,0.01,0.00988499999999986,HS+ACI
2021-03-26,BTC,0.025,0.02375,HS+ACI
2021-03-28,BTC,0.01,0.009909999999999858,HS+ACI
2021-03-31,BTC,0.025,0.02390625,HS+ACI
2021-04-02,BTC,0.01,0.009934999999999857,HS+ACI
2021-04-05,BTC,0.025,0.0240625,HS+ACI
2021-04-07,BTC,0.01,0.009959999999999856,HS+ACI
2021-04-10,BTC,0.025,0.02421875,HS+ACI
2021-04-12,BTC,0.01,0.009984999999999855,HS+ACI
2021-04-15,BTC,0.025,0.024375,HS+ACI
2021-04-17,BTC,0.01,0.010009999999999854,HS+ACI
2021-04-20,BTC,0.025,0.02328125,HS+ACI
2021-04-22,BTC,0.01,0.010034999999999853,HS+ACI
2021-04-25,BTC,0.025,0.0234375,HS+ACI
2021-04-27,BTC,0.01,0.010059999999999852,HS+ACI
2021-04-30,BTC,0.025,0.02359375,HS+ACI
2021-05-02,BTC,0.01,0.010084999999999851,HS+ACI
2021-05-05,BTC,0.025,0.02375,HS+ACI
2021-05-07,BTC,0.01,0.01010999999999985,HS+ACI
2021-05-10,BTC,0.025,0.02390625,HS+ACI
2021-05-12,BTC,0.01,0.009634999999999849,HS+ACI
2021-05-15,BTC,0.025,0.0228125,HS+ACI
2021-05-17,BTC,0.01,0.009659999999999848,HS+ACI
2021-05-20,BTC,0.025,0.02171875,HS+ACI
2021-05-22,BTC,0.01,0.009184999999999846,HS+ACI
2021-05-25,BTC,0.025,0.020624999999999998,HS+ACI
2021-05-27,BTC,0.01,0.009209999999999845,HS+ACI
2021-05-30,BTC,0.025,0.020781249999999998,HS+ACI
2021-06-01,BTC,0.01,0.009234999999999844,HS+ACI
2021-06-04,BTC,0.025,0.020937499999999998,HS+ACI
2021-06-06,BTC,0.01,0.009259999999999843,HS+ACI
2021-06-09,BTC,0.025,0.021093749999999998,HS+ACI
2021-06-11,BTC,0.01,0.009284999999999842,HS+ACI
2021-06-14,BTC,0.025,0.021249999999999998,HS+ACI
2021-06-16,BTC,0.01,0.009309999999999841,HS+ACI
2021-06-19,BTC,0.025,0.021406249999999998,HS+ACI
2021-06-21,BTC,0.01,0.00883499999999984,HS+ACI
2021-06-24,BTC,0.025,0.020312499999999997,HS+ACI
2021-06-26,BTC,0.01,0.008859999999999838,HS+ACI
2021-06-29,BTC,0.025,0.020468749999999997,HS+ACI
2021-07-01,BTC,0.01,0.008884999999999837,HS+ACI
2021-07-04,BTC,0.025,0.020624999999999998,HS+ACI
2021-07-06,BTC,0.01,0.008909999999999836,HS+ACI
2021-07-09,BTC,0.025,0.020781249999999998,HS+ACI
2021-07-11,BTC,0.01,0.008934999999999835,HS+ACI
2021-07-14,BTC,0.025,0.020937499999999998,HS+ACI
2021-07-16,BTC,0.01,0.008959999999999834,HS+ACI
2021-07-19,BTC,0.025,0.021093749999999998,HS+ACI
2021-07-21,BTC,0.01,0.008984999999999833,HS+ACI
2021-07-24,BTC,0.025,0.021249999999999998,HS+ACI
2021-07-26,BTC,0.01,0.009009999999999832,HS+ACI
2021-07-29,BTC,0.025,0.021406249999999998,HS+ACI
2021-07-31,BTC,0.01,0.009034999999999831,HS+ACI
2021-08-03,BTC,0.025,0.0215625,HS+ACI
2021-08-05,BTC,0.01,0.00905999999999983,HS+ACI
2021-08-08,BTC,0.025,0.02171875,HS+ACI
2021-08-10,BTC,0.01,0.00908499999999983,HS+ACI
2021-08-13,BTC,0.025,0.021875,HS+ACI
2021-08-15,BTC,0.01,0.009109999999999828,HS+ACI
2021-08-18,BTC,0.025,0.02203125,HS+ACI
2021-08-20,BTC,0.01,0.009134999999999827,HS+ACI
2021-08-23,BTC,0.025,0.0221875,HS+ACI
2021-08-25,BTC,0.01,0.009159999999999826,HS+ACI
2021-08-28,BTC,0.025,0.02234375,HS+ACI
2021-08-30,BTC,0.01,0.009184999999999825,HS+ACI
2021-09-02,BTC,0.025,0.0225,HS+ACI
2021-09-04,BTC,0.01,0.009209999999999824,HS+ACI
2021-09-07,BTC,0.025,0.021406249999999998,HS+ACI
2021-09-09,BTC,0.01,0.008734999999999823,HS+ACI
2021-09-12,BTC,0.025,0.0215625,HS+ACI
2021-09-14,BTC,0.01,0.008759999999999822,HS+ACI
2021-09-17,BTC,0.025,0.02171875,HS+ACI
2021-09-19,BTC,0.01,0.00878499999999982,HS+ACI
2021-09-22,BTC,0.025,0.020624999999999998,HS+ACI
2021-09-24,BTC,0.01,0.00880999999999982,HS+ACI
2021-09-27,BTC,0.025,0.020781249999999998,HS+ACI
2021-09-29,BTC,0.01,0.008834999999999819,HS+ACI
2021-10-02,BTC,0.025,0.020937499999999998,HS+ACI
2021-10-04,BTC,0.01,0.008859999999999818,HS+ACI
2021-10-07,BTC,0.025,0.021093749999999998,HS+ACI
2021-10-09,BTC,0.01,0.008884999999999817,HS+ACI
2021-10-12,BTC,0.025,0.021249999999999998,HS+ACI
2021-10-14,BTC,0.01,0.008909999999999816,HS+ACI
2021-10-17,BTC,0.025,0.021406249999999998,HS+ACI
2021-10-19,BTC,0.01,0.008934999999999815,HS+ACI
2021-10-22,BTC,0.025,0.0215625,HS+ACI
2021-10-24,BTC,0.01,0.008959999999999814,HS+ACI
2021-10-27,BTC,0.025,0.02171875,HS+ACI
2021-10-29,BTC,0.01,0.008984999999999813,HS+ACI
2021-11-01,BTC,0.025,0.021875,HS+ACI
2021-11-03,BTC,0.01,0.009009999999999812,HS+ACI
2021-11-06,BTC,0.025,0.02203125,HS+ACI
2021-11-08,BTC,0.01,0.00903499999999981,HS+ACI
2021-11-11,BTC,0.025,0.0221875,HS+ACI
2021-11-13,BTC,0.01,0.00905999999999981,HS+ACI
2021-11-16,BTC,0.025,0.02234375,HS+ACI
2021-11-18,BTC,0.01,0.009084999999999809,HS+ACI
2021-11-21,BTC,0.025,0.0225,HS+ACI
2021-11-23,BTC,0.01,0.009109999999999807,HS+ACI
2021-11-26,BTC,0.025,0.021406249999999998,HS+ACI
2021-11-28,BTC,0.01,0.009134999999999806,HS+ACI
2021-12-01,BTC,0.025,0.0215625,HS+ACI
2021-12-03,BTC,0.01,0.009159999999999805,HS+ACI
2021-12-06,BTC,0.025,0.02171875,HS+ACI
2021-12-08,BTC,0.01,0.009184999999999804,HS+ACI
2021-12-11,BTC,0.025,0.021875,HS+ACI
2021-12-13,BTC,0.01,0.009209999999999803,HS+ACI
2021-12-16,BTC,0.025,0.02203125,HS+ACI
2021-12-18,BTC,0.01,0.009234999999999802,HS+ACI
2021-12-21,BTC,0.025,0.0221875,HS+ACI
2021-12-23,BTC,0.01,0.009259999999999801,HS+ACI
2021-12-26,BTC,0.025,0.02234375,HS+ACI
2021-12-28,BTC,0.01,0.0092849999999998,HS+ACI
2021-12-31,BTC,0.025,0.0225,HS+ACI
2022-01-02,BTC,0.01,0.0093099999999998,HS+ACI
2022-01-05,BTC,0.025,0.02265625,HS+ACI
2022-01-07,BTC,0.01,0.009334999999999798,HS+ACI
2022-01-10,BTC,0.025,0.0228125,HS+ACI
2022-01-12,BTC,0.01,0.009359999999999797,HS+ACI
2022-01-15,BTC,0.025,0.02296875,HS+ACI
2022-01-17,BTC,0.01,0.009384999999999796,HS+ACI
2022-01-20,BTC,0.025,0.023125,HS+ACI
2022-01-22,BTC,0.01,0.008909999999999795,HS+ACI
2022-01-25,BTC,0.025,0.02203125,HS+ACI
2022-01-27,BTC,0.01,0.008934999999999794,HS+ACI
2022-01-30,BTC,0.025,0.0221875,HS+ACI
2022-02-01,BTC,0.01,0.008959999999999793,HS+ACI
2022-02-04,BTC,0.025,0.02234375,HS+ACI
2022-02-06,BTC,0.01,0.008984999999999792,HS+ACI
2022-02-09,BTC,0.025,0.0225,HS+ACI
2022-02-11,BTC,0.01,0.00900999999999979,HS+ACI
2022-02-14,BTC,0.025,0.02265625,HS+ACI
2022-02-16,BTC,0.01,0.00903499999999979,HS+ACI
2022-02-19,BTC,0.025,0.0228125,HS+ACI
2022-02-21,BTC,0.01,0.009059999999999789,HS+ACI
2022-02-24,BTC,0.025,0.02296875,HS+ACI
2022-02-26,BTC,0.01,0.009084999999999788,HS+ACI
2022-03-01,BTC,0.025,0.023125,HS+ACI
2022-03-03,BTC,0.01,0.009109999999999787,HS+ACI
2022-03-06,BTC,0.025,0.02328125,HS+ACI
2022-03-08,BTC,0.01,0.009134999999999786,HS+ACI
2022-03-11,BTC,0.025,0.0234375,HS+ACI
2022-03-13,BTC,0.01,0.009159999999999785,HS+ACI
2022-03-16,BTC,0.025,0.02359375,HS+ACI
2022-03-18,BTC,0.01,0.009184999999999784,HS+ACI
2022-03-21,BTC,0.025,0.02375,HS+ACI
2022-03-23,BTC,0.01,0.009209999999999783,HS+ACI
2022-03-26,BTC,0.025,0.02390625,HS+ACI
2022-03-28,BTC,0.01,0.009234999999999782,HS+ACI
2022-03-31,BTC,0.025,0.0240625,HS+ACI
2022-04-02,BTC,0.01,0.00925999999999978,HS+ACI
2022-04-05,BTC,0.025,0.02421875,HS+ACI
2022-04-07,BTC,0.01,0.00928499999999978,HS+ACI
2022-04-10,BTC,0.025,0.024375,HS+ACI
2022-04-12,BTC,0.01,0.009309999999999779,HS+ACI
2022-04-15,BTC,0.025,0.02453125,HS+ACI
2022-04-17,BTC,0.01,0.009334999999999778,HS+ACI
2022-04-20,BTC,0.025,0.0246875,HS+ACI
2022-04-22,BTC,0.01,0.009359999999999776,HS+ACI
2022-04-25,BTC,0.025,0.02484375,HS+ACI
2022-04-27,BTC,0.01,0.009384999999999775,HS+ACI
2022-04-30,BTC,0.025,0.025,HS+ACI
2022-05-02,BTC,0.01,0.009409999999999774,HS+ACI
2022-05-05,BTC,0.025,0.02515625,HS+ACI
2022-05-07,BTC,0.01,0.009434999999999773,HS+ACI
2022-05-10,BTC,0.025,0.0240625,HS+ACI
2022-05-12,BTC,0.01,0.008959999999999772,HS+ACI
2022-05-15,BTC,0.025,0.02421875,HS+ACI
2022-05-17,BTC,0.01,0.008984999999999771,HS+ACI
2022-05-20,BTC,0.025,0.024375,HS+ACI
2022-05-22,BTC,0.01,0.00900999999999977,HS+ACI
2022-05-25,BTC,0.025,0.02453125,HS+ACI
2022-05-27,BTC,0.01,0.009034999999999769,HS+ACI
2022-05-30,BTC,0.025,0.0246875,HS+ACI
2022-06-01,BTC,0.01,0.009059999999999768,HS+ACI
2022-06-04,BTC,0.025,0.02484375,HS+ACI
2022-06-06,BTC,0.01,0.009084999999999767,HS+ACI
2022-06-09,BTC,0.025,0.025,HS+ACI
2022-06-11,BTC,0.01,0.009109999999999766,HS+ACI
2022-06-14,BTC,0.025,0.02390625,HS+ACI
2022-06-16,BTC,0.01,0.008634999999999764,HS+ACI
2022-06-19,BTC,0.025,0.0228125,HS+ACI
2022-06-21,BTC,0.01,0.008659999999999763,HS+ACI
2022-06-24,BTC,0.025,0.02296875,HS+ACI
2022-06-26,BTC,0.01,0.008684999999999762,HS+ACI
2022-06-29,BTC,0.025,0.023125,HS+ACI
2022-07-01,BTC,0.01,0.008709999999999761,HS+ACI
2022-07-04,BTC,0.025,0.02328125,HS+ACI
2022-07-06,BTC,0.01,0.00873499999999976,HS+ACI
2022-07-09,BTC,0.025,0.0234375,HS+ACI
2022-07-11,BTC,0.01,0.00875999999999976,HS+ACI
2022-07-14,BTC,0.025,0.02359375,HS+ACI
2022-07-16,BTC,0.01,0.008784999999999758,HS+ACI
2022-07-19,BTC,0.025,0.02375,HS+ACI
2022-07-21,BTC,0.01,0.008809999999999757,HS+ACI
2022-07-24,BTC,0.025,0.02390625,HS+ACI
2022-07-26,BTC,0.01,0.008834999999999756,HS+ACI
2022-07-29,BTC,0.025,0.0240625,HS+ACI
2022-07-31,BTC,0.01,0.008859999999999755,HS+ACI
2022-08-03,BTC,0.025,0.02421875,HS+ACI
2022-08-05,BTC,0.01,0.008884999999999754,HS+ACI
2022-08-08,BTC,0.025,0.024375,HS+ACI
2022-08-10,BTC,0.01,0.008909999999999753,HS+ACI
2022-08-13,BTC,0.025,0.02453125,HS+ACI
2022-08-15,BTC,0.01,0.008934999999999752,HS+ACI
2022-08-18,BTC,0.025,0.0246875,HS+ACI
2022-08-20,BTC,0.01,0.008959999999999751,HS+ACI
2022-08-23,BTC,0.025,0.02359375,HS+ACI
2022-08-25,BTC,0.01,0.00898499999999975,HS+ACI
2022-08-28,BTC,0.025,0.02375,HS+ACI
2022-08-30,BTC,0.01,0.009009999999999749,HS+ACI
2022-09-02,BTC,0.025,0.02390625,HS+ACI
2022-09-04,BTC,0.01,0.009034999999999748,HS+ACI
2022-09-07,BTC,0.025,0.0240625,HS+ACI
2022-09-09,BTC,0.01,0.009059999999999747,HS+ACI
2022-09-12,BTC,0.025,0.02421875,HS+ACI
2022-09-14,BTC,0.01,0.009084999999999746,HS+ACI
2022-09-17,BTC,0.025,0.023125,HS+ACI
2022-09-19,BTC,0.01,0.009109999999999745,HS+ACI
2022-09-22,BTC,0.025,0.02328125,HS+ACI
2022-09-24,BTC,0.01,0.009134999999999744,HS+ACI
2022-09-27,BTC,0.025,0.0234375,HS+ACI
2022-09-29,BTC,0.01,0.009159999999999743,HS+ACI
2022-10-02,BTC,0.025,0.02359375,HS+ACI
2022-10-04,BTC,0.01,0.009184999999999742,HS+ACI
2022-10-07,BTC,0.025,0.02375,HS+ACI
2022-10-09,BTC,0.01,0.009209999999999741,HS+ACI
2022-10-12,BTC,0.025,0.02390625,HS+ACI
2022-10-14,BTC,0.01,0.00923499999999974,HS+ACI
2022-10-17,BTC,0.025,0.0240625,HS+ACI
2022-10-19,BTC,0.01,0.009259999999999739,HS+ACI
2022-10-22,BTC,0.025,0.02421875,HS+ACI
2022-10-24,BTC,0.01,0.009284999999999738,HS+ACI
2022-10-27,BTC,0.025,0.024375,HS+ACI
2022-10-29,BTC,0.01,0.009309999999999737,HS+ACI
2022-11-01,BTC,0.025,0.02453125,HS+ACI
2022-11-03,BTC,0.01,0.009334999999999736,HS+ACI
2022-11-06,BTC,0.025,0.0246875,HS+ACI
2022-11-08,BTC,0.01,0.009359999999999735,HS+ACI
2022-11-11,BTC,0.025,0.02234375,HS+ACI
2022-11-13,BTC,0.01,0.008884999999999733,HS+ACI
2022-11-16,BTC,0.025,0.0225,HS+ACI
2022-11-18,BTC,0.01,0.008909999999999732,HS+ACI
2022-11-21,BTC,0.025,0.02265625,HS+ACI
2022-11-23,BTC,0.01,0.008934999999999731,HS+ACI
2022-11-26,BTC,0.025,0.0228125,HS+ACI
2022-11-28,BTC,0.01,0.00895999999999973,HS+ACI
2022-12-01,BTC,0.025,0.02296875,HS+ACI
2022-12-03,BTC,0.01,0.00898499999999973,HS+ACI
2022-12-06,BTC,0.025,0.023125,HS+ACI
2022-12-08,BTC,0.01,0.009009999999999728,HS+ACI
2022-12-11,BTC,0.025,0.02328125,HS+ACI
2022-12-13,BTC,0.01,0.009034999999999727,HS+ACI
2022-12-16,BTC,0.025,0.0234375,HS+ACI
2022-12-18,BTC,0.01,0.009059999999999726,HS+ACI
2022-12-21,BTC,0.025,0.02359375,HS+ACI
2022-12-23,BTC,0.01,0.009084999999999725,HS+ACI
2022-12-26,BTC,0.025,0.02375,HS+ACI
2022-12-28,BTC,0.01,0.009109999999999724,HS+ACI
2022-12-31,BTC,0.025,0.02390625,HS+ACI
2023-01-02,BTC,0.01,0.009134999999999723,HS+ACI
2023-01-05,BTC,0.025,0.0240625,HS+ACI
2023-01-07,BTC,0.01,0.009159999999999722,HS+ACI
2023-01-10,BTC,0.025,0.02421875,HS+ACI
2023-01-12,BTC,0.01,0.009184999999999721,HS+ACI
2023-01-15,BTC,0.025,0.024375,HS+ACI
2023-01-17,BTC,0.01,0.00920999999999972,HS+ACI
2023-01-20,BTC,0.025,0.02453125,HS+ACI
2023-01-22,BTC,0.01,0.009234999999999719,HS+ACI
2023-01-25,BTC,0.025,0.0246875,HS+ACI
2023-01-27,BTC,0.01,0.009259999999999718,HS+ACI
2023-01-30,BTC,0.025,0.02484375,HS+ACI
2023-02-01,BTC,0.01,0.009284999999999717,HS+ACI
2023-02-04,BTC,0.025,0.025,HS+ACI
2023-02-06,BTC,0.01,0.009309999999999716,HS+ACI
2023-02-09,BTC,0.025,0.02515625,HS+ACI
2023-02-11,BTC,0.01,0.009334999999999715,HS+ACI
2023-02-14,BTC,0.025,0.0253125,HS+ACI
2023-02-16,BTC,0.01,0.009359999999999714,HS+ACI
2023-02-19,BTC,0.025,0.025468750000000002,HS+ACI
2023-02-21,BTC,0.01,0.009384999999999713,HS+ACI
2023-02-24,BTC,0.025,0.025625000000000002,HS+ACI
2023-02-26,BTC,0.01,0.009409999999999712,HS+ACI
2023-03-01,BTC,0.025,0.025781250000000002,HS+ACI
2023-03-03,BTC,0.01,0.009434999999999711,HS+ACI
2023-03-06,BTC,0.025,0.025937500000000002,HS+ACI
2023-03-08,BTC,0.01,0.00945999999999971,HS+ACI
2023-03-11,BTC,0.025,0.026093750000000002,HS+ACI
2023-03-13,BTC,0.01,0.009484999999999709,HS+ACI
2023-03-16,BTC,0.025,0.026250000000000002,HS+ACI
2023-03-18,BTC,0.01,0.009509999999999708,HS+ACI
2023-03-21,BTC,0.025,0.026406250000000003,HS+ACI
2023-03-23,BTC,0.01,0.009534999999999707,HS+ACI
2023-03-26,BTC,0.025,0.026562500000000003,HS+ACI
2023-03-28,BTC,0.01,0.009559999999999706,HS+ACI
2023-03-31,BTC,0.025,0.026718750000000003,HS+ACI
2023-04-02,BTC,0.01,0.009584999999999705,HS+ACI
2023-04-05,BTC,0.025,0.026875000000000003,HS+ACI
2023-04-07,BTC,0.01,0.009609999999999704,HS+ACI
2023-04-10,BTC,0.025,0.027031250000000003,HS+ACI
2023-04-12,BTC,0.01,0.009634999999999703,HS+ACI
2023-04-15,BTC,0.025,0.027187500000000003,HS+ACI
2023-04-17,BTC,0.01,0.009659999999999702,HS+ACI
2023-04-20,BTC,0.025,0.027343750000000003,HS+ACI
2023-04-22,BTC,0.01,0.0096849999999997,HS+ACI
2023-04-25,BTC,0.025,0.027500000000000004,HS+ACI
2023-04-27,BTC,0.01,0.0097099999999997,HS+ACI
2023-04-30,BTC,0.025,0.027656250000000004,HS+ACI
2023-05-02,BTC,0.01,0.009734999999999699,HS+ACI
2023-05-05,BTC,0.025,0.027812500000000004,HS+ACI
2023-05-07,BTC,0.01,0.009759999999999698,HS+ACI
2023-05-10,BTC,0.025,0.027968750000000004,HS+ACI
2023-05-12,BTC,0.01,0.009784999999999697,HS+ACI
2023-05-15,BTC,0.025,0.028125000000000004,HS+ACI
2023-05-17,BTC,0.01,0.009809999999999696,HS+ACI
2023-05-20,BTC,0.025,0.028281250000000004,HS+ACI
2023-05-22,BTC,0.01,0.009834999999999695,HS+ACI
2023-05-25,BTC,0.025,0.028437500000000004,HS+ACI
2023-05-27,BTC,0.01,0.009859999999999694,HS+ACI
2023-05-30,BTC,0.025,0.028593750000000005,HS+ACI
2023-06-01,BTC,0.01,0.009884999999999693,HS+ACI
2023-06-04,BTC,0.025,0.028750000000000005,HS+ACI
2023-06-06,BTC,0.01,0.009909999999999692,HS+ACI
2023-06-09,BTC,0.025,0.028906250000000005,HS+ACI
2023-06-11,BTC,0.01,0.00993499999999969,HS+ACI
2023-06-14,BTC,0.025,0.029062500000000005,HS+ACI
2023-06-16,BTC,0.01,0.00995999999999969,HS+ACI
2023-06-19,BTC,0.025,0.029218750000000005,HS+ACI
2023-06-21,BTC,0.01,0.009984999999999689,HS+ACI
2023-06-24,BTC,0.025,0.029375000000000005,HS+ACI
2023-06-26,BTC,0.01,0.010009999999999688,HS+ACI
2023-06-29,BTC,0.025,0.029531250000000005,HS+ACI
2023-07-01,BTC,0.01,0.010034999999999687,HS+ACI
2023-07-04,BTC,0.025,0.029687500000000006,HS+ACI
2023-07-06,BTC,0.01,0.010059999999999686,HS+ACI
2023-07-09,BTC,0.025,0.029843750000000006,HS+ACI
2023-07-11,BTC,0.01,0.010084999999999684,HS+ACI
2023-07-14,BTC,0.025,0.030000000000000006,HS+ACI
2023-07-16,BTC,0.01,0.010109999999999683,HS+ACI
2023-07-19,BTC,0.025,0.030156250000000006,HS+ACI
2023-07-21,BTC,0.01,0.010134999999999682,HS+ACI
2023-07-24,BTC,0.025,0.030312500000000006,HS+ACI
2023-07-26,BTC,0.01,0.010159999999999681,HS+ACI
2023-07-29,BTC,0.025,0.030468750000000006,HS+ACI
2023-07-31,BTC,0.01,0.01018499999999968,HS+ACI
2023-08-03,BTC,0.025,0.030625000000000006,HS+ACI
2023-08-05,BTC,0.01,0.01020999999999968,HS+ACI
2023-08-08,BTC,0.025,0.030781250000000007,HS+ACI
2023-08-10,BTC,0.01,0.010234999999999678,HS+ACI
2023-08-13,BTC,0.025,0.030937500000000007,HS+ACI
2023-08-15,BTC,0.01,0.010259999999999677,HS+ACI
2023-08-18,BTC,0.025,0.029843750000000006,HS+ACI
2023-08-20,BTC,0.01,0.010284999999999676,HS+ACI
2023-08-23,BTC,0.025,0.030000000000000006,HS+ACI
2023-08-25,BTC,0.01,0.010309999999999675,HS+ACI
2023-08-28,BTC,0.025,0.030156250000000006,HS+ACI
2023-08-30,BTC,0.01,0.010334999999999674,HS+ACI
2023-09-02,BTC,0.025,0.030312500000000006,HS+ACI
2023-09-04,BTC,0.01,0.010359999999999673,HS+ACI
2023-09-07,BTC,0.025,0.030468750000000006,HS+ACI
2023-09-09,BTC,0.01,0.010384999999999672,HS+ACI
2023-09-12,BTC,0.025,0.030625000000000006,HS+ACI
2023-09-14,BTC,0.01,0.010409999999999671,HS+ACI
2023-09-17,BTC,0.025,0.030781250000000007,HS+ACI
2023-09-19,BTC,0.01,0.01043499999999967,HS+ACI
2023-09-22,BTC,0.025,0.030937500000000007,HS+ACI
2023-09-24,BTC,0.01,0.01045999999999967,HS+ACI
2023-09-27,BTC,0.025,0.031093750000000007,HS+ACI
2023-09-29,BTC,0.01,0.010484999999999668,HS+ACI
2023-10-02,BTC,0.025,0.03125000000000001,HS+ACI
2023-10-04,BTC,0.01,0.010509999999999667,HS+ACI
2023-10-07,BTC,0.025,0.03140624999999999,HS+ACI
2023-10-09,BTC,0.01,0.010534999999999666,HS+ACI
2023-10-12,BTC,0.025,0.03156249999999997,HS+ACI
2023-10-14,BTC,0.01,0.010559999999999665,HS+ACI
2023-10-17,BTC,0.025,0.031718749999999955,HS+ACI
2023-10-19,BTC,0.01,0.010584999999999664,HS+ACI
2023-10-22,BTC,0.025,0.03187499999999994,HS+ACI
2023-10-24,BTC,0.01,0.010609999999999663,HS+ACI
2023-10-27,BTC,0.025,0.03203124999999992,HS+ACI
2023-10-29,BTC,0.01,0.010634999999999662,HS+ACI
2023-11-01,BTC,0.025,0.032187499999999904,HS+ACI
2023-11-03,BTC,0.01,0.010659999999999661,HS+ACI
2023-11-06,BTC,0.025,0.032343749999999886,HS+ACI
2023-11-08,BTC,0.01,0.01068499999999966,HS+ACI
2023-11-11,BTC,0.025,0.03249999999999987,HS+ACI
2023-11-13,BTC,0.01,0.010709999999999659,HS+ACI
2023-11-16,BTC,0.025,0.03140624999999986,HS+ACI
2023-11-18,BTC,0.01,0.010734999999999658,HS+ACI
2023-11-21,BTC,0.025,0.03156249999999984,HS+ACI
2023-11-23,BTC,0.01,0.010759999999999657,HS+ACI
2023-11-26,BTC,0.025,0.031718749999999823,HS+ACI
2023-11-28,BTC,0.01,0.010784999999999656,HS+ACI
2023-12-01,BTC,0.025,0.031874999999999806,HS+ACI
2023-12-03,BTC,0.01,0.010809999999999655,HS+ACI
2023-12-06,BTC,0.025,0.03203124999999979,HS+ACI
2023-12-08,BTC,0.01,0.010834999999999654,HS+ACI
2023-12-11,BTC,0.025,0.030937499999999774,HS+ACI
2023-12-13,BTC,0.01,0.010859999999999653,HS+ACI
2023-12-16,BTC,0.025,0.031093749999999774,HS+ACI
2023-12-18,BTC,0.01,0.010884999999999652,HS+ACI
2023-12-21,BTC,0.025,0.031249999999999774,HS+ACI
2023-12-23,BTC,0.01,0.010909999999999651,HS+ACI
2023-12-26,BTC,0.025,0.03140624999999976,HS+ACI
2023-12-28,BTC,0.01,0.01093499999999965,HS+ACI
2023-12-31,BTC,0.025,0.031562499999999744,HS+ACI
2024-01-02,BTC,0.01,0.010959999999999649,HS+ACI
2024-01-05,BTC,0.025,0.030468749999999736,HS+ACI
2024-01-07,BTC,0.01,0.010984999999999648,HS+ACI
2024-01-10,BTC,0.025,0.030624999999999736,HS+ACI
2024-01-12,BTC,0.01,0.010509999999999646,HS+ACI
2024-01-15,BTC,0.025,0.029531249999999735,HS+ACI
2024-01-17,BTC,0.01,0.010534999999999645,HS+ACI
2024-01-20,BTC,0.025,0.029687499999999735,HS+ACI
2024-01-22,BTC,0.01,0.010559999999999644,HS+ACI
2024-01-25,BTC,0.025,0.028593749999999734,HS+ACI
2024-01-27,BTC,0.01,0.010584999999999643,HS+ACI
2024-01-30,BTC,0.025,0.028749999999999734,HS+ACI
2024-02-01,BTC,0.01,0.010609999999999642,HS+ACI
2024-02-04,BTC,0.025,0.028906249999999734,HS+ACI
2024-02-06,BTC,0.01,0.010634999999999641,HS+ACI
2024-02-09,BTC,0.025,0.029062499999999734,HS+ACI
2024-02-11,BTC,0.01,0.01065999999999964,HS+ACI
2024-02-14,BTC,0.025,0.029218749999999735,HS+ACI
2024-02-16,BTC,0.01,0.01068499999999964,HS+ACI
2024-02-19,BTC,0.025,0.029374999999999735,HS+ACI
2024-02-21,BTC,0.01,0.010709999999999638,HS+ACI
2024-02-24,BTC,0.025,0.029531249999999735,HS+ACI
2024-02-26,BTC,0.01,0.010734999999999637,HS+ACI
2024-02-29,BTC,0.025,0.029687499999999735,HS+ACI
2024-03-02,BTC,0.01,0.010759999999999636,HS+ACI
2024-03-05,BTC,0.025,0.028593749999999734,HS+ACI
2024-03-07,BTC,0.01,0.010284999999999635,HS+ACI
2024-03-10,BTC,0.025,0.028749999999999734,HS+ACI
2024-03-12,BTC,0.01,0.010309999999999634,HS+ACI
2024-03-15,BTC,0.025,0.028906249999999734,HS+ACI
2024-03-17,BTC,0.01,0.010334999999999633,HS+ACI
2024-03-20,BTC,0.025,0.026562499999999732,HS+ACI
2024-03-22,BTC,0.01,0.009859999999999631,HS+ACI
2024-03-25,BTC,0.025,0.026718749999999732,HS+ACI
2024-03-27,BTC,0.01,0.00988499999999963,HS+ACI
2024-03-30,BTC,0.025,0.026874999999999732,HS+ACI
2024-04-01,BTC,0.01,0.00990999999999963,HS+ACI
2024-04-04,BTC,0.025,0.02578124999999973,HS+ACI
2024-04-06,BTC,0.01,0.009434999999999628,HS+ACI
2024-04-09,BTC,0.025,0.02593749999999973,HS+ACI
2024-04-11,BTC,0.01,0.009459999999999627,HS+ACI
2024-04-14,BTC,0.025,0.026093749999999732,HS+ACI
2024-04-16,BTC,0.01,0.009484999999999626,HS+ACI
2024-04-19,BTC,0.025,0.026249999999999732,HS+ACI
2024-04-21,BTC,0.01,0.009509999999999625,HS+ACI
2024-04-24,BTC,0.025,0.026406249999999732,HS+ACI
2024-04-26,BTC,0.01,0.009534999999999624,HS+ACI
2024-04-29,BTC,0.025,0.026562499999999732,HS+ACI
2024-05-01,BTC,0.01,0.009559999999999623,HS+ACI
2024-05-04,BTC,0.025,0.02546874999999973,HS+ACI
2024-05-06,BTC,0.01,0.009584999999999622,HS+ACI
2024-05-09,BTC,0.025,0.02562499999999973,HS+ACI
2024-05-11,BTC,0.01,0.00960999999999962,HS+ACI
2024-05-14,BTC,0.025,0.02578124999999973,HS+ACI
2024-05-16,BTC,0.01,0.00963499999999962,HS+ACI
2024-05-19,BTC,0.025,0.02593749999999973,HS+ACI
2024-05-21,BTC,0.01,0.009659999999999619,HS+ACI
2024-05-24,BTC,0.025,0.026093749999999732,HS+ACI
2024-05-26,BTC,0.01,0.009684999999999618,HS+ACI
2024-05-29,BTC,0.025,0.026249999999999732,HS+ACI
2024-05-31,BTC,0.01,0.009709999999999617,HS+ACI
2024-06-03,BTC,0.025,0.026406249999999732,HS+ACI
2024-06-05,BTC,0.01,0.009734999999999615,HS+ACI
2024-06-08,BTC,0.025,0.026562499999999732,HS+ACI
2024-06-10,BTC,0.01,0.009759999999999614,HS+ACI
2024-06-13,BTC,0.025,0.026718749999999732,HS+ACI
2024-06-15,BTC,0.01,0.009784999999999613,HS+ACI
2024-06-18,BTC,0.025,0.026874999999999732,HS+ACI
2024-06-20,BTC,0.01,0.009809999999999612,HS+ACI
2024-06-23,BTC,0.025,0.027031249999999733,HS+ACI
2024-06-25,BTC,0.01,0.009834999999999611,HS+ACI
2024-06-28,BTC,0.025,0.02593749999999973,HS+ACI
2024-06-30,BTC,0.01,0.00985999999999961,HS+ACI
2024-07-03,BTC,0.025,0.026093749999999732,HS+ACI
2024-07-05,BTC,0.01,0.00988499999999961,HS+ACI
2024-07-08,BTC,0.025,0.026249999999999732,HS+ACI
2024-07-10,BTC,0.01,0.009909999999999608,HS+ACI
2024-07-13,BTC,0.025,0.026406249999999732,HS+ACI
2024-07-15,BTC,0.01,0.009934999999999607,HS+ACI
2024-07-18,BTC,0.025,0.026562499999999732,HS+ACI
2024-07-20,BTC,0.01,0.009959999999999606,HS+ACI
2024-07-23,BTC,0.025,0.026718749999999732,HS+ACI
2024-07-25,BTC,0.01,0.009984999999999605,HS+ACI
2024-07-28,BTC,0.025,0.026874999999999732,HS+ACI
2024-07-30,BTC,0.01,0.010009999999999604,HS+ACI
2024-08-02,BTC,0.025,0.02578124999999973,HS+ACI
2024-08-04,BTC,0.01,0.010034999999999603,HS+ACI
2024-08-07,BTC,0.025,0.02468749999999973,HS+ACI
2024-08-09,BTC,0.01,0.009559999999999602,HS+ACI
2024-08-12,BTC,0.025,0.02484374999999973,HS+ACI
2024-08-14,BTC,0.01,0.0095849999999996,HS+ACI
2024-08-17,BTC,0.025,0.02499999999999973,HS+ACI
2024-08-19,BTC,0.01,0.0096099999999996,HS+ACI
2024-08-22,BTC,0.025,0.02515624999999973,HS+ACI
2024-08-24,BTC,0.01,0.009634999999999599,HS+ACI
2024-08-27,BTC,0.025,0.02406249999999973,HS+ACI
2024-08-29,BTC,0.01,0.009659999999999598,HS+ACI
2024-09-01,BTC,0.025,0.02421874999999973,HS+ACI
2024-09-03,BTC,0.01,0.009684999999999597,HS+ACI
2024-09-06,BTC,0.025,0.02437499999999973,HS+ACI
2024-09-08,BTC,0.01,0.009709999999999596,HS+ACI
2024-09-11,BTC,0.025,0.02453124999999973,HS+ACI
2024-09-13,BTC,0.01,0.009734999999999595,HS+ACI
2024-09-16,BTC,0.025,0.02468749999999973,HS+ACI
2024-09-18,BTC,0.01,0.009759999999999594,HS+ACI
2024-09-21,BTC,0.025,0.02484374999999973,HS+ACI
2024-09-23,BTC,0.01,0.009784999999999593,HS+ACI
2024-09-26,BTC,0.025,0.02499999999999973,HS+ACI
2024-09-28,BTC,0.01,0.009809999999999592,HS+ACI
2024-10-01,BTC,0.025,0.02515624999999973,HS+ACI
2024-10-03,BTC,0.01,0.00983499999999959,HS+ACI
2024-10-06,BTC,0.025,0.02531249999999973,HS+ACI
2024-10-08,BTC,0.01,0.00985999999999959,HS+ACI
2024-10-11,BTC,0.025,0.02546874999999973,HS+ACI
2024-10-13,BTC,0.01,0.009884999999999589,HS+ACI
2024-10-16,BTC,0.025,0.02562499999999973,HS+ACI
2024-10-18,BTC,0.01,0.009909999999999588,HS+ACI
2024-10-21,BTC,0.025,0.02578124999999973,HS+ACI
2024-10-23,BTC,0.01,0.009934999999999587,HS+ACI
2024-10-26,BTC,0.025,0.02593749999999973,HS+ACI
2024-10-28,BTC,0.01,0.009959999999999586,HS+ACI
2024-10-31,BTC,0.025,0.026093749999999732,HS+ACI
2024-11-02,BTC,0.01,0.009984999999999584,HS+ACI
2024-11-05,BTC,0.025,0.026249999999999732,HS+ACI
2024-11-07,BTC,0.01,0.010009999999999583,HS+ACI
2024-11-10,BTC,0.025,0.026406249999999732,HS+ACI
2024-11-12,BTC,0.01,0.010034999999999582,HS+ACI
2024-11-15,BTC,0.025,0.026562499999999732,HS+ACI
2024-11-17,BTC,0.01,0.010059999999999581,HS+ACI
2024-11-20,BTC,0.025,0.026718749999999732,HS+ACI
2024-11-22,BTC,0.01,0.01008499999999958,HS+ACI
2024-11-25,BTC,0.025,0.026874999999999732,HS+ACI
2024-11-27,BTC,0.01,0.01010999999999958,HS+ACI
2024-11-30,BTC,0.025,0.027031249999999733,HS+ACI
2024-12-02,BTC,0.01,0.010134999999999578,HS+ACI
2024-12-05,BTC,0.025,0.027187499999999733,HS+ACI
2024-12-07,BTC,0.01,0.010159999999999577,HS+ACI
2024-12-10,BTC,0.025,0.027343749999999733,HS+ACI
2024-12-12,BTC,0.01,0.010184999999999576,HS+ACI
2024-12-15,BTC,0.025,0.027499999999999733,HS+ACI
2024-12-17,BTC,0.01,0.010209999999999575,HS+ACI
2024-12-20,BTC,0.025,0.026406249999999732,HS+ACI
2024-12-22,BTC,0.01,0.010234999999999574,HS+ACI
2024-12-25,BTC,0.025,0.026562499999999732,HS+ACI
2024-12-27,BTC,0.01,0.010259999999999573,HS+ACI
2024-12-30,BTC,0.025,0.026718749999999732,HS+ACI
2025-01-01,BTC,0.01,0.010284999999999572,HS+ACI
2025-01-04,BTC,0.025,0.026874999999999732,HS+ACI
2025-01-06,BTC,0.01,0.010309999999999571,HS+ACI
2025-01-09,BTC,0.025,0.02578124999999973,HS+ACI
2025-01-11,BTC,0.01,0.01033499999999957,HS+ACI
2025-01-14,BTC,0.025,0.02593749999999973,HS+ACI
2025-01-16,BTC,0.01,0.01035999999999957,HS+ACI
2025-01-19,BTC,0.025,0.026093749999999732,HS+ACI
2025-01-21,BTC,0.01,0.010384999999999568,HS+ACI
2025-01-24,BTC,0.025,0.026249999999999732,HS+ACI
2025-01-26,BTC,0.01,0.010409999999999567,HS+ACI
2025-01-29,BTC,0.025,0.026406249999999732,HS+ACI
2025-01-31,BTC,0.01,0.010434999999999566,HS+ACI
2025-02-03,BTC,0.025,0.026562499999999732,HS+ACI
2025-02-05,BTC,0.01,0.010459999999999565,HS+ACI
2025-02-08,BTC,0.025,0.026718749999999732,HS+ACI
2025-02-10,BTC,0.01,0.010484999999999564,HS+ACI
2025-02-13,BTC,0.025,0.026874999999999732,HS+ACI
2025-02-15,BTC,0.01,0.010509999999999563,HS+ACI
2025-02-18,BTC,0.025,0.027031249999999733,HS+ACI
2025-02-20,BTC,0.01,0.010534999999999562,HS+ACI
2025-02-23,BTC,0.025,0.027187499999999733,HS+ACI
2025-02-25,BTC,0.01,0.010559999999999561,HS+ACI
2025-02-28,BTC,0.025,0.026093749999999732,HS+ACI
2025-03-02,BTC,0.01,0.01058499999999956,HS+ACI
2025-03-05,BTC,0.025,0.02499999999999973,HS+ACI
2025-03-07,BTC,0.01,0.010109999999999559,HS+ACI
2025-03-10,BTC,0.025,0.02390624999999973,HS+ACI
2025-03-12,BTC,0.01,0.009634999999999557,HS+ACI
2025-03-15,BTC,0.025,0.02406249999999973,HS+ACI
2025-03-17,BTC,0.01,0.009659999999999556,HS+ACI
2025-03-20,BTC,0.025,0.02421874999999973,HS+ACI
2025-03-22,BTC,0.01,0.009684999999999555,HS+ACI
2025-03-25,BTC,0.025,0.02437499999999973,HS+ACI
2025-03-27,BTC,0.01,0.009709999999999554,HS+ACI
2025-03-30,BTC,0.025,0.02453124999999973,HS+ACI
2025-04-01,BTC,0.01,0.009734999999999553,HS+ACI
2025-04-04,BTC,0.025,0.02468749999999973,HS+ACI
2025-04-06,BTC,0.01,0.009259999999999552,HS+ACI
2025-04-09,BTC,0.025,0.02359374999999973,HS+ACI
2025-04-11,BTC,0.01,0.00928499999999955,HS+ACI
2025-04-14,BTC,0.025,0.02374999999999973,HS+ACI
2025-04-16,BTC,0.01,0.00930999999999955,HS+ACI
2025-04-19,BTC,0.025,0.02390624999999973,HS+ACI
2025-04-21,BTC,0.01,0.009334999999999549,HS+ACI
2025-04-24,BTC,0.025,0.02406249999999973,HS+ACI
2025-04-26,BTC,0.01,0.009359999999999548,HS+ACI
2025-04-29,BTC,0.025,0.02421874999999973,HS+ACI
2025-05-01,BTC,0.01,0.009384999999999546,HS+ACI
2025-05-04,BTC,0.025,0.02437499999999973,HS+ACI
2025-05-06,BTC,0.01,0.009409999999999545,HS+ACI
2025-05-09,BTC,0.025,0.02453124999999973,HS+ACI
2025-05-11,BTC,0.01,0.009434999999999544,HS+ACI
2025-05-14,BTC,0.025,0.02468749999999973,HS+ACI
2025-05-16,BTC,0.01,0.009459999999999543,HS+ACI
2025-05-19,BTC,0.025,0.02484374999999973,HS+ACI
2025-05-21,BTC,0.01,0.009484999999999542,HS+ACI
2025-05-24,BTC,0.025,0.02499999999999973,HS+ACI
2025-05-26,BTC,0.01,0.009509999999999541,HS+ACI
2025-05-29,BTC,0.025,0.02515624999999973,HS+ACI
2025-05-31,BTC,0.01,0.00953499999999954,HS+ACI
2025-06-03,BTC,0.025,0.02531249999999973,HS+ACI
2025-06-05,BTC,0.01,0.00955999999999954,HS+ACI
2025-06-08,BTC,0.025,0.02546874999999973,HS+ACI
2025-06-10,BTC,0.01,0.009584999999999538,HS+ACI
2025-06-13,BTC,0.025,0.02562499999999973,HS+ACI
2025-06-15,BTC,0.01,0.009609999999999537,HS+ACI
2025-06-18,BTC,0.025,0.02578124999999973,HS+ACI
2025-06-20,BTC,0.01,0.009634999999999536,HS+ACI
2025-06-23,BTC,0.025,0.02593749999999973,HS+ACI
2025-06-25,BTC,0.01,0.009659999999999535,HS+ACI
2025-06-28,BTC,0.025,0.026093749999999732,HS+ACI
2025-06-30,BTC,0.01,0.009684999999999534,HS+ACI
2025-07-03,BTC,0.025,0.026249999999999732,HS+ACI
2025-07-05,BTC,0.01,0.009709999999999533,HS+ACI
2025-07-08,BTC,0.025,0.026406249999999732,HS+ACI
2025-07-10,BTC,0.01,0.009734999999999532,HS+ACI
2025-07-13,BTC,0.025,0.026562499999999732,HS+ACI
2025-07-15,BTC,0.01,0.009759999999999531,HS+ACI
2025-07-18,BTC,0.025,0.026718749999999732,HS+ACI
2025-07-20,BTC,0.01,0.00978499999999953,HS+ACI
2025-07-23,BTC,0.025,0.026874999999999732,HS+ACI
2025-07-25,BTC,0.01,0.00980999999999953,HS+ACI
2025-07-28,BTC,0.025,0.027031249999999733,HS+ACI
2025-07-30,BTC,0.01,0.009834999999999528,HS+ACI
2025-08-02,BTC,0.025,0.027187499999999733,HS+ACI
2025-08-04,BTC,0.01,0.009859999999999527,HS+ACI
2025-08-07,BTC,0.025,0.027343749999999733,HS+ACI
2025-08-09,BTC,0.01,0.009884999999999526,HS+ACI
2025-08-12,BTC,0.025,0.027499999999999733,HS+ACI
2025-08-14,BTC,0.01,0.009909999999999525,HS+ACI
2025-08-17,BTC,0.025,0.027656249999999733,HS+ACI
2025-08-19,BTC,0.01,0.009934999999999524,HS+ACI
2025-08-22,BTC,0.025,0.027812499999999733,HS+ACI
2025-08-24,BTC,0.01,0.009959999999999523,HS+ACI
2025-08-27,BTC,0.025,0.027968749999999733,HS+ACI
2025-08-29,BTC,0.01,0.009984999999999522,HS+ACI
2025-09-01,BTC,0.025,0.028124999999999734,HS+ACI
2025-09-03,BTC,0.01,0.010009999999999521,HS+ACI
2025-09-06,BTC,0.025,0.028281249999999734,HS+ACI
2025-09-08,BTC,0.01,0.01003499999999952,HS+ACI
2025-09-11,BTC,0.025,0.028437499999999734,HS+ACI
2025-09-13,BTC,0.01,0.010059999999999519,HS+ACI
2025-09-16,BTC,0.025,0.028593749999999734,HS+ACI
2025-09-18,BTC,0.01,0.010084999999999518,HS+ACI
2025-09-21,BTC,0.025,0.028749999999999734,HS+ACI
2025-09-23,BTC,0.01,0.010109999999999517,HS+ACI
2025-09-26,BTC,0.025,0.028906249999999734,HS+ACI
2025-09-28,BTC,0.01,0.010134999999999516,HS+ACI
2025-10-01,BTC,0.025,0.029062499999999734,HS+ACI
2025-10-03,BTC,0.01,0.010159999999999515,HS+ACI
2025-10-06,BTC,0.025,0.029218749999999735,HS+ACI
2025-10-08,BTC,0.01,0.010184999999999514,HS+ACI
2025-10-11,BTC,0.025,0.028124999999999734,HS+ACI
2025-10-13,BTC,0.01,0.009709999999999512,HS+ACI
2025-10-16,BTC,0.025,0.028281249999999734,HS+ACI
2025-10-18,BTC,0.01,0.009734999999999511,HS+ACI
2025-10-21,BTC,0.025,0.028437499999999734,HS+ACI
2025-10-23,BTC,0.01,0.00975999999999951,HS+ACI
2025-10-26,BTC,0.025,0.028593749999999734,HS+ACI
2025-10-28,BTC,0.01,0.00978499999999951,HS+ACI
2025-10-31,BTC,0.025,0.028749999999999734,HS+ACI
2025-11-02,BTC,0.01,0.009809999999999508,HS+ACI
2025-11-05,BTC,0.025,0.027656249999999733,HS+ACI
2025-11-07,BTC,0.01,0.009834999999999507,HS+ACI
2025-11-10,BTC,0.025,0.027812499999999733,HS+ACI
2025-11-12,BTC,0.01,0.009859999999999506,HS+ACI
2025-11-15,BTC,0.025,0.026718749999999732,HS+ACI
2025-11-17,BTC,0.01,0.009884999999999505,HS+ACI
2025-11-20,BTC,0.025,0.02562499999999973,HS+ACI
2025-11-22,BTC,0.01,0.009909999999999504,HS+ACI
2025-11-25,BTC,0.025,0.02578124999999973,HS+ACI
2025-11-27,BTC,0.01,0.009934999999999503,HS+ACI
2025-11-30,BTC,0.025,0.02593749999999973,HS+ACI
2025-12-02,BTC,0.01,0.009959999999999502,HS+ACI
2025-12-05,BTC,0.025,0.026093749999999732,HS+ACI
2025-12-07,BTC,0.01,0.009984999999999501,HS+ACI
2025-12-10,BTC,0.025,0.026249999999999732,HS+ACI
2025-12-12,BTC,0.01,0.0100099999999995,HS+ACI
2025-12-15,BTC,0.025,0.026406249999999732,HS+ACI
2025-12-17,BTC,0.01,0.0100349999999995,HS+ACI
2025-12-20,BTC,0.025,0.026562499999999732,HS+ACI
2025-12-22,BTC,0.01,0.010059999999999498,HS+ACI
2025-12-25,BTC,0.025,0.026718749999999732,HS+ACI
2025-12-27,BTC,0.01,0.010084999999999497,HS+ACI
2025-12-30,BTC,0.025,0.026874999999999732,HS+ACI
2026-01-01,BTC,0.01,0.010109999999999496,HS+ACI
2026-01-04,BTC,0.025,0.027031249999999733,HS+ACI
2026-01-06,BTC,0.01,0.010134999999999495,HS+ACI
2026-01-09,BTC,0.025,0.027187499999999733,HS+ACI
2026-01-11,BTC,0.01,0.010159999999999494,HS+ACI
2026-01-14,BTC,0.025,0.027343749999999733,HS+ACI
2026-01-16,BTC,0.01,0.010184999999999493,HS+ACI
2026-01-19,BTC,0.025,0.027499999999999733,HS+ACI
2026-01-21,BTC,0.01,0.010209999999999492,HS+ACI
2026-01-24,BTC,0.025,0.026406249999999732,HS+ACI
2026-01-26,BTC,0.01,0.010234999999999491,HS+ACI
2026-01-29,BTC,0.025,0.02531249999999973,HS+ACI
2026-01-31,BTC,0.01,0.00975999999999949,HS+ACI
2026-02-03,BTC,0.025,0.02421874999999973,HS+ACI
2026-02-05,BTC,0.01,0.009284999999999488,HS+ACI
2026-02-08,BTC,0.025,0.02312499999999973,HS+ACI
2026-02-10,BTC,0.01,0.009309999999999487,HS+ACI
2026-02-13,BTC,0.025,0.02328124999999973,HS+ACI
2026-02-15,BTC,0.01,0.009334999999999486,HS+ACI
2026-02-18,BTC,0.025,0.02343749999999973,HS+ACI
2026-02-20,BTC,0.01,0.009359999999999485,HS+ACI
2026-02-23,BTC,0.025,0.02359374999999973,HS+ACI
2026-02-25,BTC,0.01,0.009384999999999484,HS+ACI
2026-02-28,BTC,0.025,0.02374999999999973,HS+ACI
2026-03-02,BTC,0.01,0.009409999999999483,HS+ACI
2026-03-05,BTC,0.025,0.02390624999999973,HS+ACI
2026-03-07,BTC,0.01,0.009434999999999482,HS+ACI
2026-03-10,BTC,0.025,0.02406249999999973,HS+ACI
2026-03-12,BTC,0.01,0.009459999999999481,HS+ACI
2026-03-15,BTC,0.025,0.02421874999999973,HS+ACI
2026-03-17,BTC,0.01,0.00948499999999948,HS+ACI
2026-03-20,BTC,0.025,0.02437499999999973,HS+ACI
2026-03-22,BTC,0.01,0.009509999999999479,HS+ACI
2026-03-25,BTC,0.025,0.02453124999999973,HS+ACI
2026-03-27,BTC,0.01,0.009534999999999478,HS+ACI
2026-03-30,BTC,0.025,0.02468749999999973,HS+ACI
2026-04-01,BTC,0.01,0.009559999999999477,HS+ACI
2026-04-04,BTC,0.025,0.02484374999999973,HS+ACI
2026-04-06,BTC,0.01,0.009584999999999476,HS+ACI
2026-04-09,BTC,0.025,0.02499999999999973,HS+ACI
2026-04-11,BTC,0.01,0.009609999999999475,HS+ACI
2026-04-14,BTC,0.025,0.02515624999999973,HS+ACI
2026-04-16,BTC,0.01,0.009634999999999474,HS+ACI
2026-04-19,BTC,0.025,0.02531249999999973,HS+ACI
2026-04-21,BTC,0.01,0.009659999999999473,HS+ACI
2026-04-24,BTC,0.025,0.02546874999999973,HS+ACI
2026-04-26,BTC,0.01,0.009684999999999472,HS+ACI
2026-04-29,BTC,0.025,0.02562499999999973,HS+ACI
2026-05-01,BTC,0.01,0.00970999999999947,HS+ACI
2026-05-04,BTC,0.025,0.02578124999999973,HS+ACI
2026-05-06,BTC,0.01,0.00973499999999947,HS+ACI
2026-05-09,BTC,0.025,0.02593749999999973,HS+ACI
2026-05-11,BTC,0.01,0.009759999999999469,HS+ACI
2026-05-14,BTC,0.025,0.026093749999999732,HS+ACI
2026-05-16,BTC,0.01,0.009784999999999468,HS+ACI
2026-05-19,BTC,0.025,0.026249999999999732,HS+ACI
2026-05-21,BTC,0.01,0.009809999999999467,HS+ACI
2026-05-24,BTC,0.025,0.026406249999999732,HS+ACI
2026-05-26,BTC,0.01,0.009834999999999466,HS+ACI
2026-05-29,BTC,0.025,0.026562499999999732,HS+ACI
2026-05-31,BTC,0.01,0.009859999999999465,HS+ACI
2026-06-03,BTC,0.025,0.02546874999999973,HS+ACI
2026-06-05,BTC,0.01,0.009384999999999463,HS+ACI
2026-06-08,BTC,0.025,0.02562499999999973,HS+ACI
2026-06-10,BTC,0.01,0.009409999999999462,HS+ACI
2026-06-13,BTC,0.025,0.02578124999999973,HS+ACI
2026-06-15,BTC,0.01,0.009434999999999461,HS+ACI
2026-06-18,BTC,0.025,0.02593749999999973,HS+ACI
2026-06-20,BTC,0.01,0.00945999999999946,HS+ACI
2026-06-23,BTC,0.025,0.026093749999999732,HS+ACI
2026-06-25,BTC,0.01,0.00948499999999946,HS+ACI
2026-06-28,BTC,0.025,0.026249999999999732,HS+ACI
2026-06-30,BTC,0.01,0.009509999999999458,HS+ACI
2026-07-03,BTC,0.025,0.026406249999999732,HS+ACI
2026-07-05,BTC,0.01,0.009534999999999457,HS+ACI
2026-07-08,BTC,0.025,0.026562499999999732,HS+ACI
2026-07-10,BTC,0.01,0.009559999999999456,HS+ACI
2026-07-13,BTC,0.025,0.026718749999999732,HS+ACI
2026-07-15,BTC,0.01,0.009584999999999455,HS+ACI
2026-07-18,BTC,0.025,0.026874999999999732,HS+ACI
2026-07-20,BTC,0.01,0.009609999999999454,HS+ACI
2026-07-23,BTC,0.025,0.027031249999999733,HS+ACI
2026-07-25,BTC,0.01,0.009634999999999453,HS+ACI
2026-07-28,BTC,0.025,0.027187499999999733,HS+ACI
2026-07-30,BTC,0.01,0.009659999999999452,HS+ACI
2026-08-02,BTC,0.025,0.027343749999999733,HS+ACI
2026-08-04,BTC,0.01,0.009684999999999451,HS+ACI
2026-08-07,BTC,0.025,0.027499999999999733,HS+ACI
2026-08-09,BTC,0.01,0.00970999999999945,HS+ACI
2026-08-12,BTC,0.025,0.027656249999999733,HS+ACI
2026-08-14,BTC,0.01,0.009734999999999449,HS+ACI
2026-08-17,BTC,0.025,0.027812499999999733,HS+ACI
2026-08-19,BTC,0.01,0.009759999999999448,HS+ACI
2026-08-22,BTC,0.025,0.027968749999999733,HS+ACI
2026-08-24,BTC,0.01,0.009784999999999447,HS+ACI
2026-08-27,BTC,0.025,0.028124999999999734,HS+ACI
2026-08-29,BTC,0.01,0.009809999999999446,HS+ACI
2026-09-01,BTC,0.025,0.028281249999999734,HS+ACI
2026-09-03,BTC,0.01,0.009834999999999445,HS+ACI
2026-09-06,BTC,0.025,0.028437499999999734,HS+ACI
2026-09-08,BTC,0.01,0.009859999999999444,HS+ACI
2019-05-17,BTC,0.025,0.02503125,GARCH-t+ACI
2019-05-19,BTC,0.01,0.010015,GARCH-t+ACI
2019-05-22,BTC,0.025,0.0251875,GARCH-t+ACI
2019-05-24,BTC,0.01,0.010039999999999999,GARCH-t+ACI
2019-05-27,BTC,0.025,0.02534375,GARCH-t+ACI
2019-05-29,BTC,0.01,0.010064999999999998,GARCH-t+ACI
2019-06-01,BTC,0.025,0.025500000000000002,GARCH-t+ACI
2019-06-03,BTC,0.01,0.010089999999999997,GARCH-t+ACI
2019-06-06,BTC,0.025,0.025656250000000002,GARCH-t+ACI
2019-06-08,BTC,0.01,0.010114999999999996,GARCH-t+ACI
2019-06-11,BTC,0.025,0.025812500000000002,GARCH-t+ACI
2019-06-13,BTC,0.01,0.010139999999999995,GARCH-t+ACI
2019-06-16,BTC,0.025,0.025968750000000002,GARCH-t+ACI
2019-06-18,BTC,0.01,0.010164999999999993,GARCH-t+ACI
2019-06-21,BTC,0.025,0.026125000000000002,GARCH-t+ACI
2019-06-23,BTC,0.01,0.010189999999999992,GARCH-t+ACI
2019-06-26,BTC,0.025,0.026281250000000003,GARCH-t+ACI
2019-06-28,BTC,0.01,0.009714999999999991,GARCH-t+ACI
2019-07-01,BTC,0.025,0.0251875,GARCH-t+ACI
2019-07-03,BTC,0.01,0.00973999999999999,GARCH-t+ACI
2019-07-06,BTC,0.025,0.02534375,GARCH-t+ACI
2019-07-08,BTC,0.01,0.009764999999999989,GARCH-t+ACI
2019-07-11,BTC,0.025,0.025500000000000002,GARCH-t+ACI
2019-07-13,BTC,0.01,0.009789999999999988,GARCH-t+ACI
2019-07-16,BTC,0.025,0.02440625,GARCH-t+ACI
2019-07-18,BTC,0.01,0.009814999999999987,GARCH-t+ACI
2019-07-21,BTC,0.025,0.0245625,GARCH-t+ACI
2019-07-23,BTC,0.01,0.009839999999999986,GARCH-t+ACI
2019-07-26,BTC,0.025,0.02471875,GARCH-t+ACI
2019-07-28,BTC,0.01,0.009864999999999985,GARCH-t+ACI
2019-07-31,BTC,0.025,0.024875,GARCH-t+ACI
2019-08-02,BTC,0.01,0.009889999999999984,GARCH-t+ACI
2019-08-05,BTC,0.025,0.02503125,GARCH-t+ACI
2019-08-07,BTC,0.01,0.009914999999999983,GARCH-t+ACI
2019-08-10,BTC,0.025,0.0251875,GARCH-t+ACI
2019-08-12,BTC,0.01,0.009939999999999982,GARCH-t+ACI
2019-08-15,BTC,0.025,0.02409375,GARCH-t+ACI
2019-08-17,BTC,0.01,0.00996499999999998,GARCH-t+ACI
2019-08-20,BTC,0.025,0.02425,GARCH-t+ACI
2019-08-22,BTC,0.01,0.00998999999999998,GARCH-t+ACI
2019-08-25,BTC,0.025,0.02440625,GARCH-t+ACI
2019-08-27,BTC,0.01,0.010014999999999979,GARCH-t+ACI
2019-08-30,BTC,0.025,0.0245625,GARCH-t+ACI
2019-09-01,BTC,0.01,0.010039999999999978,GARCH-t+ACI
2019-09-04,BTC,0.025,0.02471875,GARCH-t+ACI
2019-09-06,BTC,0.01,0.010064999999999977,GARCH-t+ACI
2019-09-09,BTC,0.025,0.024875,GARCH-t+ACI
2019-09-11,BTC,0.01,0.010089999999999976,GARCH-t+ACI
2019-09-14,BTC,0.025,0.02503125,GARCH-t+ACI
2019-09-16,BTC,0.01,0.010114999999999975,GARCH-t+ACI
2019-09-19,BTC,0.025,0.0251875,GARCH-t+ACI
2019-09-21,BTC,0.01,0.010139999999999974,GARCH-t+ACI
2019-09-24,BTC,0.025,0.02284375,GARCH-t+ACI
2019-09-26,BTC,0.01,0.009664999999999972,GARCH-t+ACI
2019-09-29,BTC,0.025,0.023,GARCH-t+ACI
2019-10-01,BTC,0.01,0.009689999999999971,GARCH-t+ACI
2019-10-04,BTC,0.025,0.02315625,GARCH-t+ACI
2019-10-06,BTC,0.01,0.00971499999999997,GARCH-t+ACI
2019-10-09,BTC,0.025,0.0233125,GARCH-t+ACI
2019-10-11,BTC,0.01,0.00973999999999997,GARCH-t+ACI
2019-10-14,BTC,0.025,0.02346875,GARCH-t+ACI
2019-10-16,BTC,0.01,0.009764999999999968,GARCH-t+ACI
2019-10-19,BTC,0.025,0.023625,GARCH-t+ACI
2019-10-21,BTC,0.01,0.009789999999999967,GARCH-t+ACI
2019-10-24,BTC,0.025,0.02253125,GARCH-t+ACI
2019-10-26,BTC,0.01,0.009314999999999966,GARCH-t+ACI
2019-10-29,BTC,0.025,0.0226875,GARCH-t+ACI
2019-10-31,BTC,0.01,0.009339999999999965,GARCH-t+ACI
2019-11-03,BTC,0.025,0.02284375,GARCH-t+ACI
2019-11-05,BTC,0.01,0.009364999999999964,GARCH-t+ACI
2019-11-08,BTC,0.025,0.023,GARCH-t+ACI
2019-11-10,BTC,0.01,0.009389999999999963,GARCH-t+ACI
2019-11-13,BTC,0.025,0.02315625,GARCH-t+ACI
2019-11-15,BTC,0.01,0.009414999999999962,GARCH-t+ACI
2019-11-18,BTC,0.025,0.0233125,GARCH-t+ACI
2019-11-20,BTC,0.01,0.00943999999999996,GARCH-t+ACI
2019-11-23,BTC,0.025,0.02221875,GARCH-t+ACI
2019-11-25,BTC,0.01,0.00946499999999996,GARCH-t+ACI
2019-11-28,BTC,0.025,0.022375,GARCH-t+ACI
2019-11-30,BTC,0.01,0.009489999999999959,GARCH-t+ACI
2019-12-03,BTC,0.025,0.02253125,GARCH-t+ACI
2019-12-05,BTC,0.01,0.009514999999999958,GARCH-t+ACI
2019-12-08,BTC,0.025,0.0226875,GARCH-t+ACI
2019-12-10,BTC,0.01,0.009539999999999957,GARCH-t+ACI
2019-12-13,BTC,0.025,0.02284375,GARCH-t+ACI
2019-12-15,BTC,0.01,0.009564999999999955,GARCH-t+ACI
2019-12-18,BTC,0.025,0.023,GARCH-t+ACI
2019-12-20,BTC,0.01,0.009589999999999954,GARCH-t+ACI
2019-12-23,BTC,0.025,0.02315625,GARCH-t+ACI
2019-12-25,BTC,0.01,0.009614999999999953,GARCH-t+ACI
2019-12-28,BTC,0.025,0.0233125,GARCH-t+ACI
2019-12-30,BTC,0.01,0.009639999999999952,GARCH-t+ACI
2020-01-02,BTC,0.025,0.02346875,GARCH-t+ACI
2020-01-04,BTC,0.01,0.009664999999999951,GARCH-t+ACI
2020-01-07,BTC,0.025,0.023625,GARCH-t+ACI
2020-01-09,BTC,0.01,0.00968999999999995,GARCH-t+ACI
2020-01-12,BTC,0.025,0.02378125,GARCH-t+ACI
2020-01-14,BTC,0.01,0.00971499999999995,GARCH-t+ACI
2020-01-17,BTC,0.025,0.0239375,GARCH-t+ACI
2020-01-19,BTC,0.01,0.009739999999999948,GARCH-t+ACI
2020-01-22,BTC,0.025,0.02409375,GARCH-t+ACI
2020-01-24,BTC,0.01,0.009764999999999947,GARCH-t+ACI
2020-01-27,BTC,0.025,0.02425,GARCH-t+ACI
2020-01-29,BTC,0.01,0.009789999999999946,GARCH-t+ACI
2020-02-01,BTC,0.025,0.02440625,GARCH-t+ACI
2020-02-03,BTC,0.01,0.009814999999999945,GARCH-t+ACI
2020-02-06,BTC,0.025,0.0245625,GARCH-t+ACI
2020-02-08,BTC,0.01,0.009839999999999944,GARCH-t+ACI
2020-02-11,BTC,0.025,0.02471875,GARCH-t+ACI
2020-02-13,BTC,0.01,0.009864999999999943,GARCH-t+ACI
2020-02-16,BTC,0.025,0.024875,GARCH-t+ACI
2020-02-18,BTC,0.01,0.009889999999999942,GARCH-t+ACI
2020-02-21,BTC,0.025,0.02378125,GARCH-t+ACI
2020-02-23,BTC,0.01,0.009914999999999941,GARCH-t+ACI
2020-02-26,BTC,0.025,0.0226875,GARCH-t+ACI
2020-02-28,BTC,0.01,0.00993999999999994,GARCH-t+ACI
2020-03-02,BTC,0.025,0.02284375,GARCH-t+ACI
2020-03-04,BTC,0.01,0.00996499999999994,GARCH-t+ACI
2020-03-07,BTC,0.025,0.023,GARCH-t+ACI
2020-03-09,BTC,0.01,0.009489999999999938,GARCH-t+ACI
2020-03-12,BTC,0.025,0.020656249999999998,GARCH-t+ACI
2020-03-14,BTC,0.01,0.009014999999999936,GARCH-t+ACI
2020-03-17,BTC,0.025,0.020812499999999998,GARCH-t+ACI
2020-03-19,BTC,0.01,0.009039999999999935,GARCH-t+ACI
2020-03-22,BTC,0.025,0.020968749999999998,GARCH-t+ACI
2020-03-24,BTC,0.01,0.009064999999999934,GARCH-t+ACI
2020-03-27,BTC,0.025,0.021124999999999998,GARCH-t+ACI
2020-03-29,BTC,0.01,0.009089999999999933,GARCH-t+ACI
2020-04-01,BTC,0.025,0.021281249999999998,GARCH-t+ACI
2020-04-03,BTC,0.01,0.009114999999999932,GARCH-t+ACI
2020-04-06,BTC,0.025,0.021437499999999998,GARCH-t+ACI
2020-04-08,BTC,0.01,0.009139999999999931,GARCH-t+ACI
2020-04-11,BTC,0.025,0.02159375,GARCH-t+ACI
2020-04-13,BTC,0.01,0.00916499999999993,GARCH-t+ACI
2020-04-16,BTC,0.025,0.02175,GARCH-t+ACI
2020-04-18,BTC,0.01,0.009189999999999929,GARCH-t+ACI
2020-04-21,BTC,0.025,0.02190625,GARCH-t+ACI
2020-04-23,BTC,0.01,0.009214999999999928,GARCH-t+ACI
2020-04-26,BTC,0.025,0.0220625,GARCH-t+ACI
2020-04-28,BTC,0.01,0.009239999999999927,GARCH-t+ACI
2020-05-01,BTC,0.025,0.02221875,GARCH-t+ACI
2020-05-03,BTC,0.01,0.009264999999999926,GARCH-t+ACI
2020-05-06,BTC,0.025,0.022375,GARCH-t+ACI
2020-05-08,BTC,0.01,0.009289999999999925,GARCH-t+ACI
2020-05-11,BTC,0.025,0.021281249999999998,GARCH-t+ACI
2020-05-13,BTC,0.01,0.009314999999999924,GARCH-t+ACI
2020-05-16,BTC,0.025,0.021437499999999998,GARCH-t+ACI
2020-05-18,BTC,0.01,0.009339999999999923,GARCH-t+ACI
2020-05-21,BTC,0.025,0.02159375,GARCH-t+ACI
2020-05-23,BTC,0.01,0.009364999999999922,GARCH-t+ACI
2020-05-26,BTC,0.025,0.02175,GARCH-t+ACI
2020-05-28,BTC,0.01,0.009389999999999921,GARCH-t+ACI
2020-05-31,BTC,0.025,0.02190625,GARCH-t+ACI
2020-06-02,BTC,0.01,0.00941499999999992,GARCH-t+ACI
2020-06-05,BTC,0.025,0.0220625,GARCH-t+ACI
2020-06-07,BTC,0.01,0.009439999999999919,GARCH-t+ACI
2020-06-10,BTC,0.025,0.02221875,GARCH-t+ACI
2020-06-12,BTC,0.01,0.009464999999999918,GARCH-t+ACI
2020-06-15,BTC,0.025,0.022375,GARCH-t+ACI
2020-06-17,BTC,0.01,0.009489999999999917,GARCH-t+ACI
2020-06-20,BTC,0.025,0.02253125,GARCH-t+ACI
2020-06-22,BTC,0.01,0.009514999999999916,GARCH-t+ACI
2020-06-25,BTC,0.025,0.0226875,GARCH-t+ACI
2020-06-27,BTC,0.01,0.009539999999999915,GARCH-t+ACI
2020-06-30,BTC,0.025,0.02284375,GARCH-t+ACI
2020-07-02,BTC,0.01,0.009564999999999914,GARCH-t+ACI
2020-07-05,BTC,0.025,0.023,GARCH-t+ACI
2020-07-07,BTC,0.01,0.009589999999999913,GARCH-t+ACI
2020-07-10,BTC,0.025,0.02315625,GARCH-t+ACI
2020-07-12,BTC,0.01,0.009614999999999912,GARCH-t+ACI
2020-07-15,BTC,0.025,0.0233125,GARCH-t+ACI
2020-07-17,BTC,0.01,0.00963999999999991,GARCH-t+ACI
2020-07-20,BTC,0.025,0.02346875,GARCH-t+ACI
2020-07-22,BTC,0.01,0.00966499999999991,GARCH-t+ACI
2020-07-25,BTC,0.025,0.023625,GARCH-t+ACI
2020-07-27,BTC,0.01,0.009689999999999909,GARCH-t+ACI
2020-07-30,BTC,0.025,0.02378125,GARCH-t+ACI
2020-08-01,BTC,0.01,0.009714999999999908,GARCH-t+ACI
2020-08-04,BTC,0.025,0.0239375,GARCH-t+ACI
2020-08-06,BTC,0.01,0.009739999999999907,GARCH-t+ACI
2020-08-09,BTC,0.025,0.02409375,GARCH-t+ACI
2020-08-11,BTC,0.01,0.009764999999999906,GARCH-t+ACI
2020-08-14,BTC,0.025,0.02425,GARCH-t+ACI
2020-08-16,BTC,0.01,0.009789999999999905,GARCH-t+ACI
2020-08-19,BTC,0.025,0.02440625,GARCH-t+ACI
2020-08-21,BTC,0.01,0.009814999999999904,GARCH-t+ACI
2020-08-24,BTC,0.025,0.0245625,GARCH-t+ACI
2020-08-26,BTC,0.01,0.009839999999999903,GARCH-t+ACI
2020-08-29,BTC,0.025,0.02471875,GARCH-t+ACI
2020-08-31,BTC,0.01,0.009864999999999902,GARCH-t+ACI
2020-09-03,BTC,0.025,0.023625,GARCH-t+ACI
2020-09-05,BTC,0.01,0.0093899999999999,GARCH-t+ACI
2020-09-08,BTC,0.025,0.02378125,GARCH-t+ACI
2020-09-10,BTC,0.01,0.0094149999999999,GARCH-t+ACI
2020-09-13,BTC,0.025,0.0239375,GARCH-t+ACI
2020-09-15,BTC,0.01,0.009439999999999898,GARCH-t+ACI
2020-09-18,BTC,0.025,0.02409375,GARCH-t+ACI
2020-09-20,BTC,0.01,0.009464999999999897,GARCH-t+ACI
2020-09-23,BTC,0.025,0.02425,GARCH-t+ACI
2020-09-25,BTC,0.01,0.009489999999999896,GARCH-t+ACI
2020-09-28,BTC,0.025,0.02440625,GARCH-t+ACI
2020-09-30,BTC,0.01,0.009514999999999895,GARCH-t+ACI
2020-10-03,BTC,0.025,0.0245625,GARCH-t+ACI
2020-10-05,BTC,0.01,0.009539999999999894,GARCH-t+ACI
2020-10-08,BTC,0.025,0.02471875,GARCH-t+ACI
2020-10-10,BTC,0.01,0.009564999999999893,GARCH-t+ACI
2020-10-13,BTC,0.025,0.024875,GARCH-t+ACI
2020-10-15,BTC,0.01,0.009589999999999892,GARCH-t+ACI
2020-10-18,BTC,0.025,0.02503125,GARCH-t+ACI
2020-10-20,BTC,0.01,0.009614999999999891,GARCH-t+ACI
2020-10-23,BTC,0.025,0.0251875,GARCH-t+ACI
2020-10-25,BTC,0.01,0.00963999999999989,GARCH-t+ACI
2020-10-28,BTC,0.025,0.02534375,GARCH-t+ACI
2020-10-30,BTC,0.01,0.009664999999999889,GARCH-t+ACI
2020-11-02,BTC,0.025,0.025500000000000002,GARCH-t+ACI
2020-11-04,BTC,0.01,0.009689999999999888,GARCH-t+ACI
2020-11-07,BTC,0.025,0.025656250000000002,GARCH-t+ACI
2020-11-09,BTC,0.01,0.009714999999999887,GARCH-t+ACI
2020-11-12,BTC,0.025,0.025812500000000002,GARCH-t+ACI
2020-11-14,BTC,0.01,0.009739999999999886,GARCH-t+ACI
2020-11-17,BTC,0.025,0.025968750000000002,GARCH-t+ACI
2020-11-19,BTC,0.01,0.009764999999999885,GARCH-t+ACI
2020-11-22,BTC,0.025,0.026125000000000002,GARCH-t+ACI
2020-11-24,BTC,0.01,0.009789999999999884,GARCH-t+ACI
2020-11-27,BTC,0.025,0.02503125,GARCH-t+ACI
2020-11-29,BTC,0.01,0.009314999999999882,GARCH-t+ACI
2020-12-02,BTC,0.025,0.0251875,GARCH-t+ACI
2020-12-04,BTC,0.01,0.009339999999999881,GARCH-t+ACI
2020-12-07,BTC,0.025,0.02534375,GARCH-t+ACI
2020-12-09,BTC,0.01,0.00936499999999988,GARCH-t+ACI
2020-12-12,BTC,0.025,0.025500000000000002,GARCH-t+ACI
2020-12-14,BTC,0.01,0.00938999999999988,GARCH-t+ACI
2020-12-17,BTC,0.025,0.025656250000000002,GARCH-t+ACI
2020-12-19,BTC,0.01,0.009414999999999878,GARCH-t+ACI
2020-12-22,BTC,0.025,0.025812500000000002,GARCH-t+ACI
2020-12-24,BTC,0.01,0.009439999999999877,GARCH-t+ACI
2020-12-27,BTC,0.025,0.025968750000000002,GARCH-t+ACI
2020-12-29,BTC,0.01,0.009464999999999876,GARCH-t+ACI
2021-01-01,BTC,0.025,0.026125000000000002,GARCH-t+ACI
2021-01-03,BTC,0.01,0.009489999999999875,GARCH-t+ACI
2021-01-06,BTC,0.025,0.026281250000000003,GARCH-t+ACI
2021-01-08,BTC,0.01,0.009514999999999874,GARCH-t+ACI
2021-01-11,BTC,0.025,0.026437500000000003,GARCH-t+ACI
2021-01-13,BTC,0.01,0.009539999999999873,GARCH-t+ACI
2021-01-16,BTC,0.025,0.026593750000000003,GARCH-t+ACI
2021-01-18,BTC,0.01,0.009564999999999872,GARCH-t+ACI
2021-01-21,BTC,0.025,0.025500000000000002,GARCH-t+ACI
2021-01-23,BTC,0.01,0.00908999999999987,GARCH-t+ACI
2021-01-26,BTC,0.025,0.025656250000000002,GARCH-t+ACI
2021-01-28,BTC,0.01,0.00911499999999987,GARCH-t+ACI
2021-01-31,BTC,0.025,0.025812500000000002,GARCH-t+ACI
2021-02-02,BTC,0.01,0.009139999999999869,GARCH-t+ACI
2021-02-05,BTC,0.025,0.025968750000000002,GARCH-t+ACI
2021-02-07,BTC,0.01,0.009164999999999868,GARCH-t+ACI
2021-02-10,BTC,0.025,0.026125000000000002,GARCH-t+ACI
2021-02-12,BTC,0.01,0.009189999999999867,GARCH-t+ACI
2021-02-15,BTC,0.025,0.026281250000000003,GARCH-t+ACI
2021-02-17,BTC,0.01,0.009214999999999866,GARCH-t+ACI
2021-02-20,BTC,0.025,0.026437500000000003,GARCH-t+ACI
2021-02-22,BTC,0.01,0.009239999999999865,GARCH-t+ACI
2021-02-25,BTC,0.025,0.02534375,GARCH-t+ACI
2021-02-27,BTC,0.01,0.009264999999999864,GARCH-t+ACI
2021-03-02,BTC,0.025,0.025500000000000002,GARCH-t+ACI
2021-03-04,BTC,0.01,0.009289999999999863,GARCH-t+ACI
2021-03-07,BTC,0.025,0.025656250000000002,GARCH-t+ACI
2021-03-09,BTC,0.01,0.009314999999999862,GARCH-t+ACI
2021-03-12,BTC,0.025,0.025812500000000002,GARCH-t+ACI
2021-03-14,BTC,0.01,0.00933999999999986,GARCH-t+ACI
2021-03-17,BTC,0.025,0.025968750000000002,GARCH-t+ACI
2021-03-19,BTC,0.01,0.00936499999999986,GARCH-t+ACI
2021-03-22,BTC,0.025,0.026125000000000002,GARCH-t+ACI
2021-03-24,BTC,0.01,0.009389999999999859,GARCH-t+ACI
2021-03-27,BTC,0.025,0.026281250000000003,GARCH-t+ACI
2021-03-29,BTC,0.01,0.009414999999999858,GARCH-t+ACI
2021-04-01,BTC,0.025,0.026437500000000003,GARCH-t+ACI
2021-04-03,BTC,0.01,0.009439999999999856,GARCH-t+ACI
2021-04-06,BTC,0.025,0.026593750000000003,GARCH-t+ACI
2021-04-08,BTC,0.01,0.009464999999999855,GARCH-t+ACI
2021-04-11,BTC,0.025,0.026750000000000003,GARCH-t+ACI
2021-04-13,BTC,0.01,0.009489999999999854,GARCH-t+ACI
2021-04-16,BTC,0.025,0.026906250000000003,GARCH-t+ACI
2021-04-18,BTC,0.01,0.009514999999999853,GARCH-t+ACI
2021-04-21,BTC,0.025,0.025812500000000002,GARCH-t+ACI
2021-04-23,BTC,0.01,0.009539999999999852,GARCH-t+ACI
2021-04-26,BTC,0.025,0.025968750000000002,GARCH-t+ACI
2021-04-28,BTC,0.01,0.009564999999999851,GARCH-t+ACI
2021-05-01,BTC,0.025,0.026125000000000002,GARCH-t+ACI
2021-05-03,BTC,0.01,0.00958999999999985,GARCH-t+ACI
2021-05-06,BTC,0.025,0.026281250000000003,GARCH-t+ACI
2021-05-08,BTC,0.01,0.00961499999999985,GARCH-t+ACI
2021-05-11,BTC,0.025,0.026437500000000003,GARCH-t+ACI
2021-05-13,BTC,0.01,0.009639999999999848,GARCH-t+ACI
2021-05-16,BTC,0.025,0.02534375,GARCH-t+ACI
2021-05-18,BTC,0.01,0.009664999999999847,GARCH-t+ACI
2021-05-21,BTC,0.025,0.02425,GARCH-t+ACI
2021-05-23,BTC,0.01,0.009189999999999846,GARCH-t+ACI
2021-05-26,BTC,0.025,0.02440625,GARCH-t+ACI
2021-05-28,BTC,0.01,0.009214999999999845,GARCH-t+ACI
2021-05-31,BTC,0.025,0.0245625,GARCH-t+ACI
2021-06-02,BTC,0.01,0.009239999999999844,GARCH-t+ACI
2021-06-05,BTC,0.025,0.02471875,GARCH-t+ACI
2021-06-07,BTC,0.01,0.009264999999999843,GARCH-t+ACI
2021-06-10,BTC,0.025,0.024875,GARCH-t+ACI
2021-06-12,BTC,0.01,0.009289999999999842,GARCH-t+ACI
2021-06-15,BTC,0.025,0.02503125,GARCH-t+ACI
2021-06-17,BTC,0.01,0.00931499999999984,GARCH-t+ACI
2021-06-20,BTC,0.025,0.0251875,GARCH-t+ACI
2021-06-22,BTC,0.01,0.00933999999999984,GARCH-t+ACI
2021-06-25,BTC,0.025,0.02409375,GARCH-t+ACI
2021-06-27,BTC,0.01,0.009364999999999839,GARCH-t+ACI
2021-06-30,BTC,0.025,0.02425,GARCH-t+ACI
2021-07-02,BTC,0.01,0.009389999999999838,GARCH-t+ACI
2021-07-05,BTC,0.025,0.02440625,GARCH-t+ACI
2021-07-07,BTC,0.01,0.009414999999999837,GARCH-t+ACI
2021-07-10,BTC,0.025,0.0245625,GARCH-t+ACI
2021-07-12,BTC,0.01,0.009439999999999836,GARCH-t+ACI
2021-07-15,BTC,0.025,0.02471875,GARCH-t+ACI
2021-07-17,BTC,0.01,0.009464999999999835,GARCH-t+ACI
2021-07-20,BTC,0.025,0.024875,GARCH-t+ACI
2021-07-22,BTC,0.01,0.009489999999999834,GARCH-t+ACI
2021-07-25,BTC,0.025,0.02503125,GARCH-t+ACI
2021-07-27,BTC,0.01,0.009514999999999833,GARCH-t+ACI
2021-07-30,BTC,0.025,0.0251875,GARCH-t+ACI
2021-08-01,BTC,0.01,0.009539999999999832,GARCH-t+ACI
2021-08-04,BTC,0.025,0.02534375,GARCH-t+ACI
2021-08-06,BTC,0.01,0.00956499999999983,GARCH-t+ACI
2021-08-09,BTC,0.025,0.025500000000000002,GARCH-t+ACI
2021-08-11,BTC,0.01,0.00958999999999983,GARCH-t+ACI
2021-08-14,BTC,0.025,0.025656250000000002,GARCH-t+ACI
2021-08-16,BTC,0.01,0.009614999999999829,GARCH-t+ACI
2021-08-19,BTC,0.025,0.025812500000000002,GARCH-t+ACI
2021-08-21,BTC,0.01,0.009639999999999828,GARCH-t+ACI
2021-08-24,BTC,0.025,0.025968750000000002,GARCH-t+ACI
2021-08-26,BTC,0.01,0.009664999999999827,GARCH-t+ACI
2021-08-29,BTC,0.025,0.026125000000000002,GARCH-t+ACI
2021-08-31,BTC,0.01,0.009689999999999825,GARCH-t+ACI
2021-09-03,BTC,0.025,0.026281250000000003,GARCH-t+ACI
2021-09-05,BTC,0.01,0.009714999999999824,GARCH-t+ACI
2021-09-08,BTC,0.025,0.0251875,GARCH-t+ACI
2021-09-10,BTC,0.01,0.009239999999999823,GARCH-t+ACI
2021-09-13,BTC,0.025,0.02534375,GARCH-t+ACI
2021-09-15,BTC,0.01,0.009264999999999822,GARCH-t+ACI
2021-09-18,BTC,0.025,0.025500000000000002,GARCH-t+ACI
2021-09-20,BTC,0.01,0.00878999999999982,GARCH-t+ACI
2021-09-23,BTC,0.025,0.02440625,GARCH-t+ACI
2021-09-25,BTC,0.01,0.00881499999999982,GARCH-t+ACI
2021-09-28,BTC,0.025,0.0245625,GARCH-t+ACI
2021-09-30,BTC,0.01,0.008839999999999818,GARCH-t+ACI
2021-10-03,BTC,0.025,0.02471875,GARCH-t+ACI
2021-10-05,BTC,0.01,0.008864999999999817,GARCH-t+ACI
2021-10-08,BTC,0.025,0.024875,GARCH-t+ACI
2021-10-10,BTC,0.01,0.008889999999999816,GARCH-t+ACI
2021-10-13,BTC,0.025,0.02503125,GARCH-t+ACI
2021-10-15,BTC,0.01,0.008914999999999815,GARCH-t+ACI
2021-10-18,BTC,0.025,0.0251875,GARCH-t+ACI
2021-10-20,BTC,0.01,0.008939999999999814,GARCH-t+ACI
2021-10-23,BTC,0.025,0.02534375,GARCH-t+ACI
2021-10-25,BTC,0.01,0.008964999999999813,GARCH-t+ACI
2021-10-28,BTC,0.025,0.025500000000000002,GARCH-t+ACI
2021-10-30,BTC,0.01,0.008989999999999812,GARCH-t+ACI
2021-11-02,BTC,0.025,0.025656250000000002,GARCH-t+ACI
2021-11-04,BTC,0.01,0.009014999999999811,GARCH-t+ACI
2021-11-07,BTC,0.025,0.025812500000000002,GARCH-t+ACI
2021-11-09,BTC,0.01,0.00903999999999981,GARCH-t+ACI
2021-11-12,BTC,0.025,0.025968750000000002,GARCH-t+ACI
2021-11-14,BTC,0.01,0.00906499999999981,GARCH-t+ACI
2021-11-17,BTC,0.025,0.026125000000000002,GARCH-t+ACI
2021-11-19,BTC,0.01,0.009089999999999808,GARCH-t+ACI
2021-11-22,BTC,0.025,0.026281250000000003,GARCH-t+ACI
2021-11-24,BTC,0.01,0.009114999999999807,GARCH-t+ACI
2021-11-27,BTC,0.025,0.0251875,GARCH-t+ACI
2021-11-29,BTC,0.01,0.008639999999999806,GARCH-t+ACI
2021-12-02,BTC,0.025,0.02534375,GARCH-t+ACI
2021-12-04,BTC,0.01,0.008664999999999805,GARCH-t+ACI
2021-12-07,BTC,0.025,0.02425,GARCH-t+ACI
2021-12-09,BTC,0.01,0.008689999999999804,GARCH-t+ACI
2021-12-12,BTC,0.025,0.02440625,GARCH-t+ACI
2021-12-14,BTC,0.01,0.008714999999999803,GARCH-t+ACI
2021-12-17,BTC,0.025,0.0245625,GARCH-t+ACI
2021-12-19,BTC,0.01,0.008739999999999802,GARCH-t+ACI
2021-12-22,BTC,0.025,0.02471875,GARCH-t+ACI
2021-12-24,BTC,0.01,0.0087649999999998,GARCH-t+ACI
2021-12-27,BTC,0.025,0.024875,GARCH-t+ACI
2021-12-29,BTC,0.01,0.0087899999999998,GARCH-t+ACI
2022-01-01,BTC,0.025,0.02378125,GARCH-t+ACI
2022-01-03,BTC,0.01,0.008814999999999799,GARCH-t+ACI
2022-01-06,BTC,0.025,0.0239375,GARCH-t+ACI
2022-01-08,BTC,0.01,0.008839999999999798,GARCH-t+ACI
2022-01-11,BTC,0.025,0.02409375,GARCH-t+ACI
2022-01-13,BTC,0.01,0.008864999999999797,GARCH-t+ACI
2022-01-16,BTC,0.025,0.02425,GARCH-t+ACI
2022-01-18,BTC,0.01,0.008889999999999796,GARCH-t+ACI
2022-01-21,BTC,0.025,0.02315625,GARCH-t+ACI
2022-01-23,BTC,0.01,0.008414999999999794,GARCH-t+ACI
2022-01-26,BTC,0.025,0.0233125,GARCH-t+ACI
2022-01-28,BTC,0.01,0.008439999999999793,GARCH-t+ACI
2022-01-31,BTC,0.025,0.02346875,GARCH-t+ACI
2022-02-02,BTC,0.01,0.008464999999999792,GARCH-t+ACI
2022-02-05,BTC,0.025,0.023625,GARCH-t+ACI
2022-02-07,BTC,0.01,0.008489999999999791,GARCH-t+ACI
2022-02-10,BTC,0.025,0.02378125,GARCH-t+ACI
2022-02-12,BTC,0.01,0.00851499999999979,GARCH-t+ACI
2022-02-15,BTC,0.025,0.0239375,GARCH-t+ACI
2022-02-17,BTC,0.01,0.008539999999999789,GARCH-t+ACI
2022-02-20,BTC,0.025,0.02284375,GARCH-t+ACI
2022-02-22,BTC,0.01,0.008564999999999788,GARCH-t+ACI
2022-02-25,BTC,0.025,0.023,GARCH-t+ACI
2022-02-27,BTC,0.01,0.008589999999999787,GARCH-t+ACI
2022-03-02,BTC,0.025,0.02315625,GARCH-t+ACI
2022-03-04,BTC,0.01,0.008614999999999786,GARCH-t+ACI
2022-03-07,BTC,0.025,0.0233125,GARCH-t+ACI
2022-03-09,BTC,0.01,0.008639999999999785,GARCH-t+ACI
2022-03-12,BTC,0.025,0.02346875,GARCH-t+ACI
2022-03-14,BTC,0.01,0.008664999999999784,GARCH-t+ACI
2022-03-17,BTC,0.025,0.023625,GARCH-t+ACI
2022-03-19,BTC,0.01,0.008689999999999783,GARCH-t+ACI
2022-03-22,BTC,0.025,0.02378125,GARCH-t+ACI
2022-03-24,BTC,0.01,0.008714999999999782,GARCH-t+ACI
2022-03-27,BTC,0.025,0.0239375,GARCH-t+ACI
2022-03-29,BTC,0.01,0.008739999999999781,GARCH-t+ACI
2022-04-01,BTC,0.025,0.02409375,GARCH-t+ACI
2022-04-03,BTC,0.01,0.00876499999999978,GARCH-t+ACI
2022-04-06,BTC,0.025,0.02425,GARCH-t+ACI
2022-04-08,BTC,0.01,0.008789999999999779,GARCH-t+ACI
2022-04-11,BTC,0.025,0.02315625,GARCH-t+ACI
2022-04-13,BTC,0.01,0.008814999999999778,GARCH-t+ACI
2022-04-16,BTC,0.025,0.0233125,GARCH-t+ACI
2022-04-18,BTC,0.01,0.008839999999999777,GARCH-t+ACI
2022-04-21,BTC,0.025,0.02346875,GARCH-t+ACI
2022-04-23,BTC,0.01,0.008864999999999776,GARCH-t+ACI
2022-04-26,BTC,0.025,0.022375,GARCH-t+ACI
2022-04-28,BTC,0.01,0.008889999999999775,GARCH-t+ACI
2022-05-01,BTC,0.025,0.02253125,GARCH-t+ACI
2022-05-03,BTC,0.01,0.008914999999999774,GARCH-t+ACI
2022-05-06,BTC,0.025,0.021437499999999998,GARCH-t+ACI
2022-05-08,BTC,0.01,0.008439999999999772,GARCH-t+ACI
2022-05-11,BTC,0.025,0.019093749999999996,GARCH-t+ACI
2022-05-13,BTC,0.01,0.007964999999999771,GARCH-t+ACI
2022-05-16,BTC,0.025,0.019249999999999996,GARCH-t+ACI
2022-05-18,BTC,0.01,0.00798999999999977,GARCH-t+ACI
2022-05-21,BTC,0.025,0.019406249999999996,GARCH-t+ACI
2022-05-23,BTC,0.01,0.008014999999999769,GARCH-t+ACI
2022-05-26,BTC,0.025,0.019562499999999997,GARCH-t+ACI
2022-05-28,BTC,0.01,0.008039999999999768,GARCH-t+ACI
2022-05-31,BTC,0.025,0.019718749999999997,GARCH-t+ACI
2022-06-02,BTC,0.01,0.008064999999999767,GARCH-t+ACI
2022-06-05,BTC,0.025,0.019874999999999997,GARCH-t+ACI
2022-06-07,BTC,0.01,0.008089999999999766,GARCH-t+ACI
2022-06-10,BTC,0.025,0.020031249999999997,GARCH-t+ACI
2022-06-12,BTC,0.01,0.008114999999999765,GARCH-t+ACI
2022-06-15,BTC,0.025,0.018937499999999996,GARCH-t+ACI
2022-06-17,BTC,0.01,0.007639999999999764,GARCH-t+ACI
2022-06-20,BTC,0.025,0.017843749999999995,GARCH-t+ACI
2022-06-22,BTC,0.01,0.007664999999999763,GARCH-t+ACI
2022-06-25,BTC,0.025,0.017999999999999995,GARCH-t+ACI
2022-06-27,BTC,0.01,0.007689999999999762,GARCH-t+ACI
2022-06-30,BTC,0.025,0.018156249999999995,GARCH-t+ACI
2022-07-02,BTC,0.01,0.007714999999999761,GARCH-t+ACI
2022-07-05,BTC,0.025,0.018312499999999995,GARCH-t+ACI
2022-07-07,BTC,0.01,0.00773999999999976,GARCH-t+ACI
2022-07-10,BTC,0.025,0.018468749999999996,GARCH-t+ACI
2022-07-12,BTC,0.01,0.007764999999999759,GARCH-t+ACI
2022-07-15,BTC,0.025,0.018624999999999996,GARCH-t+ACI
2022-07-17,BTC,0.01,0.007789999999999758,GARCH-t+ACI
2022-07-20,BTC,0.025,0.018781249999999996,GARCH-t+ACI
2022-07-22,BTC,0.01,0.007814999999999758,GARCH-t+ACI
2022-07-25,BTC,0.025,0.018937499999999996,GARCH-t+ACI
2022-07-27,BTC,0.01,0.007839999999999757,GARCH-t+ACI
2022-07-30,BTC,0.025,0.019093749999999996,GARCH-t+ACI
2022-08-01,BTC,0.01,0.007864999999999756,GARCH-t+ACI
2022-08-04,BTC,0.025,0.019249999999999996,GARCH-t+ACI
2022-08-06,BTC,0.01,0.007889999999999755,GARCH-t+ACI
2022-08-09,BTC,0.025,0.019406249999999996,GARCH-t+ACI
2022-08-11,BTC,0.01,0.007914999999999754,GARCH-t+ACI
2022-08-14,BTC,0.025,0.019562499999999997,GARCH-t+ACI
2022-08-16,BTC,0.01,0.007939999999999753,GARCH-t+ACI
2022-08-19,BTC,0.025,0.018468749999999996,GARCH-t+ACI
2022-08-21,BTC,0.01,0.007464999999999752,GARCH-t+ACI
2022-08-24,BTC,0.025,0.018624999999999996,GARCH-t+ACI
2022-08-26,BTC,0.01,0.007489999999999751,GARCH-t+ACI
2022-08-29,BTC,0.025,0.018781249999999996,GARCH-t+ACI
2022-08-31,BTC,0.01,0.00751499999999975,GARCH-t+ACI
2022-09-03,BTC,0.025,0.018937499999999996,GARCH-t+ACI
2022-09-05,BTC,0.01,0.007539999999999749,GARCH-t+ACI
2022-09-08,BTC,0.025,0.019093749999999996,GARCH-t+ACI
2022-09-10,BTC,0.01,0.007564999999999748,GARCH-t+ACI
2022-09-13,BTC,0.025,0.017999999999999995,GARCH-t+ACI
2022-09-15,BTC,0.01,0.0070899999999997475,GARCH-t+ACI
2022-09-18,BTC,0.025,0.018156249999999995,GARCH-t+ACI
2022-09-20,BTC,0.01,0.0071149999999997465,GARCH-t+ACI
2022-09-23,BTC,0.025,0.018312499999999995,GARCH-t+ACI
2022-09-25,BTC,0.01,0.0071399999999997455,GARCH-t+ACI
2022-09-28,BTC,0.025,0.018468749999999996,GARCH-t+ACI
2022-09-30,BTC,0.01,0.0071649999999997445,GARCH-t+ACI
2022-10-03,BTC,0.025,0.018624999999999996,GARCH-t+ACI
2022-10-05,BTC,0.01,0.0071899999999997435,GARCH-t+ACI
2022-10-08,BTC,0.025,0.018781249999999996,GARCH-t+ACI
2022-10-10,BTC,0.01,0.0072149999999997425,GARCH-t+ACI
2022-10-13,BTC,0.025,0.018937499999999996,GARCH-t+ACI
2022-10-15,BTC,0.01,0.0072399999999997414,GARCH-t+ACI
2022-10-18,BTC,0.025,0.019093749999999996,GARCH-t+ACI
2022-10-20,BTC,0.01,0.00726499999999974,GARCH-t+ACI
2022-10-23,BTC,0.025,0.019249999999999996,GARCH-t+ACI
2022-10-25,BTC,0.01,0.007289999999999739,GARCH-t+ACI
2022-10-28,BTC,0.025,0.019406249999999996,GARCH-t+ACI
2022-10-30,BTC,0.01,0.007314999999999738,GARCH-t+ACI
2022-11-02,BTC,0.025,0.019562499999999997,GARCH-t+ACI
2022-11-04,BTC,0.01,0.007339999999999737,GARCH-t+ACI
2022-11-07,BTC,0.025,0.019718749999999997,GARCH-t+ACI
2022-11-09,BTC,0.01,0.006364999999999737,GARCH-t+ACI
2022-11-12,BTC,0.025,0.017374999999999995,GARCH-t+ACI
2022-11-14,BTC,0.01,0.006389999999999736,GARCH-t+ACI
2022-11-17,BTC,0.025,0.017531249999999995,GARCH-t+ACI
2022-11-19,BTC,0.01,0.006414999999999735,GARCH-t+ACI
2022-11-22,BTC,0.025,0.017687499999999995,GARCH-t+ACI
2022-11-24,BTC,0.01,0.006439999999999734,GARCH-t+ACI
2022-11-27,BTC,0.025,0.017843749999999995,GARCH-t+ACI
2022-11-29,BTC,0.01,0.006464999999999733,GARCH-t+ACI
2022-12-02,BTC,0.025,0.017999999999999995,GARCH-t+ACI
2022-12-04,BTC,0.01,0.006489999999999732,GARCH-t+ACI
2022-12-07,BTC,0.025,0.018156249999999995,GARCH-t+ACI
2022-12-09,BTC,0.01,0.006514999999999731,GARCH-t+ACI
2022-12-12,BTC,0.025,0.018312499999999995,GARCH-t+ACI
2022-12-14,BTC,0.01,0.00653999999999973,GARCH-t+ACI
2022-12-17,BTC,0.025,0.018468749999999996,GARCH-t+ACI
2022-12-19,BTC,0.01,0.006564999999999729,GARCH-t+ACI
2022-12-22,BTC,0.025,0.018624999999999996,GARCH-t+ACI
2022-12-24,BTC,0.01,0.006589999999999728,GARCH-t+ACI
2022-12-27,BTC,0.025,0.018781249999999996,GARCH-t+ACI
2022-12-29,BTC,0.01,0.006614999999999727,GARCH-t+ACI
2023-01-01,BTC,0.025,0.018937499999999996,GARCH-t+ACI
2023-01-03,BTC,0.01,0.006639999999999726,GARCH-t+ACI
2023-01-06,BTC,0.025,0.019093749999999996,GARCH-t+ACI
2023-01-08,BTC,0.01,0.006664999999999725,GARCH-t+ACI
2023-01-11,BTC,0.025,0.019249999999999996,GARCH-t+ACI
2023-01-13,BTC,0.01,0.006689999999999724,GARCH-t+ACI
2023-01-16,BTC,0.025,0.019406249999999996,GARCH-t+ACI
2023-01-18,BTC,0.01,0.006714999999999723,GARCH-t+ACI
2023-01-21,BTC,0.025,0.019562499999999997,GARCH-t+ACI
2023-01-23,BTC,0.01,0.006739999999999722,GARCH-t+ACI
2023-01-26,BTC,0.025,0.019718749999999997,GARCH-t+ACI
2023-01-28,BTC,0.01,0.006764999999999721,GARCH-t+ACI
2023-01-31,BTC,0.025,0.019874999999999997,GARCH-t+ACI
2023-02-02,BTC,0.01,0.00678999999999972,GARCH-t+ACI
2023-02-05,BTC,0.025,0.020031249999999997,GARCH-t+ACI
2023-02-07,BTC,0.01,0.006814999999999719,GARCH-t+ACI
2023-02-10,BTC,0.025,0.020187499999999997,GARCH-t+ACI
2023-02-12,BTC,0.01,0.006839999999999718,GARCH-t+ACI
2023-02-15,BTC,0.025,0.020343749999999997,GARCH-t+ACI
2023-02-17,BTC,0.01,0.006864999999999717,GARCH-t+ACI
2023-02-20,BTC,0.025,0.020499999999999997,GARCH-t+ACI
2023-02-22,BTC,0.01,0.006889999999999716,GARCH-t+ACI
2023-02-25,BTC,0.025,0.020656249999999998,GARCH-t+ACI
2023-02-27,BTC,0.01,0.006914999999999715,GARCH-t+ACI
2023-03-02,BTC,0.025,0.020812499999999998,GARCH-t+ACI
2023-03-04,BTC,0.01,0.006939999999999714,GARCH-t+ACI
2023-03-07,BTC,0.025,0.020968749999999998,GARCH-t+ACI
2023-03-09,BTC,0.01,0.006964999999999713,GARCH-t+ACI
2023-03-12,BTC,0.025,0.019874999999999997,GARCH-t+ACI
2023-03-14,BTC,0.01,0.006989999999999712,GARCH-t+ACI
2023-03-17,BTC,0.025,0.020031249999999997,GARCH-t+ACI
2023-03-19,BTC,0.01,0.007014999999999711,GARCH-t+ACI
2023-03-22,BTC,0.025,0.020187499999999997,GARCH-t+ACI
2023-03-24,BTC,0.01,0.00703999999999971,GARCH-t+ACI
2023-03-27,BTC,0.025,0.020343749999999997,GARCH-t+ACI
2023-03-29,BTC,0.01,0.007064999999999709,GARCH-t+ACI
2023-04-01,BTC,0.025,0.020499999999999997,GARCH-t+ACI
2023-04-03,BTC,0.01,0.007089999999999708,GARCH-t+ACI
2023-04-06,BTC,0.025,0.020656249999999998,GARCH-t+ACI
2023-04-08,BTC,0.01,0.007114999999999707,GARCH-t+ACI
2023-04-11,BTC,0.025,0.020812499999999998,GARCH-t+ACI
2023-04-13,BTC,0.01,0.007139999999999706,GARCH-t+ACI
2023-04-16,BTC,0.025,0.020968749999999998,GARCH-t+ACI
2023-04-18,BTC,0.01,0.007164999999999705,GARCH-t+ACI
2023-04-21,BTC,0.025,0.021124999999999998,GARCH-t+ACI
2023-04-23,BTC,0.01,0.007189999999999704,GARCH-t+ACI
2023-04-26,BTC,0.025,0.021281249999999998,GARCH-t+ACI
2023-04-28,BTC,0.01,0.0072149999999997026,GARCH-t+ACI
2023-05-01,BTC,0.025,0.021437499999999998,GARCH-t+ACI
2023-05-03,BTC,0.01,0.0072399999999997015,GARCH-t+ACI
2023-05-06,BTC,0.025,0.02159375,GARCH-t+ACI
2023-05-08,BTC,0.01,0.0072649999999997005,GARCH-t+ACI
2023-05-11,BTC,0.025,0.02175,GARCH-t+ACI
2023-05-13,BTC,0.01,0.0072899999999996995,GARCH-t+ACI
2023-05-16,BTC,0.025,0.02190625,GARCH-t+ACI
2023-05-18,BTC,0.01,0.0073149999999996985,GARCH-t+ACI
2023-05-21,BTC,0.025,0.0220625,GARCH-t+ACI
2023-05-23,BTC,0.01,0.0073399999999996975,GARCH-t+ACI
2023-05-26,BTC,0.025,0.02221875,GARCH-t+ACI
2023-05-28,BTC,0.01,0.0073649999999996964,GARCH-t+ACI
2023-05-31,BTC,0.025,0.022375,GARCH-t+ACI
2023-06-02,BTC,0.01,0.007389999999999695,GARCH-t+ACI
2023-06-05,BTC,0.025,0.021281249999999998,GARCH-t+ACI
2023-06-07,BTC,0.01,0.007414999999999694,GARCH-t+ACI
2023-06-10,BTC,0.025,0.021437499999999998,GARCH-t+ACI
2023-06-12,BTC,0.01,0.007439999999999693,GARCH-t+ACI
2023-06-15,BTC,0.025,0.02159375,GARCH-t+ACI
2023-06-17,BTC,0.01,0.007464999999999692,GARCH-t+ACI
2023-06-20,BTC,0.025,0.02175,GARCH-t+ACI
2023-06-22,BTC,0.01,0.007489999999999691,GARCH-t+ACI
2023-06-25,BTC,0.025,0.02190625,GARCH-t+ACI
2023-06-27,BTC,0.01,0.00751499999999969,GARCH-t+ACI
2023-06-30,BTC,0.025,0.0220625,GARCH-t+ACI
2023-07-02,BTC,0.01,0.007539999999999689,GARCH-t+ACI
2023-07-05,BTC,0.025,0.02221875,GARCH-t+ACI
2023-07-07,BTC,0.01,0.007564999999999688,GARCH-t+ACI
2023-07-10,BTC,0.025,0.022375,GARCH-t+ACI
2023-07-12,BTC,0.01,0.007589999999999687,GARCH-t+ACI
2023-07-15,BTC,0.025,0.02253125,GARCH-t+ACI
2023-07-17,BTC,0.01,0.007614999999999686,GARCH-t+ACI
2023-07-20,BTC,0.025,0.0226875,GARCH-t+ACI
2023-07-22,BTC,0.01,0.007639999999999685,GARCH-t+ACI
2023-07-25,BTC,0.025,0.02284375,GARCH-t+ACI
2023-07-27,BTC,0.01,0.007664999999999684,GARCH-t+ACI
2023-07-30,BTC,0.025,0.023,GARCH-t+ACI
2023-08-01,BTC,0.01,0.007689999999999683,GARCH-t+ACI
2023-08-04,BTC,0.025,0.02315625,GARCH-t+ACI
2023-08-06,BTC,0.01,0.007714999999999682,GARCH-t+ACI
2023-08-09,BTC,0.025,0.0233125,GARCH-t+ACI
2023-08-11,BTC,0.01,0.007739999999999681,GARCH-t+ACI
2023-08-14,BTC,0.025,0.02346875,GARCH-t+ACI
2023-08-16,BTC,0.01,0.00776499999999968,GARCH-t+ACI
2023-08-19,BTC,0.025,0.022375,GARCH-t+ACI
2023-08-21,BTC,0.01,0.0072899999999996795,GARCH-t+ACI
2023-08-24,BTC,0.025,0.02253125,GARCH-t+ACI
2023-08-26,BTC,0.01,0.0073149999999996785,GARCH-t+ACI
2023-08-29,BTC,0.025,0.0226875,GARCH-t+ACI
2023-08-31,BTC,0.01,0.0073399999999996775,GARCH-t+ACI
2023-09-03,BTC,0.025,0.02284375,GARCH-t+ACI
2023-09-05,BTC,0.01,0.0073649999999996765,GARCH-t+ACI
2023-09-08,BTC,0.025,0.023,GARCH-t+ACI
2023-09-10,BTC,0.01,0.0073899999999996755,GARCH-t+ACI
2023-09-13,BTC,0.025,0.02315625,GARCH-t+ACI
2023-09-15,BTC,0.01,0.0074149999999996745,GARCH-t+ACI
2023-09-18,BTC,0.025,0.0233125,GARCH-t+ACI
2023-09-20,BTC,0.01,0.0074399999999996734,GARCH-t+ACI
2023-09-23,BTC,0.025,0.02346875,GARCH-t+ACI
2023-09-25,BTC,0.01,0.007464999999999672,GARCH-t+ACI
2023-09-28,BTC,0.025,0.023625,GARCH-t+ACI
2023-09-30,BTC,0.01,0.007489999999999671,GARCH-t+ACI
2023-10-03,BTC,0.025,0.02378125,GARCH-t+ACI
2023-10-05,BTC,0.01,0.00751499999999967,GARCH-t+ACI
2023-10-08,BTC,0.025,0.0239375,GARCH-t+ACI
2023-10-10,BTC,0.01,0.007539999999999669,GARCH-t+ACI
2023-10-13,BTC,0.025,0.02409375,GARCH-t+ACI
2023-10-15,BTC,0.01,0.007564999999999668,GARCH-t+ACI
2023-10-18,BTC,0.025,0.02425,GARCH-t+ACI
2023-10-20,BTC,0.01,0.007589999999999667,GARCH-t+ACI
2023-10-23,BTC,0.025,0.02440625,GARCH-t+ACI
2023-10-25,BTC,0.01,0.007614999999999666,GARCH-t+ACI
2023-10-28,BTC,0.025,0.0245625,GARCH-t+ACI
2023-10-30,BTC,0.01,0.007639999999999665,GARCH-t+ACI
2023-11-02,BTC,0.025,0.02471875,GARCH-t+ACI
2023-11-04,BTC,0.01,0.007664999999999664,GARCH-t+ACI
2023-11-07,BTC,0.025,0.024875,GARCH-t+ACI
2023-11-09,BTC,0.01,0.007689999999999663,GARCH-t+ACI
2023-11-12,BTC,0.025,0.02503125,GARCH-t+ACI
2023-11-14,BTC,0.01,0.007714999999999662,GARCH-t+ACI
2023-11-17,BTC,0.025,0.0251875,GARCH-t+ACI
2023-11-19,BTC,0.01,0.007739999999999661,GARCH-t+ACI
2023-11-22,BTC,0.025,0.02534375,GARCH-t+ACI
2023-11-24,BTC,0.01,0.00776499999999966,GARCH-t+ACI
2023-11-27,BTC,0.025,0.025500000000000002,GARCH-t+ACI
2023-11-29,BTC,0.01,0.007789999999999659,GARCH-t+ACI
2023-12-02,BTC,0.025,0.025656250000000002,GARCH-t+ACI
2023-12-04,BTC,0.01,0.007814999999999659,GARCH-t+ACI
2023-12-07,BTC,0.025,0.025812500000000002,GARCH-t+ACI
2023-12-09,BTC,0.01,0.007839999999999658,GARCH-t+ACI
2023-12-12,BTC,0.025,0.02471875,GARCH-t+ACI
2023-12-14,BTC,0.01,0.007864999999999657,GARCH-t+ACI
2023-12-17,BTC,0.025,0.024875,GARCH-t+ACI
2023-12-19,BTC,0.01,0.007889999999999656,GARCH-t+ACI
2023-12-22,BTC,0.025,0.02503125,GARCH-t+ACI
2023-12-24,BTC,0.01,0.007914999999999655,GARCH-t+ACI
2023-12-27,BTC,0.025,0.0251875,GARCH-t+ACI
2023-12-29,BTC,0.01,0.007939999999999654,GARCH-t+ACI
2024-01-01,BTC,0.025,0.02534375,GARCH-t+ACI
2024-01-03,BTC,0.01,0.007964999999999653,GARCH-t+ACI
2024-01-06,BTC,0.025,0.025500000000000002,GARCH-t+ACI
2024-01-08,BTC,0.01,0.007989999999999652,GARCH-t+ACI
2024-01-11,BTC,0.025,0.025656250000000002,GARCH-t+ACI
2024-01-13,BTC,0.01,0.007514999999999651,GARCH-t+ACI
2024-01-16,BTC,0.025,0.0245625,GARCH-t+ACI
2024-01-18,BTC,0.01,0.00753999999999965,GARCH-t+ACI
2024-01-21,BTC,0.025,0.02471875,GARCH-t+ACI
2024-01-23,BTC,0.01,0.007564999999999649,GARCH-t+ACI
2024-01-26,BTC,0.025,0.023625,GARCH-t+ACI
2024-01-28,BTC,0.01,0.007589999999999648,GARCH-t+ACI
2024-01-31,BTC,0.025,0.02378125,GARCH-t+ACI
2024-02-02,BTC,0.01,0.007614999999999647,GARCH-t+ACI
2024-02-05,BTC,0.025,0.0239375,GARCH-t+ACI
2024-02-07,BTC,0.01,0.007639999999999646,GARCH-t+ACI
2024-02-10,BTC,0.025,0.02409375,GARCH-t+ACI
2024-02-12,BTC,0.01,0.007664999999999645,GARCH-t+ACI
2024-02-15,BTC,0.025,0.02425,GARCH-t+ACI
2024-02-17,BTC,0.01,0.007689999999999644,GARCH-t+ACI
2024-02-20,BTC,0.025,0.02440625,GARCH-t+ACI
2024-02-22,BTC,0.01,0.007714999999999643,GARCH-t+ACI
2024-02-25,BTC,0.025,0.0245625,GARCH-t+ACI
2024-02-27,BTC,0.01,0.007739999999999642,GARCH-t+ACI
2024-03-01,BTC,0.025,0.02471875,GARCH-t+ACI
2024-03-03,BTC,0.01,0.007764999999999641,GARCH-t+ACI
2024-03-06,BTC,0.025,0.024875,GARCH-t+ACI
2024-03-08,BTC,0.01,0.00778999999999964,GARCH-t+ACI
2024-03-11,BTC,0.025,0.02503125,GARCH-t+ACI
2024-03-13,BTC,0.01,0.00781499999999964,GARCH-t+ACI
2024-03-16,BTC,0.025,0.0239375,GARCH-t+ACI
2024-03-18,BTC,0.01,0.007839999999999639,GARCH-t+ACI
2024-03-21,BTC,0.025,0.02284375,GARCH-t+ACI
2024-03-23,BTC,0.01,0.007364999999999638,GARCH-t+ACI
2024-03-26,BTC,0.025,0.023,GARCH-t+ACI
2024-03-28,BTC,0.01,0.007389999999999637,GARCH-t+ACI
2024-03-31,BTC,0.025,0.02315625,GARCH-t+ACI
2024-04-02,BTC,0.01,0.007414999999999636,GARCH-t+ACI
2024-04-05,BTC,0.025,0.0220625,GARCH-t+ACI
2024-04-07,BTC,0.01,0.007439999999999635,GARCH-t+ACI
2024-04-10,BTC,0.025,0.02221875,GARCH-t+ACI
2024-04-12,BTC,0.01,0.007464999999999634,GARCH-t+ACI
2024-04-15,BTC,0.025,0.022375,GARCH-t+ACI
2024-04-17,BTC,0.01,0.007489999999999633,GARCH-t+ACI
2024-04-20,BTC,0.025,0.02253125,GARCH-t+ACI
2024-04-22,BTC,0.01,0.007514999999999632,GARCH-t+ACI
2024-04-25,BTC,0.025,0.0226875,GARCH-t+ACI
2024-04-27,BTC,0.01,0.007539999999999631,GARCH-t+ACI
2024-04-30,BTC,0.025,0.02159375,GARCH-t+ACI
2024-05-02,BTC,0.01,0.00756499999999963,GARCH-t+ACI
2024-05-05,BTC,0.025,0.02175,GARCH-t+ACI
2024-05-07,BTC,0.01,0.007589999999999629,GARCH-t+ACI
2024-05-10,BTC,0.025,0.02190625,GARCH-t+ACI
2024-05-12,BTC,0.01,0.007614999999999628,GARCH-t+ACI
2024-05-15,BTC,0.025,0.0220625,GARCH-t+ACI
2024-05-17,BTC,0.01,0.007639999999999627,GARCH-t+ACI
2024-05-20,BTC,0.025,0.02221875,GARCH-t+ACI
2024-05-22,BTC,0.01,0.007664999999999626,GARCH-t+ACI
2024-05-25,BTC,0.025,0.022375,GARCH-t+ACI
2024-05-27,BTC,0.01,0.007689999999999625,GARCH-t+ACI
2024-05-30,BTC,0.025,0.02253125,GARCH-t+ACI
2024-06-01,BTC,0.01,0.007714999999999624,GARCH-t+ACI
2024-06-04,BTC,0.025,0.0226875,GARCH-t+ACI
2024-06-06,BTC,0.01,0.007739999999999623,GARCH-t+ACI
2024-06-09,BTC,0.025,0.02284375,GARCH-t+ACI
2024-06-11,BTC,0.01,0.007764999999999622,GARCH-t+ACI
2024-06-14,BTC,0.025,0.023,GARCH-t+ACI
2024-06-16,BTC,0.01,0.007789999999999621,GARCH-t+ACI
2024-06-19,BTC,0.025,0.02315625,GARCH-t+ACI
2024-06-21,BTC,0.01,0.00781499999999962,GARCH-t+ACI
2024-06-24,BTC,0.025,0.0220625,GARCH-t+ACI
2024-06-26,BTC,0.01,0.00783999999999962,GARCH-t+ACI
2024-06-29,BTC,0.025,0.02221875,GARCH-t+ACI
2024-07-01,BTC,0.01,0.007864999999999619,GARCH-t+ACI
2024-07-04,BTC,0.025,0.021124999999999998,GARCH-t+ACI
2024-07-06,BTC,0.01,0.007889999999999618,GARCH-t+ACI
2024-07-09,BTC,0.025,0.021281249999999998,GARCH-t+ACI
2024-07-11,BTC,0.01,0.007914999999999617,GARCH-t+ACI
2024-07-14,BTC,0.025,0.021437499999999998,GARCH-t+ACI
2024-07-16,BTC,0.01,0.007939999999999616,GARCH-t+ACI
2024-07-19,BTC,0.025,0.02159375,GARCH-t+ACI
2024-07-21,BTC,0.01,0.007964999999999615,GARCH-t+ACI
2024-07-24,BTC,0.025,0.02175,GARCH-t+ACI
2024-07-26,BTC,0.01,0.007989999999999614,GARCH-t+ACI
2024-07-29,BTC,0.025,0.02190625,GARCH-t+ACI
2024-07-31,BTC,0.01,0.008014999999999613,GARCH-t+ACI
2024-08-03,BTC,0.025,0.020812499999999998,GARCH-t+ACI
2024-08-05,BTC,0.01,0.008039999999999612,GARCH-t+ACI
2024-08-08,BTC,0.025,0.019718749999999997,GARCH-t+ACI
2024-08-10,BTC,0.01,0.00806499999999961,GARCH-t+ACI
2024-08-13,BTC,0.025,0.019874999999999997,GARCH-t+ACI
2024-08-15,BTC,0.01,0.00808999999999961,GARCH-t+ACI
2024-08-18,BTC,0.025,0.020031249999999997,GARCH-t+ACI
2024-08-20,BTC,0.01,0.008114999999999609,GARCH-t+ACI
2024-08-23,BTC,0.025,0.020187499999999997,GARCH-t+ACI
2024-08-25,BTC,0.01,0.008139999999999608,GARCH-t+ACI
2024-08-28,BTC,0.025,0.020343749999999997,GARCH-t+ACI
2024-08-30,BTC,0.01,0.008164999999999607,GARCH-t+ACI
2024-09-02,BTC,0.025,0.020499999999999997,GARCH-t+ACI
2024-09-04,BTC,0.01,0.008189999999999606,GARCH-t+ACI
2024-09-07,BTC,0.025,0.020656249999999998,GARCH-t+ACI
2024-09-09,BTC,0.01,0.008214999999999605,GARCH-t+ACI
2024-09-12,BTC,0.025,0.020812499999999998,GARCH-t+ACI
2024-09-14,BTC,0.01,0.008239999999999604,GARCH-t+ACI
2024-09-17,BTC,0.025,0.020968749999999998,GARCH-t+ACI
2024-09-19,BTC,0.01,0.008264999999999603,GARCH-t+ACI
2024-09-22,BTC,0.025,0.021124999999999998,GARCH-t+ACI
2024-09-24,BTC,0.01,0.008289999999999602,GARCH-t+ACI
2024-09-27,BTC,0.025,0.021281249999999998,GARCH-t+ACI
2024-09-29,BTC,0.01,0.0083149999999996,GARCH-t+ACI
2024-10-02,BTC,0.025,0.021437499999999998,GARCH-t+ACI
2024-10-04,BTC,0.01,0.0083399999999996,GARCH-t+ACI
2024-10-07,BTC,0.025,0.02159375,GARCH-t+ACI
2024-10-09,BTC,0.01,0.008364999999999598,GARCH-t+ACI
2024-10-12,BTC,0.025,0.02175,GARCH-t+ACI
2024-10-14,BTC,0.01,0.008389999999999597,GARCH-t+ACI
2024-10-17,BTC,0.025,0.02190625,GARCH-t+ACI
2024-10-19,BTC,0.01,0.008414999999999596,GARCH-t+ACI
2024-10-22,BTC,0.025,0.0220625,GARCH-t+ACI
2024-10-24,BTC,0.01,0.008439999999999595,GARCH-t+ACI
2024-10-27,BTC,0.025,0.02221875,GARCH-t+ACI
2024-10-29,BTC,0.01,0.008464999999999594,GARCH-t+ACI
2024-11-01,BTC,0.025,0.022375,GARCH-t+ACI
2024-11-03,BTC,0.01,0.008489999999999593,GARCH-t+ACI
2024-11-06,BTC,0.025,0.02253125,GARCH-t+ACI
2024-11-08,BTC,0.01,0.008514999999999592,GARCH-t+ACI
2024-11-11,BTC,0.025,0.0226875,GARCH-t+ACI
2024-11-13,BTC,0.01,0.008539999999999591,GARCH-t+ACI
2024-11-16,BTC,0.025,0.02284375,GARCH-t+ACI
2024-11-18,BTC,0.01,0.00856499999999959,GARCH-t+ACI
2024-11-21,BTC,0.025,0.023,GARCH-t+ACI
2024-11-23,BTC,0.01,0.00858999999999959,GARCH-t+ACI
2024-11-26,BTC,0.025,0.02315625,GARCH-t+ACI
2024-11-28,BTC,0.01,0.008614999999999588,GARCH-t+ACI
2024-12-01,BTC,0.025,0.0233125,GARCH-t+ACI
2024-12-03,BTC,0.01,0.008639999999999587,GARCH-t+ACI
2024-12-06,BTC,0.025,0.02346875,GARCH-t+ACI
2024-12-08,BTC,0.01,0.008664999999999586,GARCH-t+ACI
2024-12-11,BTC,0.025,0.023625,GARCH-t+ACI
2024-12-13,BTC,0.01,0.008689999999999585,GARCH-t+ACI
2024-12-16,BTC,0.025,0.02378125,GARCH-t+ACI
2024-12-18,BTC,0.01,0.008714999999999584,GARCH-t+ACI
2024-12-21,BTC,0.025,0.0239375,GARCH-t+ACI
2024-12-23,BTC,0.01,0.008739999999999583,GARCH-t+ACI
2024-12-26,BTC,0.025,0.02409375,GARCH-t+ACI
2024-12-28,BTC,0.01,0.008764999999999582,GARCH-t+ACI
2024-12-31,BTC,0.025,0.02425,GARCH-t+ACI
2025-01-02,BTC,0.01,0.008789999999999581,GARCH-t+ACI
2025-01-05,BTC,0.025,0.02440625,GARCH-t+ACI
2025-01-07,BTC,0.01,0.00881499999999958,GARCH-t+ACI
2025-01-10,BTC,0.025,0.0245625,GARCH-t+ACI
2025-01-12,BTC,0.01,0.008839999999999579,GARCH-t+ACI
2025-01-15,BTC,0.025,0.02471875,GARCH-t+ACI
2025-01-17,BTC,0.01,0.008864999999999578,GARCH-t+ACI
2025-01-20,BTC,0.025,0.024875,GARCH-t+ACI
2025-01-22,BTC,0.01,0.008889999999999577,GARCH-t+ACI
2025-01-25,BTC,0.025,0.02503125,GARCH-t+ACI
2025-01-27,BTC,0.01,0.008914999999999576,GARCH-t+ACI
2025-01-30,BTC,0.025,0.0251875,GARCH-t+ACI
2025-02-01,BTC,0.01,0.008939999999999575,GARCH-t+ACI
2025-02-04,BTC,0.025,0.02534375,GARCH-t+ACI
2025-02-06,BTC,0.01,0.008964999999999574,GARCH-t+ACI
2025-02-09,BTC,0.025,0.025500000000000002,GARCH-t+ACI
2025-02-11,BTC,0.01,0.008989999999999573,GARCH-t+ACI
2025-02-14,BTC,0.025,0.025656250000000002,GARCH-t+ACI
2025-02-16,BTC,0.01,0.009014999999999572,GARCH-t+ACI
2025-02-19,BTC,0.025,0.025812500000000002,GARCH-t+ACI
2025-02-21,BTC,0.01,0.009039999999999571,GARCH-t+ACI
2025-02-24,BTC,0.025,0.025968750000000002,GARCH-t+ACI
2025-02-26,BTC,0.01,0.00906499999999957,GARCH-t+ACI
2025-03-01,BTC,0.025,0.024875,GARCH-t+ACI
2025-03-03,BTC,0.01,0.009089999999999569,GARCH-t+ACI
2025-03-06,BTC,0.025,0.02378125,GARCH-t+ACI
2025-03-08,BTC,0.01,0.009114999999999568,GARCH-t+ACI
2025-03-11,BTC,0.025,0.0226875,GARCH-t+ACI
2025-03-13,BTC,0.01,0.009139999999999567,GARCH-t+ACI
2025-03-16,BTC,0.025,0.02284375,GARCH-t+ACI
2025-03-18,BTC,0.01,0.009164999999999566,GARCH-t+ACI
2025-03-21,BTC,0.025,0.023,GARCH-t+ACI
2025-03-23,BTC,0.01,0.009189999999999565,GARCH-t+ACI
2025-03-26,BTC,0.025,0.02315625,GARCH-t+ACI
2025-03-28,BTC,0.01,0.009214999999999564,GARCH-t+ACI
2025-03-31,BTC,0.025,0.0233125,GARCH-t+ACI
2025-04-02,BTC,0.01,0.009239999999999563,GARCH-t+ACI
2025-04-05,BTC,0.025,0.02346875,GARCH-t+ACI
2025-04-07,BTC,0.01,0.009264999999999562,GARCH-t+ACI
2025-04-10,BTC,0.025,0.022375,GARCH-t+ACI
2025-04-12,BTC,0.01,0.00928999999999956,GARCH-t+ACI
2025-04-15,BTC,0.025,0.02253125,GARCH-t+ACI
2025-04-17,BTC,0.01,0.00931499999999956,GARCH-t+ACI
2025-04-20,BTC,0.025,0.0226875,GARCH-t+ACI
2025-04-22,BTC,0.01,0.009339999999999559,GARCH-t+ACI
2025-04-25,BTC,0.025,0.02284375,GARCH-t+ACI
2025-04-27,BTC,0.01,0.009364999999999558,GARCH-t+ACI
2025-04-30,BTC,0.025,0.023,GARCH-t+ACI
2025-05-02,BTC,0.01,0.009389999999999557,GARCH-t+ACI
2025-05-05,BTC,0.025,0.02315625,GARCH-t+ACI
2025-05-07,BTC,0.01,0.009414999999999556,GARCH-t+ACI
2025-05-10,BTC,0.025,0.0233125,GARCH-t+ACI
2025-05-12,BTC,0.01,0.009439999999999555,GARCH-t+ACI
2025-05-15,BTC,0.025,0.02346875,GARCH-t+ACI
2025-05-17,BTC,0.01,0.009464999999999554,GARCH-t+ACI
2025-05-20,BTC,0.025,0.023625,GARCH-t+ACI
2025-05-22,BTC,0.01,0.009489999999999553,GARCH-t+ACI
2025-05-25,BTC,0.025,0.02378125,GARCH-t+ACI
2025-05-27,BTC,0.01,0.009514999999999552,GARCH-t+ACI
2025-05-30,BTC,0.025,0.0239375,GARCH-t+ACI
2025-06-01,BTC,0.01,0.00953999999999955,GARCH-t+ACI
2025-06-04,BTC,0.025,0.02409375,GARCH-t+ACI
2025-06-06,BTC,0.01,0.00956499999999955,GARCH-t+ACI
2025-06-09,BTC,0.025,0.02425,GARCH-t+ACI
2025-06-11,BTC,0.01,0.009589999999999549,GARCH-t+ACI
2025-06-14,BTC,0.025,0.02440625,GARCH-t+ACI
2025-06-16,BTC,0.01,0.009614999999999548,GARCH-t+ACI
2025-06-19,BTC,0.025,0.0245625,GARCH-t+ACI
2025-06-21,BTC,0.01,0.009639999999999547,GARCH-t+ACI
2025-06-24,BTC,0.025,0.02471875,GARCH-t+ACI
2025-06-26,BTC,0.01,0.009664999999999545,GARCH-t+ACI
2025-06-29,BTC,0.025,0.024875,GARCH-t+ACI
2025-07-01,BTC,0.01,0.009689999999999544,GARCH-t+ACI
2025-07-04,BTC,0.025,0.02503125,GARCH-t+ACI
2025-07-06,BTC,0.01,0.009714999999999543,GARCH-t+ACI
2025-07-09,BTC,0.025,0.0251875,GARCH-t+ACI
2025-07-11,BTC,0.01,0.009739999999999542,GARCH-t+ACI
2025-07-14,BTC,0.025,0.02534375,GARCH-t+ACI
2025-07-16,BTC,0.01,0.009764999999999541,GARCH-t+ACI
2025-07-19,BTC,0.025,0.025500000000000002,GARCH-t+ACI
2025-07-21,BTC,0.01,0.00978999999999954,GARCH-t+ACI
2025-07-24,BTC,0.025,0.025656250000000002,GARCH-t+ACI
2025-07-26,BTC,0.01,0.00981499999999954,GARCH-t+ACI
2025-07-29,BTC,0.025,0.025812500000000002,GARCH-t+ACI
2025-07-31,BTC,0.01,0.009839999999999538,GARCH-t+ACI
2025-08-03,BTC,0.025,0.025968750000000002,GARCH-t+ACI
2025-08-05,BTC,0.01,0.009864999999999537,GARCH-t+ACI
2025-08-08,BTC,0.025,0.026125000000000002,GARCH-t+ACI
2025-08-10,BTC,0.01,0.009889999999999536,GARCH-t+ACI
2025-08-13,BTC,0.025,0.026281250000000003,GARCH-t+ACI
2025-08-15,BTC,0.01,0.009914999999999535,GARCH-t+ACI
2025-08-18,BTC,0.025,0.0251875,GARCH-t+ACI
2025-08-20,BTC,0.01,0.009939999999999534,GARCH-t+ACI
2025-08-23,BTC,0.025,0.02534375,GARCH-t+ACI
2025-08-25,BTC,0.01,0.009964999999999533,GARCH-t+ACI
2025-08-28,BTC,0.025,0.025500000000000002,GARCH-t+ACI
2025-08-30,BTC,0.01,0.009989999999999532,GARCH-t+ACI
2025-09-02,BTC,0.025,0.025656250000000002,GARCH-t+ACI
2025-09-04,BTC,0.01,0.010014999999999531,GARCH-t+ACI
2025-09-07,BTC,0.025,0.025812500000000002,GARCH-t+ACI
2025-09-09,BTC,0.01,0.01003999999999953,GARCH-t+ACI
2025-09-12,BTC,0.025,0.025968750000000002,GARCH-t+ACI
2025-09-14,BTC,0.01,0.01006499999999953,GARCH-t+ACI
2025-09-17,BTC,0.025,0.026125000000000002,GARCH-t+ACI
2025-09-19,BTC,0.01,0.010089999999999528,GARCH-t+ACI
2025-09-22,BTC,0.025,0.026281250000000003,GARCH-t+ACI
2025-09-24,BTC,0.01,0.010114999999999527,GARCH-t+ACI
2025-09-27,BTC,0.025,0.0251875,GARCH-t+ACI
2025-09-29,BTC,0.01,0.010139999999999526,GARCH-t+ACI
2025-10-02,BTC,0.025,0.02534375,GARCH-t+ACI
2025-10-04,BTC,0.01,0.010164999999999525,GARCH-t+ACI
2025-10-07,BTC,0.025,0.025500000000000002,GARCH-t+ACI
2025-10-09,BTC,0.01,0.010189999999999524,GARCH-t+ACI
2025-10-12,BTC,0.025,0.02440625,GARCH-t+ACI
2025-10-14,BTC,0.01,0.009714999999999523,GARCH-t+ACI
2025-10-17,BTC,0.025,0.0245625,GARCH-t+ACI
2025-10-19,BTC,0.01,0.009739999999999522,GARCH-t+ACI
2025-10-22,BTC,0.025,0.02471875,GARCH-t+ACI
2025-10-24,BTC,0.01,0.00976499999999952,GARCH-t+ACI
2025-10-27,BTC,0.025,0.024875,GARCH-t+ACI
2025-10-29,BTC,0.01,0.00978999999999952,GARCH-t+ACI
2025-11-01,BTC,0.025,0.02503125,GARCH-t+ACI
2025-11-03,BTC,0.01,0.009814999999999519,GARCH-t+ACI
2025-11-06,BTC,0.025,0.0239375,GARCH-t+ACI
2025-11-08,BTC,0.01,0.009839999999999518,GARCH-t+ACI
2025-11-11,BTC,0.025,0.02409375,GARCH-t+ACI
2025-11-13,BTC,0.01,0.009864999999999517,GARCH-t+ACI
2025-11-16,BTC,0.025,0.023,GARCH-t+ACI
2025-11-18,BTC,0.01,0.009889999999999515,GARCH-t+ACI
2025-11-21,BTC,0.025,0.02190625,GARCH-t+ACI
2025-11-23,BTC,0.01,0.009914999999999514,GARCH-t+ACI
2025-11-26,BTC,0.025,0.0220625,GARCH-t+ACI
2025-11-28,BTC,0.01,0.009939999999999513,GARCH-t+ACI
2025-12-01,BTC,0.025,0.020968749999999998,GARCH-t+ACI
2025-12-03,BTC,0.01,0.009964999999999512,GARCH-t+ACI
2025-12-06,BTC,0.025,0.021124999999999998,GARCH-t+ACI
2025-12-08,BTC,0.01,0.009989999999999511,GARCH-t+ACI
2025-12-11,BTC,0.025,0.021281249999999998,GARCH-t+ACI
2025-12-13,BTC,0.01,0.01001499999999951,GARCH-t+ACI
2025-12-16,BTC,0.025,0.021437499999999998,GARCH-t+ACI
2025-12-18,BTC,0.01,0.01003999999999951,GARCH-t+ACI
2025-12-21,BTC,0.025,0.02159375,GARCH-t+ACI
2025-12-23,BTC,0.01,0.010064999999999508,GARCH-t+ACI
2025-12-26,BTC,0.025,0.02175,GARCH-t+ACI
2025-12-28,BTC,0.01,0.010089999999999507,GARCH-t+ACI
2025-12-31,BTC,0.025,0.02190625,GARCH-t+ACI
2026-01-02,BTC,0.01,0.010114999999999506,GARCH-t+ACI
2026-01-05,BTC,0.025,0.0220625,GARCH-t+ACI
2026-01-07,BTC,0.01,0.010139999999999505,GARCH-t+ACI
2026-01-10,BTC,0.025,0.02221875,GARCH-t+ACI
2026-01-12,BTC,0.01,0.010164999999999504,GARCH-t+ACI
2026-01-15,BTC,0.025,0.022375,GARCH-t+ACI
2026-01-17,BTC,0.01,0.010189999999999503,GARCH-t+ACI
2026-01-20,BTC,0.025,0.021281249999999998,GARCH-t+ACI
2026-01-22,BTC,0.01,0.010214999999999502,GARCH-t+ACI
2026-01-25,BTC,0.025,0.021437499999999998,GARCH-t+ACI
2026-01-27,BTC,0.01,0.010239999999999501,GARCH-t+ACI
2026-01-30,BTC,0.025,0.020343749999999997,GARCH-t+ACI
2026-02-01,BTC,0.01,0.0092649999999995,GARCH-t+ACI
2026-02-04,BTC,0.025,0.019249999999999996,GARCH-t+ACI
2026-02-06,BTC,0.01,0.008789999999999498,GARCH-t+ACI
2026-02-09,BTC,0.025,0.018156249999999995,GARCH-t+ACI
2026-02-11,BTC,0.01,0.008814999999999497,GARCH-t+ACI
2026-02-14,BTC,0.025,0.018312499999999995,GARCH-t+ACI
2026-02-16,BTC,0.01,0.008839999999999496,GARCH-t+ACI
2026-02-19,BTC,0.025,0.018468749999999996,GARCH-t+ACI
2026-02-21,BTC,0.01,0.008864999999999495,GARCH-t+ACI
2026-02-24,BTC,0.025,0.018624999999999996,GARCH-t+ACI
2026-02-26,BTC,0.01,0.008889999999999494,GARCH-t+ACI
2026-03-01,BTC,0.025,0.018781249999999996,GARCH-t+ACI
2026-03-03,BTC,0.01,0.008914999999999493,GARCH-t+ACI
2026-03-06,BTC,0.025,0.018937499999999996,GARCH-t+ACI
2026-03-08,BTC,0.01,0.008939999999999492,GARCH-t+ACI
2026-03-11,BTC,0.025,0.019093749999999996,GARCH-t+ACI
2026-03-13,BTC,0.01,0.00896499999999949,GARCH-t+ACI
2026-03-16,BTC,0.025,0.019249999999999996,GARCH-t+ACI
2026-03-18,BTC,0.01,0.00898999999999949,GARCH-t+ACI
2026-03-21,BTC,0.025,0.019406249999999996,GARCH-t+ACI
2026-03-23,BTC,0.01,0.009014999999999489,GARCH-t+ACI
2026-03-26,BTC,0.025,0.019562499999999997,GARCH-t+ACI
2026-03-28,BTC,0.01,0.009039999999999488,GARCH-t+ACI
2026-03-31,BTC,0.025,0.019718749999999997,GARCH-t+ACI
2026-04-02,BTC,0.01,0.009064999999999487,GARCH-t+ACI
2026-04-05,BTC,0.025,0.019874999999999997,GARCH-t+ACI
2026-04-07,BTC,0.01,0.009089999999999486,GARCH-t+ACI
2026-04-10,BTC,0.025,0.020031249999999997,GARCH-t+ACI
2026-04-12,BTC,0.01,0.009114999999999485,GARCH-t+ACI
2026-04-15,BTC,0.025,0.020187499999999997,GARCH-t+ACI
2026-04-17,BTC,0.01,0.009139999999999484,GARCH-t+ACI
2026-04-20,BTC,0.025,0.020343749999999997,GARCH-t+ACI
2026-04-22,BTC,0.01,0.009164999999999483,GARCH-t+ACI
2026-04-25,BTC,0.025,0.020499999999999997,GARCH-t+ACI
2026-04-27,BTC,0.01,0.009189999999999482,GARCH-t+ACI
2026-04-30,BTC,0.025,0.020656249999999998,GARCH-t+ACI
2026-05-02,BTC,0.01,0.00921499999999948,GARCH-t+ACI
2026-05-05,BTC,0.025,0.020812499999999998,GARCH-t+ACI
2026-05-07,BTC,0.01,0.00923999999999948,GARCH-t+ACI
2026-05-10,BTC,0.025,0.020968749999999998,GARCH-t+ACI
2026-05-12,BTC,0.01,0.009264999999999479,GARCH-t+ACI
2026-05-15,BTC,0.025,0.021124999999999998,GARCH-t+ACI
2026-05-17,BTC,0.01,0.009289999999999477,GARCH-t+ACI
2026-05-20,BTC,0.025,0.021281249999999998,GARCH-t+ACI
2026-05-22,BTC,0.01,0.009314999999999476,GARCH-t+ACI
2026-05-25,BTC,0.025,0.021437499999999998,GARCH-t+ACI
2026-05-27,BTC,0.01,0.009339999999999475,GARCH-t+ACI
2026-05-30,BTC,0.025,0.02159375,GARCH-t+ACI
2026-06-01,BTC,0.01,0.009364999999999474,GARCH-t+ACI
2026-06-04,BTC,0.025,0.020499999999999997,GARCH-t+ACI
2026-06-06,BTC,0.01,0.008889999999999473,GARCH-t+ACI
2026-06-09,BTC,0.025,0.020656249999999998,GARCH-t+ACI
2026-06-11,BTC,0.01,0.008914999999999472,GARCH-t+ACI
2026-06-14,BTC,0.025,0.020812499999999998,GARCH-t+ACI
2026-06-16,BTC,0.01,0.008939999999999471,GARCH-t+ACI
2026-06-19,BTC,0.025,0.020968749999999998,GARCH-t+ACI
2026-06-21,BTC,0.01,0.00896499999999947,GARCH-t+ACI
2026-06-24,BTC,0.025,0.021124999999999998,GARCH-t+ACI
2026-06-26,BTC,0.01,0.008989999999999469,GARCH-t+ACI
2026-06-29,BTC,0.025,0.021281249999999998,GARCH-t+ACI
2026-07-01,BTC,0.01,0.009014999999999468,GARCH-t+ACI
2026-07-04,BTC,0.025,0.021437499999999998,GARCH-t+ACI
2026-07-06,BTC,0.01,0.009039999999999467,GARCH-t+ACI
2026-07-09,BTC,0.025,0.02159375,GARCH-t+ACI
2026-07-11,BTC,0.01,0.009064999999999466,GARCH-t+ACI
2026-07-14,BTC,0.025,0.02175,GARCH-t+ACI
2026-07-16,BTC,0.01,0.009089999999999465,GARCH-t+ACI
2026-07-19,BTC,0.025,0.02190625,GARCH-t+ACI
2026-07-21,BTC,0.01,0.009114999999999464,GARCH-t+ACI
2026-07-24,BTC,0.025,0.0220625,GARCH-t+ACI
2026-07-26,BTC,0.01,0.009139999999999463,GARCH-t+ACI
2026-07-29,BTC,0.025,0.02221875,GARCH-t+ACI
2026-07-31,BTC,0.01,0.009164999999999462,GARCH-t+ACI
2026-08-03,BTC,0.025,0.022375,GARCH-t+ACI
2026-08-05,BTC,0.01,0.00918999999999946,GARCH-t+ACI
2026-08-08,BTC,0.025,0.02253125,GARCH-t+ACI
2026-08-10,BTC,0.01,0.00921499999999946,GARCH-t+ACI
2026-08-13,BTC,0.025,0.0226875,GARCH-t+ACI
2026-08-15,BTC,0.01,0.009239999999999459,GARCH-t+ACI
2026-08-18,BTC,0.025,0.02284375,GARCH-t+ACI
2026-08-20,BTC,0.01,0.009264999999999458,GARCH-t+ACI
2026-08-23,BTC,0.025,0.023,GARCH-t+ACI
2026-08-25,BTC,0.01,0.009289999999999457,GARCH-t+ACI
2026-08-28,BTC,0.025,0.02315625,GARCH-t+ACI
2026-08-30,BTC,0.01,0.009314999999999456,GARCH-t+ACI
2026-09-02,BTC,0.025,0.0233125,GARCH-t+ACI
2026-09-04,BTC,0.01,0.009339999999999455,GARCH-t+ACI
2026-09-07,BTC,0.025,0.02346875,GARCH-t+ACI
2026-09-09,BTC,0.01,0.009364999999999454,GARCH-t+ACI
2019-05-18,BTC,0.025,0.0250625,RF-QR+ACI
2019-05-20,BTC,0.01,0.01002,RF-QR+ACI
2019-05-23,BTC,0.025,0.02521875,RF-QR+ACI
2019-05-25,BTC,0.01,0.010044999999999998,RF-QR+ACI
2019-05-28,BTC,0.025,0.025375,RF-QR+ACI
2019-05-30,BTC,0.01,0.010069999999999997,RF-QR+ACI
2019-06-02,BTC,0.025,0.025531250000000002,RF-QR+ACI
2019-06-04,BTC,0.01,0.010094999999999996,RF-QR+ACI
2019-06-07,BTC,0.025,0.025687500000000002,RF-QR+ACI
2019-06-09,BTC,0.01,0.010119999999999995,RF-QR+ACI
2019-06-12,BTC,0.025,0.025843750000000002,RF-QR+ACI
2019-06-14,BTC,0.01,0.010144999999999994,RF-QR+ACI
2019-06-17,BTC,0.025,0.026000000000000002,RF-QR+ACI
2019-06-19,BTC,0.01,0.010169999999999993,RF-QR+ACI
2019-06-22,BTC,0.025,0.026156250000000002,RF-QR+ACI
2019-06-24,BTC,0.01,0.010194999999999992,RF-QR+ACI
2019-06-27,BTC,0.025,0.0250625,RF-QR+ACI
2019-06-29,BTC,0.01,0.00971999999999999,RF-QR+ACI
2019-07-02,BTC,0.025,0.02396875,RF-QR+ACI
2019-07-04,BTC,0.01,0.00974499999999999,RF-QR+ACI
2019-07-07,BTC,0.025,0.024125,RF-QR+ACI
2019-07-09,BTC,0.01,0.009769999999999989,RF-QR+ACI
2019-07-12,BTC,0.025,0.02428125,RF-QR+ACI
2019-07-14,BTC,0.01,0.009794999999999988,RF-QR+ACI
2019-07-17,BTC,0.025,0.0219375,RF-QR+ACI
2019-07-19,BTC,0.01,0.009819999999999987,RF-QR+ACI
2019-07-22,BTC,0.025,0.02209375,RF-QR+ACI
2019-07-24,BTC,0.01,0.009844999999999986,RF-QR+ACI
2019-07-27,BTC,0.025,0.02225,RF-QR+ACI
2019-07-29,BTC,0.01,0.009869999999999985,RF-QR+ACI
2019-08-01,BTC,0.025,0.02240625,RF-QR+ACI
2019-08-03,BTC,0.01,0.009894999999999984,RF-QR+ACI
2019-08-06,BTC,0.025,0.0225625,RF-QR+ACI
2019-08-08,BTC,0.01,0.009919999999999983,RF-QR+ACI
2019-08-11,BTC,0.025,0.02271875,RF-QR+ACI
2019-08-13,BTC,0.01,0.009944999999999982,RF-QR+ACI
2019-08-16,BTC,0.025,0.021625,RF-QR+ACI
2019-08-18,BTC,0.01,0.00996999999999998,RF-QR+ACI
2019-08-21,BTC,0.025,0.02178125,RF-QR+ACI
2019-08-23,BTC,0.01,0.00999499999999998,RF-QR+ACI
2019-08-26,BTC,0.025,0.0219375,RF-QR+ACI
2019-08-28,BTC,0.01,0.010019999999999979,RF-QR+ACI
2019-08-31,BTC,0.025,0.02209375,RF-QR+ACI
2019-09-02,BTC,0.01,0.010044999999999978,RF-QR+ACI
2019-09-05,BTC,0.025,0.02225,RF-QR+ACI
2019-09-07,BTC,0.01,0.010069999999999977,RF-QR+ACI
2019-09-10,BTC,0.025,0.02240625,RF-QR+ACI
2019-09-12,BTC,0.01,0.010094999999999976,RF-QR+ACI
2019-09-15,BTC,0.025,0.0225625,RF-QR+ACI
2019-09-17,BTC,0.01,0.010119999999999975,RF-QR+ACI
2019-09-20,BTC,0.025,0.02271875,RF-QR+ACI
2019-09-22,BTC,0.01,0.010144999999999973,RF-QR+ACI
2019-09-25,BTC,0.025,0.021625,RF-QR+ACI
2019-09-27,BTC,0.01,0.009669999999999972,RF-QR+ACI
2019-09-30,BTC,0.025,0.02178125,RF-QR+ACI
2019-10-02,BTC,0.01,0.009694999999999971,RF-QR+ACI
2019-10-05,BTC,0.025,0.0219375,RF-QR+ACI
2019-10-07,BTC,0.01,0.00971999999999997,RF-QR+ACI
2019-10-10,BTC,0.025,0.02209375,RF-QR+ACI
2019-10-12,BTC,0.01,0.009744999999999969,RF-QR+ACI
2019-10-15,BTC,0.025,0.02225,RF-QR+ACI
2019-10-17,BTC,0.01,0.009769999999999968,RF-QR+ACI
2019-10-20,BTC,0.025,0.02240625,RF-QR+ACI
2019-10-22,BTC,0.01,0.009794999999999967,RF-QR+ACI
2019-10-25,BTC,0.025,0.0225625,RF-QR+ACI
2019-10-27,BTC,0.01,0.009819999999999966,RF-QR+ACI
2019-10-30,BTC,0.025,0.02271875,RF-QR+ACI
2019-11-01,BTC,0.01,0.009844999999999965,RF-QR+ACI
2019-11-04,BTC,0.025,0.022875,RF-QR+ACI
2019-11-06,BTC,0.01,0.009869999999999964,RF-QR+ACI
2019-11-09,BTC,0.025,0.02303125,RF-QR+ACI
2019-11-11,BTC,0.01,0.009894999999999963,RF-QR+ACI
2019-11-14,BTC,0.025,0.0231875,RF-QR+ACI
2019-11-16,BTC,0.01,0.009919999999999962,RF-QR+ACI
2019-11-19,BTC,0.025,0.02209375,RF-QR+ACI
2019-11-21,BTC,0.01,0.00994499999999996,RF-QR+ACI
2019-11-24,BTC,0.025,0.02225,RF-QR+ACI
2019-11-26,BTC,0.01,0.00996999999999996,RF-QR+ACI
2019-11-29,BTC,0.025,0.02240625,RF-QR+ACI
2019-12-01,BTC,0.01,0.009994999999999959,RF-QR+ACI
2019-12-04,BTC,0.025,0.0225625,RF-QR+ACI
2019-12-06,BTC,0.01,0.010019999999999958,RF-QR+ACI
2019-12-09,BTC,0.025,0.02271875,RF-QR+ACI
2019-12-11,BTC,0.01,0.010044999999999957,RF-QR+ACI
2019-12-14,BTC,0.025,0.022875,RF-QR+ACI
2019-12-16,BTC,0.01,0.010069999999999956,RF-QR+ACI
2019-12-19,BTC,0.025,0.02303125,RF-QR+ACI
2019-12-21,BTC,0.01,0.010094999999999955,RF-QR+ACI
2019-12-24,BTC,0.025,0.0231875,RF-QR+ACI
2019-12-26,BTC,0.01,0.010119999999999954,RF-QR+ACI
2019-12-29,BTC,0.025,0.02334375,RF-QR+ACI
2019-12-31,BTC,0.01,0.010144999999999953,RF-QR+ACI
2020-01-03,BTC,0.025,0.0235,RF-QR+ACI
2020-01-05,BTC,0.01,0.010169999999999952,RF-QR+ACI
2020-01-08,BTC,0.025,0.02365625,RF-QR+ACI
2020-01-10,BTC,0.01,0.01019499999999995,RF-QR+ACI
2020-01-13,BTC,0.025,0.0238125,RF-QR+ACI
2020-01-15,BTC,0.01,0.01021999999999995,RF-QR+ACI
2020-01-18,BTC,0.025,0.02396875,RF-QR+ACI
2020-01-20,BTC,0.01,0.010244999999999949,RF-QR+ACI
2020-01-23,BTC,0.025,0.024125,RF-QR+ACI
2020-01-25,BTC,0.01,0.010269999999999948,RF-QR+ACI
2020-01-28,BTC,0.025,0.02428125,RF-QR+ACI
2020-01-30,BTC,0.01,0.010294999999999947,RF-QR+ACI
2020-02-02,BTC,0.025,0.0244375,RF-QR+ACI
2020-02-04,BTC,0.01,0.010319999999999946,RF-QR+ACI
2020-02-07,BTC,0.025,0.02459375,RF-QR+ACI
2020-02-09,BTC,0.01,0.010344999999999945,RF-QR+ACI
2020-02-12,BTC,0.025,0.02475,RF-QR+ACI
2020-02-14,BTC,0.01,0.010369999999999943,RF-QR+ACI
2020-02-17,BTC,0.025,0.02490625,RF-QR+ACI
2020-02-19,BTC,0.01,0.010394999999999942,RF-QR+ACI
2020-02-22,BTC,0.025,0.0250625,RF-QR+ACI
2020-02-24,BTC,0.01,0.010419999999999941,RF-QR+ACI
2020-02-27,BTC,0.025,0.02521875,RF-QR+ACI
2020-02-29,BTC,0.01,0.01044499999999994,RF-QR+ACI
2020-03-03,BTC,0.025,0.025375,RF-QR+ACI
2020-03-05,BTC,0.01,0.01046999999999994,RF-QR+ACI
2020-03-08,BTC,0.025,0.02428125,RF-QR+ACI
2020-03-10,BTC,0.01,0.010494999999999938,RF-QR+ACI
2020-03-13,BTC,0.025,0.0231875,RF-QR+ACI
2020-03-15,BTC,0.01,0.010019999999999937,RF-QR+ACI
2020-03-18,BTC,0.025,0.02334375,RF-QR+ACI
2020-03-20,BTC,0.01,0.010044999999999936,RF-QR+ACI
2020-03-23,BTC,0.025,0.0235,RF-QR+ACI
2020-03-25,BTC,0.01,0.010069999999999935,RF-QR+ACI
2020-03-28,BTC,0.025,0.02365625,RF-QR+ACI
2020-03-30,BTC,0.01,0.010094999999999934,RF-QR+ACI
2020-04-02,BTC,0.025,0.0238125,RF-QR+ACI
2020-04-04,BTC,0.01,0.010119999999999933,RF-QR+ACI
2020-04-07,BTC,0.025,0.02396875,RF-QR+ACI
2020-04-09,BTC,0.01,0.010144999999999932,RF-QR+ACI
2020-04-12,BTC,0.025,0.024125,RF-QR+ACI
2020-04-14,BTC,0.01,0.01016999999999993,RF-QR+ACI
2020-04-17,BTC,0.025,0.02428125,RF-QR+ACI
2020-04-19,BTC,0.01,0.01019499999999993,RF-QR+ACI
2020-04-22,BTC,0.025,0.0244375,RF-QR+ACI
2020-04-24,BTC,0.01,0.010219999999999929,RF-QR+ACI
2020-04-27,BTC,0.025,0.02459375,RF-QR+ACI
2020-04-29,BTC,0.01,0.010244999999999928,RF-QR+ACI
2020-05-02,BTC,0.025,0.02475,RF-QR+ACI
2020-05-04,BTC,0.01,0.010269999999999927,RF-QR+ACI
2020-05-07,BTC,0.025,0.02490625,RF-QR+ACI
2020-05-09,BTC,0.01,0.010294999999999926,RF-QR+ACI
2020-05-12,BTC,0.025,0.0238125,RF-QR+ACI
2020-05-14,BTC,0.01,0.009819999999999924,RF-QR+ACI
2020-05-17,BTC,0.025,0.02396875,RF-QR+ACI
2020-05-19,BTC,0.01,0.009844999999999923,RF-QR+ACI
2020-05-22,BTC,0.025,0.024125,RF-QR+ACI
2020-05-24,BTC,0.01,0.009869999999999922,RF-QR+ACI
2020-05-27,BTC,0.025,0.02428125,RF-QR+ACI
2020-05-29,BTC,0.01,0.009894999999999921,RF-QR+ACI
2020-06-01,BTC,0.025,0.0244375,RF-QR+ACI
2020-06-03,BTC,0.01,0.00991999999999992,RF-QR+ACI
2020-06-06,BTC,0.025,0.02459375,RF-QR+ACI
2020-06-08,BTC,0.01,0.00994499999999992,RF-QR+ACI
2020-06-11,BTC,0.025,0.0235,RF-QR+ACI
2020-06-13,BTC,0.01,0.009469999999999918,RF-QR+ACI
2020-06-16,BTC,0.025,0.02365625,RF-QR+ACI
2020-06-18,BTC,0.01,0.009494999999999917,RF-QR+ACI
2020-06-21,BTC,0.025,0.0238125,RF-QR+ACI
2020-06-23,BTC,0.01,0.009519999999999916,RF-QR+ACI
2020-06-26,BTC,0.025,0.02396875,RF-QR+ACI
2020-06-28,BTC,0.01,0.009544999999999915,RF-QR+ACI
2020-07-01,BTC,0.025,0.024125,RF-QR+ACI
2020-07-03,BTC,0.01,0.009569999999999914,RF-QR+ACI
2020-07-06,BTC,0.025,0.02428125,RF-QR+ACI
2020-07-08,BTC,0.01,0.009594999999999913,RF-QR+ACI
2020-07-11,BTC,0.025,0.0244375,RF-QR+ACI
2020-07-13,BTC,0.01,0.009619999999999912,RF-QR+ACI
2020-07-16,BTC,0.025,0.02459375,RF-QR+ACI
2020-07-18,BTC,0.01,0.00964499999999991,RF-QR+ACI
2020-07-21,BTC,0.025,0.02475,RF-QR+ACI
2020-07-23,BTC,0.01,0.00966999999999991,RF-QR+ACI
2020-07-26,BTC,0.025,0.02490625,RF-QR+ACI
2020-07-28,BTC,0.01,0.009694999999999909,RF-QR+ACI
2020-07-31,BTC,0.025,0.0250625,RF-QR+ACI
2020-08-02,BTC,0.01,0.009719999999999908,RF-QR+ACI
2020-08-05,BTC,0.025,0.02396875,RF-QR+ACI
2020-08-07,BTC,0.01,0.009744999999999907,RF-QR+ACI
2020-08-10,BTC,0.025,0.024125,RF-QR+ACI
2020-08-12,BTC,0.01,0.009769999999999905,RF-QR+ACI
2020-08-15,BTC,0.025,0.02428125,RF-QR+ACI
2020-08-17,BTC,0.01,0.009794999999999904,RF-QR+ACI
2020-08-20,BTC,0.025,0.0244375,RF-QR+ACI
2020-08-22,BTC,0.01,0.009819999999999903,RF-QR+ACI
2020-08-25,BTC,0.025,0.02459375,RF-QR+ACI
2020-08-27,BTC,0.01,0.009844999999999902,RF-QR+ACI
2020-08-30,BTC,0.025,0.02475,RF-QR+ACI
2020-09-01,BTC,0.01,0.009869999999999901,RF-QR+ACI
2020-09-04,BTC,0.025,0.02365625,RF-QR+ACI
2020-09-06,BTC,0.01,0.0098949999999999,RF-QR+ACI
2020-09-09,BTC,0.025,0.0238125,RF-QR+ACI
2020-09-11,BTC,0.01,0.0099199999999999,RF-QR+ACI
2020-09-14,BTC,0.025,0.02396875,RF-QR+ACI
2020-09-16,BTC,0.01,0.009944999999999898,RF-QR+ACI
2020-09-19,BTC,0.025,0.024125,RF-QR+ACI
2020-09-21,BTC,0.01,0.009969999999999897,RF-QR+ACI
2020-09-24,BTC,0.025,0.02428125,RF-QR+ACI
2020-09-26,BTC,0.01,0.009994999999999896,RF-QR+ACI
2020-09-29,BTC,0.025,0.0244375,RF-QR+ACI
2020-10-01,BTC,0.01,0.010019999999999895,RF-QR+ACI
2020-10-04,BTC,0.025,0.02459375,RF-QR+ACI
2020-10-06,BTC,0.01,0.010044999999999894,RF-QR+ACI
2020-10-09,BTC,0.025,0.02475,RF-QR+ACI
2020-10-11,BTC,0.01,0.010069999999999893,RF-QR+ACI
2020-10-14,BTC,0.025,0.02490625,RF-QR+ACI
2020-10-16,BTC,0.01,0.010094999999999892,RF-QR+ACI
2020-10-19,BTC,0.025,0.0250625,RF-QR+ACI
2020-10-21,BTC,0.01,0.010119999999999891,RF-QR+ACI
2020-10-24,BTC,0.025,0.02521875,RF-QR+ACI
2020-10-26,BTC,0.01,0.01014499999999989,RF-QR+ACI
2020-10-29,BTC,0.025,0.025375,RF-QR+ACI
2020-10-31,BTC,0.01,0.01016999999999989,RF-QR+ACI
2020-11-03,BTC,0.025,0.025531250000000002,RF-QR+ACI
2020-11-05,BTC,0.01,0.010194999999999888,RF-QR+ACI
2020-11-08,BTC,0.025,0.025687500000000002,RF-QR+ACI
2020-11-10,BTC,0.01,0.010219999999999887,RF-QR+ACI
2020-11-13,BTC,0.025,0.025843750000000002,RF-QR+ACI
2020-11-15,BTC,0.01,0.010244999999999886,RF-QR+ACI
2020-11-18,BTC,0.025,0.026000000000000002,RF-QR+ACI
2020-11-20,BTC,0.01,0.010269999999999885,RF-QR+ACI
2020-11-23,BTC,0.025,0.026156250000000002,RF-QR+ACI
2020-11-25,BTC,0.01,0.010294999999999884,RF-QR+ACI
2020-11-28,BTC,0.025,0.0250625,RF-QR+ACI
2020-11-30,BTC,0.01,0.010319999999999883,RF-QR+ACI
2020-12-03,BTC,0.025,0.02521875,RF-QR+ACI
2020-12-05,BTC,0.01,0.010344999999999882,RF-QR+ACI
2020-12-08,BTC,0.025,0.025375,RF-QR+ACI
2020-12-10,BTC,0.01,0.010369999999999881,RF-QR+ACI
2020-12-13,BTC,0.025,0.025531250000000002,RF-QR+ACI
2020-12-15,BTC,0.01,0.01039499999999988,RF-QR+ACI
2020-12-18,BTC,0.025,0.025687500000000002,RF-QR+ACI
2020-12-20,BTC,0.01,0.010419999999999879,RF-QR+ACI
2020-12-23,BTC,0.025,0.025843750000000002,RF-QR+ACI
2020-12-25,BTC,0.01,0.010444999999999878,RF-QR+ACI
2020-12-28,BTC,0.025,0.026000000000000002,RF-QR+ACI
2020-12-30,BTC,0.01,0.010469999999999877,RF-QR+ACI
2021-01-02,BTC,0.025,0.026156250000000002,RF-QR+ACI
2021-01-04,BTC,0.01,0.010494999999999876,RF-QR+ACI
2021-01-07,BTC,0.025,0.026312500000000003,RF-QR+ACI
2021-01-09,BTC,0.01,0.010519999999999875,RF-QR+ACI
2021-01-12,BTC,0.025,0.02521875,RF-QR+ACI
2021-01-14,BTC,0.01,0.010544999999999874,RF-QR+ACI
2021-01-17,BTC,0.025,0.025375,RF-QR+ACI
2021-01-19,BTC,0.01,0.010569999999999873,RF-QR+ACI
2021-01-22,BTC,0.025,0.02428125,RF-QR+ACI
2021-01-24,BTC,0.01,0.010094999999999871,RF-QR+ACI
2021-01-27,BTC,0.025,0.0244375,RF-QR+ACI
2021-01-29,BTC,0.01,0.01011999999999987,RF-QR+ACI
2021-02-01,BTC,0.025,0.02459375,RF-QR+ACI
2021-02-03,BTC,0.01,0.01014499999999987,RF-QR+ACI
2021-02-06,BTC,0.025,0.02475,RF-QR+ACI
2021-02-08,BTC,0.01,0.010169999999999868,RF-QR+ACI
2021-02-11,BTC,0.025,0.02490625,RF-QR+ACI
2021-02-13,BTC,0.01,0.010194999999999867,RF-QR+ACI
2021-02-16,BTC,0.025,0.0250625,RF-QR+ACI
2021-02-18,BTC,0.01,0.010219999999999866,RF-QR+ACI
2021-02-21,BTC,0.025,0.02521875,RF-QR+ACI
2021-02-23,BTC,0.01,0.010244999999999865,RF-QR+ACI
2021-02-26,BTC,0.025,0.024125,RF-QR+ACI
2021-02-28,BTC,0.01,0.010269999999999864,RF-QR+ACI
2021-03-03,BTC,0.025,0.02428125,RF-QR+ACI
2021-03-05,BTC,0.01,0.010294999999999863,RF-QR+ACI
2021-03-08,BTC,0.025,0.0244375,RF-QR+ACI
2021-03-10,BTC,0.01,0.010319999999999862,RF-QR+ACI
2021-03-13,BTC,0.025,0.02459375,RF-QR+ACI
2021-03-15,BTC,0.01,0.010344999999999861,RF-QR+ACI
2021-03-18,BTC,0.025,0.02475,RF-QR+ACI
2021-03-20,BTC,0.01,0.01036999999999986,RF-QR+ACI
2021-03-23,BTC,0.025,0.02490625,RF-QR+ACI
2021-03-25,BTC,0.01,0.01039499999999986,RF-QR+ACI
2021-03-28,BTC,0.025,0.0250625,RF-QR+ACI
2021-03-30,BTC,0.01,0.010419999999999858,RF-QR+ACI
2021-04-02,BTC,0.025,0.02521875,RF-QR+ACI
2021-04-04,BTC,0.01,0.010444999999999857,RF-QR+ACI
2021-04-07,BTC,0.025,0.025375,RF-QR+ACI
2021-04-09,BTC,0.01,0.010469999999999856,RF-QR+ACI
2021-04-12,BTC,0.025,0.025531250000000002,RF-QR+ACI
2021-04-14,BTC,0.01,0.010494999999999855,RF-QR+ACI
2021-04-17,BTC,0.025,0.025687500000000002,RF-QR+ACI
2021-04-19,BTC,0.01,0.010519999999999854,RF-QR+ACI
2021-04-22,BTC,0.025,0.025843750000000002,RF-QR+ACI
2021-04-24,BTC,0.01,0.010544999999999853,RF-QR+ACI
2021-04-27,BTC,0.025,0.026000000000000002,RF-QR+ACI
2021-04-29,BTC,0.01,0.010569999999999852,RF-QR+ACI
2021-05-02,BTC,0.025,0.026156250000000002,RF-QR+ACI
2021-05-04,BTC,0.01,0.010594999999999851,RF-QR+ACI
2021-05-07,BTC,0.025,0.026312500000000003,RF-QR+ACI
2021-05-09,BTC,0.01,0.01061999999999985,RF-QR+ACI
2021-05-12,BTC,0.025,0.02521875,RF-QR+ACI
2021-05-14,BTC,0.01,0.010144999999999849,RF-QR+ACI
2021-05-17,BTC,0.025,0.025375,RF-QR+ACI
2021-05-19,BTC,0.01,0.009669999999999847,RF-QR+ACI
2021-05-22,BTC,0.025,0.02303125,RF-QR+ACI
2021-05-24,BTC,0.01,0.009694999999999846,RF-QR+ACI
2021-05-27,BTC,0.025,0.0231875,RF-QR+ACI
2021-05-29,BTC,0.01,0.009719999999999845,RF-QR+ACI
2021-06-01,BTC,0.025,0.02334375,RF-QR+ACI
2021-06-03,BTC,0.01,0.009744999999999844,RF-QR+ACI
2021-06-06,BTC,0.025,0.0235,RF-QR+ACI
2021-06-08,BTC,0.01,0.009769999999999843,RF-QR+ACI
2021-06-11,BTC,0.025,0.02365625,RF-QR+ACI
2021-06-13,BTC,0.01,0.009794999999999842,RF-QR+ACI
2021-06-16,BTC,0.025,0.0238125,RF-QR+ACI
2021-06-18,BTC,0.01,0.009819999999999841,RF-QR+ACI
2021-06-21,BTC,0.025,0.02271875,RF-QR+ACI
2021-06-23,BTC,0.01,0.00984499999999984,RF-QR+ACI
2021-06-26,BTC,0.025,0.022875,RF-QR+ACI
2021-06-28,BTC,0.01,0.009869999999999839,RF-QR+ACI
2021-07-01,BTC,0.025,0.02303125,RF-QR+ACI
2021-07-03,BTC,0.01,0.009894999999999838,RF-QR+ACI
2021-07-06,BTC,0.025,0.0231875,RF-QR+ACI
2021-07-08,BTC,0.01,0.009919999999999837,RF-QR+ACI
2021-07-11,BTC,0.025,0.02334375,RF-QR+ACI
2021-07-13,BTC,0.01,0.009944999999999836,RF-QR+ACI
2021-07-16,BTC,0.025,0.0235,RF-QR+ACI
2021-07-18,BTC,0.01,0.009969999999999835,RF-QR+ACI
2021-07-21,BTC,0.025,0.02365625,RF-QR+ACI
2021-07-23,BTC,0.01,0.009994999999999834,RF-QR+ACI
2021-07-26,BTC,0.025,0.0238125,RF-QR+ACI
2021-07-28,BTC,0.01,0.010019999999999833,RF-QR+ACI
2021-07-31,BTC,0.025,0.02396875,RF-QR+ACI
2021-08-02,BTC,0.01,0.010044999999999832,RF-QR+ACI
2021-08-05,BTC,0.025,0.024125,RF-QR+ACI
2021-08-07,BTC,0.01,0.01006999999999983,RF-QR+ACI
2021-08-10,BTC,0.025,0.02428125,RF-QR+ACI
2021-08-12,BTC,0.01,0.01009499999999983,RF-QR+ACI
2021-08-15,BTC,0.025,0.0244375,RF-QR+ACI
2021-08-17,BTC,0.01,0.010119999999999829,RF-QR+ACI
2021-08-20,BTC,0.025,0.02459375,RF-QR+ACI
2021-08-22,BTC,0.01,0.010144999999999828,RF-QR+ACI
2021-08-25,BTC,0.025,0.02475,RF-QR+ACI
2021-08-27,BTC,0.01,0.010169999999999827,RF-QR+ACI
2021-08-30,BTC,0.025,0.02490625,RF-QR+ACI
2021-09-01,BTC,0.01,0.010194999999999826,RF-QR+ACI
2021-09-04,BTC,0.025,0.0250625,RF-QR+ACI
2021-09-06,BTC,0.01,0.010219999999999825,RF-QR+ACI
2021-09-09,BTC,0.025,0.02396875,RF-QR+ACI
2021-09-11,BTC,0.01,0.009744999999999823,RF-QR+ACI
2021-09-14,BTC,0.025,0.024125,RF-QR+ACI
2021-09-16,BTC,0.01,0.009769999999999822,RF-QR+ACI
2021-09-19,BTC,0.025,0.02428125,RF-QR+ACI
2021-09-21,BTC,0.01,0.009794999999999821,RF-QR+ACI
2021-09-24,BTC,0.025,0.0231875,RF-QR+ACI
2021-09-26,BTC,0.01,0.00981999999999982,RF-QR+ACI
2021-09-29,BTC,0.025,0.02334375,RF-QR+ACI
2021-10-01,BTC,0.01,0.00984499999999982,RF-QR+ACI
2021-10-04,BTC,0.025,0.0235,RF-QR+ACI
2021-10-06,BTC,0.01,0.009869999999999818,RF-QR+ACI
2021-10-09,BTC,0.025,0.02365625,RF-QR+ACI
2021-10-11,BTC,0.01,0.009894999999999817,RF-QR+ACI
2021-10-14,BTC,0.025,0.0238125,RF-QR+ACI
2021-10-16,BTC,0.01,0.009919999999999816,RF-QR+ACI
2021-10-19,BTC,0.025,0.02396875,RF-QR+ACI
2021-10-21,BTC,0.01,0.009944999999999815,RF-QR+ACI
2021-10-24,BTC,0.025,0.024125,RF-QR+ACI
2021-10-26,BTC,0.01,0.009969999999999814,RF-QR+ACI
2021-10-29,BTC,0.025,0.02428125,RF-QR+ACI
2021-10-31,BTC,0.01,0.009994999999999813,RF-QR+ACI
2021-11-03,BTC,0.025,0.0244375,RF-QR+ACI
2021-11-05,BTC,0.01,0.010019999999999812,RF-QR+ACI
2021-11-08,BTC,0.025,0.02459375,RF-QR+ACI
2021-11-10,BTC,0.01,0.010044999999999811,RF-QR+ACI
2021-11-13,BTC,0.025,0.02475,RF-QR+ACI
2021-11-15,BTC,0.01,0.01006999999999981,RF-QR+ACI
2021-11-18,BTC,0.025,0.02365625,RF-QR+ACI
2021-11-20,BTC,0.01,0.010094999999999809,RF-QR+ACI
2021-11-23,BTC,0.025,0.0238125,RF-QR+ACI
2021-11-25,BTC,0.01,0.010119999999999808,RF-QR+ACI
2021-11-28,BTC,0.025,0.02271875,RF-QR+ACI
2021-11-30,BTC,0.01,0.009644999999999807,RF-QR+ACI
2021-12-03,BTC,0.025,0.022875,RF-QR+ACI
2021-12-05,BTC,0.01,0.009669999999999805,RF-QR+ACI
2021-12-08,BTC,0.025,0.02303125,RF-QR+ACI
2021-12-10,BTC,0.01,0.009694999999999804,RF-QR+ACI
2021-12-13,BTC,0.025,0.0231875,RF-QR+ACI
2021-12-15,BTC,0.01,0.009719999999999803,RF-QR+ACI
2021-12-18,BTC,0.025,0.02334375,RF-QR+ACI
2021-12-20,BTC,0.01,0.009744999999999802,RF-QR+ACI
2021-12-23,BTC,0.025,0.0235,RF-QR+ACI
2021-12-25,BTC,0.01,0.009769999999999801,RF-QR+ACI
2021-12-28,BTC,0.025,0.02240625,RF-QR+ACI
2021-12-30,BTC,0.01,0.0097949999999998,RF-QR+ACI
2022-01-02,BTC,0.025,0.0225625,RF-QR+ACI
2022-01-04,BTC,0.01,0.0098199999999998,RF-QR+ACI
2022-01-07,BTC,0.025,0.02271875,RF-QR+ACI
2022-01-09,BTC,0.01,0.009844999999999798,RF-QR+ACI
2022-01-12,BTC,0.025,0.022875,RF-QR+ACI
2022-01-14,BTC,0.01,0.009869999999999797,RF-QR+ACI
2022-01-17,BTC,0.025,0.02303125,RF-QR+ACI
2022-01-19,BTC,0.01,0.009894999999999796,RF-QR+ACI
2022-01-22,BTC,0.025,0.0219375,RF-QR+ACI
2022-01-24,BTC,0.01,0.009919999999999795,RF-QR+ACI
2022-01-27,BTC,0.025,0.02209375,RF-QR+ACI
2022-01-29,BTC,0.01,0.009944999999999794,RF-QR+ACI
2022-02-01,BTC,0.025,0.02225,RF-QR+ACI
2022-02-03,BTC,0.01,0.009969999999999793,RF-QR+ACI
2022-02-06,BTC,0.025,0.02240625,RF-QR+ACI
2022-02-08,BTC,0.01,0.009994999999999792,RF-QR+ACI
2022-02-11,BTC,0.025,0.0225625,RF-QR+ACI
2022-02-13,BTC,0.01,0.010019999999999791,RF-QR+ACI
2022-02-16,BTC,0.025,0.02271875,RF-QR+ACI
2022-02-18,BTC,0.01,0.01004499999999979,RF-QR+ACI
2022-02-21,BTC,0.025,0.022875,RF-QR+ACI
2022-02-23,BTC,0.01,0.01006999999999979,RF-QR+ACI
2022-02-26,BTC,0.025,0.02303125,RF-QR+ACI
2022-02-28,BTC,0.01,0.010094999999999788,RF-QR+ACI
2022-03-03,BTC,0.025,0.0231875,RF-QR+ACI
2022-03-05,BTC,0.01,0.010119999999999787,RF-QR+ACI
2022-03-08,BTC,0.025,0.02209375,RF-QR+ACI
2022-03-10,BTC,0.01,0.010144999999999786,RF-QR+ACI
2022-03-13,BTC,0.025,0.02225,RF-QR+ACI
2022-03-15,BTC,0.01,0.010169999999999785,RF-QR+ACI
2022-03-18,BTC,0.025,0.02240625,RF-QR+ACI
2022-03-20,BTC,0.01,0.010194999999999784,RF-QR+ACI
2022-03-23,BTC,0.025,0.0225625,RF-QR+ACI
2022-03-25,BTC,0.01,0.010219999999999783,RF-QR+ACI
2022-03-28,BTC,0.025,0.02271875,RF-QR+ACI
2022-03-30,BTC,0.01,0.010244999999999782,RF-QR+ACI
2022-04-02,BTC,0.025,0.022875,RF-QR+ACI
2022-04-04,BTC,0.01,0.010269999999999781,RF-QR+ACI
2022-04-07,BTC,0.025,0.02303125,RF-QR+ACI
2022-04-09,BTC,0.01,0.01029499999999978,RF-QR+ACI
2022-04-12,BTC,0.025,0.0231875,RF-QR+ACI
2022-04-14,BTC,0.01,0.010319999999999779,RF-QR+ACI
2022-04-17,BTC,0.025,0.02334375,RF-QR+ACI
2022-04-19,BTC,0.01,0.010344999999999778,RF-QR+ACI
2022-04-22,BTC,0.025,0.0235,RF-QR+ACI
2022-04-24,BTC,0.01,0.010369999999999777,RF-QR+ACI
2022-04-27,BTC,0.025,0.02365625,RF-QR+ACI
2022-04-29,BTC,0.01,0.010394999999999776,RF-QR+ACI
2022-05-02,BTC,0.025,0.0238125,RF-QR+ACI
2022-05-04,BTC,0.01,0.010419999999999775,RF-QR+ACI
2022-05-07,BTC,0.025,0.02396875,RF-QR+ACI
2022-05-09,BTC,0.01,0.009944999999999773,RF-QR+ACI
2022-05-12,BTC,0.025,0.022875,RF-QR+ACI
2022-05-14,BTC,0.01,0.009969999999999772,RF-QR+ACI
2022-05-17,BTC,0.025,0.02303125,RF-QR+ACI
2022-05-19,BTC,0.01,0.009994999999999771,RF-QR+ACI
2022-05-22,BTC,0.025,0.0231875,RF-QR+ACI
2022-05-24,BTC,0.01,0.01001999999999977,RF-QR+ACI
2022-05-27,BTC,0.025,0.02334375,RF-QR+ACI
2022-05-29,BTC,0.01,0.01004499999999977,RF-QR+ACI
2022-06-01,BTC,0.025,0.02225,RF-QR+ACI
2022-06-03,BTC,0.01,0.010069999999999768,RF-QR+ACI
2022-06-06,BTC,0.025,0.02240625,RF-QR+ACI
2022-06-08,BTC,0.01,0.010094999999999767,RF-QR+ACI
2022-06-11,BTC,0.025,0.0225625,RF-QR+ACI
2022-06-13,BTC,0.01,0.009619999999999766,RF-QR+ACI
2022-06-16,BTC,0.025,0.020218749999999997,RF-QR+ACI
2022-06-18,BTC,0.01,0.009644999999999765,RF-QR+ACI
2022-06-21,BTC,0.025,0.020374999999999997,RF-QR+ACI
2022-06-23,BTC,0.01,0.009669999999999764,RF-QR+ACI
2022-06-26,BTC,0.025,0.020531249999999997,RF-QR+ACI
2022-06-28,BTC,0.01,0.009694999999999763,RF-QR+ACI
2022-07-01,BTC,0.025,0.020687499999999998,RF-QR+ACI
2022-07-03,BTC,0.01,0.009719999999999762,RF-QR+ACI
2022-07-06,BTC,0.025,0.020843749999999998,RF-QR+ACI
2022-07-08,BTC,0.01,0.00974499999999976,RF-QR+ACI
2022-07-11,BTC,0.025,0.020999999999999998,RF-QR+ACI
2022-07-13,BTC,0.01,0.00976999999999976,RF-QR+ACI
2022-07-16,BTC,0.025,0.021156249999999998,RF-QR+ACI
2022-07-18,BTC,0.01,0.009794999999999759,RF-QR+ACI
2022-07-21,BTC,0.025,0.021312499999999998,RF-QR+ACI
2022-07-23,BTC,0.01,0.009819999999999758,RF-QR+ACI
2022-07-26,BTC,0.025,0.021468749999999998,RF-QR+ACI
2022-07-28,BTC,0.01,0.009844999999999757,RF-QR+ACI
2022-07-31,BTC,0.025,0.021625,RF-QR+ACI
2022-08-02,BTC,0.01,0.009869999999999756,RF-QR+ACI
2022-08-05,BTC,0.025,0.02178125,RF-QR+ACI
2022-08-07,BTC,0.01,0.009894999999999755,RF-QR+ACI
2022-08-10,BTC,0.025,0.0219375,RF-QR+ACI
2022-08-12,BTC,0.01,0.009919999999999754,RF-QR+ACI
2022-08-15,BTC,0.025,0.02209375,RF-QR+ACI
2022-08-17,BTC,0.01,0.009944999999999753,RF-QR+ACI
2022-08-20,BTC,0.025,0.02225,RF-QR+ACI
2022-08-22,BTC,0.01,0.009969999999999752,RF-QR+ACI
2022-08-25,BTC,0.025,0.02240625,RF-QR+ACI
2022-08-27,BTC,0.01,0.00999499999999975,RF-QR+ACI
2022-08-30,BTC,0.025,0.0225625,RF-QR+ACI
2022-09-01,BTC,0.01,0.01001999999999975,RF-QR+ACI
2022-09-04,BTC,0.025,0.02271875,RF-QR+ACI
2022-09-06,BTC,0.01,0.010044999999999749,RF-QR+ACI
2022-09-09,BTC,0.025,0.022875,RF-QR+ACI
2022-09-11,BTC,0.01,0.010069999999999748,RF-QR+ACI
2022-09-14,BTC,0.025,0.02178125,RF-QR+ACI
2022-09-16,BTC,0.01,0.010094999999999747,RF-QR+ACI
2022-09-19,BTC,0.025,0.0219375,RF-QR+ACI
2022-09-21,BTC,0.01,0.010119999999999746,RF-QR+ACI
2022-09-24,BTC,0.025,0.02209375,RF-QR+ACI
2022-09-26,BTC,0.01,0.010144999999999744,RF-QR+ACI
2022-09-29,BTC,0.025,0.02225,RF-QR+ACI
2022-10-01,BTC,0.01,0.010169999999999743,RF-QR+ACI
2022-10-04,BTC,0.025,0.02240625,RF-QR+ACI
2022-10-06,BTC,0.01,0.010194999999999742,RF-QR+ACI
2022-10-09,BTC,0.025,0.0225625,RF-QR+ACI
2022-10-11,BTC,0.01,0.010219999999999741,RF-QR+ACI
2022-10-14,BTC,0.025,0.02271875,RF-QR+ACI
2022-10-16,BTC,0.01,0.01024499999999974,RF-QR+ACI
2022-10-19,BTC,0.025,0.022875,RF-QR+ACI
2022-10-21,BTC,0.01,0.01026999999999974,RF-QR+ACI
2022-10-24,BTC,0.025,0.02303125,RF-QR+ACI
2022-10-26,BTC,0.01,0.010294999999999738,RF-QR+ACI
2022-10-29,BTC,0.025,0.0231875,RF-QR+ACI
2022-10-31,BTC,0.01,0.010319999999999737,RF-QR+ACI
2022-11-03,BTC,0.025,0.02334375,RF-QR+ACI
2022-11-05,BTC,0.01,0.010344999999999736,RF-QR+ACI
2022-11-08,BTC,0.025,0.02225,RF-QR+ACI
2022-11-10,BTC,0.01,0.009369999999999734,RF-QR+ACI
2022-11-13,BTC,0.025,0.021156249999999998,RF-QR+ACI
2022-11-15,BTC,0.01,0.009394999999999733,RF-QR+ACI
2022-11-18,BTC,0.025,0.021312499999999998,RF-QR+ACI
2022-11-20,BTC,0.01,0.009419999999999732,RF-QR+ACI
2022-11-23,BTC,0.025,0.021468749999999998,RF-QR+ACI
2022-11-25,BTC,0.01,0.009444999999999731,RF-QR+ACI
2022-11-28,BTC,0.025,0.021625,RF-QR+ACI
2022-11-30,BTC,0.01,0.00946999999999973,RF-QR+ACI
2022-12-03,BTC,0.025,0.02178125,RF-QR+ACI
2022-12-05,BTC,0.01,0.00949499999999973,RF-QR+ACI
2022-12-08,BTC,0.025,0.0219375,RF-QR+ACI
2022-12-10,BTC,0.01,0.009519999999999728,RF-QR+ACI
2022-12-13,BTC,0.025,0.02209375,RF-QR+ACI
2022-12-15,BTC,0.01,0.009544999999999727,RF-QR+ACI
2022-12-18,BTC,0.025,0.02225,RF-QR+ACI
2022-12-20,BTC,0.01,0.009569999999999726,RF-QR+ACI
2022-12-23,BTC,0.025,0.02240625,RF-QR+ACI
2022-12-25,BTC,0.01,0.009594999999999725,RF-QR+ACI
2022-12-28,BTC,0.025,0.0225625,RF-QR+ACI
2022-12-30,BTC,0.01,0.009619999999999724,RF-QR+ACI
2023-01-02,BTC,0.025,0.02271875,RF-QR+ACI
2023-01-04,BTC,0.01,0.009644999999999723,RF-QR+ACI
2023-01-07,BTC,0.025,0.022875,RF-QR+ACI
2023-01-09,BTC,0.01,0.009669999999999722,RF-QR+ACI
2023-01-12,BTC,0.025,0.02303125,RF-QR+ACI
2023-01-14,BTC,0.01,0.009694999999999721,RF-QR+ACI
2023-01-17,BTC,0.025,0.0231875,RF-QR+ACI
2023-01-19,BTC,0.01,0.00971999999999972,RF-QR+ACI
2023-01-22,BTC,0.025,0.02334375,RF-QR+ACI
2023-01-24,BTC,0.01,0.00974499999999972,RF-QR+ACI
2023-01-27,BTC,0.025,0.0235,RF-QR+ACI
2023-01-29,BTC,0.01,0.009769999999999718,RF-QR+ACI
2023-02-01,BTC,0.025,0.02365625,RF-QR+ACI
2023-02-03,BTC,0.01,0.009794999999999717,RF-QR+ACI
2023-02-06,BTC,0.025,0.0238125,RF-QR+ACI
2023-02-08,BTC,0.01,0.009819999999999716,RF-QR+ACI
2023-02-11,BTC,0.025,0.02396875,RF-QR+ACI
2023-02-13,BTC,0.01,0.009844999999999715,RF-QR+ACI
2023-02-16,BTC,0.025,0.024125,RF-QR+ACI
2023-02-18,BTC,0.01,0.009869999999999714,RF-QR+ACI
2023-02-21,BTC,0.025,0.02428125,RF-QR+ACI
2023-02-23,BTC,0.01,0.009894999999999713,RF-QR+ACI
2023-02-26,BTC,0.025,0.0244375,RF-QR+ACI
2023-02-28,BTC,0.01,0.009919999999999712,RF-QR+ACI
2023-03-03,BTC,0.025,0.02459375,RF-QR+ACI
2023-03-05,BTC,0.01,0.009944999999999711,RF-QR+ACI
2023-03-08,BTC,0.025,0.02475,RF-QR+ACI
2023-03-10,BTC,0.01,0.00996999999999971,RF-QR+ACI
2023-03-13,BTC,0.025,0.02365625,RF-QR+ACI
2023-03-15,BTC,0.01,0.009994999999999709,RF-QR+ACI
2023-03-18,BTC,0.025,0.0238125,RF-QR+ACI
2023-03-20,BTC,0.01,0.010019999999999708,RF-QR+ACI
2023-03-23,BTC,0.025,0.02396875,RF-QR+ACI
2023-03-25,BTC,0.01,0.010044999999999707,RF-QR+ACI
2023-03-28,BTC,0.025,0.024125,RF-QR+ACI
2023-03-30,BTC,0.01,0.010069999999999706,RF-QR+ACI
2023-04-02,BTC,0.025,0.02428125,RF-QR+ACI
2023-04-04,BTC,0.01,0.010094999999999705,RF-QR+ACI
2023-04-07,BTC,0.025,0.0244375,RF-QR+ACI
2023-04-09,BTC,0.01,0.010119999999999704,RF-QR+ACI
2023-04-12,BTC,0.025,0.02459375,RF-QR+ACI
2023-04-14,BTC,0.01,0.010144999999999703,RF-QR+ACI
2023-04-17,BTC,0.025,0.02475,RF-QR+ACI
2023-04-19,BTC,0.01,0.010169999999999702,RF-QR+ACI
2023-04-22,BTC,0.025,0.02490625,RF-QR+ACI
2023-04-24,BTC,0.01,0.0101949999999997,RF-QR+ACI
2023-04-27,BTC,0.025,0.0250625,RF-QR+ACI
2023-04-29,BTC,0.01,0.0102199999999997,RF-QR+ACI
2023-05-02,BTC,0.025,0.02521875,RF-QR+ACI
2023-05-04,BTC,0.01,0.010244999999999699,RF-QR+ACI
2023-05-07,BTC,0.025,0.025375,RF-QR+ACI
2023-05-09,BTC,0.01,0.010269999999999698,RF-QR+ACI
2023-05-12,BTC,0.025,0.025531250000000002,RF-QR+ACI
2023-05-14,BTC,0.01,0.010294999999999697,RF-QR+ACI
2023-05-17,BTC,0.025,0.025687500000000002,RF-QR+ACI
2023-05-19,BTC,0.01,0.010319999999999696,RF-QR+ACI
2023-05-22,BTC,0.025,0.025843750000000002,RF-QR+ACI
2023-05-24,BTC,0.01,0.010344999999999695,RF-QR+ACI
2023-05-27,BTC,0.025,0.026000000000000002,RF-QR+ACI
2023-05-29,BTC,0.01,0.010369999999999694,RF-QR+ACI
2023-06-01,BTC,0.025,0.026156250000000002,RF-QR+ACI
2023-06-03,BTC,0.01,0.010394999999999693,RF-QR+ACI
2023-06-06,BTC,0.025,0.0250625,RF-QR+ACI
2023-06-08,BTC,0.01,0.010419999999999692,RF-QR+ACI
2023-06-11,BTC,0.025,0.02521875,RF-QR+ACI
2023-06-13,BTC,0.01,0.01044499999999969,RF-QR+ACI
2023-06-16,BTC,0.025,0.025375,RF-QR+ACI
2023-06-18,BTC,0.01,0.01046999999999969,RF-QR+ACI
2023-06-21,BTC,0.025,0.025531250000000002,RF-QR+ACI
2023-06-23,BTC,0.01,0.010494999999999689,RF-QR+ACI
2023-06-26,BTC,0.025,0.025687500000000002,RF-QR+ACI
2023-06-28,BTC,0.01,0.010519999999999688,RF-QR+ACI
2023-07-01,BTC,0.025,0.025843750000000002,RF-QR+ACI
2023-07-03,BTC,0.01,0.010544999999999687,RF-QR+ACI
2023-07-06,BTC,0.025,0.026000000000000002,RF-QR+ACI
2023-07-08,BTC,0.01,0.010569999999999686,RF-QR+ACI
2023-07-11,BTC,0.025,0.026156250000000002,RF-QR+ACI
2023-07-13,BTC,0.01,0.010594999999999685,RF-QR+ACI
2023-07-16,BTC,0.025,0.026312500000000003,RF-QR+ACI
2023-07-18,BTC,0.01,0.010619999999999684,RF-QR+ACI
2023-07-21,BTC,0.025,0.026468750000000003,RF-QR+ACI
2023-07-23,BTC,0.01,0.010644999999999682,RF-QR+ACI
2023-07-26,BTC,0.025,0.026625000000000003,RF-QR+ACI
2023-07-28,BTC,0.01,0.010669999999999681,RF-QR+ACI
2023-07-31,BTC,0.025,0.026781250000000003,RF-QR+ACI
2023-08-02,BTC,0.01,0.01069499999999968,RF-QR+ACI
2023-08-05,BTC,0.025,0.026937500000000003,RF-QR+ACI
2023-08-07,BTC,0.01,0.01071999999999968,RF-QR+ACI
2023-08-10,BTC,0.025,0.027093750000000003,RF-QR+ACI
2023-08-12,BTC,0.01,0.010744999999999678,RF-QR+ACI
2023-08-15,BTC,0.025,0.027250000000000003,RF-QR+ACI
2023-08-17,BTC,0.01,0.010269999999999677,RF-QR+ACI
2023-08-20,BTC,0.025,0.026156250000000002,RF-QR+ACI
2023-08-22,BTC,0.01,0.010294999999999676,RF-QR+ACI
2023-08-25,BTC,0.025,0.026312500000000003,RF-QR+ACI
2023-08-27,BTC,0.01,0.010319999999999675,RF-QR+ACI
2023-08-30,BTC,0.025,0.026468750000000003,RF-QR+ACI
2023-09-01,BTC,0.01,0.010344999999999674,RF-QR+ACI
2023-09-04,BTC,0.025,0.025375,RF-QR+ACI
2023-09-06,BTC,0.01,0.010369999999999673,RF-QR+ACI
2023-09-09,BTC,0.025,0.025531250000000002,RF-QR+ACI
2023-09-11,BTC,0.01,0.010394999999999672,RF-QR+ACI
2023-09-14,BTC,0.025,0.025687500000000002,RF-QR+ACI
2023-09-16,BTC,0.01,0.01041999999999967,RF-QR+ACI
2023-09-19,BTC,0.025,0.025843750000000002,RF-QR+ACI
2023-09-21,BTC,0.01,0.01044499999999967,RF-QR+ACI
2023-09-24,BTC,0.025,0.026000000000000002,RF-QR+ACI
2023-09-26,BTC,0.01,0.010469999999999669,RF-QR+ACI
2023-09-29,BTC,0.025,0.026156250000000002,RF-QR+ACI
2023-10-01,BTC,0.01,0.010494999999999668,RF-QR+ACI
2023-10-04,BTC,0.025,0.026312500000000003,RF-QR+ACI
2023-10-06,BTC,0.01,0.010519999999999667,RF-QR+ACI
2023-10-09,BTC,0.025,0.026468750000000003,RF-QR+ACI
2023-10-11,BTC,0.01,0.010544999999999666,RF-QR+ACI
2023-10-14,BTC,0.025,0.026625000000000003,RF-QR+ACI
2023-10-16,BTC,0.01,0.010569999999999665,RF-QR+ACI
2023-10-19,BTC,0.025,0.026781250000000003,RF-QR+ACI
2023-10-21,BTC,0.01,0.010594999999999664,RF-QR+ACI
2023-10-24,BTC,0.025,0.026937500000000003,RF-QR+ACI
2023-10-26,BTC,0.01,0.010619999999999663,RF-QR+ACI
2023-10-29,BTC,0.025,0.027093750000000003,RF-QR+ACI
2023-10-31,BTC,0.01,0.010644999999999662,RF-QR+ACI
2023-11-03,BTC,0.025,0.027250000000000003,RF-QR+ACI
2023-11-05,BTC,0.01,0.01066999999999966,RF-QR+ACI
2023-11-08,BTC,0.025,0.027406250000000004,RF-QR+ACI
2023-11-10,BTC,0.01,0.01069499999999966,RF-QR+ACI
2023-11-13,BTC,0.025,0.027562500000000004,RF-QR+ACI
2023-11-15,BTC,0.01,0.010719999999999659,RF-QR+ACI
2023-11-18,BTC,0.025,0.026468750000000003,RF-QR+ACI
2023-11-20,BTC,0.01,0.010744999999999658,RF-QR+ACI
2023-11-23,BTC,0.025,0.025375,RF-QR+ACI
2023-11-25,BTC,0.01,0.010769999999999657,RF-QR+ACI
2023-11-28,BTC,0.025,0.025531250000000002,RF-QR+ACI
2023-11-30,BTC,0.01,0.010794999999999656,RF-QR+ACI
2023-12-03,BTC,0.025,0.025687500000000002,RF-QR+ACI
2023-12-05,BTC,0.01,0.010819999999999655,RF-QR+ACI
2023-12-08,BTC,0.025,0.025843750000000002,RF-QR+ACI
2023-12-10,BTC,0.01,0.010844999999999654,RF-QR+ACI
2023-12-13,BTC,0.025,0.02475,RF-QR+ACI
2023-12-15,BTC,0.01,0.010369999999999652,RF-QR+ACI
2023-12-18,BTC,0.025,0.02490625,RF-QR+ACI
2023-12-20,BTC,0.01,0.010394999999999651,RF-QR+ACI
2023-12-23,BTC,0.025,0.0250625,RF-QR+ACI
2023-12-25,BTC,0.01,0.01041999999999965,RF-QR+ACI
2023-12-28,BTC,0.025,0.02521875,RF-QR+ACI
2023-12-30,BTC,0.01,0.010444999999999649,RF-QR+ACI
2024-01-02,BTC,0.025,0.025375,RF-QR+ACI
2024-01-04,BTC,0.01,0.010469999999999648,RF-QR+ACI
2024-01-07,BTC,0.025,0.02428125,RF-QR+ACI
2024-01-09,BTC,0.01,0.010494999999999647,RF-QR+ACI
2024-01-12,BTC,0.025,0.0231875,RF-QR+ACI
2024-01-14,BTC,0.01,0.010019999999999646,RF-QR+ACI
2024-01-17,BTC,0.025,0.02334375,RF-QR+ACI
2024-01-19,BTC,0.01,0.010044999999999644,RF-QR+ACI
2024-01-22,BTC,0.025,0.0235,RF-QR+ACI
2024-01-24,BTC,0.01,0.010069999999999643,RF-QR+ACI
2024-01-27,BTC,0.025,0.02365625,RF-QR+ACI
2024-01-29,BTC,0.01,0.010094999999999642,RF-QR+ACI
2024-02-01,BTC,0.025,0.0238125,RF-QR+ACI
2024-02-03,BTC,0.01,0.010119999999999641,RF-QR+ACI
2024-02-06,BTC,0.025,0.02396875,RF-QR+ACI
2024-02-08,BTC,0.01,0.01014499999999964,RF-QR+ACI
2024-02-11,BTC,0.025,0.024125,RF-QR+ACI
2024-02-13,BTC,0.01,0.01016999999999964,RF-QR+ACI
2024-02-16,BTC,0.025,0.02428125,RF-QR+ACI
2024-02-18,BTC,0.01,0.010194999999999638,RF-QR+ACI
2024-02-21,BTC,0.025,0.0244375,RF-QR+ACI
2024-02-23,BTC,0.01,0.010219999999999637,RF-QR+ACI
2024-02-26,BTC,0.025,0.02459375,RF-QR+ACI
2024-02-28,BTC,0.01,0.010244999999999636,RF-QR+ACI
2024-03-02,BTC,0.025,0.02475,RF-QR+ACI
2024-03-04,BTC,0.01,0.010269999999999635,RF-QR+ACI
2024-03-07,BTC,0.025,0.02365625,RF-QR+ACI
2024-03-09,BTC,0.01,0.010294999999999634,RF-QR+ACI
2024-03-12,BTC,0.025,0.0238125,RF-QR+ACI
2024-03-14,BTC,0.01,0.010319999999999633,RF-QR+ACI
2024-03-17,BTC,0.025,0.02271875,RF-QR+ACI
2024-03-19,BTC,0.01,0.009844999999999632,RF-QR+ACI
2024-03-22,BTC,0.025,0.021625,RF-QR+ACI
2024-03-24,BTC,0.01,0.00986999999999963,RF-QR+ACI
2024-03-27,BTC,0.025,0.02178125,RF-QR+ACI
2024-03-29,BTC,0.01,0.00989499999999963,RF-QR+ACI
2024-04-01,BTC,0.025,0.0219375,RF-QR+ACI
2024-04-03,BTC,0.01,0.009919999999999629,RF-QR+ACI
2024-04-06,BTC,0.025,0.020843749999999998,RF-QR+ACI
2024-04-08,BTC,0.01,0.009944999999999628,RF-QR+ACI
2024-04-11,BTC,0.025,0.020999999999999998,RF-QR+ACI
2024-04-13,BTC,0.01,0.009969999999999627,RF-QR+ACI
2024-04-16,BTC,0.025,0.021156249999999998,RF-QR+ACI
2024-04-18,BTC,0.01,0.009994999999999626,RF-QR+ACI
2024-04-21,BTC,0.025,0.021312499999999998,RF-QR+ACI
2024-04-23,BTC,0.01,0.010019999999999625,RF-QR+ACI
2024-04-26,BTC,0.025,0.021468749999999998,RF-QR+ACI
2024-04-28,BTC,0.01,0.010044999999999624,RF-QR+ACI
2024-05-01,BTC,0.025,0.021625,RF-QR+ACI
2024-05-03,BTC,0.01,0.010069999999999623,RF-QR+ACI
2024-05-06,BTC,0.025,0.02178125,RF-QR+ACI
2024-05-08,BTC,0.01,0.010094999999999622,RF-QR+ACI
2024-05-11,BTC,0.025,0.0219375,RF-QR+ACI
2024-05-13,BTC,0.01,0.01011999999999962,RF-QR+ACI
2024-05-16,BTC,0.025,0.02209375,RF-QR+ACI
2024-05-18,BTC,0.01,0.01014499999999962,RF-QR+ACI
2024-05-21,BTC,0.025,0.02225,RF-QR+ACI
2024-05-23,BTC,0.01,0.010169999999999619,RF-QR+ACI
2024-05-26,BTC,0.025,0.02240625,RF-QR+ACI
2024-05-28,BTC,0.01,0.010194999999999618,RF-QR+ACI
2024-05-31,BTC,0.025,0.0225625,RF-QR+ACI
2024-06-02,BTC,0.01,0.010219999999999617,RF-QR+ACI
2024-06-05,BTC,0.025,0.02271875,RF-QR+ACI
2024-06-07,BTC,0.01,0.010244999999999616,RF-QR+ACI
2024-06-10,BTC,0.025,0.022875,RF-QR+ACI
2024-06-12,BTC,0.01,0.010269999999999615,RF-QR+ACI
2024-06-15,BTC,0.025,0.02303125,RF-QR+ACI
2024-06-17,BTC,0.01,0.010294999999999613,RF-QR+ACI
2024-06-20,BTC,0.025,0.0231875,RF-QR+ACI
2024-06-22,BTC,0.01,0.010319999999999612,RF-QR+ACI
2024-06-25,BTC,0.025,0.02334375,RF-QR+ACI
2024-06-27,BTC,0.01,0.010344999999999611,RF-QR+ACI
2024-06-30,BTC,0.025,0.0235,RF-QR+ACI
2024-07-02,BTC,0.01,0.01036999999999961,RF-QR+ACI
2024-07-05,BTC,0.025,0.02365625,RF-QR+ACI
2024-07-07,BTC,0.01,0.01039499999999961,RF-QR+ACI
2024-07-10,BTC,0.025,0.0238125,RF-QR+ACI
2024-07-12,BTC,0.01,0.010419999999999608,RF-QR+ACI
2024-07-15,BTC,0.025,0.02396875,RF-QR+ACI
2024-07-17,BTC,0.01,0.010444999999999607,RF-QR+ACI
2024-07-20,BTC,0.025,0.024125,RF-QR+ACI
2024-07-22,BTC,0.01,0.010469999999999606,RF-QR+ACI
2024-07-25,BTC,0.025,0.02428125,RF-QR+ACI
2024-07-27,BTC,0.01,0.010494999999999605,RF-QR+ACI
2024-07-30,BTC,0.025,0.0244375,RF-QR+ACI
2024-08-01,BTC,0.01,0.010519999999999604,RF-QR+ACI
2024-08-04,BTC,0.025,0.02334375,RF-QR+ACI
2024-08-06,BTC,0.01,0.010044999999999603,RF-QR+ACI
2024-08-09,BTC,0.025,0.02225,RF-QR+ACI
2024-08-11,BTC,0.01,0.010069999999999602,RF-QR+ACI
2024-08-14,BTC,0.025,0.02240625,RF-QR+ACI
2024-08-16,BTC,0.01,0.0100949999999996,RF-QR+ACI
2024-08-19,BTC,0.025,0.0225625,RF-QR+ACI
2024-08-21,BTC,0.01,0.0101199999999996,RF-QR+ACI
2024-08-24,BTC,0.025,0.02271875,RF-QR+ACI
2024-08-26,BTC,0.01,0.010144999999999599,RF-QR+ACI
2024-08-29,BTC,0.025,0.022875,RF-QR+ACI
2024-08-31,BTC,0.01,0.010169999999999598,RF-QR+ACI
2024-09-03,BTC,0.025,0.02303125,RF-QR+ACI
2024-09-05,BTC,0.01,0.010194999999999597,RF-QR+ACI
2024-09-08,BTC,0.025,0.0231875,RF-QR+ACI
2024-09-10,BTC,0.01,0.010219999999999596,RF-QR+ACI
2024-09-13,BTC,0.025,0.02334375,RF-QR+ACI
2024-09-15,BTC,0.01,0.010244999999999595,RF-QR+ACI
2024-09-18,BTC,0.025,0.0235,RF-QR+ACI
2024-09-20,BTC,0.01,0.010269999999999594,RF-QR+ACI
2024-09-23,BTC,0.025,0.02365625,RF-QR+ACI
2024-09-25,BTC,0.01,0.010294999999999593,RF-QR+ACI
2024-09-28,BTC,0.025,0.0238125,RF-QR+ACI
2024-09-30,BTC,0.01,0.010319999999999592,RF-QR+ACI
2024-10-03,BTC,0.025,0.02396875,RF-QR+ACI
2024-10-05,BTC,0.01,0.01034499999999959,RF-QR+ACI
2024-10-08,BTC,0.025,0.024125,RF-QR+ACI
2024-10-10,BTC,0.01,0.01036999999999959,RF-QR+ACI
2024-10-13,BTC,0.025,0.02428125,RF-QR+ACI
2024-10-15,BTC,0.01,0.010394999999999589,RF-QR+ACI
2024-10-18,BTC,0.025,0.0244375,RF-QR+ACI
2024-10-20,BTC,0.01,0.010419999999999588,RF-QR+ACI
2024-10-23,BTC,0.025,0.02459375,RF-QR+ACI
2024-10-25,BTC,0.01,0.010444999999999587,RF-QR+ACI
2024-10-28,BTC,0.025,0.02475,RF-QR+ACI
2024-10-30,BTC,0.01,0.010469999999999586,RF-QR+ACI
2024-11-02,BTC,0.025,0.02490625,RF-QR+ACI
2024-11-04,BTC,0.01,0.010494999999999585,RF-QR+ACI
2024-11-07,BTC,0.025,0.0250625,RF-QR+ACI
2024-11-09,BTC,0.01,0.010519999999999584,RF-QR+ACI
2024-11-12,BTC,0.025,0.02521875,RF-QR+ACI
2024-11-14,BTC,0.01,0.010544999999999582,RF-QR+ACI
2024-11-17,BTC,0.025,0.025375,RF-QR+ACI
2024-11-19,BTC,0.01,0.010569999999999581,RF-QR+ACI
2024-11-22,BTC,0.025,0.025531250000000002,RF-QR+ACI
2024-11-24,BTC,0.01,0.01059499999999958,RF-QR+ACI
2024-11-27,BTC,0.025,0.025687500000000002,RF-QR+ACI
2024-11-29,BTC,0.01,0.01061999999999958,RF-QR+ACI
2024-12-02,BTC,0.025,0.025843750000000002,RF-QR+ACI
2024-12-04,BTC,0.01,0.010644999999999578,RF-QR+ACI
2024-12-07,BTC,0.025,0.026000000000000002,RF-QR+ACI
2024-12-09,BTC,0.01,0.010669999999999577,RF-QR+ACI
2024-12-12,BTC,0.025,0.026156250000000002,RF-QR+ACI
2024-12-14,BTC,0.01,0.010694999999999576,RF-QR+ACI
2024-12-17,BTC,0.025,0.026312500000000003,RF-QR+ACI
2024-12-19,BTC,0.01,0.010719999999999575,RF-QR+ACI
2024-12-22,BTC,0.025,0.02521875,RF-QR+ACI
2024-12-24,BTC,0.01,0.010744999999999574,RF-QR+ACI
2024-12-27,BTC,0.025,0.025375,RF-QR+ACI
2024-12-29,BTC,0.01,0.010769999999999573,RF-QR+ACI
2025-01-01,BTC,0.025,0.025531250000000002,RF-QR+ACI
2025-01-03,BTC,0.01,0.010794999999999572,RF-QR+ACI
2025-01-06,BTC,0.025,0.025687500000000002,RF-QR+ACI
2025-01-08,BTC,0.01,0.010819999999999571,RF-QR+ACI
2025-01-11,BTC,0.025,0.02459375,RF-QR+ACI
2025-01-13,BTC,0.01,0.01084499999999957,RF-QR+ACI
2025-01-16,BTC,0.025,0.02475,RF-QR+ACI
2025-01-18,BTC,0.01,0.01086999999999957,RF-QR+ACI
2025-01-21,BTC,0.025,0.02490625,RF-QR+ACI
2025-01-23,BTC,0.01,0.010894999999999568,RF-QR+ACI
2025-01-26,BTC,0.025,0.0250625,RF-QR+ACI
2025-01-28,BTC,0.01,0.010919999999999567,RF-QR+ACI
2025-01-31,BTC,0.025,0.02521875,RF-QR+ACI
2025-02-02,BTC,0.01,0.010944999999999566,RF-QR+ACI
2025-02-05,BTC,0.025,0.025375,RF-QR+ACI
2025-02-07,BTC,0.01,0.010969999999999565,RF-QR+ACI
2025-02-10,BTC,0.025,0.025531250000000002,RF-QR+ACI
2025-02-12,BTC,0.01,0.010994999999999564,RF-QR+ACI
2025-02-15,BTC,0.025,0.025687500000000002,RF-QR+ACI
2025-02-17,BTC,0.01,0.011019999999999563,RF-QR+ACI
2025-02-20,BTC,0.025,0.025843750000000002,RF-QR+ACI
2025-02-22,BTC,0.01,0.011044999999999562,RF-QR+ACI
2025-02-25,BTC,0.025,0.026000000000000002,RF-QR+ACI
2025-02-27,BTC,0.01,0.011069999999999561,RF-QR+ACI
2025-03-02,BTC,0.025,0.02490625,RF-QR+ACI
2025-03-04,BTC,0.01,0.01059499999999956,RF-QR+ACI
2025-03-07,BTC,0.025,0.0238125,RF-QR+ACI
2025-03-09,BTC,0.01,0.010619999999999559,RF-QR+ACI
2025-03-12,BTC,0.025,0.02271875,RF-QR+ACI
2025-03-14,BTC,0.01,0.010644999999999558,RF-QR+ACI
2025-03-17,BTC,0.025,0.022875,RF-QR+ACI
2025-03-19,BTC,0.01,0.010669999999999557,RF-QR+ACI
2025-03-22,BTC,0.025,0.02303125,RF-QR+ACI
2025-03-24,BTC,0.01,0.010694999999999556,RF-QR+ACI
2025-03-27,BTC,0.025,0.0231875,RF-QR+ACI
2025-03-29,BTC,0.01,0.010719999999999555,RF-QR+ACI
2025-04-01,BTC,0.025,0.02334375,RF-QR+ACI
2025-04-03,BTC,0.01,0.010744999999999554,RF-QR+ACI
2025-04-06,BTC,0.025,0.02225,RF-QR+ACI
2025-04-08,BTC,0.01,0.010269999999999552,RF-QR+ACI
2025-04-11,BTC,0.025,0.02240625,RF-QR+ACI
2025-04-13,BTC,0.01,0.010294999999999551,RF-QR+ACI
2025-04-16,BTC,0.025,0.0225625,RF-QR+ACI
2025-04-18,BTC,0.01,0.01031999999999955,RF-QR+ACI
2025-04-21,BTC,0.025,0.02271875,RF-QR+ACI
2025-04-23,BTC,0.01,0.010344999999999549,RF-QR+ACI
2025-04-26,BTC,0.025,0.022875,RF-QR+ACI
2025-04-28,BTC,0.01,0.010369999999999548,RF-QR+ACI
2025-05-01,BTC,0.025,0.02303125,RF-QR+ACI
2025-05-03,BTC,0.01,0.010394999999999547,RF-QR+ACI
2025-05-06,BTC,0.025,0.0231875,RF-QR+ACI
2025-05-08,BTC,0.01,0.010419999999999546,RF-QR+ACI
2025-05-11,BTC,0.025,0.02334375,RF-QR+ACI
2025-05-13,BTC,0.01,0.010444999999999545,RF-QR+ACI
2025-05-16,BTC,0.025,0.0235,RF-QR+ACI
2025-05-18,BTC,0.01,0.010469999999999544,RF-QR+ACI
2025-05-21,BTC,0.025,0.02365625,RF-QR+ACI
2025-05-23,BTC,0.01,0.010494999999999543,RF-QR+ACI
2025-05-26,BTC,0.025,0.0238125,RF-QR+ACI
2025-05-28,BTC,0.01,0.010519999999999542,RF-QR+ACI
2025-05-31,BTC,0.025,0.02396875,RF-QR+ACI
2025-06-02,BTC,0.01,0.01054499999999954,RF-QR+ACI
2025-06-05,BTC,0.025,0.024125,RF-QR+ACI
2025-06-07,BTC,0.01,0.01056999999999954,RF-QR+ACI
2025-06-10,BTC,0.025,0.02428125,RF-QR+ACI
2025-06-12,BTC,0.01,0.010594999999999539,RF-QR+ACI
2025-06-15,BTC,0.025,0.0244375,RF-QR+ACI
2025-06-17,BTC,0.01,0.010619999999999538,RF-QR+ACI
2025-06-20,BTC,0.025,0.02459375,RF-QR+ACI
2025-06-22,BTC,0.01,0.010644999999999537,RF-QR+ACI
2025-06-25,BTC,0.025,0.02475,RF-QR+ACI
2025-06-27,BTC,0.01,0.010669999999999536,RF-QR+ACI
2025-06-30,BTC,0.025,0.02490625,RF-QR+ACI
2025-07-02,BTC,0.01,0.010694999999999535,RF-QR+ACI
2025-07-05,BTC,0.025,0.0250625,RF-QR+ACI
2025-07-07,BTC,0.01,0.010719999999999534,RF-QR+ACI
2025-07-10,BTC,0.025,0.02521875,RF-QR+ACI
2025-07-12,BTC,0.01,0.010744999999999533,RF-QR+ACI
2025-07-15,BTC,0.025,0.025375,RF-QR+ACI
2025-07-17,BTC,0.01,0.010769999999999532,RF-QR+ACI
2025-07-20,BTC,0.025,0.025531250000000002,RF-QR+ACI
2025-07-22,BTC,0.01,0.01079499999999953,RF-QR+ACI
2025-07-25,BTC,0.025,0.025687500000000002,RF-QR+ACI
2025-07-27,BTC,0.01,0.01081999999999953,RF-QR+ACI
2025-07-30,BTC,0.025,0.025843750000000002,RF-QR+ACI
2025-08-01,BTC,0.01,0.010844999999999529,RF-QR+ACI
2025-08-04,BTC,0.025,0.026000000000000002,RF-QR+ACI
2025-08-06,BTC,0.01,0.010869999999999528,RF-QR+ACI
2025-08-09,BTC,0.025,0.026156250000000002,RF-QR+ACI
2025-08-11,BTC,0.01,0.010894999999999527,RF-QR+ACI
2025-08-14,BTC,0.025,0.0250625,RF-QR+ACI
2025-08-16,BTC,0.01,0.010919999999999526,RF-QR+ACI
2025-08-19,BTC,0.025,0.02521875,RF-QR+ACI
2025-08-21,BTC,0.01,0.010944999999999525,RF-QR+ACI
2025-08-24,BTC,0.025,0.025375,RF-QR+ACI
2025-08-26,BTC,0.01,0.010969999999999524,RF-QR+ACI
2025-08-29,BTC,0.025,0.02428125,RF-QR+ACI
2025-08-31,BTC,0.01,0.010994999999999523,RF-QR+ACI
2025-09-03,BTC,0.025,0.0244375,RF-QR+ACI
2025-09-05,BTC,0.01,0.011019999999999521,RF-QR+ACI
2025-09-08,BTC,0.025,0.02459375,RF-QR+ACI
2025-09-10,BTC,0.01,0.01104499999999952,RF-QR+ACI
2025-09-13,BTC,0.025,0.02475,RF-QR+ACI
2025-09-15,BTC,0.01,0.01106999999999952,RF-QR+ACI
2025-09-18,BTC,0.025,0.02490625,RF-QR+ACI
2025-09-20,BTC,0.01,0.011094999999999518,RF-QR+ACI
2025-09-23,BTC,0.025,0.0250625,RF-QR+ACI
2025-09-25,BTC,0.01,0.011119999999999517,RF-QR+ACI
2025-09-28,BTC,0.025,0.02396875,RF-QR+ACI
2025-09-30,BTC,0.01,0.011144999999999516,RF-QR+ACI
2025-10-03,BTC,0.025,0.024125,RF-QR+ACI
2025-10-05,BTC,0.01,0.011169999999999515,RF-QR+ACI
2025-10-08,BTC,0.025,0.02428125,RF-QR+ACI
2025-10-10,BTC,0.01,0.010694999999999514,RF-QR+ACI
2025-10-13,BTC,0.025,0.0231875,RF-QR+ACI
2025-10-15,BTC,0.01,0.010719999999999513,RF-QR+ACI
2025-10-18,BTC,0.025,0.02334375,RF-QR+ACI
2025-10-20,BTC,0.01,0.010744999999999512,RF-QR+ACI
2025-10-23,BTC,0.025,0.0235,RF-QR+ACI
2025-10-25,BTC,0.01,0.010769999999999511,RF-QR+ACI
2025-10-28,BTC,0.025,0.02365625,RF-QR+ACI
2025-10-30,BTC,0.01,0.01079499999999951,RF-QR+ACI
2025-11-02,BTC,0.025,0.0238125,RF-QR+ACI
2025-11-04,BTC,0.01,0.010819999999999509,RF-QR+ACI
2025-11-07,BTC,0.025,0.02396875,RF-QR+ACI
2025-11-09,BTC,0.01,0.010844999999999508,RF-QR+ACI
2025-11-12,BTC,0.025,0.024125,RF-QR+ACI
2025-11-14,BTC,0.01,0.010869999999999507,RF-QR+ACI
2025-11-17,BTC,0.025,0.02303125,RF-QR+ACI
2025-11-19,BTC,0.01,0.010894999999999506,RF-QR+ACI
2025-11-22,BTC,0.025,0.0231875,RF-QR+ACI
2025-11-24,BTC,0.01,0.010919999999999505,RF-QR+ACI
2025-11-27,BTC,0.025,0.02334375,RF-QR+ACI
2025-11-29,BTC,0.01,0.010944999999999504,RF-QR+ACI
2025-12-02,BTC,0.025,0.0235,RF-QR+ACI
2025-12-04,BTC,0.01,0.010969999999999503,RF-QR+ACI
2025-12-07,BTC,0.025,0.02365625,RF-QR+ACI
2025-12-09,BTC,0.01,0.010994999999999502,RF-QR+ACI
2025-12-12,BTC,0.025,0.0238125,RF-QR+ACI
2025-12-14,BTC,0.01,0.0110199999999995,RF-QR+ACI
2025-12-17,BTC,0.025,0.02396875,RF-QR+ACI
2025-12-19,BTC,0.01,0.0110449999999995,RF-QR+ACI
2025-12-22,BTC,0.025,0.024125,RF-QR+ACI
2025-12-24,BTC,0.01,0.011069999999999499,RF-QR+ACI
2025-12-27,BTC,0.025,0.02428125,RF-QR+ACI
2025-12-29,BTC,0.01,0.011094999999999498,RF-QR+ACI
2026-01-01,BTC,0.025,0.0244375,RF-QR+ACI
2026-01-03,BTC,0.01,0.011119999999999497,RF-QR+ACI
2026-01-06,BTC,0.025,0.02459375,RF-QR+ACI
2026-01-08,BTC,0.01,0.011144999999999496,RF-QR+ACI
2026-01-11,BTC,0.025,0.02475,RF-QR+ACI
2026-01-13,BTC,0.01,0.011169999999999495,RF-QR+ACI
2026-01-16,BTC,0.025,0.02490625,RF-QR+ACI
2026-01-18,BTC,0.01,0.011194999999999494,RF-QR+ACI
2026-01-21,BTC,0.025,0.0238125,RF-QR+ACI
2026-01-23,BTC,0.01,0.010719999999999492,RF-QR+ACI
2026-01-26,BTC,0.025,0.02396875,RF-QR+ACI
2026-01-28,BTC,0.01,0.010744999999999491,RF-QR+ACI
2026-01-31,BTC,0.025,0.021625,RF-QR+ACI
2026-02-02,BTC,0.01,0.00976999999999949,RF-QR+ACI
2026-02-05,BTC,0.025,0.020531249999999997,RF-QR+ACI
2026-02-07,BTC,0.01,0.009294999999999488,RF-QR+ACI
2026-02-10,BTC,0.025,0.020687499999999998,RF-QR+ACI
2026-02-12,BTC,0.01,0.009319999999999487,RF-QR+ACI
2026-02-15,BTC,0.025,0.020843749999999998,RF-QR+ACI
2026-02-17,BTC,0.01,0.009344999999999486,RF-QR+ACI
2026-02-20,BTC,0.025,0.020999999999999998,RF-QR+ACI
2026-02-22,BTC,0.01,0.009369999999999485,RF-QR+ACI
2026-02-25,BTC,0.025,0.021156249999999998,RF-QR+ACI
2026-02-27,BTC,0.01,0.009394999999999484,RF-QR+ACI
2026-03-02,BTC,0.025,0.021312499999999998,RF-QR+ACI
2026-03-04,BTC,0.01,0.009419999999999483,RF-QR+ACI
2026-03-07,BTC,0.025,0.021468749999999998,RF-QR+ACI
2026-03-09,BTC,0.01,0.009444999999999482,RF-QR+ACI
2026-03-12,BTC,0.025,0.021625,RF-QR+ACI
2026-03-14,BTC,0.01,0.00946999999999948,RF-QR+ACI
2026-03-17,BTC,0.025,0.02178125,RF-QR+ACI
2026-03-19,BTC,0.01,0.00949499999999948,RF-QR+ACI
2026-03-22,BTC,0.025,0.0219375,RF-QR+ACI
2026-03-24,BTC,0.01,0.009519999999999479,RF-QR+ACI
2026-03-27,BTC,0.025,0.02209375,RF-QR+ACI
2026-03-29,BTC,0.01,0.009544999999999478,RF-QR+ACI
2026-04-01,BTC,0.025,0.02225,RF-QR+ACI
2026-04-03,BTC,0.01,0.009569999999999476,RF-QR+ACI
2026-04-06,BTC,0.025,0.02240625,RF-QR+ACI
2026-04-08,BTC,0.01,0.009594999999999475,RF-QR+ACI
2026-04-11,BTC,0.025,0.0225625,RF-QR+ACI
2026-04-13,BTC,0.01,0.009619999999999474,RF-QR+ACI
2026-04-16,BTC,0.025,0.02271875,RF-QR+ACI
2026-04-18,BTC,0.01,0.009644999999999473,RF-QR+ACI
2026-04-21,BTC,0.025,0.022875,RF-QR+ACI
2026-04-23,BTC,0.01,0.009669999999999472,RF-QR+ACI
2026-04-26,BTC,0.025,0.02303125,RF-QR+ACI
2026-04-28,BTC,0.01,0.009694999999999471,RF-QR+ACI
2026-05-01,BTC,0.025,0.0231875,RF-QR+ACI
2026-05-03,BTC,0.01,0.00971999999999947,RF-QR+ACI
2026-05-06,BTC,0.025,0.02334375,RF-QR+ACI
2026-05-08,BTC,0.01,0.00974499999999947,RF-QR+ACI
2026-05-11,BTC,0.025,0.0235,RF-QR+ACI
2026-05-13,BTC,0.01,0.009769999999999468,RF-QR+ACI
2026-05-16,BTC,0.025,0.02365625,RF-QR+ACI
2026-05-18,BTC,0.01,0.009794999999999467,RF-QR+ACI
2026-05-21,BTC,0.025,0.0238125,RF-QR+ACI
2026-05-23,BTC,0.01,0.009819999999999466,RF-QR+ACI
2026-05-26,BTC,0.025,0.02396875,RF-QR+ACI
2026-05-28,BTC,0.01,0.009844999999999465,RF-QR+ACI
2026-05-31,BTC,0.025,0.024125,RF-QR+ACI
2026-06-02,BTC,0.01,0.009369999999999464,RF-QR+ACI
2026-06-05,BTC,0.025,0.02178125,RF-QR+ACI
2026-06-07,BTC,0.01,0.009394999999999463,RF-QR+ACI
2026-06-10,BTC,0.025,0.0219375,RF-QR+ACI
2026-06-12,BTC,0.01,0.009419999999999462,RF-QR+ACI
2026-06-15,BTC,0.025,0.02209375,RF-QR+ACI
2026-06-17,BTC,0.01,0.00944499999999946,RF-QR+ACI
2026-06-20,BTC,0.025,0.02225,RF-QR+ACI
2026-06-22,BTC,0.01,0.00946999999999946,RF-QR+ACI
2026-06-25,BTC,0.025,0.02240625,RF-QR+ACI
2026-06-27,BTC,0.01,0.009494999999999459,RF-QR+ACI
2026-06-30,BTC,0.025,0.0225625,RF-QR+ACI
2026-07-02,BTC,0.01,0.009519999999999458,RF-QR+ACI
2026-07-05,BTC,0.025,0.02271875,RF-QR+ACI
2026-07-07,BTC,0.01,0.009544999999999457,RF-QR+ACI
2026-07-10,BTC,0.025,0.022875,RF-QR+ACI
2026-07-12,BTC,0.01,0.009569999999999456,RF-QR+ACI
2026-07-15,BTC,0.025,0.02303125,RF-QR+ACI
2026-07-17,BTC,0.01,0.009594999999999455,RF-QR+ACI
2026-07-20,BTC,0.025,0.0231875,RF-QR+ACI
2026-07-22,BTC,0.01,0.009619999999999454,RF-QR+ACI
2026-07-25,BTC,0.025,0.02334375,RF-QR+ACI
2026-07-27,BTC,0.01,0.009644999999999453,RF-QR+ACI
2026-07-30,BTC,0.025,0.0235,RF-QR+ACI
2026-08-01,BTC,0.01,0.009669999999999452,RF-QR+ACI
2026-08-04,BTC,0.025,0.02365625,RF-QR+ACI
2026-08-06,BTC,0.01,0.00969499999999945,RF-QR+ACI
2026-08-09,BTC,0.025,0.0238125,RF-QR+ACI
2026-08-11,BTC,0.01,0.00971999999999945,RF-QR+ACI
2026-08-14,BTC,0.025,0.02396875,RF-QR+ACI
2026-08-16,BTC,0.01,0.009744999999999449,RF-QR+ACI
2026-08-19,BTC,0.025,0.024125,RF-QR+ACI
2026-08-21,BTC,0.01,0.009769999999999448,RF-QR+ACI
2026-08-24,BTC,0.025,0.02428125,RF-QR+ACI
2026-08-26,BTC,0.01,0.009794999999999447,RF-QR+ACI
2026-08-29,BTC,0.025,0.0244375,RF-QR+ACI
2026-08-31,BTC,0.01,0.009819999999999445,RF-QR+ACI
2026-09-03,BTC,0.025,0.02459375,RF-QR+ACI
2026-09-05,BTC,0.01,0.009844999999999444,RF-QR+ACI
2026-09-08,BTC,0.025,0.02475,RF-QR+ACI
2019-05-16,BTC,0.01,0.01,LSTM-Vol+ACI
2019-05-19,BTC,0.025,0.02384375,LSTM-Vol+ACI
2019-05-21,BTC,0.01,0.010025,LSTM-Vol+ACI
2019-05-24,BTC,0.025,0.024,LSTM-Vol+ACI
2019-05-26,BTC,0.01,0.010049999999999998,LSTM-Vol+ACI
2019-05-29,BTC,0.025,0.02415625,LSTM-Vol+ACI
2019-05-31,BTC,0.01,0.010074999999999997,LSTM-Vol+ACI
2019-06-03,BTC,0.025,0.0230625,LSTM-Vol+ACI
2019-06-05,BTC,0.01,0.010099999999999996,LSTM-Vol+ACI
2019-06-08,BTC,0.025,0.02321875,LSTM-Vol+ACI
2019-06-10,BTC,0.01,0.010124999999999995,LSTM-Vol+ACI
2019-06-13,BTC,0.025,0.023375,LSTM-Vol+ACI
2019-06-15,BTC,0.01,0.010149999999999994,LSTM-Vol+ACI
2019-06-18,BTC,0.025,0.02353125,LSTM-Vol+ACI
2019-06-20,BTC,0.01,0.010174999999999993,LSTM-Vol+ACI
2019-06-23,BTC,0.025,0.0236875,LSTM-Vol+ACI
2019-06-25,BTC,0.01,0.010199999999999992,LSTM-Vol+ACI
2019-06-28,BTC,0.025,0.02259375,LSTM-Vol+ACI
2019-06-30,BTC,0.01,0.00922499999999999,LSTM-Vol+ACI
2019-07-03,BTC,0.025,0.0215,LSTM-Vol+ACI
2019-07-05,BTC,0.01,0.00924999999999999,LSTM-Vol+ACI
2019-07-08,BTC,0.025,0.02165625,LSTM-Vol+ACI
2019-07-10,BTC,0.01,0.009274999999999988,LSTM-Vol+ACI
2019-07-13,BTC,0.025,0.020562499999999997,LSTM-Vol+ACI
2019-07-15,BTC,0.01,0.008799999999999987,LSTM-Vol+ACI
2019-07-18,BTC,0.025,0.018218749999999995,LSTM-Vol+ACI
2019-07-20,BTC,0.01,0.008324999999999985,LSTM-Vol+ACI
2019-07-23,BTC,0.025,0.018374999999999996,LSTM-Vol+ACI
2019-07-25,BTC,0.01,0.008349999999999984,LSTM-Vol+ACI
2019-07-28,BTC,0.025,0.018531249999999996,LSTM-Vol+ACI
2019-07-30,BTC,0.01,0.008374999999999983,LSTM-Vol+ACI
2019-08-02,BTC,0.025,0.018687499999999996,LSTM-Vol+ACI
2019-08-04,BTC,0.01,0.008399999999999982,LSTM-Vol+ACI
2019-08-07,BTC,0.025,0.018843749999999996,LSTM-Vol+ACI
2019-08-09,BTC,0.01,0.008424999999999981,LSTM-Vol+ACI
2019-08-12,BTC,0.025,0.018999999999999996,LSTM-Vol+ACI
2019-08-14,BTC,0.01,0.00844999999999998,LSTM-Vol+ACI
2019-08-17,BTC,0.025,0.017906249999999995,LSTM-Vol+ACI
2019-08-19,BTC,0.01,0.008474999999999979,LSTM-Vol+ACI
2019-08-22,BTC,0.025,0.018062499999999995,LSTM-Vol+ACI
2019-08-24,BTC,0.01,0.008499999999999978,LSTM-Vol+ACI
2019-08-27,BTC,0.025,0.018218749999999995,LSTM-Vol+ACI
2019-08-29,BTC,0.01,0.008524999999999977,LSTM-Vol+ACI
2019-09-01,BTC,0.025,0.018374999999999996,LSTM-Vol+ACI
2019-09-03,BTC,0.01,0.008549999999999976,LSTM-Vol+ACI
2019-09-06,BTC,0.025,0.018531249999999996,LSTM-Vol+ACI
2019-09-08,BTC,0.01,0.008574999999999975,LSTM-Vol+ACI
2019-09-11,BTC,0.025,0.018687499999999996,LSTM-Vol+ACI
2019-09-13,BTC,0.01,0.008599999999999974,LSTM-Vol+ACI
2019-09-16,BTC,0.025,0.018843749999999996,LSTM-Vol+ACI
2019-09-18,BTC,0.01,0.008624999999999973,LSTM-Vol+ACI
2019-09-21,BTC,0.025,0.018999999999999996,LSTM-Vol+ACI
2019-09-23,BTC,0.01,0.008649999999999972,LSTM-Vol+ACI
2019-09-26,BTC,0.025,0.017906249999999995,LSTM-Vol+ACI
2019-09-28,BTC,0.01,0.00817499999999997,LSTM-Vol+ACI
2019-10-01,BTC,0.025,0.018062499999999995,LSTM-Vol+ACI
2019-10-03,BTC,0.01,0.00819999999999997,LSTM-Vol+ACI
2019-10-06,BTC,0.025,0.018218749999999995,LSTM-Vol+ACI
2019-10-08,BTC,0.01,0.008224999999999968,LSTM-Vol+ACI
2019-10-11,BTC,0.025,0.018374999999999996,LSTM-Vol+ACI
2019-10-13,BTC,0.01,0.008249999999999967,LSTM-Vol+ACI
2019-10-16,BTC,0.025,0.018531249999999996,LSTM-Vol+ACI
2019-10-18,BTC,0.01,0.008274999999999966,LSTM-Vol+ACI
2019-10-21,BTC,0.025,0.018687499999999996,LSTM-Vol+ACI
2019-10-23,BTC,0.01,0.008299999999999965,LSTM-Vol+ACI
2019-10-26,BTC,0.025,0.017593749999999995,LSTM-Vol+ACI
2019-10-28,BTC,0.01,0.008324999999999964,LSTM-Vol+ACI
2019-10-31,BTC,0.025,0.017749999999999995,LSTM-Vol+ACI
2019-11-02,BTC,0.01,0.008349999999999963,LSTM-Vol+ACI
2019-11-05,BTC,0.025,0.017906249999999995,LSTM-Vol+ACI
2019-11-07,BTC,0.01,0.008374999999999962,LSTM-Vol+ACI
2019-11-10,BTC,0.025,0.018062499999999995,LSTM-Vol+ACI
2019-11-12,BTC,0.01,0.008399999999999961,LSTM-Vol+ACI
2019-11-15,BTC,0.025,0.018218749999999995,LSTM-Vol+ACI
2019-11-17,BTC,0.01,0.00842499999999996,LSTM-Vol+ACI
2019-11-20,BTC,0.025,0.018374999999999996,LSTM-Vol+ACI
2019-11-22,BTC,0.01,0.00844999999999996,LSTM-Vol+ACI
2019-11-25,BTC,0.025,0.018531249999999996,LSTM-Vol+ACI
2019-11-27,BTC,0.01,0.008474999999999958,LSTM-Vol+ACI
2019-11-30,BTC,0.025,0.018687499999999996,LSTM-Vol+ACI
2019-12-02,BTC,0.01,0.008499999999999957,LSTM-Vol+ACI
2019-12-05,BTC,0.025,0.018843749999999996,LSTM-Vol+ACI
2019-12-07,BTC,0.01,0.008524999999999956,LSTM-Vol+ACI
2019-12-10,BTC,0.025,0.018999999999999996,LSTM-Vol+ACI
2019-12-12,BTC,0.01,0.008549999999999955,LSTM-Vol+ACI
2019-12-15,BTC,0.025,0.019156249999999996,LSTM-Vol+ACI
2019-12-17,BTC,0.01,0.008574999999999954,LSTM-Vol+ACI
2019-12-20,BTC,0.025,0.019312499999999996,LSTM-Vol+ACI
2019-12-22,BTC,0.01,0.008599999999999953,LSTM-Vol+ACI
2019-12-25,BTC,0.025,0.019468749999999996,LSTM-Vol+ACI
2019-12-27,BTC,0.01,0.008624999999999952,LSTM-Vol+ACI
2019-12-30,BTC,0.025,0.019624999999999997,LSTM-Vol+ACI
2020-01-01,BTC,0.01,0.008649999999999951,LSTM-Vol+ACI
2020-01-04,BTC,0.025,0.019781249999999997,LSTM-Vol+ACI
2020-01-06,BTC,0.01,0.00867499999999995,LSTM-Vol+ACI
2020-01-09,BTC,0.025,0.019937499999999997,LSTM-Vol+ACI
2020-01-11,BTC,0.01,0.008699999999999949,LSTM-Vol+ACI
2020-01-14,BTC,0.025,0.020093749999999997,LSTM-Vol+ACI
2020-01-16,BTC,0.01,0.008724999999999948,LSTM-Vol+ACI
2020-01-19,BTC,0.025,0.020249999999999997,LSTM-Vol+ACI
2020-01-21,BTC,0.01,0.008749999999999947,LSTM-Vol+ACI
2020-01-24,BTC,0.025,0.020406249999999997,LSTM-Vol+ACI
2020-01-26,BTC,0.01,0.008774999999999946,LSTM-Vol+ACI
2020-01-29,BTC,0.025,0.020562499999999997,LSTM-Vol+ACI
2020-01-31,BTC,0.01,0.008799999999999945,LSTM-Vol+ACI
2020-02-03,BTC,0.025,0.020718749999999998,LSTM-Vol+ACI
2020-02-05,BTC,0.01,0.008824999999999944,LSTM-Vol+ACI
2020-02-08,BTC,0.025,0.020874999999999998,LSTM-Vol+ACI
2020-02-10,BTC,0.01,0.008849999999999943,LSTM-Vol+ACI
2020-02-13,BTC,0.025,0.021031249999999998,LSTM-Vol+ACI
2020-02-15,BTC,0.01,0.008874999999999942,LSTM-Vol+ACI
2020-02-18,BTC,0.025,0.021187499999999998,LSTM-Vol+ACI
2020-02-20,BTC,0.01,0.008899999999999941,LSTM-Vol+ACI
2020-02-23,BTC,0.025,0.021343749999999998,LSTM-Vol+ACI
2020-02-25,BTC,0.01,0.00892499999999994,LSTM-Vol+ACI
2020-02-28,BTC,0.025,0.0215,LSTM-Vol+ACI
2020-03-01,BTC,0.01,0.008949999999999939,LSTM-Vol+ACI
2020-03-04,BTC,0.025,0.02165625,LSTM-Vol+ACI
2020-03-06,BTC,0.01,0.008974999999999938,LSTM-Vol+ACI
2020-03-09,BTC,0.025,0.020562499999999997,LSTM-Vol+ACI
2020-03-11,BTC,0.01,0.008999999999999937,LSTM-Vol+ACI
2020-03-14,BTC,0.025,0.019468749999999996,LSTM-Vol+ACI
2020-03-16,BTC,0.01,0.008524999999999935,LSTM-Vol+ACI
2020-03-19,BTC,0.025,0.018374999999999996,LSTM-Vol+ACI
2020-03-21,BTC,0.01,0.008549999999999934,LSTM-Vol+ACI
2020-03-24,BTC,0.025,0.017281249999999995,LSTM-Vol+ACI
2020-03-26,BTC,0.01,0.008574999999999933,LSTM-Vol+ACI
2020-03-29,BTC,0.025,0.017437499999999995,LSTM-Vol+ACI
2020-03-31,BTC,0.01,0.008599999999999932,LSTM-Vol+ACI
2020-04-03,BTC,0.025,0.017593749999999995,LSTM-Vol+ACI
2020-04-05,BTC,0.01,0.008624999999999931,LSTM-Vol+ACI
2020-04-08,BTC,0.025,0.017749999999999995,LSTM-Vol+ACI
2020-04-10,BTC,0.01,0.00864999999999993,LSTM-Vol+ACI
2020-04-13,BTC,0.025,0.017906249999999995,LSTM-Vol+ACI
2020-04-15,BTC,0.01,0.00867499999999993,LSTM-Vol+ACI
2020-04-18,BTC,0.025,0.018062499999999995,LSTM-Vol+ACI
2020-04-20,BTC,0.01,0.008699999999999928,LSTM-Vol+ACI
2020-04-23,BTC,0.025,0.018218749999999995,LSTM-Vol+ACI
2020-04-25,BTC,0.01,0.008724999999999927,LSTM-Vol+ACI
2020-04-28,BTC,0.025,0.018374999999999996,LSTM-Vol+ACI
2020-04-30,BTC,0.01,0.008749999999999926,LSTM-Vol+ACI
2020-05-03,BTC,0.025,0.018531249999999996,LSTM-Vol+ACI
2020-05-05,BTC,0.01,0.008774999999999925,LSTM-Vol+ACI
2020-05-08,BTC,0.025,0.018687499999999996,LSTM-Vol+ACI
2020-05-10,BTC,0.01,0.008799999999999924,LSTM-Vol+ACI
2020-05-13,BTC,0.025,0.017593749999999995,LSTM-Vol+ACI
2020-05-15,BTC,0.01,0.008824999999999923,LSTM-Vol+ACI
2020-05-18,BTC,0.025,0.017749999999999995,LSTM-Vol+ACI
2020-05-20,BTC,0.01,0.008849999999999922,LSTM-Vol+ACI
2020-05-23,BTC,0.025,0.017906249999999995,LSTM-Vol+ACI
2020-05-25,BTC,0.01,0.008874999999999921,LSTM-Vol+ACI
2020-05-28,BTC,0.025,0.018062499999999995,LSTM-Vol+ACI
2020-05-30,BTC,0.01,0.00889999999999992,LSTM-Vol+ACI
2020-06-02,BTC,0.025,0.018218749999999995,LSTM-Vol+ACI
2020-06-04,BTC,0.01,0.008924999999999919,LSTM-Vol+ACI
2020-06-07,BTC,0.025,0.018374999999999996,LSTM-Vol+ACI
2020-06-09,BTC,0.01,0.008949999999999918,LSTM-Vol+ACI
2020-06-12,BTC,0.025,0.018531249999999996,LSTM-Vol+ACI
2020-06-14,BTC,0.01,0.008974999999999917,LSTM-Vol+ACI
2020-06-17,BTC,0.025,0.018687499999999996,LSTM-Vol+ACI
2020-06-19,BTC,0.01,0.008999999999999916,LSTM-Vol+ACI
2020-06-22,BTC,0.025,0.018843749999999996,LSTM-Vol+ACI
2020-06-24,BTC,0.01,0.009024999999999915,LSTM-Vol+ACI
2020-06-27,BTC,0.025,0.018999999999999996,LSTM-Vol+ACI
2020-06-29,BTC,0.01,0.009049999999999914,LSTM-Vol+ACI
2020-07-02,BTC,0.025,0.019156249999999996,LSTM-Vol+ACI
2020-07-04,BTC,0.01,0.009074999999999913,LSTM-Vol+ACI
2020-07-07,BTC,0.025,0.019312499999999996,LSTM-Vol+ACI
2020-07-09,BTC,0.01,0.009099999999999912,LSTM-Vol+ACI
2020-07-12,BTC,0.025,0.019468749999999996,LSTM-Vol+ACI
2020-07-14,BTC,0.01,0.009124999999999911,LSTM-Vol+ACI
2020-07-17,BTC,0.025,0.019624999999999997,LSTM-Vol+ACI
2020-07-19,BTC,0.01,0.00914999999999991,LSTM-Vol+ACI
2020-07-22,BTC,0.025,0.019781249999999997,LSTM-Vol+ACI
2020-07-24,BTC,0.01,0.009174999999999909,LSTM-Vol+ACI
2020-07-27,BTC,0.025,0.019937499999999997,LSTM-Vol+ACI
2020-07-29,BTC,0.01,0.009199999999999908,LSTM-Vol+ACI
2020-08-01,BTC,0.025,0.020093749999999997,LSTM-Vol+ACI
2020-08-03,BTC,0.01,0.009224999999999907,LSTM-Vol+ACI
2020-08-06,BTC,0.025,0.020249999999999997,LSTM-Vol+ACI
2020-08-08,BTC,0.01,0.009249999999999906,LSTM-Vol+ACI
2020-08-11,BTC,0.025,0.020406249999999997,LSTM-Vol+ACI
2020-08-13,BTC,0.01,0.009274999999999905,LSTM-Vol+ACI
2020-08-16,BTC,0.025,0.020562499999999997,LSTM-Vol+ACI
2020-08-18,BTC,0.01,0.009299999999999904,LSTM-Vol+ACI
2020-08-21,BTC,0.025,0.020718749999999998,LSTM-Vol+ACI
2020-08-23,BTC,0.01,0.009324999999999903,LSTM-Vol+ACI
2020-08-26,BTC,0.025,0.020874999999999998,LSTM-Vol+ACI
2020-08-28,BTC,0.01,0.009349999999999902,LSTM-Vol+ACI
2020-08-31,BTC,0.025,0.021031249999999998,LSTM-Vol+ACI
2020-09-02,BTC,0.01,0.0093749999999999,LSTM-Vol+ACI
2020-09-05,BTC,0.025,0.019937499999999997,LSTM-Vol+ACI
2020-09-07,BTC,0.01,0.0088999999999999,LSTM-Vol+ACI
2020-09-10,BTC,0.025,0.020093749999999997,LSTM-Vol+ACI
2020-09-12,BTC,0.01,0.008924999999999898,LSTM-Vol+ACI
2020-09-15,BTC,0.025,0.020249999999999997,LSTM-Vol+ACI
2020-09-17,BTC,0.01,0.008949999999999897,LSTM-Vol+ACI
2020-09-20,BTC,0.025,0.020406249999999997,LSTM-Vol+ACI
2020-09-22,BTC,0.01,0.008974999999999896,LSTM-Vol+ACI
2020-09-25,BTC,0.025,0.020562499999999997,LSTM-Vol+ACI
2020-09-27,BTC,0.01,0.008999999999999895,LSTM-Vol+ACI
2020-09-30,BTC,0.025,0.020718749999999998,LSTM-Vol+ACI
2020-10-02,BTC,0.01,0.009024999999999894,LSTM-Vol+ACI
2020-10-05,BTC,0.025,0.020874999999999998,LSTM-Vol+ACI
2020-10-07,BTC,0.01,0.009049999999999893,LSTM-Vol+ACI
2020-10-10,BTC,0.025,0.021031249999999998,LSTM-Vol+ACI
2020-10-12,BTC,0.01,0.009074999999999892,LSTM-Vol+ACI
2020-10-15,BTC,0.025,0.021187499999999998,LSTM-Vol+ACI
2020-10-17,BTC,0.01,0.009099999999999891,LSTM-Vol+ACI
2020-10-20,BTC,0.025,0.021343749999999998,LSTM-Vol+ACI
2020-10-22,BTC,0.01,0.00912499999999989,LSTM-Vol+ACI
2020-10-25,BTC,0.025,0.0215,LSTM-Vol+ACI
2020-10-27,BTC,0.01,0.009149999999999889,LSTM-Vol+ACI
2020-10-30,BTC,0.025,0.02165625,LSTM-Vol+ACI
2020-11-01,BTC,0.01,0.009174999999999888,LSTM-Vol+ACI
2020-11-04,BTC,0.025,0.0218125,LSTM-Vol+ACI
2020-11-06,BTC,0.01,0.009199999999999887,LSTM-Vol+ACI
2020-11-09,BTC,0.025,0.02196875,LSTM-Vol+ACI
2020-11-11,BTC,0.01,0.009224999999999886,LSTM-Vol+ACI
2020-11-14,BTC,0.025,0.022125,LSTM-Vol+ACI
2020-11-16,BTC,0.01,0.009249999999999885,LSTM-Vol+ACI
2020-11-19,BTC,0.025,0.02228125,LSTM-Vol+ACI
2020-11-21,BTC,0.01,0.009274999999999884,LSTM-Vol+ACI
2020-11-24,BTC,0.025,0.0224375,LSTM-Vol+ACI
2020-11-26,BTC,0.01,0.008799999999999883,LSTM-Vol+ACI
2020-11-29,BTC,0.025,0.021343749999999998,LSTM-Vol+ACI
2020-12-01,BTC,0.01,0.008824999999999882,LSTM-Vol+ACI
2020-12-04,BTC,0.025,0.0215,LSTM-Vol+ACI
2020-12-06,BTC,0.01,0.00884999999999988,LSTM-Vol+ACI
2020-12-09,BTC,0.025,0.02165625,LSTM-Vol+ACI
2020-12-11,BTC,0.01,0.00887499999999988,LSTM-Vol+ACI
2020-12-14,BTC,0.025,0.0218125,LSTM-Vol+ACI
2020-12-16,BTC,0.01,0.008899999999999878,LSTM-Vol+ACI
2020-12-19,BTC,0.025,0.02196875,LSTM-Vol+ACI
2020-12-21,BTC,0.01,0.008924999999999877,LSTM-Vol+ACI
2020-12-24,BTC,0.025,0.022125,LSTM-Vol+ACI
2020-12-26,BTC,0.01,0.008949999999999876,LSTM-Vol+ACI
2020-12-29,BTC,0.025,0.02228125,LSTM-Vol+ACI
2020-12-31,BTC,0.01,0.008974999999999875,LSTM-Vol+ACI
2021-01-03,BTC,0.025,0.0224375,LSTM-Vol+ACI
2021-01-05,BTC,0.01,0.008999999999999874,LSTM-Vol+ACI
2021-01-08,BTC,0.025,0.02259375,LSTM-Vol+ACI
2021-01-10,BTC,0.01,0.009024999999999873,LSTM-Vol+ACI
2021-01-13,BTC,0.025,0.0215,LSTM-Vol+ACI
2021-01-15,BTC,0.01,0.008549999999999872,LSTM-Vol+ACI
2021-01-18,BTC,0.025,0.020406249999999997,LSTM-Vol+ACI
2021-01-20,BTC,0.01,0.008574999999999871,LSTM-Vol+ACI
2021-01-23,BTC,0.025,0.019312499999999996,LSTM-Vol+ACI
2021-01-25,BTC,0.01,0.00809999999999987,LSTM-Vol+ACI
2021-01-28,BTC,0.025,0.019468749999999996,LSTM-Vol+ACI
2021-01-30,BTC,0.01,0.008124999999999868,LSTM-Vol+ACI
2021-02-02,BTC,0.025,0.019624999999999997,LSTM-Vol+ACI
2021-02-04,BTC,0.01,0.008149999999999867,LSTM-Vol+ACI
2021-02-07,BTC,0.025,0.019781249999999997,LSTM-Vol+ACI
2021-02-09,BTC,0.01,0.008174999999999866,LSTM-Vol+ACI
2021-02-12,BTC,0.025,0.019937499999999997,LSTM-Vol+ACI
2021-02-14,BTC,0.01,0.008199999999999865,LSTM-Vol+ACI
2021-02-17,BTC,0.025,0.020093749999999997,LSTM-Vol+ACI
2021-02-19,BTC,0.01,0.008224999999999864,LSTM-Vol+ACI
2021-02-22,BTC,0.025,0.020249999999999997,LSTM-Vol+ACI
2021-02-24,BTC,0.01,0.007749999999999864,LSTM-Vol+ACI
2021-02-27,BTC,0.025,0.019156249999999996,LSTM-Vol+ACI
2021-03-01,BTC,0.01,0.007774999999999863,LSTM-Vol+ACI
2021-03-04,BTC,0.025,0.019312499999999996,LSTM-Vol+ACI
2021-03-06,BTC,0.01,0.007799999999999862,LSTM-Vol+ACI
2021-03-09,BTC,0.025,0.019468749999999996,LSTM-Vol+ACI
2021-03-11,BTC,0.01,0.007824999999999862,LSTM-Vol+ACI
2021-03-14,BTC,0.025,0.019624999999999997,LSTM-Vol+ACI
2021-03-16,BTC,0.01,0.00784999999999986,LSTM-Vol+ACI
2021-03-19,BTC,0.025,0.019781249999999997,LSTM-Vol+ACI
2021-03-21,BTC,0.01,0.00787499999999986,LSTM-Vol+ACI
2021-03-24,BTC,0.025,0.019937499999999997,LSTM-Vol+ACI
2021-03-26,BTC,0.01,0.007899999999999859,LSTM-Vol+ACI
2021-03-29,BTC,0.025,0.020093749999999997,LSTM-Vol+ACI
2021-03-31,BTC,0.01,0.007924999999999858,LSTM-Vol+ACI
2021-04-03,BTC,0.025,0.020249999999999997,LSTM-Vol+ACI
2021-04-05,BTC,0.01,0.007949999999999856,LSTM-Vol+ACI
2021-04-08,BTC,0.025,0.020406249999999997,LSTM-Vol+ACI
2021-04-10,BTC,0.01,0.007974999999999855,LSTM-Vol+ACI
2021-04-13,BTC,0.025,0.020562499999999997,LSTM-Vol+ACI
2021-04-15,BTC,0.01,0.007999999999999854,LSTM-Vol+ACI
2021-04-18,BTC,0.025,0.019468749999999996,LSTM-Vol+ACI
2021-04-20,BTC,0.01,0.008024999999999853,LSTM-Vol+ACI
2021-04-23,BTC,0.025,0.019624999999999997,LSTM-Vol+ACI
2021-04-25,BTC,0.01,0.008049999999999852,LSTM-Vol+ACI
2021-04-28,BTC,0.025,0.019781249999999997,LSTM-Vol+ACI
2021-04-30,BTC,0.01,0.008074999999999851,LSTM-Vol+ACI
2021-05-03,BTC,0.025,0.019937499999999997,LSTM-Vol+ACI
2021-05-05,BTC,0.01,0.00809999999999985,LSTM-Vol+ACI
2021-05-08,BTC,0.025,0.020093749999999997,LSTM-Vol+ACI
2021-05-10,BTC,0.01,0.00812499999999985,LSTM-Vol+ACI
2021-05-13,BTC,0.025,0.018999999999999996,LSTM-Vol+ACI
2021-05-15,BTC,0.01,0.008149999999999848,LSTM-Vol+ACI
2021-05-18,BTC,0.025,0.019156249999999996,LSTM-Vol+ACI
2021-05-20,BTC,0.01,0.007674999999999848,LSTM-Vol+ACI
2021-05-23,BTC,0.025,0.018062499999999995,LSTM-Vol+ACI
2021-05-25,BTC,0.01,0.007699999999999847,LSTM-Vol+ACI
2021-05-28,BTC,0.025,0.018218749999999995,LSTM-Vol+ACI
2021-05-30,BTC,0.01,0.007724999999999846,LSTM-Vol+ACI
2021-06-02,BTC,0.025,0.018374999999999996,LSTM-Vol+ACI
2021-06-04,BTC,0.01,0.007749999999999845,LSTM-Vol+ACI
2021-06-07,BTC,0.025,0.018531249999999996,LSTM-Vol+ACI
2021-06-09,BTC,0.01,0.007774999999999844,LSTM-Vol+ACI
2021-06-12,BTC,0.025,0.018687499999999996,LSTM-Vol+ACI
2021-06-14,BTC,0.01,0.007799999999999843,LSTM-Vol+ACI
2021-06-17,BTC,0.025,0.018843749999999996,LSTM-Vol+ACI
2021-06-19,BTC,0.01,0.007824999999999842,LSTM-Vol+ACI
2021-06-22,BTC,0.025,0.017749999999999995,LSTM-Vol+ACI
2021-06-24,BTC,0.01,0.007349999999999842,LSTM-Vol+ACI
2021-06-27,BTC,0.025,0.016656249999999994,LSTM-Vol+ACI
2021-06-29,BTC,0.01,0.007374999999999841,LSTM-Vol+ACI
2021-07-02,BTC,0.025,0.016812499999999994,LSTM-Vol+ACI
2021-07-04,BTC,0.01,0.00739999999999984,LSTM-Vol+ACI
2021-07-07,BTC,0.025,0.016968749999999994,LSTM-Vol+ACI
2021-07-09,BTC,0.01,0.007424999999999839,LSTM-Vol+ACI
2021-07-12,BTC,0.025,0.017124999999999994,LSTM-Vol+ACI
2021-07-14,BTC,0.01,0.007449999999999838,LSTM-Vol+ACI
2021-07-17,BTC,0.025,0.017281249999999995,LSTM-Vol+ACI
2021-07-19,BTC,0.01,0.007474999999999837,LSTM-Vol+ACI
2021-07-22,BTC,0.025,0.017437499999999995,LSTM-Vol+ACI
2021-07-24,BTC,0.01,0.007499999999999836,LSTM-Vol+ACI
2021-07-27,BTC,0.025,0.017593749999999995,LSTM-Vol+ACI
2021-07-29,BTC,0.01,0.007524999999999835,LSTM-Vol+ACI
2021-08-01,BTC,0.025,0.017749999999999995,LSTM-Vol+ACI
2021-08-03,BTC,0.01,0.007549999999999834,LSTM-Vol+ACI
2021-08-06,BTC,0.025,0.017906249999999995,LSTM-Vol+ACI
2021-08-08,BTC,0.01,0.007574999999999833,LSTM-Vol+ACI
2021-08-11,BTC,0.025,0.018062499999999995,LSTM-Vol+ACI
2021-08-13,BTC,0.01,0.007599999999999832,LSTM-Vol+ACI
2021-08-16,BTC,0.025,0.018218749999999995,LSTM-Vol+ACI
2021-08-18,BTC,0.01,0.007624999999999831,LSTM-Vol+ACI
2021-08-21,BTC,0.025,0.018374999999999996,LSTM-Vol+ACI
2021-08-23,BTC,0.01,0.00764999999999983,LSTM-Vol+ACI
2021-08-26,BTC,0.025,0.018531249999999996,LSTM-Vol+ACI
2021-08-28,BTC,0.01,0.007674999999999829,LSTM-Vol+ACI
2021-08-31,BTC,0.025,0.018687499999999996,LSTM-Vol+ACI
2021-09-02,BTC,0.01,0.007699999999999828,LSTM-Vol+ACI
2021-09-05,BTC,0.025,0.018843749999999996,LSTM-Vol+ACI
2021-09-07,BTC,0.01,0.007224999999999827,LSTM-Vol+ACI
2021-09-10,BTC,0.025,0.017749999999999995,LSTM-Vol+ACI
2021-09-12,BTC,0.01,0.007249999999999826,LSTM-Vol+ACI
2021-09-15,BTC,0.025,0.017906249999999995,LSTM-Vol+ACI
2021-09-17,BTC,0.01,0.007274999999999825,LSTM-Vol+ACI
2021-09-20,BTC,0.025,0.016812499999999994,LSTM-Vol+ACI
2021-09-22,BTC,0.01,0.007299999999999824,LSTM-Vol+ACI
2021-09-25,BTC,0.025,0.016968749999999994,LSTM-Vol+ACI
2021-09-27,BTC,0.01,0.007324999999999823,LSTM-Vol+ACI
2021-09-30,BTC,0.025,0.017124999999999994,LSTM-Vol+ACI
2021-10-02,BTC,0.01,0.007349999999999822,LSTM-Vol+ACI
2021-10-05,BTC,0.025,0.017281249999999995,LSTM-Vol+ACI
2021-10-07,BTC,0.01,0.007374999999999821,LSTM-Vol+ACI
2021-10-10,BTC,0.025,0.017437499999999995,LSTM-Vol+ACI
2021-10-12,BTC,0.01,0.00739999999999982,LSTM-Vol+ACI
2021-10-15,BTC,0.025,0.017593749999999995,LSTM-Vol+ACI
2021-10-17,BTC,0.01,0.007424999999999819,LSTM-Vol+ACI
2021-10-20,BTC,0.025,0.017749999999999995,LSTM-Vol+ACI
2021-10-22,BTC,0.01,0.007449999999999818,LSTM-Vol+ACI
2021-10-25,BTC,0.025,0.017906249999999995,LSTM-Vol+ACI
2021-10-27,BTC,0.01,0.007474999999999817,LSTM-Vol+ACI
2021-10-30,BTC,0.025,0.018062499999999995,LSTM-Vol+ACI
2021-11-01,BTC,0.01,0.007499999999999816,LSTM-Vol+ACI
2021-11-04,BTC,0.025,0.018218749999999995,LSTM-Vol+ACI
2021-11-06,BTC,0.01,0.007524999999999815,LSTM-Vol+ACI
2021-11-09,BTC,0.025,0.018374999999999996,LSTM-Vol+ACI
2021-11-11,BTC,0.01,0.007549999999999814,LSTM-Vol+ACI
2021-11-14,BTC,0.025,0.018531249999999996,LSTM-Vol+ACI
2021-11-16,BTC,0.01,0.007574999999999813,LSTM-Vol+ACI
2021-11-19,BTC,0.025,0.018687499999999996,LSTM-Vol+ACI
2021-11-21,BTC,0.01,0.007599999999999812,LSTM-Vol+ACI
2021-11-24,BTC,0.025,0.018843749999999996,LSTM-Vol+ACI
2021-11-26,BTC,0.01,0.007624999999999811,LSTM-Vol+ACI
2021-11-29,BTC,0.025,0.017749999999999995,LSTM-Vol+ACI
2021-12-01,BTC,0.01,0.00764999999999981,LSTM-Vol+ACI
2021-12-04,BTC,0.025,0.016656249999999994,LSTM-Vol+ACI
2021-12-06,BTC,0.01,0.007674999999999809,LSTM-Vol+ACI
2021-12-09,BTC,0.025,0.016812499999999994,LSTM-Vol+ACI
2021-12-11,BTC,0.01,0.007699999999999808,LSTM-Vol+ACI
2021-12-14,BTC,0.025,0.016968749999999994,LSTM-Vol+ACI
2021-12-16,BTC,0.01,0.007724999999999807,LSTM-Vol+ACI
2021-12-19,BTC,0.025,0.017124999999999994,LSTM-Vol+ACI
2021-12-21,BTC,0.01,0.007749999999999806,LSTM-Vol+ACI
2021-12-24,BTC,0.025,0.017281249999999995,LSTM-Vol+ACI
2021-12-26,BTC,0.01,0.007774999999999805,LSTM-Vol+ACI
2021-12-29,BTC,0.025,0.017437499999999995,LSTM-Vol+ACI
2021-12-31,BTC,0.01,0.007799999999999804,LSTM-Vol+ACI
2022-01-03,BTC,0.025,0.017593749999999995,LSTM-Vol+ACI
2022-01-05,BTC,0.01,0.007824999999999803,LSTM-Vol+ACI
2022-01-08,BTC,0.025,0.017749999999999995,LSTM-Vol+ACI
2022-01-10,BTC,0.01,0.007849999999999802,LSTM-Vol+ACI
2022-01-13,BTC,0.025,0.017906249999999995,LSTM-Vol+ACI
2022-01-15,BTC,0.01,0.0078749999999998,LSTM-Vol+ACI
2022-01-18,BTC,0.025,0.018062499999999995,LSTM-Vol+ACI
2022-01-20,BTC,0.01,0.0078999999999998,LSTM-Vol+ACI
2022-01-23,BTC,0.025,0.016968749999999994,LSTM-Vol+ACI
2022-01-25,BTC,0.01,0.007424999999999799,LSTM-Vol+ACI
2022-01-28,BTC,0.025,0.017124999999999994,LSTM-Vol+ACI
2022-01-30,BTC,0.01,0.007449999999999798,LSTM-Vol+ACI
2022-02-02,BTC,0.025,0.017281249999999995,LSTM-Vol+ACI
2022-02-04,BTC,0.01,0.007474999999999797,LSTM-Vol+ACI
2022-02-07,BTC,0.025,0.017437499999999995,LSTM-Vol+ACI
2022-02-09,BTC,0.01,0.007499999999999796,LSTM-Vol+ACI
2022-02-12,BTC,0.025,0.017593749999999995,LSTM-Vol+ACI
2022-02-14,BTC,0.01,0.007524999999999795,LSTM-Vol+ACI
2022-02-17,BTC,0.025,0.017749999999999995,LSTM-Vol+ACI
2022-02-19,BTC,0.01,0.007549999999999794,LSTM-Vol+ACI
2022-02-22,BTC,0.025,0.017906249999999995,LSTM-Vol+ACI
2022-02-24,BTC,0.01,0.007574999999999793,LSTM-Vol+ACI
2022-02-27,BTC,0.025,0.018062499999999995,LSTM-Vol+ACI
2022-03-01,BTC,0.01,0.007599999999999792,LSTM-Vol+ACI
2022-03-04,BTC,0.025,0.018218749999999995,LSTM-Vol+ACI
2022-03-06,BTC,0.01,0.007624999999999791,LSTM-Vol+ACI
2022-03-09,BTC,0.025,0.018374999999999996,LSTM-Vol+ACI
2022-03-11,BTC,0.01,0.00764999999999979,LSTM-Vol+ACI
2022-03-14,BTC,0.025,0.018531249999999996,LSTM-Vol+ACI
2022-03-16,BTC,0.01,0.007674999999999789,LSTM-Vol+ACI
2022-03-19,BTC,0.025,0.018687499999999996,LSTM-Vol+ACI
2022-03-21,BTC,0.01,0.007699999999999788,LSTM-Vol+ACI
2022-03-24,BTC,0.025,0.018843749999999996,LSTM-Vol+ACI
2022-03-26,BTC,0.01,0.007724999999999787,LSTM-Vol+ACI
2022-03-29,BTC,0.025,0.018999999999999996,LSTM-Vol+ACI
2022-03-31,BTC,0.01,0.007749999999999786,LSTM-Vol+ACI
2022-04-03,BTC,0.025,0.019156249999999996,LSTM-Vol+ACI
2022-04-05,BTC,0.01,0.007774999999999785,LSTM-Vol+ACI
2022-04-08,BTC,0.025,0.019312499999999996,LSTM-Vol+ACI
2022-04-10,BTC,0.01,0.007799999999999784,LSTM-Vol+ACI
2022-04-13,BTC,0.025,0.019468749999999996,LSTM-Vol+ACI
2022-04-15,BTC,0.01,0.007824999999999784,LSTM-Vol+ACI
2022-04-18,BTC,0.025,0.019624999999999997,LSTM-Vol+ACI
2022-04-20,BTC,0.01,0.007849999999999782,LSTM-Vol+ACI
2022-04-23,BTC,0.025,0.019781249999999997,LSTM-Vol+ACI
2022-04-25,BTC,0.01,0.007874999999999781,LSTM-Vol+ACI
2022-04-28,BTC,0.025,0.019937499999999997,LSTM-Vol+ACI
2022-04-30,BTC,0.01,0.00789999999999978,LSTM-Vol+ACI
2022-05-03,BTC,0.025,0.020093749999999997,LSTM-Vol+ACI
2022-05-05,BTC,0.01,0.00792499999999978,LSTM-Vol+ACI
2022-05-08,BTC,0.025,0.020249999999999997,LSTM-Vol+ACI
2022-05-10,BTC,0.01,0.007949999999999778,LSTM-Vol+ACI
2022-05-13,BTC,0.025,0.019156249999999996,LSTM-Vol+ACI
2022-05-15,BTC,0.01,0.007974999999999777,LSTM-Vol+ACI
2022-05-18,BTC,0.025,0.019312499999999996,LSTM-Vol+ACI
2022-05-20,BTC,0.01,0.007999999999999776,LSTM-Vol+ACI
2022-05-23,BTC,0.025,0.019468749999999996,LSTM-Vol+ACI
2022-05-25,BTC,0.01,0.008024999999999775,LSTM-Vol+ACI
2022-05-28,BTC,0.025,0.019624999999999997,LSTM-Vol+ACI
2022-05-30,BTC,0.01,0.008049999999999774,LSTM-Vol+ACI
2022-06-02,BTC,0.025,0.019781249999999997,LSTM-Vol+ACI
2022-06-04,BTC,0.01,0.008074999999999773,LSTM-Vol+ACI
2022-06-07,BTC,0.025,0.019937499999999997,LSTM-Vol+ACI
2022-06-09,BTC,0.01,0.008099999999999772,LSTM-Vol+ACI
2022-06-12,BTC,0.025,0.020093749999999997,LSTM-Vol+ACI
2022-06-14,BTC,0.01,0.007624999999999772,LSTM-Vol+ACI
2022-06-17,BTC,0.025,0.017749999999999995,LSTM-Vol+ACI
2022-06-19,BTC,0.01,0.007649999999999771,LSTM-Vol+ACI
2022-06-22,BTC,0.025,0.017906249999999995,LSTM-Vol+ACI
2022-06-24,BTC,0.01,0.00767499999999977,LSTM-Vol+ACI
2022-06-27,BTC,0.025,0.018062499999999995,LSTM-Vol+ACI
2022-06-29,BTC,0.01,0.007699999999999769,LSTM-Vol+ACI
2022-07-02,BTC,0.025,0.018218749999999995,LSTM-Vol+ACI
2022-07-04,BTC,0.01,0.007724999999999768,LSTM-Vol+ACI
2022-07-07,BTC,0.025,0.018374999999999996,LSTM-Vol+ACI
2022-07-09,BTC,0.01,0.007749999999999767,LSTM-Vol+ACI
2022-07-12,BTC,0.025,0.018531249999999996,LSTM-Vol+ACI
2022-07-14,BTC,0.01,0.007774999999999766,LSTM-Vol+ACI
2022-07-17,BTC,0.025,0.018687499999999996,LSTM-Vol+ACI
2022-07-19,BTC,0.01,0.007799999999999765,LSTM-Vol+ACI
2022-07-22,BTC,0.025,0.018843749999999996,LSTM-Vol+ACI
2022-07-24,BTC,0.01,0.007824999999999764,LSTM-Vol+ACI
2022-07-27,BTC,0.025,0.018999999999999996,LSTM-Vol+ACI
2022-07-29,BTC,0.01,0.007849999999999763,LSTM-Vol+ACI
2022-08-01,BTC,0.025,0.019156249999999996,LSTM-Vol+ACI
2022-08-03,BTC,0.01,0.007874999999999762,LSTM-Vol+ACI
2022-08-06,BTC,0.025,0.019312499999999996,LSTM-Vol+ACI
2022-08-08,BTC,0.01,0.007899999999999761,LSTM-Vol+ACI
2022-08-11,BTC,0.025,0.019468749999999996,LSTM-Vol+ACI
2022-08-13,BTC,0.01,0.00792499999999976,LSTM-Vol+ACI
2022-08-16,BTC,0.025,0.019624999999999997,LSTM-Vol+ACI
2022-08-18,BTC,0.01,0.00794999999999976,LSTM-Vol+ACI
2022-08-21,BTC,0.025,0.018531249999999996,LSTM-Vol+ACI
2022-08-23,BTC,0.01,0.007474999999999759,LSTM-Vol+ACI
2022-08-26,BTC,0.025,0.018687499999999996,LSTM-Vol+ACI
2022-08-28,BTC,0.01,0.007499999999999758,LSTM-Vol+ACI
2022-08-31,BTC,0.025,0.018843749999999996,LSTM-Vol+ACI
2022-09-02,BTC,0.01,0.007524999999999757,LSTM-Vol+ACI
2022-09-05,BTC,0.025,0.018999999999999996,LSTM-Vol+ACI
2022-09-07,BTC,0.01,0.007549999999999756,LSTM-Vol+ACI
2022-09-10,BTC,0.025,0.019156249999999996,LSTM-Vol+ACI
2022-09-12,BTC,0.01,0.007574999999999755,LSTM-Vol+ACI
2022-09-15,BTC,0.025,0.018062499999999995,LSTM-Vol+ACI
2022-09-17,BTC,0.01,0.007099999999999754,LSTM-Vol+ACI
2022-09-20,BTC,0.025,0.018218749999999995,LSTM-Vol+ACI
2022-09-22,BTC,0.01,0.007124999999999753,LSTM-Vol+ACI
2022-09-25,BTC,0.025,0.018374999999999996,LSTM-Vol+ACI
2022-09-27,BTC,0.01,0.007149999999999752,LSTM-Vol+ACI
2022-09-30,BTC,0.025,0.018531249999999996,LSTM-Vol+ACI
2022-10-02,BTC,0.01,0.007174999999999751,LSTM-Vol+ACI
2022-10-05,BTC,0.025,0.018687499999999996,LSTM-Vol+ACI
2022-10-07,BTC,0.01,0.00719999999999975,LSTM-Vol+ACI
2022-10-10,BTC,0.025,0.018843749999999996,LSTM-Vol+ACI
2022-10-12,BTC,0.01,0.007224999999999749,LSTM-Vol+ACI
2022-10-15,BTC,0.025,0.018999999999999996,LSTM-Vol+ACI
2022-10-17,BTC,0.01,0.007249999999999748,LSTM-Vol+ACI
2022-10-20,BTC,0.025,0.019156249999999996,LSTM-Vol+ACI
2022-10-22,BTC,0.01,0.007274999999999747,LSTM-Vol+ACI
2022-10-25,BTC,0.025,0.019312499999999996,LSTM-Vol+ACI
2022-10-27,BTC,0.01,0.007299999999999746,LSTM-Vol+ACI
2022-10-30,BTC,0.025,0.019468749999999996,LSTM-Vol+ACI
2022-11-01,BTC,0.01,0.007324999999999745,LSTM-Vol+ACI
2022-11-04,BTC,0.025,0.019624999999999997,LSTM-Vol+ACI
2022-11-06,BTC,0.01,0.007349999999999744,LSTM-Vol+ACI
2022-11-09,BTC,0.025,0.017281249999999995,LSTM-Vol+ACI
2022-11-11,BTC,0.01,0.006374999999999744,LSTM-Vol+ACI
2022-11-14,BTC,0.025,0.017437499999999995,LSTM-Vol+ACI
2022-11-16,BTC,0.01,0.006399999999999743,LSTM-Vol+ACI
2022-11-19,BTC,0.025,0.017593749999999995,LSTM-Vol+ACI
2022-11-21,BTC,0.01,0.006424999999999742,LSTM-Vol+ACI
2022-11-24,BTC,0.025,0.017749999999999995,LSTM-Vol+ACI
2022-11-26,BTC,0.01,0.006449999999999741,LSTM-Vol+ACI
2022-11-29,BTC,0.025,0.017906249999999995,LSTM-Vol+ACI
2022-12-01,BTC,0.01,0.00647499999999974,LSTM-Vol+ACI
2022-12-04,BTC,0.025,0.018062499999999995,LSTM-Vol+ACI
2022-12-06,BTC,0.01,0.006499999999999739,LSTM-Vol+ACI
2022-12-09,BTC,0.025,0.018218749999999995,LSTM-Vol+ACI
2022-12-11,BTC,0.01,0.006524999999999738,LSTM-Vol+ACI
2022-12-14,BTC,0.025,0.018374999999999996,LSTM-Vol+ACI
2022-12-16,BTC,0.01,0.006549999999999737,LSTM-Vol+ACI
2022-12-19,BTC,0.025,0.018531249999999996,LSTM-Vol+ACI
2022-12-21,BTC,0.01,0.006574999999999736,LSTM-Vol+ACI
2022-12-24,BTC,0.025,0.018687499999999996,LSTM-Vol+ACI
2022-12-26,BTC,0.01,0.0065999999999997346,LSTM-Vol+ACI
2022-12-29,BTC,0.025,0.018843749999999996,LSTM-Vol+ACI
2022-12-31,BTC,0.01,0.0066249999999997335,LSTM-Vol+ACI
2023-01-03,BTC,0.025,0.018999999999999996,LSTM-Vol+ACI
2023-01-05,BTC,0.01,0.0066499999999997325,LSTM-Vol+ACI
2023-01-08,BTC,0.025,0.019156249999999996,LSTM-Vol+ACI
2023-01-10,BTC,0.01,0.0066749999999997315,LSTM-Vol+ACI
2023-01-13,BTC,0.025,0.019312499999999996,LSTM-Vol+ACI
2023-01-15,BTC,0.01,0.0066999999999997305,LSTM-Vol+ACI
2023-01-18,BTC,0.025,0.019468749999999996,LSTM-Vol+ACI
2023-01-20,BTC,0.01,0.0067249999999997295,LSTM-Vol+ACI
2023-01-23,BTC,0.025,0.019624999999999997,LSTM-Vol+ACI
2023-01-25,BTC,0.01,0.0067499999999997284,LSTM-Vol+ACI
2023-01-28,BTC,0.025,0.019781249999999997,LSTM-Vol+ACI
2023-01-30,BTC,0.01,0.006774999999999727,LSTM-Vol+ACI
2023-02-02,BTC,0.025,0.019937499999999997,LSTM-Vol+ACI
2023-02-04,BTC,0.01,0.006799999999999726,LSTM-Vol+ACI
2023-02-07,BTC,0.025,0.020093749999999997,LSTM-Vol+ACI
2023-02-09,BTC,0.01,0.006824999999999725,LSTM-Vol+ACI
2023-02-12,BTC,0.025,0.020249999999999997,LSTM-Vol+ACI
2023-02-14,BTC,0.01,0.006849999999999724,LSTM-Vol+ACI
2023-02-17,BTC,0.025,0.020406249999999997,LSTM-Vol+ACI
2023-02-19,BTC,0.01,0.006874999999999723,LSTM-Vol+ACI
2023-02-22,BTC,0.025,0.020562499999999997,LSTM-Vol+ACI
2023-02-24,BTC,0.01,0.006899999999999722,LSTM-Vol+ACI
2023-02-27,BTC,0.025,0.020718749999999998,LSTM-Vol+ACI
2023-03-01,BTC,0.01,0.006924999999999721,LSTM-Vol+ACI
2023-03-04,BTC,0.025,0.020874999999999998,LSTM-Vol+ACI
2023-03-06,BTC,0.01,0.00694999999999972,LSTM-Vol+ACI
2023-03-09,BTC,0.025,0.021031249999999998,LSTM-Vol+ACI
2023-03-11,BTC,0.01,0.006974999999999719,LSTM-Vol+ACI
2023-03-14,BTC,0.025,0.021187499999999998,LSTM-Vol+ACI
2023-03-16,BTC,0.01,0.006999999999999718,LSTM-Vol+ACI
2023-03-19,BTC,0.025,0.021343749999999998,LSTM-Vol+ACI
2023-03-21,BTC,0.01,0.007024999999999717,LSTM-Vol+ACI
2023-03-24,BTC,0.025,0.0215,LSTM-Vol+ACI
2023-03-26,BTC,0.01,0.007049999999999716,LSTM-Vol+ACI
2023-03-29,BTC,0.025,0.02165625,LSTM-Vol+ACI
2023-03-31,BTC,0.01,0.007074999999999715,LSTM-Vol+ACI
2023-04-03,BTC,0.025,0.0218125,LSTM-Vol+ACI
2023-04-05,BTC,0.01,0.007099999999999714,LSTM-Vol+ACI
2023-04-08,BTC,0.025,0.02196875,LSTM-Vol+ACI
2023-04-10,BTC,0.01,0.007124999999999713,LSTM-Vol+ACI
2023-04-13,BTC,0.025,0.022125,LSTM-Vol+ACI
2023-04-15,BTC,0.01,0.007149999999999712,LSTM-Vol+ACI
2023-04-18,BTC,0.025,0.02228125,LSTM-Vol+ACI
2023-04-20,BTC,0.01,0.007174999999999711,LSTM-Vol+ACI
2023-04-23,BTC,0.025,0.0224375,LSTM-Vol+ACI
2023-04-25,BTC,0.01,0.00719999999999971,LSTM-Vol+ACI
2023-04-28,BTC,0.025,0.02259375,LSTM-Vol+ACI
2023-04-30,BTC,0.01,0.007224999999999709,LSTM-Vol+ACI
2023-05-03,BTC,0.025,0.02275,LSTM-Vol+ACI
2023-05-05,BTC,0.01,0.007249999999999708,LSTM-Vol+ACI
2023-05-08,BTC,0.025,0.02290625,LSTM-Vol+ACI
2023-05-10,BTC,0.01,0.007274999999999707,LSTM-Vol+ACI
2023-05-13,BTC,0.025,0.0230625,LSTM-Vol+ACI
2023-05-15,BTC,0.01,0.007299999999999706,LSTM-Vol+ACI
2023-05-18,BTC,0.025,0.02321875,LSTM-Vol+ACI
2023-05-20,BTC,0.01,0.007324999999999705,LSTM-Vol+ACI
2023-05-23,BTC,0.025,0.023375,LSTM-Vol+ACI
2023-05-25,BTC,0.01,0.007349999999999704,LSTM-Vol+ACI
2023-05-28,BTC,0.025,0.02353125,LSTM-Vol+ACI
2023-05-30,BTC,0.01,0.007374999999999703,LSTM-Vol+ACI
2023-06-02,BTC,0.025,0.0236875,LSTM-Vol+ACI
2023-06-04,BTC,0.01,0.007399999999999702,LSTM-Vol+ACI
2023-06-07,BTC,0.025,0.02384375,LSTM-Vol+ACI
2023-06-09,BTC,0.01,0.007424999999999701,LSTM-Vol+ACI
2023-06-12,BTC,0.025,0.024,LSTM-Vol+ACI
2023-06-14,BTC,0.01,0.0074499999999997,LSTM-Vol+ACI
2023-06-17,BTC,0.025,0.02415625,LSTM-Vol+ACI
2023-06-19,BTC,0.01,0.007474999999999699,LSTM-Vol+ACI
2023-06-22,BTC,0.025,0.0243125,LSTM-Vol+ACI
2023-06-24,BTC,0.01,0.007499999999999698,LSTM-Vol+ACI
2023-06-27,BTC,0.025,0.02446875,LSTM-Vol+ACI
2023-06-29,BTC,0.01,0.007524999999999697,LSTM-Vol+ACI
2023-07-02,BTC,0.025,0.024625,LSTM-Vol+ACI
2023-07-04,BTC,0.01,0.007549999999999696,LSTM-Vol+ACI
2023-07-07,BTC,0.025,0.02478125,LSTM-Vol+ACI
2023-07-09,BTC,0.01,0.007574999999999695,LSTM-Vol+ACI
2023-07-12,BTC,0.025,0.0249375,LSTM-Vol+ACI
2023-07-14,BTC,0.01,0.007599999999999694,LSTM-Vol+ACI
2023-07-17,BTC,0.025,0.02509375,LSTM-Vol+ACI
2023-07-19,BTC,0.01,0.007624999999999693,LSTM-Vol+ACI
2023-07-22,BTC,0.025,0.02525,LSTM-Vol+ACI
2023-07-24,BTC,0.01,0.007649999999999692,LSTM-Vol+ACI
2023-07-27,BTC,0.025,0.025406250000000002,LSTM-Vol+ACI
2023-07-29,BTC,0.01,0.007674999999999691,LSTM-Vol+ACI
2023-08-01,BTC,0.025,0.025562500000000002,LSTM-Vol+ACI
2023-08-03,BTC,0.01,0.00769999999999969,LSTM-Vol+ACI
2023-08-06,BTC,0.025,0.025718750000000002,LSTM-Vol+ACI
2023-08-08,BTC,0.01,0.007724999999999689,LSTM-Vol+ACI
2023-08-11,BTC,0.025,0.025875000000000002,LSTM-Vol+ACI
2023-08-13,BTC,0.01,0.007749999999999688,LSTM-Vol+ACI
2023-08-16,BTC,0.025,0.026031250000000002,LSTM-Vol+ACI
2023-08-18,BTC,0.01,0.007774999999999687,LSTM-Vol+ACI
2023-08-21,BTC,0.025,0.0249375,LSTM-Vol+ACI
2023-08-23,BTC,0.01,0.007799999999999686,LSTM-Vol+ACI
2023-08-26,BTC,0.025,0.02509375,LSTM-Vol+ACI
2023-08-28,BTC,0.01,0.007824999999999685,LSTM-Vol+ACI
2023-08-31,BTC,0.025,0.02525,LSTM-Vol+ACI
2023-09-02,BTC,0.01,0.007849999999999684,LSTM-Vol+ACI
2023-09-05,BTC,0.025,0.025406250000000002,LSTM-Vol+ACI
2023-09-07,BTC,0.01,0.007874999999999683,LSTM-Vol+ACI
2023-09-10,BTC,0.025,0.025562500000000002,LSTM-Vol+ACI
2023-09-12,BTC,0.01,0.007899999999999682,LSTM-Vol+ACI
2023-09-15,BTC,0.025,0.025718750000000002,LSTM-Vol+ACI
2023-09-17,BTC,0.01,0.00792499999999968,LSTM-Vol+ACI
2023-09-20,BTC,0.025,0.025875000000000002,LSTM-Vol+ACI
2023-09-22,BTC,0.01,0.00794999999999968,LSTM-Vol+ACI
2023-09-25,BTC,0.025,0.026031250000000002,LSTM-Vol+ACI
2023-09-27,BTC,0.01,0.007974999999999679,LSTM-Vol+ACI
2023-09-30,BTC,0.025,0.026187500000000002,LSTM-Vol+ACI
2023-10-02,BTC,0.01,0.007999999999999678,LSTM-Vol+ACI
2023-10-05,BTC,0.025,0.026343750000000003,LSTM-Vol+ACI
2023-10-07,BTC,0.01,0.008024999999999676,LSTM-Vol+ACI
2023-10-10,BTC,0.025,0.026500000000000003,LSTM-Vol+ACI
2023-10-12,BTC,0.01,0.008049999999999675,LSTM-Vol+ACI
2023-10-15,BTC,0.025,0.026656250000000003,LSTM-Vol+ACI
2023-10-17,BTC,0.01,0.008074999999999674,LSTM-Vol+ACI
2023-10-20,BTC,0.025,0.026812500000000003,LSTM-Vol+ACI
2023-10-22,BTC,0.01,0.008099999999999673,LSTM-Vol+ACI
2023-10-25,BTC,0.025,0.026968750000000003,LSTM-Vol+ACI
2023-10-27,BTC,0.01,0.008124999999999672,LSTM-Vol+ACI
2023-10-30,BTC,0.025,0.027125000000000003,LSTM-Vol+ACI
2023-11-01,BTC,0.01,0.008149999999999671,LSTM-Vol+ACI
2023-11-04,BTC,0.025,0.027281250000000003,LSTM-Vol+ACI
2023-11-06,BTC,0.01,0.00817499999999967,LSTM-Vol+ACI
2023-11-09,BTC,0.025,0.027437500000000004,LSTM-Vol+ACI
2023-11-11,BTC,0.01,0.00819999999999967,LSTM-Vol+ACI
2023-11-14,BTC,0.025,0.027593750000000004,LSTM-Vol+ACI
2023-11-16,BTC,0.01,0.008224999999999668,LSTM-Vol+ACI
2023-11-19,BTC,0.025,0.026500000000000003,LSTM-Vol+ACI
2023-11-21,BTC,0.01,0.008249999999999667,LSTM-Vol+ACI
2023-11-24,BTC,0.025,0.026656250000000003,LSTM-Vol+ACI
2023-11-26,BTC,0.01,0.008274999999999666,LSTM-Vol+ACI
2023-11-29,BTC,0.025,0.026812500000000003,LSTM-Vol+ACI
2023-12-01,BTC,0.01,0.008299999999999665,LSTM-Vol+ACI
2023-12-04,BTC,0.025,0.026968750000000003,LSTM-Vol+ACI
2023-12-06,BTC,0.01,0.008324999999999664,LSTM-Vol+ACI
2023-12-09,BTC,0.025,0.027125000000000003,LSTM-Vol+ACI
2023-12-11,BTC,0.01,0.008349999999999663,LSTM-Vol+ACI
2023-12-14,BTC,0.025,0.026031250000000002,LSTM-Vol+ACI
2023-12-16,BTC,0.01,0.008374999999999662,LSTM-Vol+ACI
2023-12-19,BTC,0.025,0.026187500000000002,LSTM-Vol+ACI
2023-12-21,BTC,0.01,0.008399999999999661,LSTM-Vol+ACI
2023-12-24,BTC,0.025,0.026343750000000003,LSTM-Vol+ACI
2023-12-26,BTC,0.01,0.00842499999999966,LSTM-Vol+ACI
2023-12-29,BTC,0.025,0.026500000000000003,LSTM-Vol+ACI
2023-12-31,BTC,0.01,0.00844999999999966,LSTM-Vol+ACI
2024-01-03,BTC,0.025,0.025406250000000002,LSTM-Vol+ACI
2024-01-05,BTC,0.01,0.008474999999999658,LSTM-Vol+ACI
2024-01-08,BTC,0.025,0.025562500000000002,LSTM-Vol+ACI
2024-01-10,BTC,0.01,0.008499999999999657,LSTM-Vol+ACI
2024-01-13,BTC,0.025,0.02446875,LSTM-Vol+ACI
2024-01-15,BTC,0.01,0.008024999999999656,LSTM-Vol+ACI
2024-01-18,BTC,0.025,0.024625,LSTM-Vol+ACI
2024-01-20,BTC,0.01,0.008049999999999655,LSTM-Vol+ACI
2024-01-23,BTC,0.025,0.02478125,LSTM-Vol+ACI
2024-01-25,BTC,0.01,0.008074999999999654,LSTM-Vol+ACI
2024-01-28,BTC,0.025,0.0249375,LSTM-Vol+ACI
2024-01-30,BTC,0.01,0.008099999999999653,LSTM-Vol+ACI
2024-02-02,BTC,0.025,0.02509375,LSTM-Vol+ACI
2024-02-04,BTC,0.01,0.008124999999999652,LSTM-Vol+ACI
2024-02-07,BTC,0.025,0.02525,LSTM-Vol+ACI
2024-02-09,BTC,0.01,0.00814999999999965,LSTM-Vol+ACI
2024-02-12,BTC,0.025,0.025406250000000002,LSTM-Vol+ACI
2024-02-14,BTC,0.01,0.00817499999999965,LSTM-Vol+ACI
2024-02-17,BTC,0.025,0.025562500000000002,LSTM-Vol+ACI
2024-02-19,BTC,0.01,0.008199999999999649,LSTM-Vol+ACI
2024-02-22,BTC,0.025,0.025718750000000002,LSTM-Vol+ACI
2024-02-24,BTC,0.01,0.008224999999999648,LSTM-Vol+ACI
2024-02-27,BTC,0.025,0.025875000000000002,LSTM-Vol+ACI
2024-02-29,BTC,0.01,0.008249999999999647,LSTM-Vol+ACI
2024-03-03,BTC,0.025,0.026031250000000002,LSTM-Vol+ACI
2024-03-05,BTC,0.01,0.008274999999999645,LSTM-Vol+ACI
2024-03-08,BTC,0.025,0.0249375,LSTM-Vol+ACI
2024-03-10,BTC,0.01,0.008299999999999644,LSTM-Vol+ACI
2024-03-13,BTC,0.025,0.02509375,LSTM-Vol+ACI
2024-03-15,BTC,0.01,0.008324999999999643,LSTM-Vol+ACI
2024-03-18,BTC,0.025,0.024,LSTM-Vol+ACI
2024-03-20,BTC,0.01,0.007849999999999642,LSTM-Vol+ACI
2024-03-23,BTC,0.025,0.02290625,LSTM-Vol+ACI
2024-03-25,BTC,0.01,0.007874999999999641,LSTM-Vol+ACI
2024-03-28,BTC,0.025,0.0230625,LSTM-Vol+ACI
2024-03-30,BTC,0.01,0.00789999999999964,LSTM-Vol+ACI
2024-04-02,BTC,0.025,0.02196875,LSTM-Vol+ACI
2024-04-04,BTC,0.01,0.007924999999999639,LSTM-Vol+ACI
2024-04-07,BTC,0.025,0.022125,LSTM-Vol+ACI
2024-04-09,BTC,0.01,0.007949999999999638,LSTM-Vol+ACI
2024-04-12,BTC,0.025,0.02228125,LSTM-Vol+ACI
2024-04-14,BTC,0.01,0.007974999999999637,LSTM-Vol+ACI
2024-04-17,BTC,0.025,0.0224375,LSTM-Vol+ACI
2024-04-19,BTC,0.01,0.007999999999999636,LSTM-Vol+ACI
2024-04-22,BTC,0.025,0.02259375,LSTM-Vol+ACI
2024-04-24,BTC,0.01,0.008024999999999635,LSTM-Vol+ACI
2024-04-27,BTC,0.025,0.02275,LSTM-Vol+ACI
2024-04-29,BTC,0.01,0.008049999999999634,LSTM-Vol+ACI
2024-05-02,BTC,0.025,0.02165625,LSTM-Vol+ACI
2024-05-04,BTC,0.01,0.008074999999999633,LSTM-Vol+ACI
2024-05-07,BTC,0.025,0.0218125,LSTM-Vol+ACI
2024-05-09,BTC,0.01,0.008099999999999632,LSTM-Vol+ACI
2024-05-12,BTC,0.025,0.02196875,LSTM-Vol+ACI
2024-05-14,BTC,0.01,0.00812499999999963,LSTM-Vol+ACI
2024-05-17,BTC,0.025,0.022125,LSTM-Vol+ACI
2024-05-19,BTC,0.01,0.00814999999999963,LSTM-Vol+ACI
2024-05-22,BTC,0.025,0.02228125,LSTM-Vol+ACI
2024-05-24,BTC,0.01,0.008174999999999629,LSTM-Vol+ACI
2024-05-27,BTC,0.025,0.0224375,LSTM-Vol+ACI
2024-05-29,BTC,0.01,0.008199999999999628,LSTM-Vol+ACI
2024-06-01,BTC,0.025,0.02259375,LSTM-Vol+ACI
2024-06-03,BTC,0.01,0.008224999999999627,LSTM-Vol+ACI
2024-06-06,BTC,0.025,0.02275,LSTM-Vol+ACI
2024-06-08,BTC,0.01,0.008249999999999626,LSTM-Vol+ACI
2024-06-11,BTC,0.025,0.02290625,LSTM-Vol+ACI
2024-06-13,BTC,0.01,0.008274999999999625,LSTM-Vol+ACI
2024-06-16,BTC,0.025,0.0230625,LSTM-Vol+ACI
2024-06-18,BTC,0.01,0.008299999999999624,LSTM-Vol+ACI
2024-06-21,BTC,0.025,0.02321875,LSTM-Vol+ACI
2024-06-23,BTC,0.01,0.008324999999999623,LSTM-Vol+ACI
2024-06-26,BTC,0.025,0.022125,LSTM-Vol+ACI
2024-06-28,BTC,0.01,0.008349999999999622,LSTM-Vol+ACI
2024-07-01,BTC,0.025,0.02228125,LSTM-Vol+ACI
2024-07-03,BTC,0.01,0.00837499999999962,LSTM-Vol+ACI
2024-07-06,BTC,0.025,0.021187499999999998,LSTM-Vol+ACI
2024-07-08,BTC,0.01,0.00839999999999962,LSTM-Vol+ACI
2024-07-11,BTC,0.025,0.021343749999999998,LSTM-Vol+ACI
2024-07-13,BTC,0.01,0.008424999999999619,LSTM-Vol+ACI
2024-07-16,BTC,0.025,0.0215,LSTM-Vol+ACI
2024-07-18,BTC,0.01,0.008449999999999618,LSTM-Vol+ACI
2024-07-21,BTC,0.025,0.02165625,LSTM-Vol+ACI
2024-07-23,BTC,0.01,0.008474999999999617,LSTM-Vol+ACI
2024-07-26,BTC,0.025,0.0218125,LSTM-Vol+ACI
2024-07-28,BTC,0.01,0.008499999999999616,LSTM-Vol+ACI
2024-07-31,BTC,0.025,0.02196875,LSTM-Vol+ACI
2024-08-02,BTC,0.01,0.008524999999999614,LSTM-Vol+ACI
2024-08-05,BTC,0.025,0.019624999999999997,LSTM-Vol+ACI
2024-08-07,BTC,0.01,0.008049999999999613,LSTM-Vol+ACI
2024-08-10,BTC,0.025,0.019781249999999997,LSTM-Vol+ACI
2024-08-12,BTC,0.01,0.008074999999999612,LSTM-Vol+ACI
2024-08-15,BTC,0.025,0.019937499999999997,LSTM-Vol+ACI
2024-08-17,BTC,0.01,0.008099999999999611,LSTM-Vol+ACI
2024-08-20,BTC,0.025,0.020093749999999997,LSTM-Vol+ACI
2024-08-22,BTC,0.01,0.00812499999999961,LSTM-Vol+ACI
2024-08-25,BTC,0.025,0.020249999999999997,LSTM-Vol+ACI
2024-08-27,BTC,0.01,0.008149999999999609,LSTM-Vol+ACI
2024-08-30,BTC,0.025,0.019156249999999996,LSTM-Vol+ACI
2024-09-01,BTC,0.01,0.008174999999999608,LSTM-Vol+ACI
2024-09-04,BTC,0.025,0.019312499999999996,LSTM-Vol+ACI
2024-09-06,BTC,0.01,0.008199999999999607,LSTM-Vol+ACI
2024-09-09,BTC,0.025,0.019468749999999996,LSTM-Vol+ACI
2024-09-11,BTC,0.01,0.008224999999999606,LSTM-Vol+ACI
2024-09-14,BTC,0.025,0.019624999999999997,LSTM-Vol+ACI
2024-09-16,BTC,0.01,0.008249999999999605,LSTM-Vol+ACI
2024-09-19,BTC,0.025,0.019781249999999997,LSTM-Vol+ACI
2024-09-21,BTC,0.01,0.008274999999999604,LSTM-Vol+ACI
2024-09-24,BTC,0.025,0.019937499999999997,LSTM-Vol+ACI
2024-09-26,BTC,0.01,0.008299999999999603,LSTM-Vol+ACI
2024-09-29,BTC,0.025,0.020093749999999997,LSTM-Vol+ACI
2024-10-01,BTC,0.01,0.008324999999999602,LSTM-Vol+ACI
2024-10-04,BTC,0.025,0.020249999999999997,LSTM-Vol+ACI
2024-10-06,BTC,0.01,0.0083499999999996,LSTM-Vol+ACI
2024-10-09,BTC,0.025,0.020406249999999997,LSTM-Vol+ACI
2024-10-11,BTC,0.01,0.0083749999999996,LSTM-Vol+ACI
2024-10-14,BTC,0.025,0.020562499999999997,LSTM-Vol+ACI
2024-10-16,BTC,0.01,0.008399999999999599,LSTM-Vol+ACI
2024-10-19,BTC,0.025,0.020718749999999998,LSTM-Vol+ACI
2024-10-21,BTC,0.01,0.008424999999999598,LSTM-Vol+ACI
2024-10-24,BTC,0.025,0.020874999999999998,LSTM-Vol+ACI
2024-10-26,BTC,0.01,0.008449999999999597,LSTM-Vol+ACI
2024-10-29,BTC,0.025,0.021031249999999998,LSTM-Vol+ACI
2024-10-31,BTC,0.01,0.008474999999999596,LSTM-Vol+ACI
2024-11-03,BTC,0.025,0.021187499999999998,LSTM-Vol+ACI
2024-11-05,BTC,0.01,0.008499999999999595,LSTM-Vol+ACI
2024-11-08,BTC,0.025,0.021343749999999998,LSTM-Vol+ACI
2024-11-10,BTC,0.01,0.008524999999999594,LSTM-Vol+ACI
2024-11-13,BTC,0.025,0.0215,LSTM-Vol+ACI
2024-11-15,BTC,0.01,0.008549999999999593,LSTM-Vol+ACI
2024-11-18,BTC,0.025,0.02165625,LSTM-Vol+ACI
2024-11-20,BTC,0.01,0.008574999999999592,LSTM-Vol+ACI
2024-11-23,BTC,0.025,0.0218125,LSTM-Vol+ACI
2024-11-25,BTC,0.01,0.00859999999999959,LSTM-Vol+ACI
2024-11-28,BTC,0.025,0.020718749999999998,LSTM-Vol+ACI
2024-11-30,BTC,0.01,0.00862499999999959,LSTM-Vol+ACI
2024-12-03,BTC,0.025,0.020874999999999998,LSTM-Vol+ACI
2024-12-05,BTC,0.01,0.008649999999999589,LSTM-Vol+ACI
2024-12-08,BTC,0.025,0.021031249999999998,LSTM-Vol+ACI
2024-12-10,BTC,0.01,0.008674999999999588,LSTM-Vol+ACI
2024-12-13,BTC,0.025,0.021187499999999998,LSTM-Vol+ACI
2024-12-15,BTC,0.01,0.008699999999999587,LSTM-Vol+ACI
2024-12-18,BTC,0.025,0.020093749999999997,LSTM-Vol+ACI
2024-12-20,BTC,0.01,0.008724999999999586,LSTM-Vol+ACI
2024-12-23,BTC,0.025,0.020249999999999997,LSTM-Vol+ACI
2024-12-25,BTC,0.01,0.008749999999999584,LSTM-Vol+ACI
2024-12-28,BTC,0.025,0.020406249999999997,LSTM-Vol+ACI
2024-12-30,BTC,0.01,0.008774999999999583,LSTM-Vol+ACI
2025-01-02,BTC,0.025,0.020562499999999997,LSTM-Vol+ACI
2025-01-04,BTC,0.01,0.008799999999999582,LSTM-Vol+ACI
2025-01-07,BTC,0.025,0.020718749999999998,LSTM-Vol+ACI
2025-01-09,BTC,0.01,0.008824999999999581,LSTM-Vol+ACI
2025-01-12,BTC,0.025,0.020874999999999998,LSTM-Vol+ACI
2025-01-14,BTC,0.01,0.00884999999999958,LSTM-Vol+ACI
2025-01-17,BTC,0.025,0.021031249999999998,LSTM-Vol+ACI
2025-01-19,BTC,0.01,0.00887499999999958,LSTM-Vol+ACI
2025-01-22,BTC,0.025,0.021187499999999998,LSTM-Vol+ACI
2025-01-24,BTC,0.01,0.008899999999999578,LSTM-Vol+ACI
2025-01-27,BTC,0.025,0.021343749999999998,LSTM-Vol+ACI
2025-01-29,BTC,0.01,0.008924999999999577,LSTM-Vol+ACI
2025-02-01,BTC,0.025,0.0215,LSTM-Vol+ACI
2025-02-03,BTC,0.01,0.008949999999999576,LSTM-Vol+ACI
2025-02-06,BTC,0.025,0.02165625,LSTM-Vol+ACI
2025-02-08,BTC,0.01,0.008974999999999575,LSTM-Vol+ACI
2025-02-11,BTC,0.025,0.0218125,LSTM-Vol+ACI
2025-02-13,BTC,0.01,0.008999999999999574,LSTM-Vol+ACI
2025-02-16,BTC,0.025,0.02196875,LSTM-Vol+ACI
2025-02-18,BTC,0.01,0.009024999999999573,LSTM-Vol+ACI
2025-02-21,BTC,0.025,0.022125,LSTM-Vol+ACI
2025-02-23,BTC,0.01,0.009049999999999572,LSTM-Vol+ACI
2025-02-26,BTC,0.025,0.021031249999999998,LSTM-Vol+ACI
2025-02-28,BTC,0.01,0.009074999999999571,LSTM-Vol+ACI
2025-03-03,BTC,0.025,0.019937499999999997,LSTM-Vol+ACI
2025-03-05,BTC,0.01,0.00859999999999957,LSTM-Vol+ACI
2025-03-08,BTC,0.025,0.020093749999999997,LSTM-Vol+ACI
2025-03-10,BTC,0.01,0.008124999999999568,LSTM-Vol+ACI
2025-03-13,BTC,0.025,0.018999999999999996,LSTM-Vol+ACI
2025-03-15,BTC,0.01,0.008149999999999567,LSTM-Vol+ACI
2025-03-18,BTC,0.025,0.019156249999999996,LSTM-Vol+ACI
2025-03-20,BTC,0.01,0.008174999999999566,LSTM-Vol+ACI
2025-03-23,BTC,0.025,0.019312499999999996,LSTM-Vol+ACI
2025-03-25,BTC,0.01,0.008199999999999565,LSTM-Vol+ACI
2025-03-28,BTC,0.025,0.019468749999999996,LSTM-Vol+ACI
2025-03-30,BTC,0.01,0.008224999999999564,LSTM-Vol+ACI
2025-04-02,BTC,0.025,0.019624999999999997,LSTM-Vol+ACI
2025-04-04,BTC,0.01,0.008249999999999563,LSTM-Vol+ACI
2025-04-07,BTC,0.025,0.018531249999999996,LSTM-Vol+ACI
2025-04-09,BTC,0.01,0.008274999999999562,LSTM-Vol+ACI
2025-04-12,BTC,0.025,0.018687499999999996,LSTM-Vol+ACI
2025-04-14,BTC,0.01,0.008299999999999561,LSTM-Vol+ACI
2025-04-17,BTC,0.025,0.018843749999999996,LSTM-Vol+ACI
2025-04-19,BTC,0.01,0.00832499999999956,LSTM-Vol+ACI
2025-04-22,BTC,0.025,0.018999999999999996,LSTM-Vol+ACI
2025-04-24,BTC,0.01,0.00834999999999956,LSTM-Vol+ACI
2025-04-27,BTC,0.025,0.019156249999999996,LSTM-Vol+ACI
2025-04-29,BTC,0.01,0.008374999999999558,LSTM-Vol+ACI
2025-05-02,BTC,0.025,0.019312499999999996,LSTM-Vol+ACI
2025-05-04,BTC,0.01,0.008399999999999557,LSTM-Vol+ACI
2025-05-07,BTC,0.025,0.019468749999999996,LSTM-Vol+ACI
2025-05-09,BTC,0.01,0.008424999999999556,LSTM-Vol+ACI
2025-05-12,BTC,0.025,0.019624999999999997,LSTM-Vol+ACI
2025-05-14,BTC,0.01,0.008449999999999555,LSTM-Vol+ACI
2025-05-17,BTC,0.025,0.019781249999999997,LSTM-Vol+ACI
2025-05-19,BTC,0.01,0.008474999999999554,LSTM-Vol+ACI
2025-05-22,BTC,0.025,0.019937499999999997,LSTM-Vol+ACI
2025-05-24,BTC,0.01,0.008499999999999553,LSTM-Vol+ACI
2025-05-27,BTC,0.025,0.020093749999999997,LSTM-Vol+ACI
2025-05-29,BTC,0.01,0.008524999999999552,LSTM-Vol+ACI
2025-06-01,BTC,0.025,0.020249999999999997,LSTM-Vol+ACI
2025-06-03,BTC,0.01,0.008549999999999551,LSTM-Vol+ACI
2025-06-06,BTC,0.025,0.020406249999999997,LSTM-Vol+ACI
2025-06-08,BTC,0.01,0.00857499999999955,LSTM-Vol+ACI
2025-06-11,BTC,0.025,0.020562499999999997,LSTM-Vol+ACI
2025-06-13,BTC,0.01,0.008599999999999549,LSTM-Vol+ACI
2025-06-16,BTC,0.025,0.020718749999999998,LSTM-Vol+ACI
2025-06-18,BTC,0.01,0.008624999999999548,LSTM-Vol+ACI
2025-06-21,BTC,0.025,0.020874999999999998,LSTM-Vol+ACI
2025-06-23,BTC,0.01,0.008649999999999547,LSTM-Vol+ACI
2025-06-26,BTC,0.025,0.021031249999999998,LSTM-Vol+ACI
2025-06-28,BTC,0.01,0.008674999999999546,LSTM-Vol+ACI
2025-07-01,BTC,0.025,0.021187499999999998,LSTM-Vol+ACI
2025-07-03,BTC,0.01,0.008699999999999545,LSTM-Vol+ACI
2025-07-06,BTC,0.025,0.021343749999999998,LSTM-Vol+ACI
2025-07-08,BTC,0.01,0.008724999999999544,LSTM-Vol+ACI
2025-07-11,BTC,0.025,0.0215,LSTM-Vol+ACI
2025-07-13,BTC,0.01,0.008749999999999543,LSTM-Vol+ACI
2025-07-16,BTC,0.025,0.02165625,LSTM-Vol+ACI
2025-07-18,BTC,0.01,0.008774999999999542,LSTM-Vol+ACI
2025-07-21,BTC,0.025,0.0218125,LSTM-Vol+ACI
2025-07-23,BTC,0.01,0.00879999999999954,LSTM-Vol+ACI
2025-07-26,BTC,0.025,0.02196875,LSTM-Vol+ACI
2025-07-28,BTC,0.01,0.00882499999999954,LSTM-Vol+ACI
2025-07-31,BTC,0.025,0.022125,LSTM-Vol+ACI
2025-08-02,BTC,0.01,0.008849999999999539,LSTM-Vol+ACI
2025-08-05,BTC,0.025,0.02228125,LSTM-Vol+ACI
2025-08-07,BTC,0.01,0.008874999999999538,LSTM-Vol+ACI
2025-08-10,BTC,0.025,0.0224375,LSTM-Vol+ACI
2025-08-12,BTC,0.01,0.008899999999999537,LSTM-Vol+ACI
2025-08-15,BTC,0.025,0.02259375,LSTM-Vol+ACI
2025-08-17,BTC,0.01,0.008924999999999536,LSTM-Vol+ACI
2025-08-20,BTC,0.025,0.02275,LSTM-Vol+ACI
2025-08-22,BTC,0.01,0.008949999999999535,LSTM-Vol+ACI
2025-08-25,BTC,0.025,0.02290625,LSTM-Vol+ACI
2025-08-27,BTC,0.01,0.008974999999999534,LSTM-Vol+ACI
2025-08-30,BTC,0.025,0.0230625,LSTM-Vol+ACI
2025-09-01,BTC,0.01,0.008999999999999533,LSTM-Vol+ACI
2025-09-04,BTC,0.025,0.02321875,LSTM-Vol+ACI
2025-09-06,BTC,0.01,0.009024999999999532,LSTM-Vol+ACI
2025-09-09,BTC,0.025,0.023375,LSTM-Vol+ACI
2025-09-11,BTC,0.01,0.00904999999999953,LSTM-Vol+ACI
2025-09-14,BTC,0.025,0.02353125,LSTM-Vol+ACI
2025-09-16,BTC,0.01,0.00907499999999953,LSTM-Vol+ACI
2025-09-19,BTC,0.025,0.0236875,LSTM-Vol+ACI
2025-09-21,BTC,0.01,0.009099999999999529,LSTM-Vol+ACI
2025-09-24,BTC,0.025,0.02384375,LSTM-Vol+ACI
2025-09-26,BTC,0.01,0.009124999999999528,LSTM-Vol+ACI
2025-09-29,BTC,0.025,0.024,LSTM-Vol+ACI
2025-10-01,BTC,0.01,0.009149999999999527,LSTM-Vol+ACI
2025-10-04,BTC,0.025,0.02415625,LSTM-Vol+ACI
2025-10-06,BTC,0.01,0.009174999999999526,LSTM-Vol+ACI
2025-10-09,BTC,0.025,0.0243125,LSTM-Vol+ACI
2025-10-11,BTC,0.01,0.008699999999999524,LSTM-Vol+ACI
2025-10-14,BTC,0.025,0.02321875,LSTM-Vol+ACI
2025-10-16,BTC,0.01,0.008724999999999523,LSTM-Vol+ACI
2025-10-19,BTC,0.025,0.023375,LSTM-Vol+ACI
2025-10-21,BTC,0.01,0.008749999999999522,LSTM-Vol+ACI
2025-10-24,BTC,0.025,0.02353125,LSTM-Vol+ACI
2025-10-26,BTC,0.01,0.008774999999999521,LSTM-Vol+ACI
2025-10-29,BTC,0.025,0.0236875,LSTM-Vol+ACI
2025-10-31,BTC,0.01,0.00879999999999952,LSTM-Vol+ACI
2025-11-03,BTC,0.025,0.02384375,LSTM-Vol+ACI
2025-11-05,BTC,0.01,0.008824999999999519,LSTM-Vol+ACI
2025-11-08,BTC,0.025,0.02275,LSTM-Vol+ACI
2025-11-10,BTC,0.01,0.008849999999999518,LSTM-Vol+ACI
2025-11-13,BTC,0.025,0.02290625,LSTM-Vol+ACI
2025-11-15,BTC,0.01,0.008874999999999517,LSTM-Vol+ACI
2025-11-18,BTC,0.025,0.0218125,LSTM-Vol+ACI
2025-11-20,BTC,0.01,0.008899999999999516,LSTM-Vol+ACI
2025-11-23,BTC,0.025,0.02196875,LSTM-Vol+ACI
2025-11-25,BTC,0.01,0.008924999999999515,LSTM-Vol+ACI
2025-11-28,BTC,0.025,0.022125,LSTM-Vol+ACI
2025-11-30,BTC,0.01,0.008949999999999514,LSTM-Vol+ACI
2025-12-03,BTC,0.025,0.021031249999999998,LSTM-Vol+ACI
2025-12-05,BTC,0.01,0.008974999999999513,LSTM-Vol+ACI
2025-12-08,BTC,0.025,0.021187499999999998,LSTM-Vol+ACI
2025-12-10,BTC,0.01,0.008999999999999512,LSTM-Vol+ACI
2025-12-13,BTC,0.025,0.021343749999999998,LSTM-Vol+ACI
2025-12-15,BTC,0.01,0.00902499999999951,LSTM-Vol+ACI
2025-12-18,BTC,0.025,0.0215,LSTM-Vol+ACI
2025-12-20,BTC,0.01,0.00904999999999951,LSTM-Vol+ACI
2025-12-23,BTC,0.025,0.02165625,LSTM-Vol+ACI
2025-12-25,BTC,0.01,0.009074999999999509,LSTM-Vol+ACI
2025-12-28,BTC,0.025,0.0218125,LSTM-Vol+ACI
2025-12-30,BTC,0.01,0.009099999999999508,LSTM-Vol+ACI
2026-01-02,BTC,0.025,0.02196875,LSTM-Vol+ACI
2026-01-04,BTC,0.01,0.009124999999999507,LSTM-Vol+ACI
2026-01-07,BTC,0.025,0.022125,LSTM-Vol+ACI
2026-01-09,BTC,0.01,0.009149999999999506,LSTM-Vol+ACI
2026-01-12,BTC,0.025,0.02228125,LSTM-Vol+ACI
2026-01-14,BTC,0.01,0.009174999999999505,LSTM-Vol+ACI
2026-01-17,BTC,0.025,0.0224375,LSTM-Vol+ACI
2026-01-19,BTC,0.01,0.009199999999999504,LSTM-Vol+ACI
2026-01-22,BTC,0.025,0.021343749999999998,LSTM-Vol+ACI
2026-01-24,BTC,0.01,0.009224999999999503,LSTM-Vol+ACI
2026-01-27,BTC,0.025,0.0215,LSTM-Vol+ACI
2026-01-29,BTC,0.01,0.009249999999999502,LSTM-Vol+ACI
2026-02-01,BTC,0.025,0.019156249999999996,LSTM-Vol+ACI
2026-02-03,BTC,0.01,0.0087749999999995,LSTM-Vol+ACI
2026-02-06,BTC,0.025,0.018062499999999995,LSTM-Vol+ACI
2026-02-08,BTC,0.01,0.008299999999999499,LSTM-Vol+ACI
2026-02-11,BTC,0.025,0.018218749999999995,LSTM-Vol+ACI
2026-02-13,BTC,0.01,0.008324999999999498,LSTM-Vol+ACI
2026-02-16,BTC,0.025,0.018374999999999996,LSTM-Vol+ACI
2026-02-18,BTC,0.01,0.008349999999999497,LSTM-Vol+ACI
2026-02-21,BTC,0.025,0.018531249999999996,LSTM-Vol+ACI
2026-02-23,BTC,0.01,0.008374999999999496,LSTM-Vol+ACI
2026-02-26,BTC,0.025,0.018687499999999996,LSTM-Vol+ACI
2026-02-28,BTC,0.01,0.008399999999999495,LSTM-Vol+ACI
2026-03-03,BTC,0.025,0.018843749999999996,LSTM-Vol+ACI
2026-03-05,BTC,0.01,0.008424999999999494,LSTM-Vol+ACI
2026-03-08,BTC,0.025,0.018999999999999996,LSTM-Vol+ACI
2026-03-10,BTC,0.01,0.008449999999999493,LSTM-Vol+ACI
2026-03-13,BTC,0.025,0.019156249999999996,LSTM-Vol+ACI
2026-03-15,BTC,0.01,0.008474999999999492,LSTM-Vol+ACI
2026-03-18,BTC,0.025,0.019312499999999996,LSTM-Vol+ACI
2026-03-20,BTC,0.01,0.00849999999999949,LSTM-Vol+ACI
2026-03-23,BTC,0.025,0.019468749999999996,LSTM-Vol+ACI
2026-03-25,BTC,0.01,0.00852499999999949,LSTM-Vol+ACI
2026-03-28,BTC,0.025,0.019624999999999997,LSTM-Vol+ACI
2026-03-30,BTC,0.01,0.008549999999999489,LSTM-Vol+ACI
2026-04-02,BTC,0.025,0.019781249999999997,LSTM-Vol+ACI
2026-04-04,BTC,0.01,0.008574999999999488,LSTM-Vol+ACI
2026-04-07,BTC,0.025,0.019937499999999997,LSTM-Vol+ACI
2026-04-09,BTC,0.01,0.008599999999999487,LSTM-Vol+ACI
2026-04-12,BTC,0.025,0.020093749999999997,LSTM-Vol+ACI
2026-04-14,BTC,0.01,0.008624999999999486,LSTM-Vol+ACI
2026-04-17,BTC,0.025,0.020249999999999997,LSTM-Vol+ACI
2026-04-19,BTC,0.01,0.008649999999999484,LSTM-Vol+ACI
2026-04-22,BTC,0.025,0.020406249999999997,LSTM-Vol+ACI
2026-04-24,BTC,0.01,0.008674999999999483,LSTM-Vol+ACI
2026-04-27,BTC,0.025,0.020562499999999997,LSTM-Vol+ACI
2026-04-29,BTC,0.01,0.008699999999999482,LSTM-Vol+ACI
2026-05-02,BTC,0.025,0.020718749999999998,LSTM-Vol+ACI
2026-05-04,BTC,0.01,0.008724999999999481,LSTM-Vol+ACI
2026-05-07,BTC,0.025,0.020874999999999998,LSTM-Vol+ACI
2026-05-09,BTC,0.01,0.00874999999999948,LSTM-Vol+ACI
2026-05-12,BTC,0.025,0.021031249999999998,LSTM-Vol+ACI
2026-05-14,BTC,0.01,0.00877499999999948,LSTM-Vol+ACI
2026-05-17,BTC,0.025,0.021187499999999998,LSTM-Vol+ACI
2026-05-19,BTC,0.01,0.008799999999999478,LSTM-Vol+ACI
2026-05-22,BTC,0.025,0.021343749999999998,LSTM-Vol+ACI
2026-05-24,BTC,0.01,0.008824999999999477,LSTM-Vol+ACI
2026-05-27,BTC,0.025,0.0215,LSTM-Vol+ACI
2026-05-29,BTC,0.01,0.008849999999999476,LSTM-Vol+ACI
2026-06-01,BTC,0.025,0.02165625,LSTM-Vol+ACI
2026-06-03,BTC,0.01,0.008374999999999475,LSTM-Vol+ACI
2026-06-06,BTC,0.025,0.020562499999999997,LSTM-Vol+ACI
2026-06-08,BTC,0.01,0.008399999999999474,LSTM-Vol+ACI
2026-06-11,BTC,0.025,0.020718749999999998,LSTM-Vol+ACI
2026-06-13,BTC,0.01,0.008424999999999473,LSTM-Vol+ACI
2026-06-16,BTC,0.025,0.020874999999999998,LSTM-Vol+ACI
2026-06-18,BTC,0.01,0.008449999999999472,LSTM-Vol+ACI
2026-06-21,BTC,0.025,0.021031249999999998,LSTM-Vol+ACI
2026-06-23,BTC,0.01,0.00847499999999947,LSTM-Vol+ACI
2026-06-26,BTC,0.025,0.021187499999999998,LSTM-Vol+ACI
2026-06-28,BTC,0.01,0.00849999999999947,LSTM-Vol+ACI
2026-07-01,BTC,0.025,0.021343749999999998,LSTM-Vol+ACI
2026-07-03,BTC,0.01,0.008524999999999469,LSTM-Vol+ACI
2026-07-06,BTC,0.025,0.0215,LSTM-Vol+ACI
2026-07-08,BTC,0.01,0.008549999999999468,LSTM-Vol+ACI
2026-07-11,BTC,0.025,0.02165625,LSTM-Vol+ACI
2026-07-13,BTC,0.01,0.008574999999999467,LSTM-Vol+ACI
2026-07-16,BTC,0.025,0.0218125,LSTM-Vol+ACI
2026-07-18,BTC,0.01,0.008599999999999466,LSTM-Vol+ACI
2026-07-21,BTC,0.025,0.02196875,LSTM-Vol+ACI
2026-07-23,BTC,0.01,0.008624999999999465,LSTM-Vol+ACI
2026-07-26,BTC,0.025,0.022125,LSTM-Vol+ACI
2026-07-28,BTC,0.01,0.008649999999999464,LSTM-Vol+ACI
2026-07-31,BTC,0.025,0.02228125,LSTM-Vol+ACI
2026-08-02,BTC,0.01,0.008674999999999463,LSTM-Vol+ACI
2026-08-05,BTC,0.025,0.0224375,LSTM-Vol+ACI
2026-08-07,BTC,0.01,0.008699999999999462,LSTM-Vol+ACI
2026-08-10,BTC,0.025,0.02259375,LSTM-Vol+ACI
2026-08-12,BTC,0.01,0.00872499999999946,LSTM-Vol+ACI
2026-08-15,BTC,0.025,0.02275,LSTM-Vol+ACI
2026-08-17,BTC,0.01,0.00874999999999946,LSTM-Vol+ACI
2026-08-20,BTC,0.025,0.02290625,LSTM-Vol+ACI
2026-08-22,BTC,0.01,0.008774999999999459,LSTM-Vol+ACI
2026-08-25,BTC,0.025,0.0230625,LSTM-Vol+ACI
2026-08-27,BTC,0.01,0.008799999999999458,LSTM-Vol+ACI
2026-08-30,BTC,0.025,0.02321875,LSTM-Vol+ACI
2026-09-01,BTC,0.01,0.008824999999999457,LSTM-Vol+ACI
2026-09-04,BTC,0.025,0.023375,LSTM-Vol+ACI
2026-09-06,BTC,0.01,0.008849999999999456,LSTM-Vol+ACI
2026-09-09,BTC,0.025,0.02353125,LSTM-Vol+ACI
2019-05-17,ETH,0.01,0.010005,HS+ACI
2019-05-20,ETH,0.025,0.025125,HS+ACI
2019-05-22,ETH,0.01,0.010029999999999999,HS+ACI
2019-05-25,ETH,0.025,0.02528125,HS+ACI
2019-05-27,ETH,0.01,0.010054999999999998,HS+ACI
2019-05-30,ETH,0.025,0.025437500000000002,HS+ACI
2019-06-01,ETH,0.01,0.010079999999999997,HS+ACI
2019-06-04,ETH,0.025,0.025593750000000002,HS+ACI
2019-06-06,ETH,0.01,0.010104999999999996,HS+ACI
2019-06-09,ETH,0.025,0.025750000000000002,HS+ACI
2019-06-11,ETH,0.01,0.010129999999999995,HS+ACI
2019-06-14,ETH,0.025,0.025906250000000002,HS+ACI
2019-06-16,ETH,0.01,0.010154999999999994,HS+ACI
2019-06-19,ETH,0.025,0.026062500000000002,HS+ACI
2019-06-21,ETH,0.01,0.010179999999999993,HS+ACI
2019-06-24,ETH,0.025,0.026218750000000002,HS+ACI
2019-06-26,ETH,0.01,0.010204999999999992,HS+ACI
2019-06-29,ETH,0.025,0.025125,HS+ACI
2019-07-01,ETH,0.01,0.01022999999999999,HS+ACI
2019-07-04,ETH,0.025,0.02528125,HS+ACI
2019-07-06,ETH,0.01,0.01025499999999999,HS+ACI
2019-07-09,ETH,0.025,0.025437500000000002,HS+ACI
2019-07-11,ETH,0.01,0.010279999999999989,HS+ACI
2019-07-14,ETH,0.025,0.02434375,HS+ACI
2019-07-16,ETH,0.01,0.009804999999999987,HS+ACI
2019-07-19,ETH,0.025,0.02325,HS+ACI
2019-07-21,ETH,0.01,0.009829999999999986,HS+ACI
2019-07-24,ETH,0.025,0.02340625,HS+ACI
2019-07-26,ETH,0.01,0.009854999999999985,HS+ACI
2019-07-29,ETH,0.025,0.0235625,HS+ACI
2019-07-31,ETH,0.01,0.009879999999999984,HS+ACI
2019-08-03,ETH,0.025,0.02371875,HS+ACI
2019-08-05,ETH,0.01,0.009904999999999983,HS+ACI
2019-08-08,ETH,0.025,0.023875,HS+ACI
2019-08-10,ETH,0.01,0.009929999999999982,HS+ACI
2019-08-13,ETH,0.025,0.02403125,HS+ACI
2019-08-15,ETH,0.01,0.009954999999999981,HS+ACI
2019-08-18,ETH,0.025,0.0241875,HS+ACI
2019-08-20,ETH,0.01,0.00997999999999998,HS+ACI
2019-08-23,ETH,0.025,0.02434375,HS+ACI
2019-08-25,ETH,0.01,0.01000499999999998,HS+ACI
2019-08-28,ETH,0.025,0.0245,HS+ACI
2019-08-30,ETH,0.01,0.010029999999999978,HS+ACI
2019-09-02,ETH,0.025,0.02465625,HS+ACI
2019-09-04,ETH,0.01,0.010054999999999977,HS+ACI
2019-09-07,ETH,0.025,0.0248125,HS+ACI
2019-09-09,ETH,0.01,0.010079999999999976,HS+ACI
2019-09-12,ETH,0.025,0.02496875,HS+ACI
2019-09-14,ETH,0.01,0.010104999999999975,HS+ACI
2019-09-17,ETH,0.025,0.025125,HS+ACI
2019-09-19,ETH,0.01,0.010129999999999974,HS+ACI
2019-09-22,ETH,0.025,0.02528125,HS+ACI
2019-09-24,ETH,0.01,0.009654999999999973,HS+ACI
2019-09-27,ETH,0.025,0.0241875,HS+ACI
2019-09-29,ETH,0.01,0.009679999999999972,HS+ACI
2019-10-02,ETH,0.025,0.02434375,HS+ACI
2019-10-04,ETH,0.01,0.00970499999999997,HS+ACI
2019-10-07,ETH,0.025,0.0245,HS+ACI
2019-10-09,ETH,0.01,0.00972999999999997,HS+ACI
2019-10-12,ETH,0.025,0.02465625,HS+ACI
2019-10-14,ETH,0.01,0.009754999999999969,HS+ACI
2019-10-17,ETH,0.025,0.0248125,HS+ACI
2019-10-19,ETH,0.01,0.009779999999999968,HS+ACI
2019-10-22,ETH,0.025,0.02496875,HS+ACI
2019-10-24,ETH,0.01,0.009804999999999967,HS+ACI
2019-10-27,ETH,0.025,0.025125,HS+ACI
2019-10-29,ETH,0.01,0.009829999999999966,HS+ACI
2019-11-01,ETH,0.025,0.02528125,HS+ACI
2019-11-03,ETH,0.01,0.009854999999999964,HS+ACI
2019-11-06,ETH,0.025,0.025437500000000002,HS+ACI
2019-11-08,ETH,0.01,0.009879999999999963,HS+ACI
2019-11-11,ETH,0.025,0.025593750000000002,HS+ACI
2019-11-13,ETH,0.01,0.009904999999999962,HS+ACI
2019-11-16,ETH,0.025,0.025750000000000002,HS+ACI
2019-11-18,ETH,0.01,0.009929999999999961,HS+ACI
2019-11-21,ETH,0.025,0.025906250000000002,HS+ACI
2019-11-23,ETH,0.01,0.00995499999999996,HS+ACI
2019-11-26,ETH,0.025,0.026062500000000002,HS+ACI
2019-11-28,ETH,0.01,0.00997999999999996,HS+ACI
2019-12-01,ETH,0.025,0.026218750000000002,HS+ACI
2019-12-03,ETH,0.01,0.010004999999999958,HS+ACI
2019-12-06,ETH,0.025,0.026375000000000003,HS+ACI
2019-12-08,ETH,0.01,0.010029999999999957,HS+ACI
2019-12-11,ETH,0.025,0.026531250000000003,HS+ACI
2019-12-13,ETH,0.01,0.010054999999999956,HS+ACI
2019-12-16,ETH,0.025,0.026687500000000003,HS+ACI
2019-12-18,ETH,0.01,0.010079999999999955,HS+ACI
2019-12-21,ETH,0.025,0.026843750000000003,HS+ACI
2019-12-23,ETH,0.01,0.010104999999999954,HS+ACI
2019-12-26,ETH,0.025,0.027000000000000003,HS+ACI
2019-12-28,ETH,0.01,0.010129999999999953,HS+ACI
2019-12-31,ETH,0.025,0.027156250000000003,HS+ACI
2020-01-02,ETH,0.01,0.010154999999999952,HS+ACI
2020-01-05,ETH,0.025,0.027312500000000003,HS+ACI
2020-01-07,ETH,0.01,0.010179999999999951,HS+ACI
2020-01-10,ETH,0.025,0.027468750000000004,HS+ACI
2020-01-12,ETH,0.01,0.01020499999999995,HS+ACI
2020-01-15,ETH,0.025,0.027625000000000004,HS+ACI
2020-01-17,ETH,0.01,0.01022999999999995,HS+ACI
2020-01-20,ETH,0.025,0.027781250000000004,HS+ACI
2020-01-22,ETH,0.01,0.010254999999999948,HS+ACI
2020-01-25,ETH,0.025,0.027937500000000004,HS+ACI
2020-01-27,ETH,0.01,0.010279999999999947,HS+ACI
2020-01-30,ETH,0.025,0.028093750000000004,HS+ACI
2020-02-01,ETH,0.01,0.010304999999999946,HS+ACI
2020-02-04,ETH,0.025,0.028250000000000004,HS+ACI
2020-02-06,ETH,0.01,0.010329999999999945,HS+ACI
2020-02-09,ETH,0.025,0.028406250000000004,HS+ACI
2020-02-11,ETH,0.01,0.010354999999999944,HS+ACI
2020-02-14,ETH,0.025,0.028562500000000005,HS+ACI
2020-02-16,ETH,0.01,0.010379999999999943,HS+ACI
2020-02-19,ETH,0.025,0.028718750000000005,HS+ACI
2020-02-21,ETH,0.01,0.010404999999999942,HS+ACI
2020-02-24,ETH,0.025,0.028875000000000005,HS+ACI
2020-02-26,ETH,0.01,0.010429999999999941,HS+ACI
2020-02-29,ETH,0.025,0.027781250000000004,HS+ACI
2020-03-02,ETH,0.01,0.01045499999999994,HS+ACI
2020-03-05,ETH,0.025,0.027937500000000004,HS+ACI
2020-03-07,ETH,0.01,0.010479999999999939,HS+ACI
2020-03-10,ETH,0.025,0.026843750000000003,HS+ACI
2020-03-12,ETH,0.01,0.009504999999999937,HS+ACI
2020-03-15,ETH,0.025,0.025750000000000002,HS+ACI
2020-03-17,ETH,0.01,0.009529999999999936,HS+ACI
2020-03-20,ETH,0.025,0.02465625,HS+ACI
2020-03-22,ETH,0.01,0.009554999999999935,HS+ACI
2020-03-25,ETH,0.025,0.0248125,HS+ACI
2020-03-27,ETH,0.01,0.009579999999999934,HS+ACI
2020-03-30,ETH,0.025,0.02496875,HS+ACI
2020-04-01,ETH,0.01,0.009604999999999933,HS+ACI
2020-04-04,ETH,0.025,0.025125,HS+ACI
2020-04-06,ETH,0.01,0.009629999999999932,HS+ACI
2020-04-09,ETH,0.025,0.02528125,HS+ACI
2020-04-11,ETH,0.01,0.009654999999999931,HS+ACI
2020-04-14,ETH,0.025,0.025437500000000002,HS+ACI
2020-04-16,ETH,0.01,0.00967999999999993,HS+ACI
2020-04-19,ETH,0.025,0.025593750000000002,HS+ACI
2020-04-21,ETH,0.01,0.009704999999999929,HS+ACI
2020-04-24,ETH,0.025,0.025750000000000002,HS+ACI
2020-04-26,ETH,0.01,0.009729999999999928,HS+ACI
2020-04-29,ETH,0.025,0.025906250000000002,HS+ACI
2020-05-01,ETH,0.01,0.009754999999999927,HS+ACI
2020-05-04,ETH,0.025,0.026062500000000002,HS+ACI
2020-05-06,ETH,0.01,0.009779999999999926,HS+ACI
2020-05-09,ETH,0.025,0.026218750000000002,HS+ACI
2020-05-11,ETH,0.01,0.009804999999999925,HS+ACI
2020-05-14,ETH,0.025,0.025125,HS+ACI
2020-05-16,ETH,0.01,0.009829999999999924,HS+ACI
2020-05-19,ETH,0.025,0.02528125,HS+ACI
2020-05-21,ETH,0.01,0.009854999999999923,HS+ACI
2020-05-24,ETH,0.025,0.025437500000000002,HS+ACI
2020-05-26,ETH,0.01,0.009879999999999922,HS+ACI
2020-05-29,ETH,0.025,0.025593750000000002,HS+ACI
2020-05-31,ETH,0.01,0.00990499999999992,HS+ACI
2020-06-03,ETH,0.025,0.025750000000000002,HS+ACI
2020-06-05,ETH,0.01,0.00992999999999992,HS+ACI
2020-06-08,ETH,0.025,0.025906250000000002,HS+ACI
2020-06-10,ETH,0.01,0.009954999999999919,HS+ACI
2020-06-13,ETH,0.025,0.026062500000000002,HS+ACI
2020-06-15,ETH,0.01,0.009979999999999918,HS+ACI
2020-06-18,ETH,0.025,0.026218750000000002,HS+ACI
2020-06-20,ETH,0.01,0.010004999999999917,HS+ACI
2020-06-23,ETH,0.025,0.026375000000000003,HS+ACI
2020-06-25,ETH,0.01,0.010029999999999916,HS+ACI
2020-06-28,ETH,0.025,0.026531250000000003,HS+ACI
2020-06-30,ETH,0.01,0.010054999999999915,HS+ACI
2020-07-03,ETH,0.025,0.026687500000000003,HS+ACI
2020-07-05,ETH,0.01,0.010079999999999914,HS+ACI
2020-07-08,ETH,0.025,0.026843750000000003,HS+ACI
2020-07-10,ETH,0.01,0.010104999999999913,HS+ACI
2020-07-13,ETH,0.025,0.027000000000000003,HS+ACI
2020-07-15,ETH,0.01,0.010129999999999912,HS+ACI
2020-07-18,ETH,0.025,0.027156250000000003,HS+ACI
2020-07-20,ETH,0.01,0.01015499999999991,HS+ACI
2020-07-23,ETH,0.025,0.027312500000000003,HS+ACI
2020-07-25,ETH,0.01,0.01017999999999991,HS+ACI
2020-07-28,ETH,0.025,0.027468750000000004,HS+ACI
2020-07-30,ETH,0.01,0.010204999999999909,HS+ACI
2020-08-02,ETH,0.025,0.027625000000000004,HS+ACI
2020-08-04,ETH,0.01,0.010229999999999908,HS+ACI
2020-08-07,ETH,0.025,0.027781250000000004,HS+ACI
2020-08-09,ETH,0.01,0.010254999999999907,HS+ACI
2020-08-12,ETH,0.025,0.027937500000000004,HS+ACI
2020-08-14,ETH,0.01,0.010279999999999906,HS+ACI
2020-08-17,ETH,0.025,0.028093750000000004,HS+ACI
2020-08-19,ETH,0.01,0.010304999999999905,HS+ACI
2020-08-22,ETH,0.025,0.028250000000000004,HS+ACI
2020-08-24,ETH,0.01,0.010329999999999903,HS+ACI
2020-08-27,ETH,0.025,0.028406250000000004,HS+ACI
2020-08-29,ETH,0.01,0.010354999999999902,HS+ACI
2020-09-01,ETH,0.025,0.028562500000000005,HS+ACI
2020-09-03,ETH,0.01,0.009879999999999901,HS+ACI
2020-09-06,ETH,0.025,0.02496875,HS+ACI
2020-09-08,ETH,0.01,0.0094049999999999,HS+ACI
2020-09-11,ETH,0.025,0.025125,HS+ACI
2020-09-13,ETH,0.01,0.009429999999999899,HS+ACI
2020-09-16,ETH,0.025,0.02528125,HS+ACI
2020-09-18,ETH,0.01,0.009454999999999898,HS+ACI
2020-09-21,ETH,0.025,0.025437500000000002,HS+ACI
2020-09-23,ETH,0.01,0.009479999999999896,HS+ACI
2020-09-26,ETH,0.025,0.025593750000000002,HS+ACI
2020-09-28,ETH,0.01,0.009504999999999895,HS+ACI
2020-10-01,ETH,0.025,0.025750000000000002,HS+ACI
2020-10-03,ETH,0.01,0.009529999999999894,HS+ACI
2020-10-06,ETH,0.025,0.025906250000000002,HS+ACI
2020-10-08,ETH,0.01,0.009554999999999893,HS+ACI
2020-10-11,ETH,0.025,0.026062500000000002,HS+ACI
2020-10-13,ETH,0.01,0.009579999999999892,HS+ACI
2020-10-16,ETH,0.025,0.026218750000000002,HS+ACI
2020-10-18,ETH,0.01,0.009604999999999891,HS+ACI
2020-10-21,ETH,0.025,0.026375000000000003,HS+ACI
2020-10-23,ETH,0.01,0.00962999999999989,HS+ACI
2020-10-26,ETH,0.025,0.026531250000000003,HS+ACI
2020-10-28,ETH,0.01,0.00965499999999989,HS+ACI
2020-10-31,ETH,0.025,0.026687500000000003,HS+ACI
2020-11-02,ETH,0.01,0.009679999999999888,HS+ACI
2020-11-05,ETH,0.025,0.026843750000000003,HS+ACI
2020-11-07,ETH,0.01,0.009704999999999887,HS+ACI
2020-11-10,ETH,0.025,0.027000000000000003,HS+ACI
2020-11-12,ETH,0.01,0.009729999999999886,HS+ACI
2020-11-15,ETH,0.025,0.027156250000000003,HS+ACI
2020-11-17,ETH,0.01,0.009754999999999885,HS+ACI
2020-11-20,ETH,0.025,0.027312500000000003,HS+ACI
2020-11-22,ETH,0.01,0.009779999999999884,HS+ACI
2020-11-25,ETH,0.025,0.027468750000000004,HS+ACI
2020-11-27,ETH,0.01,0.009804999999999883,HS+ACI
2020-11-30,ETH,0.025,0.026375000000000003,HS+ACI
2020-12-02,ETH,0.01,0.009829999999999882,HS+ACI
2020-12-05,ETH,0.025,0.026531250000000003,HS+ACI
2020-12-07,ETH,0.01,0.009854999999999881,HS+ACI
2020-12-10,ETH,0.025,0.026687500000000003,HS+ACI
2020-12-12,ETH,0.01,0.00987999999999988,HS+ACI
2020-12-15,ETH,0.025,0.026843750000000003,HS+ACI
2020-12-17,ETH,0.01,0.00990499999999988,HS+ACI
2020-12-20,ETH,0.025,0.027000000000000003,HS+ACI
2020-12-22,ETH,0.01,0.009929999999999878,HS+ACI
2020-12-25,ETH,0.025,0.027156250000000003,HS+ACI
2020-12-27,ETH,0.01,0.009954999999999877,HS+ACI
2020-12-30,ETH,0.025,0.027312500000000003,HS+ACI
2021-01-01,ETH,0.01,0.009979999999999876,HS+ACI
2021-01-04,ETH,0.025,0.027468750000000004,HS+ACI
2021-01-06,ETH,0.01,0.010004999999999875,HS+ACI
2021-01-09,ETH,0.025,0.027625000000000004,HS+ACI
2021-01-11,ETH,0.01,0.009529999999999874,HS+ACI
2021-01-14,ETH,0.025,0.026531250000000003,HS+ACI
2021-01-16,ETH,0.01,0.009554999999999873,HS+ACI
2021-01-19,ETH,0.025,0.026687500000000003,HS+ACI
2021-01-21,ETH,0.01,0.009079999999999871,HS+ACI
2021-01-24,ETH,0.025,0.025593750000000002,HS+ACI
2021-01-26,ETH,0.01,0.00910499999999987,HS+ACI
2021-01-29,ETH,0.025,0.0245,HS+ACI
2021-01-31,ETH,0.01,0.009129999999999869,HS+ACI
2021-02-03,ETH,0.025,0.02465625,HS+ACI
2021-02-05,ETH,0.01,0.009154999999999868,HS+ACI
2021-02-08,ETH,0.025,0.0248125,HS+ACI
2021-02-10,ETH,0.01,0.009179999999999867,HS+ACI
2021-02-13,ETH,0.025,0.02496875,HS+ACI
2021-02-15,ETH,0.01,0.009204999999999866,HS+ACI
2021-02-18,ETH,0.025,0.025125,HS+ACI
2021-02-20,ETH,0.01,0.009229999999999865,HS+ACI
2021-02-23,ETH,0.025,0.02278125,HS+ACI
2021-02-25,ETH,0.01,0.009254999999999864,HS+ACI
2021-02-28,ETH,0.025,0.0229375,HS+ACI
2021-03-02,ETH,0.01,0.009279999999999863,HS+ACI
2021-03-05,ETH,0.025,0.02309375,HS+ACI
2021-03-07,ETH,0.01,0.009304999999999862,HS+ACI
2021-03-10,ETH,0.025,0.02325,HS+ACI
2021-03-12,ETH,0.01,0.009329999999999861,HS+ACI
2021-03-15,ETH,0.025,0.02340625,HS+ACI
2021-03-17,ETH,0.01,0.00935499999999986,HS+ACI
2021-03-20,ETH,0.025,0.0235625,HS+ACI
2021-03-22,ETH,0.01,0.009379999999999859,HS+ACI
2021-03-25,ETH,0.025,0.02371875,HS+ACI
2021-03-27,ETH,0.01,0.009404999999999858,HS+ACI
2021-03-30,ETH,0.025,0.023875,HS+ACI
2021-04-01,ETH,0.01,0.009429999999999857,HS+ACI
2021-04-04,ETH,0.025,0.02403125,HS+ACI
2021-04-06,ETH,0.01,0.009454999999999856,HS+ACI
2021-04-09,ETH,0.025,0.0241875,HS+ACI
2021-04-11,ETH,0.01,0.009479999999999855,HS+ACI
2021-04-14,ETH,0.025,0.02434375,HS+ACI
2021-04-16,ETH,0.01,0.009504999999999854,HS+ACI
2021-04-19,ETH,0.025,0.0245,HS+ACI
2021-04-21,ETH,0.01,0.009529999999999853,HS+ACI
2021-04-24,ETH,0.025,0.02465625,HS+ACI
2021-04-26,ETH,0.01,0.009554999999999852,HS+ACI
2021-04-29,ETH,0.025,0.0248125,HS+ACI
2021-05-01,ETH,0.01,0.00957999999999985,HS+ACI
2021-05-04,ETH,0.025,0.02496875,HS+ACI
2021-05-06,ETH,0.01,0.00960499999999985,HS+ACI
2021-05-09,ETH,0.025,0.025125,HS+ACI
2021-05-11,ETH,0.01,0.009629999999999849,HS+ACI
2021-05-14,ETH,0.025,0.02528125,HS+ACI
2021-05-16,ETH,0.01,0.009654999999999848,HS+ACI
2021-05-19,ETH,0.025,0.0229375,HS+ACI
2021-05-21,ETH,0.01,0.009179999999999846,HS+ACI
2021-05-24,ETH,0.025,0.02184375,HS+ACI
2021-05-26,ETH,0.01,0.009204999999999845,HS+ACI
2021-05-29,ETH,0.025,0.020749999999999998,HS+ACI
2021-05-31,ETH,0.01,0.009229999999999844,HS+ACI
2021-06-03,ETH,0.025,0.020906249999999998,HS+ACI
2021-06-05,ETH,0.01,0.009254999999999843,HS+ACI
2021-06-08,ETH,0.025,0.021062499999999998,HS+ACI
2021-06-10,ETH,0.01,0.009279999999999842,HS+ACI
2021-06-13,ETH,0.025,0.021218749999999998,HS+ACI
2021-06-15,ETH,0.01,0.009304999999999841,HS+ACI
2021-06-18,ETH,0.025,0.021374999999999998,HS+ACI
2021-06-20,ETH,0.01,0.00932999999999984,HS+ACI
2021-06-23,ETH,0.025,0.020281249999999997,HS+ACI
2021-06-25,ETH,0.01,0.008854999999999839,HS+ACI
2021-06-28,ETH,0.025,0.020437499999999997,HS+ACI
2021-06-30,ETH,0.01,0.008879999999999838,HS+ACI
2021-07-03,ETH,0.025,0.020593749999999997,HS+ACI
2021-07-05,ETH,0.01,0.008904999999999837,HS+ACI
2021-07-08,ETH,0.025,0.020749999999999998,HS+ACI
2021-07-10,ETH,0.01,0.008929999999999836,HS+ACI
2021-07-13,ETH,0.025,0.020906249999999998,HS+ACI
2021-07-15,ETH,0.01,0.008954999999999835,HS+ACI
2021-07-18,ETH,0.025,0.021062499999999998,HS+ACI
2021-07-20,ETH,0.01,0.008979999999999834,HS+ACI
2021-07-23,ETH,0.025,0.021218749999999998,HS+ACI
2021-07-25,ETH,0.01,0.009004999999999833,HS+ACI
2021-07-28,ETH,0.025,0.021374999999999998,HS+ACI
2021-07-30,ETH,0.01,0.009029999999999832,HS+ACI
2021-08-02,ETH,0.025,0.02153125,HS+ACI
2021-08-04,ETH,0.01,0.00905499999999983,HS+ACI
2021-08-07,ETH,0.025,0.0216875,HS+ACI
2021-08-09,ETH,0.01,0.00907999999999983,HS+ACI
2021-08-12,ETH,0.025,0.02184375,HS+ACI
2021-08-14,ETH,0.01,0.009104999999999829,HS+ACI
2021-08-17,ETH,0.025,0.022,HS+ACI
2021-08-19,ETH,0.01,0.009129999999999827,HS+ACI
2021-08-22,ETH,0.025,0.02215625,HS+ACI
2021-08-24,ETH,0.01,0.009154999999999826,HS+ACI
2021-08-27,ETH,0.025,0.0223125,HS+ACI
2021-08-29,ETH,0.01,0.009179999999999825,HS+ACI
2021-09-01,ETH,0.025,0.02246875,HS+ACI
2021-09-03,ETH,0.01,0.009204999999999824,HS+ACI
2021-09-06,ETH,0.025,0.022625,HS+ACI
2021-09-08,ETH,0.01,0.009229999999999823,HS+ACI
2021-09-11,ETH,0.025,0.02153125,HS+ACI
2021-09-13,ETH,0.01,0.009254999999999822,HS+ACI
2021-09-16,ETH,0.025,0.0216875,HS+ACI
2021-09-18,ETH,0.01,0.009279999999999821,HS+ACI
2021-09-21,ETH,0.025,0.02184375,HS+ACI
2021-09-23,ETH,0.01,0.00930499999999982,HS+ACI
2021-09-26,ETH,0.025,0.022,HS+ACI
2021-09-28,ETH,0.01,0.00932999999999982,HS+ACI
2021-10-01,ETH,0.025,0.02215625,HS+ACI
2021-10-03,ETH,0.01,0.009354999999999818,HS+ACI
2021-10-06,ETH,0.025,0.0223125,HS+ACI
2021-10-08,ETH,0.01,0.009379999999999817,HS+ACI
2021-10-11,ETH,0.025,0.02246875,HS+ACI
2021-10-13,ETH,0.01,0.009404999999999816,HS+ACI
2021-10-16,ETH,0.025,0.022625,HS+ACI
2021-10-18,ETH,0.01,0.009429999999999815,HS+ACI
2021-10-21,ETH,0.025,0.02278125,HS+ACI
2021-10-23,ETH,0.01,0.009454999999999814,HS+ACI
2021-10-26,ETH,0.025,0.0229375,HS+ACI
2021-10-28,ETH,0.01,0.009479999999999813,HS+ACI
2021-10-31,ETH,0.025,0.02309375,HS+ACI
2021-11-02,ETH,0.01,0.009504999999999812,HS+ACI
2021-11-05,ETH,0.025,0.02325,HS+ACI
2021-11-07,ETH,0.01,0.009529999999999811,HS+ACI
2021-11-10,ETH,0.025,0.02340625,HS+ACI
2021-11-12,ETH,0.01,0.00955499999999981,HS+ACI
2021-11-15,ETH,0.025,0.0235625,HS+ACI
2021-11-17,ETH,0.01,0.00957999999999981,HS+ACI
2021-11-20,ETH,0.025,0.02371875,HS+ACI
2021-11-22,ETH,0.01,0.009604999999999808,HS+ACI
2021-11-25,ETH,0.025,0.023875,HS+ACI
2021-11-27,ETH,0.01,0.009629999999999807,HS+ACI
2021-11-30,ETH,0.025,0.02278125,HS+ACI
2021-12-02,ETH,0.01,0.009654999999999806,HS+ACI
2021-12-05,ETH,0.025,0.0229375,HS+ACI
2021-12-07,ETH,0.01,0.009679999999999805,HS+ACI
2021-12-10,ETH,0.025,0.02309375,HS+ACI
2021-12-12,ETH,0.01,0.009704999999999804,HS+ACI
2021-12-15,ETH,0.025,0.02325,HS+ACI
2021-12-17,ETH,0.01,0.009729999999999803,HS+ACI
2021-12-20,ETH,0.025,0.02340625,HS+ACI
2021-12-22,ETH,0.01,0.009754999999999802,HS+ACI
2021-12-25,ETH,0.025,0.0235625,HS+ACI
2021-12-27,ETH,0.01,0.009779999999999801,HS+ACI
2021-12-30,ETH,0.025,0.02371875,HS+ACI
2022-01-01,ETH,0.01,0.0098049999999998,HS+ACI
2022-01-04,ETH,0.025,0.023875,HS+ACI
2022-01-06,ETH,0.01,0.009829999999999799,HS+ACI
2022-01-09,ETH,0.025,0.02403125,HS+ACI
2022-01-11,ETH,0.01,0.009854999999999798,HS+ACI
2022-01-14,ETH,0.025,0.0241875,HS+ACI
2022-01-16,ETH,0.01,0.009879999999999797,HS+ACI
2022-01-19,ETH,0.025,0.02434375,HS+ACI
2022-01-21,ETH,0.01,0.009404999999999795,HS+ACI
2022-01-24,ETH,0.025,0.02325,HS+ACI
2022-01-26,ETH,0.01,0.009429999999999794,HS+ACI
2022-01-29,ETH,0.025,0.02340625,HS+ACI
2022-01-31,ETH,0.01,0.009454999999999793,HS+ACI
2022-02-03,ETH,0.025,0.0235625,HS+ACI
2022-02-05,ETH,0.01,0.009479999999999792,HS+ACI
2022-02-08,ETH,0.025,0.02371875,HS+ACI
2022-02-10,ETH,0.01,0.009504999999999791,HS+ACI
2022-02-13,ETH,0.025,0.023875,HS+ACI
2022-02-15,ETH,0.01,0.00952999999999979,HS+ACI
2022-02-18,ETH,0.025,0.02403125,HS+ACI
2022-02-20,ETH,0.01,0.00955499999999979,HS+ACI
2022-02-23,ETH,0.025,0.0241875,HS+ACI
2022-02-25,ETH,0.01,0.009579999999999788,HS+ACI
2022-02-28,ETH,0.025,0.02434375,HS+ACI
2022-03-02,ETH,0.01,0.009604999999999787,HS+ACI
2022-03-05,ETH,0.025,0.0245,HS+ACI
2022-03-07,ETH,0.01,0.009629999999999786,HS+ACI
2022-03-10,ETH,0.025,0.02465625,HS+ACI
2022-03-12,ETH,0.01,0.009654999999999785,HS+ACI
2022-03-15,ETH,0.025,0.0248125,HS+ACI
2022-03-17,ETH,0.01,0.009679999999999784,HS+ACI
2022-03-20,ETH,0.025,0.02496875,HS+ACI
2022-03-22,ETH,0.01,0.009704999999999783,HS+ACI
2022-03-25,ETH,0.025,0.025125,HS+ACI
2022-03-27,ETH,0.01,0.009729999999999782,HS+ACI
2022-03-30,ETH,0.025,0.02528125,HS+ACI
2022-04-01,ETH,0.01,0.009754999999999781,HS+ACI
2022-04-04,ETH,0.025,0.025437500000000002,HS+ACI
2022-04-06,ETH,0.01,0.00977999999999978,HS+ACI
2022-04-09,ETH,0.025,0.025593750000000002,HS+ACI
2022-04-11,ETH,0.01,0.00980499999999978,HS+ACI
2022-04-14,ETH,0.025,0.025750000000000002,HS+ACI
2022-04-16,ETH,0.01,0.009829999999999778,HS+ACI
2022-04-19,ETH,0.025,0.025906250000000002,HS+ACI
2022-04-21,ETH,0.01,0.009854999999999777,HS+ACI
2022-04-24,ETH,0.025,0.026062500000000002,HS+ACI
2022-04-26,ETH,0.01,0.009879999999999776,HS+ACI
2022-04-29,ETH,0.025,0.026218750000000002,HS+ACI
2022-05-01,ETH,0.01,0.009904999999999775,HS+ACI
2022-05-04,ETH,0.025,0.026375000000000003,HS+ACI
2022-05-06,ETH,0.01,0.009929999999999774,HS+ACI
2022-05-09,ETH,0.025,0.02528125,HS+ACI
2022-05-11,ETH,0.01,0.009954999999999773,HS+ACI
2022-05-14,ETH,0.025,0.0241875,HS+ACI
2022-05-16,ETH,0.01,0.009979999999999772,HS+ACI
2022-05-19,ETH,0.025,0.02434375,HS+ACI
2022-05-21,ETH,0.01,0.010004999999999771,HS+ACI
2022-05-24,ETH,0.025,0.0245,HS+ACI
2022-05-26,ETH,0.01,0.01002999999999977,HS+ACI
2022-05-29,ETH,0.025,0.02465625,HS+ACI
2022-05-31,ETH,0.01,0.010054999999999769,HS+ACI
2022-06-03,ETH,0.025,0.0248125,HS+ACI
2022-06-05,ETH,0.01,0.010079999999999768,HS+ACI
2022-06-08,ETH,0.025,0.02496875,HS+ACI
2022-06-10,ETH,0.01,0.010104999999999767,HS+ACI
2022-06-13,ETH,0.025,0.023875,HS+ACI
2022-06-15,ETH,0.01,0.009629999999999765,HS+ACI
2022-06-18,ETH,0.025,0.02278125,HS+ACI
2022-06-20,ETH,0.01,0.009154999999999764,HS+ACI
2022-06-23,ETH,0.025,0.0229375,HS+ACI
2022-06-25,ETH,0.01,0.009179999999999763,HS+ACI
2022-06-28,ETH,0.025,0.02309375,HS+ACI
2022-06-30,ETH,0.01,0.009204999999999762,HS+ACI
2022-07-03,ETH,0.025,0.02325,HS+ACI
2022-07-05,ETH,0.01,0.009229999999999761,HS+ACI
2022-07-08,ETH,0.025,0.02340625,HS+ACI
2022-07-10,ETH,0.01,0.00925499999999976,HS+ACI
2022-07-13,ETH,0.025,0.0235625,HS+ACI
2022-07-15,ETH,0.01,0.009279999999999759,HS+ACI
2022-07-18,ETH,0.025,0.02371875,HS+ACI
2022-07-20,ETH,0.01,0.009304999999999758,HS+ACI
2022-07-23,ETH,0.025,0.023875,HS+ACI
2022-07-25,ETH,0.01,0.009329999999999757,HS+ACI
2022-07-28,ETH,0.025,0.02403125,HS+ACI
2022-07-30,ETH,0.01,0.009354999999999756,HS+ACI
2022-08-02,ETH,0.025,0.0241875,HS+ACI
2022-08-04,ETH,0.01,0.009379999999999755,HS+ACI
2022-08-07,ETH,0.025,0.02434375,HS+ACI
2022-08-09,ETH,0.01,0.009404999999999754,HS+ACI
2022-08-12,ETH,0.025,0.0245,HS+ACI
2022-08-14,ETH,0.01,0.009429999999999753,HS+ACI
2022-08-17,ETH,0.025,0.02465625,HS+ACI
2022-08-19,ETH,0.01,0.009454999999999752,HS+ACI
2022-08-22,ETH,0.025,0.0235625,HS+ACI
2022-08-24,ETH,0.01,0.00947999999999975,HS+ACI
2022-08-27,ETH,0.025,0.02246875,HS+ACI
2022-08-29,ETH,0.01,0.00950499999999975,HS+ACI
2022-09-01,ETH,0.025,0.022625,HS+ACI
2022-09-03,ETH,0.01,0.009529999999999749,HS+ACI
2022-09-06,ETH,0.025,0.02278125,HS+ACI
2022-09-08,ETH,0.01,0.009554999999999748,HS+ACI
2022-09-11,ETH,0.025,0.0229375,HS+ACI
2022-09-13,ETH,0.01,0.009579999999999747,HS+ACI
2022-09-16,ETH,0.025,0.02309375,HS+ACI
2022-09-18,ETH,0.01,0.009604999999999746,HS+ACI
2022-09-21,ETH,0.025,0.02325,HS+ACI
2022-09-23,ETH,0.01,0.009629999999999745,HS+ACI
2022-09-26,ETH,0.025,0.02340625,HS+ACI
2022-09-28,ETH,0.01,0.009654999999999744,HS+ACI
2022-10-01,ETH,0.025,0.0235625,HS+ACI
2022-10-03,ETH,0.01,0.009679999999999743,HS+ACI
2022-10-06,ETH,0.025,0.02371875,HS+ACI
2022-10-08,ETH,0.01,0.009704999999999742,HS+ACI
2022-10-11,ETH,0.025,0.023875,HS+ACI
2022-10-13,ETH,0.01,0.00972999999999974,HS+ACI
2022-10-16,ETH,0.025,0.02403125,HS+ACI
2022-10-18,ETH,0.01,0.00975499999999974,HS+ACI
2022-10-21,ETH,0.025,0.0241875,HS+ACI
2022-10-23,ETH,0.01,0.009779999999999739,HS+ACI
2022-10-26,ETH,0.025,0.02434375,HS+ACI
2022-10-28,ETH,0.01,0.009804999999999738,HS+ACI
2022-10-31,ETH,0.025,0.0245,HS+ACI
2022-11-02,ETH,0.01,0.009829999999999737,HS+ACI
2022-11-05,ETH,0.025,0.02465625,HS+ACI
2022-11-07,ETH,0.01,0.009854999999999735,HS+ACI
2022-11-10,ETH,0.025,0.0223125,HS+ACI
2022-11-12,ETH,0.01,0.008879999999999734,HS+ACI
2022-11-15,ETH,0.025,0.02246875,HS+ACI
2022-11-17,ETH,0.01,0.008904999999999733,HS+ACI
2022-11-20,ETH,0.025,0.022625,HS+ACI
2022-11-22,ETH,0.01,0.008929999999999732,HS+ACI
2022-11-25,ETH,0.025,0.02278125,HS+ACI
2022-11-27,ETH,0.01,0.00895499999999973,HS+ACI
2022-11-30,ETH,0.025,0.0229375,HS+ACI
2022-12-02,ETH,0.01,0.00897999999999973,HS+ACI
2022-12-05,ETH,0.025,0.02309375,HS+ACI
2022-12-07,ETH,0.01,0.009004999999999728,HS+ACI
2022-12-10,ETH,0.025,0.02325,HS+ACI
2022-12-12,ETH,0.01,0.009029999999999727,HS+ACI
2022-12-15,ETH,0.025,0.02340625,HS+ACI
2022-12-17,ETH,0.01,0.009054999999999726,HS+ACI
2022-12-20,ETH,0.025,0.0235625,HS+ACI
2022-12-22,ETH,0.01,0.009079999999999725,HS+ACI
2022-12-25,ETH,0.025,0.02371875,HS+ACI
2022-12-27,ETH,0.01,0.009104999999999724,HS+ACI
2022-12-30,ETH,0.025,0.023875,HS+ACI
2023-01-01,ETH,0.01,0.009129999999999723,HS+ACI
2023-01-04,ETH,0.025,0.02403125,HS+ACI
2023-01-06,ETH,0.01,0.009154999999999722,HS+ACI
2023-01-09,ETH,0.025,0.0241875,HS+ACI
2023-01-11,ETH,0.01,0.009179999999999721,HS+ACI
2023-01-14,ETH,0.025,0.02434375,HS+ACI
2023-01-16,ETH,0.01,0.00920499999999972,HS+ACI
2023-01-19,ETH,0.025,0.0245,HS+ACI
2023-01-21,ETH,0.01,0.00922999999999972,HS+ACI
2023-01-24,ETH,0.025,0.02465625,HS+ACI
2023-01-26,ETH,0.01,0.009254999999999718,HS+ACI
2023-01-29,ETH,0.025,0.0248125,HS+ACI
2023-01-31,ETH,0.01,0.009279999999999717,HS+ACI
2023-02-03,ETH,0.025,0.02496875,HS+ACI
2023-02-05,ETH,0.01,0.009304999999999716,HS+ACI
2023-02-08,ETH,0.025,0.025125,HS+ACI
2023-02-10,ETH,0.01,0.009329999999999715,HS+ACI
2023-02-13,ETH,0.025,0.02528125,HS+ACI
2023-02-15,ETH,0.01,0.009354999999999714,HS+ACI
2023-02-18,ETH,0.025,0.025437500000000002,HS+ACI
2023-02-20,ETH,0.01,0.009379999999999713,HS+ACI
2023-02-23,ETH,0.025,0.025593750000000002,HS+ACI
2023-02-25,ETH,0.01,0.009404999999999712,HS+ACI
2023-02-28,ETH,0.025,0.025750000000000002,HS+ACI
2023-03-02,ETH,0.01,0.009429999999999711,HS+ACI
2023-03-05,ETH,0.025,0.025906250000000002,HS+ACI
2023-03-07,ETH,0.01,0.00945499999999971,HS+ACI
2023-03-10,ETH,0.025,0.026062500000000002,HS+ACI
2023-03-12,ETH,0.01,0.00947999999999971,HS+ACI
2023-03-15,ETH,0.025,0.026218750000000002,HS+ACI
2023-03-17,ETH,0.01,0.009504999999999708,HS+ACI
2023-03-20,ETH,0.025,0.026375000000000003,HS+ACI
2023-03-22,ETH,0.01,0.009529999999999707,HS+ACI
2023-03-25,ETH,0.025,0.026531250000000003,HS+ACI
2023-03-27,ETH,0.01,0.009554999999999706,HS+ACI
2023-03-30,ETH,0.025,0.026687500000000003,HS+ACI
2023-04-01,ETH,0.01,0.009579999999999705,HS+ACI
2023-04-04,ETH,0.025,0.026843750000000003,HS+ACI
2023-04-06,ETH,0.01,0.009604999999999704,HS+ACI
2023-04-09,ETH,0.025,0.027000000000000003,HS+ACI
2023-04-11,ETH,0.01,0.009629999999999703,HS+ACI
2023-04-14,ETH,0.025,0.027156250000000003,HS+ACI
2023-04-16,ETH,0.01,0.009654999999999702,HS+ACI
2023-04-19,ETH,0.025,0.027312500000000003,HS+ACI
2023-04-21,ETH,0.01,0.009679999999999701,HS+ACI
2023-04-24,ETH,0.025,0.027468750000000004,HS+ACI
2023-04-26,ETH,0.01,0.0097049999999997,HS+ACI
2023-04-29,ETH,0.025,0.027625000000000004,HS+ACI
2023-05-01,ETH,0.01,0.009729999999999699,HS+ACI
2023-05-04,ETH,0.025,0.027781250000000004,HS+ACI
2023-05-06,ETH,0.01,0.009754999999999698,HS+ACI
2023-05-09,ETH,0.025,0.027937500000000004,HS+ACI
2023-05-11,ETH,0.01,0.009779999999999697,HS+ACI
2023-05-14,ETH,0.025,0.028093750000000004,HS+ACI
2023-05-16,ETH,0.01,0.009804999999999696,HS+ACI
2023-05-19,ETH,0.025,0.028250000000000004,HS+ACI
2023-05-21,ETH,0.01,0.009829999999999695,HS+ACI
2023-05-24,ETH,0.025,0.028406250000000004,HS+ACI
2023-05-26,ETH,0.01,0.009854999999999694,HS+ACI
2023-05-29,ETH,0.025,0.028562500000000005,HS+ACI
2023-05-31,ETH,0.01,0.009879999999999693,HS+ACI
2023-06-03,ETH,0.025,0.028718750000000005,HS+ACI
2023-06-05,ETH,0.01,0.009904999999999692,HS+ACI
2023-06-08,ETH,0.025,0.028875000000000005,HS+ACI
2023-06-10,ETH,0.01,0.00992999999999969,HS+ACI
2023-06-13,ETH,0.025,0.029031250000000005,HS+ACI
2023-06-15,ETH,0.01,0.00995499999999969,HS+ACI
2023-06-18,ETH,0.025,0.029187500000000005,HS+ACI
2023-06-20,ETH,0.01,0.009979999999999689,HS+ACI
2023-06-23,ETH,0.025,0.029343750000000005,HS+ACI
2023-06-25,ETH,0.01,0.010004999999999688,HS+ACI
2023-06-28,ETH,0.025,0.029500000000000005,HS+ACI
2023-06-30,ETH,0.01,0.010029999999999687,HS+ACI
2023-07-03,ETH,0.025,0.029656250000000006,HS+ACI
2023-07-05,ETH,0.01,0.010054999999999686,HS+ACI
2023-07-08,ETH,0.025,0.029812500000000006,HS+ACI
2023-07-10,ETH,0.01,0.010079999999999685,HS+ACI
2023-07-13,ETH,0.025,0.029968750000000006,HS+ACI
2023-07-15,ETH,0.01,0.010104999999999684,HS+ACI
2023-07-18,ETH,0.025,0.030125000000000006,HS+ACI
2023-07-20,ETH,0.01,0.010129999999999683,HS+ACI
2023-07-23,ETH,0.025,0.030281250000000006,HS+ACI
2023-07-25,ETH,0.01,0.010154999999999682,HS+ACI
2023-07-28,ETH,0.025,0.030437500000000006,HS+ACI
2023-07-30,ETH,0.01,0.01017999999999968,HS+ACI
2023-08-02,ETH,0.025,0.030593750000000006,HS+ACI
2023-08-04,ETH,0.01,0.01020499999999968,HS+ACI
2023-08-07,ETH,0.025,0.030750000000000006,HS+ACI
2023-08-09,ETH,0.01,0.010229999999999679,HS+ACI
2023-08-12,ETH,0.025,0.030906250000000007,HS+ACI
2023-08-14,ETH,0.01,0.010254999999999678,HS+ACI
2023-08-17,ETH,0.025,0.031062500000000007,HS+ACI
2023-08-19,ETH,0.01,0.010279999999999677,HS+ACI
2023-08-22,ETH,0.025,0.031218750000000007,HS+ACI
2023-08-24,ETH,0.01,0.010304999999999676,HS+ACI
2023-08-27,ETH,0.025,0.03137499999999999,HS+ACI
2023-08-29,ETH,0.01,0.010329999999999675,HS+ACI
2023-09-01,ETH,0.025,0.031531249999999976,HS+ACI
2023-09-03,ETH,0.01,0.010354999999999673,HS+ACI
2023-09-06,ETH,0.025,0.03168749999999996,HS+ACI
2023-09-08,ETH,0.01,0.010379999999999672,HS+ACI
2023-09-11,ETH,0.025,0.03184374999999994,HS+ACI
2023-09-13,ETH,0.01,0.010404999999999671,HS+ACI
2023-09-16,ETH,0.025,0.031999999999999924,HS+ACI
2023-09-18,ETH,0.01,0.01042999999999967,HS+ACI
2023-09-21,ETH,0.025,0.03215624999999991,HS+ACI
2023-09-23,ETH,0.01,0.01045499999999967,HS+ACI
2023-09-26,ETH,0.025,0.03231249999999989,HS+ACI
2023-09-28,ETH,0.01,0.010479999999999668,HS+ACI
2023-10-01,ETH,0.025,0.03246874999999987,HS+ACI
2023-10-03,ETH,0.01,0.010504999999999667,HS+ACI
2023-10-06,ETH,0.025,0.032624999999999856,HS+ACI
2023-10-08,ETH,0.01,0.010529999999999666,HS+ACI
2023-10-11,ETH,0.025,0.03278124999999984,HS+ACI
2023-10-13,ETH,0.01,0.010554999999999665,HS+ACI
2023-10-16,ETH,0.025,0.03293749999999982,HS+ACI
2023-10-18,ETH,0.01,0.010579999999999664,HS+ACI
2023-10-21,ETH,0.025,0.033093749999999804,HS+ACI
2023-10-23,ETH,0.01,0.010604999999999663,HS+ACI
2023-10-26,ETH,0.025,0.03324999999999979,HS+ACI
2023-10-28,ETH,0.01,0.010629999999999662,HS+ACI
2023-10-31,ETH,0.025,0.03340624999999977,HS+ACI
2023-11-02,ETH,0.01,0.010654999999999661,HS+ACI
2023-11-05,ETH,0.025,0.03356249999999975,HS+ACI
2023-11-07,ETH,0.01,0.01067999999999966,HS+ACI
2023-11-10,ETH,0.025,0.033718749999999735,HS+ACI
2023-11-12,ETH,0.01,0.01070499999999966,HS+ACI
2023-11-15,ETH,0.025,0.03387499999999972,HS+ACI
2023-11-17,ETH,0.01,0.010729999999999658,HS+ACI
2023-11-20,ETH,0.025,0.0340312499999997,HS+ACI
2023-11-22,ETH,0.01,0.010754999999999657,HS+ACI
2023-11-25,ETH,0.025,0.03418749999999968,HS+ACI
2023-11-27,ETH,0.01,0.010779999999999656,HS+ACI
2023-11-30,ETH,0.025,0.034343749999999666,HS+ACI
2023-12-02,ETH,0.01,0.010804999999999655,HS+ACI
2023-12-05,ETH,0.025,0.03449999999999965,HS+ACI
2023-12-07,ETH,0.01,0.010829999999999654,HS+ACI
2023-12-10,ETH,0.025,0.03465624999999963,HS+ACI
2023-12-12,ETH,0.01,0.010854999999999653,HS+ACI
2023-12-15,ETH,0.025,0.03356249999999962,HS+ACI
2023-12-17,ETH,0.01,0.010879999999999652,HS+ACI
2023-12-20,ETH,0.025,0.0337187499999996,HS+ACI
2023-12-22,ETH,0.01,0.010904999999999651,HS+ACI
2023-12-25,ETH,0.025,0.033874999999999586,HS+ACI
2023-12-27,ETH,0.01,0.01092999999999965,HS+ACI
2023-12-30,ETH,0.025,0.03403124999999957,HS+ACI
2024-01-01,ETH,0.01,0.010954999999999649,HS+ACI
2024-01-04,ETH,0.025,0.03293749999999956,HS+ACI
2024-01-06,ETH,0.01,0.010979999999999648,HS+ACI
2024-01-09,ETH,0.025,0.03309374999999954,HS+ACI
2024-01-11,ETH,0.01,0.011004999999999647,HS+ACI
2024-01-14,ETH,0.025,0.03324999999999952,HS+ACI
2024-01-16,ETH,0.01,0.011029999999999646,HS+ACI
2024-01-19,ETH,0.025,0.033406249999999506,HS+ACI
2024-01-21,ETH,0.01,0.011054999999999645,HS+ACI
2024-01-24,ETH,0.025,0.032312499999999494,HS+ACI
2024-01-26,ETH,0.01,0.011079999999999644,HS+ACI
2024-01-29,ETH,0.025,0.03246874999999948,HS+ACI
2024-01-31,ETH,0.01,0.011104999999999643,HS+ACI
2024-02-03,ETH,0.025,0.03262499999999946,HS+ACI
2024-02-05,ETH,0.01,0.011129999999999642,HS+ACI
2024-02-08,ETH,0.025,0.03278124999999944,HS+ACI
2024-02-10,ETH,0.01,0.011154999999999641,HS+ACI
2024-02-13,ETH,0.025,0.032937499999999426,HS+ACI
2024-02-15,ETH,0.01,0.01117999999999964,HS+ACI
2024-02-18,ETH,0.025,0.03309374999999941,HS+ACI
2024-02-20,ETH,0.01,0.011204999999999639,HS+ACI
2024-02-23,ETH,0.025,0.03324999999999939,HS+ACI
2024-02-25,ETH,0.01,0.011229999999999638,HS+ACI
2024-02-28,ETH,0.025,0.033406249999999374,HS+ACI
2024-03-01,ETH,0.01,0.011254999999999637,HS+ACI
2024-03-04,ETH,0.025,0.03356249999999936,HS+ACI
2024-03-06,ETH,0.01,0.011279999999999636,HS+ACI
2024-03-09,ETH,0.025,0.03371874999999934,HS+ACI
2024-03-11,ETH,0.01,0.011304999999999635,HS+ACI
2024-03-14,ETH,0.025,0.03387499999999932,HS+ACI
2024-03-16,ETH,0.01,0.011329999999999634,HS+ACI
2024-03-19,ETH,0.025,0.03153124999999932,HS+ACI
2024-03-21,ETH,0.01,0.010854999999999632,HS+ACI
2024-03-24,ETH,0.025,0.03043749999999931,HS+ACI
2024-03-26,ETH,0.01,0.010879999999999631,HS+ACI
2024-03-29,ETH,0.025,0.03059374999999931,HS+ACI
2024-03-31,ETH,0.01,0.01090499999999963,HS+ACI
2024-04-03,ETH,0.025,0.029499999999999308,HS+ACI
2024-04-05,ETH,0.01,0.010429999999999629,HS+ACI
2024-04-08,ETH,0.025,0.029656249999999308,HS+ACI
2024-04-10,ETH,0.01,0.010454999999999628,HS+ACI
2024-04-13,ETH,0.025,0.026062499999999305,HS+ACI
2024-04-15,ETH,0.01,0.009979999999999626,HS+ACI
2024-04-18,ETH,0.025,0.026218749999999305,HS+ACI
2024-04-20,ETH,0.01,0.010004999999999625,HS+ACI
2024-04-23,ETH,0.025,0.026374999999999305,HS+ACI
2024-04-25,ETH,0.01,0.010029999999999624,HS+ACI
2024-04-28,ETH,0.025,0.026531249999999305,HS+ACI
2024-04-30,ETH,0.01,0.009554999999999623,HS+ACI
2024-05-03,ETH,0.025,0.025437499999999304,HS+ACI
2024-05-05,ETH,0.01,0.009579999999999622,HS+ACI
2024-05-08,ETH,0.025,0.025593749999999305,HS+ACI
2024-05-10,ETH,0.01,0.00960499999999962,HS+ACI
2024-05-13,ETH,0.025,0.025749999999999305,HS+ACI
2024-05-15,ETH,0.01,0.00962999999999962,HS+ACI
2024-05-18,ETH,0.025,0.025906249999999305,HS+ACI
2024-05-20,ETH,0.01,0.009654999999999619,HS+ACI
2024-05-23,ETH,0.025,0.026062499999999305,HS+ACI
2024-05-25,ETH,0.01,0.009679999999999618,HS+ACI
2024-05-28,ETH,0.025,0.026218749999999305,HS+ACI
2024-05-30,ETH,0.01,0.009704999999999617,HS+ACI
2024-06-02,ETH,0.025,0.026374999999999305,HS+ACI
2024-06-04,ETH,0.01,0.009729999999999616,HS+ACI
2024-06-07,ETH,0.025,0.026531249999999305,HS+ACI
2024-06-09,ETH,0.01,0.009754999999999615,HS+ACI
2024-06-12,ETH,0.025,0.026687499999999306,HS+ACI
2024-06-14,ETH,0.01,0.009779999999999614,HS+ACI
2024-06-17,ETH,0.025,0.026843749999999306,HS+ACI
2024-06-19,ETH,0.01,0.009804999999999613,HS+ACI
2024-06-22,ETH,0.025,0.026999999999999306,HS+ACI
2024-06-24,ETH,0.01,0.009829999999999612,HS+ACI
2024-06-27,ETH,0.025,0.027156249999999306,HS+ACI
2024-06-29,ETH,0.01,0.00985499999999961,HS+ACI
2024-07-02,ETH,0.025,0.027312499999999306,HS+ACI
2024-07-04,ETH,0.01,0.00937999999999961,HS+ACI
2024-07-07,ETH,0.025,0.026218749999999305,HS+ACI
2024-07-09,ETH,0.01,0.009404999999999608,HS+ACI
2024-07-12,ETH,0.025,0.026374999999999305,HS+ACI
2024-07-14,ETH,0.01,0.009429999999999607,HS+ACI
2024-07-17,ETH,0.025,0.026531249999999305,HS+ACI
2024-07-19,ETH,0.01,0.009454999999999606,HS+ACI
2024-07-22,ETH,0.025,0.026687499999999306,HS+ACI
2024-07-24,ETH,0.01,0.009479999999999605,HS+ACI
2024-07-27,ETH,0.025,0.026843749999999306,HS+ACI
2024-07-29,ETH,0.01,0.009504999999999604,HS+ACI
2024-08-01,ETH,0.025,0.026999999999999306,HS+ACI
2024-08-03,ETH,0.01,0.009029999999999603,HS+ACI
2024-08-06,ETH,0.025,0.023406249999999303,HS+ACI
2024-08-08,ETH,0.01,0.0080549999999996,HS+ACI
2024-08-11,ETH,0.025,0.023562499999999303,HS+ACI
2024-08-13,ETH,0.01,0.0080799999999996,HS+ACI
2024-08-16,ETH,0.025,0.023718749999999303,HS+ACI
2024-08-18,ETH,0.01,0.008104999999999599,HS+ACI
2024-08-21,ETH,0.025,0.023874999999999303,HS+ACI
2024-08-23,ETH,0.01,0.008129999999999598,HS+ACI
2024-08-26,ETH,0.025,0.024031249999999303,HS+ACI
2024-08-28,ETH,0.01,0.007654999999999597,HS+ACI
2024-08-31,ETH,0.025,0.022937499999999302,HS+ACI
2024-09-02,ETH,0.01,0.007679999999999596,HS+ACI
2024-09-05,ETH,0.025,0.023093749999999302,HS+ACI
2024-09-07,ETH,0.01,0.007704999999999595,HS+ACI
2024-09-10,ETH,0.025,0.023249999999999302,HS+ACI
2024-09-12,ETH,0.01,0.007729999999999594,HS+ACI
2024-09-15,ETH,0.025,0.023406249999999303,HS+ACI
2024-09-17,ETH,0.01,0.007754999999999593,HS+ACI
2024-09-20,ETH,0.025,0.023562499999999303,HS+ACI
2024-09-22,ETH,0.01,0.007779999999999592,HS+ACI
2024-09-25,ETH,0.025,0.023718749999999303,HS+ACI
2024-09-27,ETH,0.01,0.007804999999999591,HS+ACI
2024-09-30,ETH,0.025,0.023874999999999303,HS+ACI
2024-10-02,ETH,0.01,0.00782999999999959,HS+ACI
2024-10-05,ETH,0.025,0.024031249999999303,HS+ACI
2024-10-07,ETH,0.01,0.00785499999999959,HS+ACI
2024-10-10,ETH,0.025,0.024187499999999303,HS+ACI
2024-10-12,ETH,0.01,0.007879999999999589,HS+ACI
2024-10-15,ETH,0.025,0.024343749999999303,HS+ACI
2024-10-17,ETH,0.01,0.007904999999999588,HS+ACI
2024-10-20,ETH,0.025,0.024499999999999304,HS+ACI
2024-10-22,ETH,0.01,0.007929999999999587,HS+ACI
2024-10-25,ETH,0.025,0.024656249999999304,HS+ACI
2024-10-27,ETH,0.01,0.007954999999999586,HS+ACI
2024-10-30,ETH,0.025,0.024812499999999304,HS+ACI
2024-11-01,ETH,0.01,0.007979999999999585,HS+ACI
2024-11-04,ETH,0.025,0.024968749999999304,HS+ACI
2024-11-06,ETH,0.01,0.008004999999999584,HS+ACI
2024-11-09,ETH,0.025,0.025124999999999304,HS+ACI
2024-11-11,ETH,0.01,0.008029999999999583,HS+ACI
2024-11-14,ETH,0.025,0.025281249999999304,HS+ACI
2024-11-16,ETH,0.01,0.008054999999999582,HS+ACI
2024-11-19,ETH,0.025,0.025437499999999304,HS+ACI
2024-11-21,ETH,0.01,0.00807999999999958,HS+ACI
2024-11-24,ETH,0.025,0.025593749999999305,HS+ACI
2024-11-26,ETH,0.01,0.00810499999999958,HS+ACI
2024-11-29,ETH,0.025,0.025749999999999305,HS+ACI
2024-12-01,ETH,0.01,0.008129999999999579,HS+ACI
2024-12-04,ETH,0.025,0.025906249999999305,HS+ACI
2024-12-06,ETH,0.01,0.008154999999999578,HS+ACI
2024-12-09,ETH,0.025,0.024812499999999304,HS+ACI
2024-12-11,ETH,0.01,0.007679999999999577,HS+ACI
2024-12-14,ETH,0.025,0.024968749999999304,HS+ACI
2024-12-16,ETH,0.01,0.007704999999999576,HS+ACI
2024-12-19,ETH,0.025,0.025124999999999304,HS+ACI
2024-12-21,ETH,0.01,0.007729999999999575,HS+ACI
2024-12-24,ETH,0.025,0.025281249999999304,HS+ACI
2024-12-26,ETH,0.01,0.007754999999999574,HS+ACI
2024-12-29,ETH,0.025,0.025437499999999304,HS+ACI
2024-12-31,ETH,0.01,0.007779999999999573,HS+ACI
2025-01-03,ETH,0.025,0.025593749999999305,HS+ACI
2025-01-05,ETH,0.01,0.007804999999999572,HS+ACI
2025-01-08,ETH,0.025,0.024499999999999304,HS+ACI
2025-01-10,ETH,0.01,0.007329999999999571,HS+ACI
2025-01-13,ETH,0.025,0.024656249999999304,HS+ACI
2025-01-15,ETH,0.01,0.00735499999999957,HS+ACI
2025-01-18,ETH,0.025,0.024812499999999304,HS+ACI
2025-01-20,ETH,0.01,0.007379999999999569,HS+ACI
2025-01-23,ETH,0.025,0.024968749999999304,HS+ACI
2025-01-25,ETH,0.01,0.007404999999999568,HS+ACI
2025-01-28,ETH,0.025,0.025124999999999304,HS+ACI
2025-01-30,ETH,0.01,0.007429999999999567,HS+ACI
2025-02-02,ETH,0.025,0.024031249999999303,HS+ACI
2025-02-04,ETH,0.01,0.0069549999999995666,HS+ACI
2025-02-07,ETH,0.025,0.024187499999999303,HS+ACI
2025-02-09,ETH,0.01,0.0069799999999995655,HS+ACI
2025-02-12,ETH,0.025,0.024343749999999303,HS+ACI
2025-02-14,ETH,0.01,0.0070049999999995645,HS+ACI
2025-02-17,ETH,0.025,0.024499999999999304,HS+ACI
2025-02-19,ETH,0.01,0.0070299999999995635,HS+ACI
2025-02-22,ETH,0.025,0.024656249999999304,HS+ACI
2025-02-24,ETH,0.01,0.006554999999999563,HS+ACI
2025-02-27,ETH,0.025,0.0223124999999993,HS+ACI
2025-03-01,ETH,0.01,0.006579999999999562,HS+ACI
2025-03-04,ETH,0.025,0.0212187499999993,HS+ACI
2025-03-06,ETH,0.01,0.006104999999999561,HS+ACI
2025-03-09,ETH,0.025,0.0201249999999993,HS+ACI
2025-03-11,ETH,0.01,0.00612999999999956,HS+ACI
2025-03-14,ETH,0.025,0.0202812499999993,HS+ACI
2025-03-16,ETH,0.01,0.006154999999999559,HS+ACI
2025-03-19,ETH,0.025,0.0204374999999993,HS+ACI
2025-03-21,ETH,0.01,0.006179999999999558,HS+ACI
2025-03-24,ETH,0.025,0.0205937499999993,HS+ACI
2025-03-26,ETH,0.01,0.006204999999999557,HS+ACI
2025-03-29,ETH,0.025,0.0207499999999993,HS+ACI
2025-03-31,ETH,0.01,0.006229999999999556,HS+ACI
2025-04-03,ETH,0.025,0.0209062499999993,HS+ACI
2025-04-05,ETH,0.01,0.006254999999999555,HS+ACI
2025-04-08,ETH,0.025,0.0198124999999993,HS+ACI
2025-04-10,ETH,0.01,0.005779999999999555,HS+ACI
2025-04-13,ETH,0.025,0.0187187499999993,HS+ACI
2025-04-15,ETH,0.01,0.005804999999999554,HS+ACI
2025-04-18,ETH,0.025,0.0188749999999993,HS+ACI
2025-04-20,ETH,0.01,0.0058299999999995526,HS+ACI
2025-04-23,ETH,0.025,0.0190312499999993,HS+ACI
2025-04-25,ETH,0.01,0.0058549999999995515,HS+ACI
2025-04-28,ETH,0.025,0.0191874999999993,HS+ACI
2025-04-30,ETH,0.01,0.0058799999999995505,HS+ACI
2025-05-03,ETH,0.025,0.0193437499999993,HS+ACI
2025-05-05,ETH,0.01,0.0059049999999995495,HS+ACI
2025-05-08,ETH,0.025,0.0194999999999993,HS+ACI
2025-05-10,ETH,0.01,0.0059299999999995485,HS+ACI
2025-05-13,ETH,0.025,0.0196562499999993,HS+ACI
2025-05-15,ETH,0.01,0.0059549999999995475,HS+ACI
2025-05-18,ETH,0.025,0.0198124999999993,HS+ACI
2025-05-20,ETH,0.01,0.0059799999999995464,HS+ACI
2025-05-23,ETH,0.025,0.0199687499999993,HS+ACI
2025-05-25,ETH,0.01,0.006004999999999545,HS+ACI
2025-05-28,ETH,0.025,0.0201249999999993,HS+ACI
2025-05-30,ETH,0.01,0.006029999999999544,HS+ACI
2025-06-02,ETH,0.025,0.0202812499999993,HS+ACI
2025-06-04,ETH,0.01,0.006054999999999543,HS+ACI
2025-06-07,ETH,0.025,0.0204374999999993,HS+ACI
2025-06-09,ETH,0.01,0.006079999999999542,HS+ACI
2025-06-12,ETH,0.025,0.0205937499999993,HS+ACI
2025-06-14,ETH,0.01,0.006104999999999541,HS+ACI
2025-06-17,ETH,0.025,0.0207499999999993,HS+ACI
2025-06-19,ETH,0.01,0.00612999999999954,HS+ACI
2025-06-22,ETH,0.025,0.0209062499999993,HS+ACI
2025-06-24,ETH,0.01,0.006154999999999539,HS+ACI
2025-06-27,ETH,0.025,0.0210624999999993,HS+ACI
2025-06-29,ETH,0.01,0.006179999999999538,HS+ACI
2025-07-02,ETH,0.025,0.0212187499999993,HS+ACI
2025-07-04,ETH,0.01,0.006204999999999537,HS+ACI
2025-07-07,ETH,0.025,0.0213749999999993,HS+ACI
2025-07-09,ETH,0.01,0.006229999999999536,HS+ACI
2025-07-12,ETH,0.025,0.0215312499999993,HS+ACI
2025-07-14,ETH,0.01,0.006254999999999535,HS+ACI
2025-07-17,ETH,0.025,0.0216874999999993,HS+ACI
2025-07-19,ETH,0.01,0.006279999999999534,HS+ACI
2025-07-22,ETH,0.025,0.0218437499999993,HS+ACI
2025-07-24,ETH,0.01,0.006304999999999533,HS+ACI
2025-07-27,ETH,0.025,0.0219999999999993,HS+ACI
2025-07-29,ETH,0.01,0.006329999999999532,HS+ACI
2025-08-01,ETH,0.025,0.0221562499999993,HS+ACI
2025-08-03,ETH,0.01,0.006354999999999531,HS+ACI
2025-08-06,ETH,0.025,0.0223124999999993,HS+ACI
2025-08-08,ETH,0.01,0.00637999999999953,HS+ACI
2025-08-11,ETH,0.025,0.022468749999999302,HS+ACI
2025-08-13,ETH,0.01,0.006404999999999529,HS+ACI
2025-08-16,ETH,0.025,0.022624999999999302,HS+ACI
2025-08-18,ETH,0.01,0.006429999999999528,HS+ACI
2025-08-21,ETH,0.025,0.022781249999999302,HS+ACI
2025-08-23,ETH,0.01,0.006454999999999527,HS+ACI
2025-08-26,ETH,0.025,0.0216874999999993,HS+ACI
2025-08-28,ETH,0.01,0.006479999999999526,HS+ACI
2025-08-31,ETH,0.025,0.0218437499999993,HS+ACI
2025-09-02,ETH,0.01,0.006504999999999525,HS+ACI
2025-09-05,ETH,0.025,0.0219999999999993,HS+ACI
2025-09-07,ETH,0.01,0.006529999999999524,HS+ACI
2025-09-10,ETH,0.025,0.0221562499999993,HS+ACI
2025-09-12,ETH,0.01,0.006554999999999523,HS+ACI
2025-09-15,ETH,0.025,0.0223124999999993,HS+ACI
2025-09-17,ETH,0.01,0.006579999999999522,HS+ACI
2025-09-20,ETH,0.025,0.022468749999999302,HS+ACI
2025-09-22,ETH,0.01,0.006604999999999521,HS+ACI
2025-09-25,ETH,0.025,0.022624999999999302,HS+ACI
2025-09-27,ETH,0.01,0.00662999999999952,HS+ACI
2025-09-30,ETH,0.025,0.022781249999999302,HS+ACI
2025-10-02,ETH,0.01,0.006654999999999519,HS+ACI
2025-10-05,ETH,0.025,0.022937499999999302,HS+ACI
2025-10-07,ETH,0.01,0.006679999999999518,HS+ACI
2025-10-10,ETH,0.025,0.0218437499999993,HS+ACI
2025-10-12,ETH,0.01,0.006204999999999517,HS+ACI
2025-10-15,ETH,0.025,0.0219999999999993,HS+ACI
2025-10-17,ETH,0.01,0.006229999999999516,HS+ACI
2025-10-20,ETH,0.025,0.0221562499999993,HS+ACI
2025-10-22,ETH,0.01,0.006254999999999515,HS+ACI
2025-10-25,ETH,0.025,0.0223124999999993,HS+ACI
2025-10-27,ETH,0.01,0.006279999999999514,HS+ACI
2025-10-30,ETH,0.025,0.022468749999999302,HS+ACI
2025-11-01,ETH,0.01,0.006304999999999513,HS+ACI
2025-11-04,ETH,0.025,0.0201249999999993,HS+ACI
2025-11-06,ETH,0.01,0.006329999999999512,HS+ACI
2025-11-09,ETH,0.025,0.0202812499999993,HS+ACI
2025-11-11,ETH,0.01,0.006354999999999511,HS+ACI
2025-11-14,ETH,0.025,0.0204374999999993,HS+ACI
2025-11-16,ETH,0.01,0.00637999999999951,HS+ACI
2025-11-19,ETH,0.025,0.0205937499999993,HS+ACI
2025-11-21,ETH,0.01,0.006404999999999509,HS+ACI
2025-11-24,ETH,0.025,0.0207499999999993,HS+ACI
2025-11-26,ETH,0.01,0.006429999999999508,HS+ACI
2025-11-29,ETH,0.025,0.0209062499999993,HS+ACI
2025-12-01,ETH,0.01,0.006454999999999507,HS+ACI
2025-12-04,ETH,0.025,0.0210624999999993,HS+ACI
2025-12-06,ETH,0.01,0.006479999999999506,HS+ACI
2025-12-09,ETH,0.025,0.0212187499999993,HS+ACI
2025-12-11,ETH,0.01,0.006504999999999505,HS+ACI
2025-12-14,ETH,0.025,0.0213749999999993,HS+ACI
2025-12-16,ETH,0.01,0.006529999999999504,HS+ACI
2025-12-19,ETH,0.025,0.0215312499999993,HS+ACI
2025-12-21,ETH,0.01,0.006554999999999503,HS+ACI
2025-12-24,ETH,0.025,0.0216874999999993,HS+ACI
2025-12-26,ETH,0.01,0.006579999999999502,HS+ACI
2025-12-29,ETH,0.025,0.0218437499999993,HS+ACI
2025-12-31,ETH,0.01,0.006604999999999501,HS+ACI
2026-01-03,ETH,0.025,0.0219999999999993,HS+ACI
2026-01-05,ETH,0.01,0.0066299999999995,HS+ACI
2026-01-08,ETH,0.025,0.0221562499999993,HS+ACI
2026-01-10,ETH,0.01,0.006654999999999499,HS+ACI
2026-01-13,ETH,0.025,0.0223124999999993,HS+ACI
2026-01-15,ETH,0.01,0.006679999999999498,HS+ACI
2026-01-18,ETH,0.025,0.022468749999999302,HS+ACI
2026-01-20,ETH,0.01,0.006704999999999497,HS+ACI
2026-01-23,ETH,0.025,0.0213749999999993,HS+ACI
2026-01-25,ETH,0.01,0.006729999999999496,HS+ACI
2026-01-28,ETH,0.025,0.0215312499999993,HS+ACI
2026-01-30,ETH,0.01,0.006754999999999495,HS+ACI
2026-02-02,ETH,0.025,0.0204374999999993,HS+ACI
2026-02-04,ETH,0.01,0.006779999999999494,HS+ACI
2026-02-07,ETH,0.025,0.0193437499999993,HS+ACI
2026-02-09,ETH,0.01,0.006304999999999493,HS+ACI
2026-02-12,ETH,0.025,0.0194999999999993,HS+ACI
2026-02-14,ETH,0.01,0.006329999999999492,HS+ACI
2026-02-17,ETH,0.025,0.0196562499999993,HS+ACI
2026-02-19,ETH,0.01,0.006354999999999491,HS+ACI
2026-02-22,ETH,0.025,0.0198124999999993,HS+ACI
2026-02-24,ETH,0.01,0.00637999999999949,HS+ACI
2026-02-27,ETH,0.025,0.0199687499999993,HS+ACI
2026-03-01,ETH,0.01,0.006404999999999489,HS+ACI
2026-03-04,ETH,0.025,0.0201249999999993,HS+ACI
2026-03-06,ETH,0.01,0.006429999999999488,HS+ACI
2026-03-09,ETH,0.025,0.0202812499999993,HS+ACI
2026-03-11,ETH,0.01,0.006454999999999487,HS+ACI
2026-03-14,ETH,0.025,0.0204374999999993,HS+ACI
2026-03-16,ETH,0.01,0.006479999999999486,HS+ACI
2026-03-19,ETH,0.025,0.0205937499999993,HS+ACI
2026-03-21,ETH,0.01,0.006504999999999485,HS+ACI
2026-03-24,ETH,0.025,0.0207499999999993,HS+ACI
2026-03-26,ETH,0.01,0.006529999999999484,HS+ACI
2026-03-29,ETH,0.025,0.0209062499999993,HS+ACI
2026-03-31,ETH,0.01,0.006554999999999483,HS+ACI
2026-04-03,ETH,0.025,0.0210624999999993,HS+ACI
2026-04-05,ETH,0.01,0.006579999999999482,HS+ACI
2026-04-08,ETH,0.025,0.0212187499999993,HS+ACI
2026-04-10,ETH,0.01,0.006604999999999481,HS+ACI
2026-04-13,ETH,0.025,0.0213749999999993,HS+ACI
2026-04-15,ETH,0.01,0.00662999999999948,HS+ACI
2026-04-18,ETH,0.025,0.0215312499999993,HS+ACI
2026-04-20,ETH,0.01,0.006654999999999479,HS+ACI
2026-04-23,ETH,0.025,0.0216874999999993,HS+ACI
2026-04-25,ETH,0.01,0.006679999999999478,HS+ACI
2026-04-28,ETH,0.025,0.0218437499999993,HS+ACI
2026-04-30,ETH,0.01,0.006704999999999477,HS+ACI
2026-05-03,ETH,0.025,0.0219999999999993,HS+ACI
2026-05-05,ETH,0.01,0.006729999999999476,HS+ACI
2026-05-08,ETH,0.025,0.0221562499999993,HS+ACI
2026-05-10,ETH,0.01,0.006754999999999475,HS+ACI
2026-05-13,ETH,0.025,0.0223124999999993,HS+ACI
2026-05-15,ETH,0.01,0.006779999999999474,HS+ACI
2026-05-18,ETH,0.025,0.022468749999999302,HS+ACI
2026-05-20,ETH,0.01,0.006804999999999473,HS+ACI
2026-05-23,ETH,0.025,0.022624999999999302,HS+ACI
2026-05-25,ETH,0.01,0.006829999999999472,HS+ACI
2026-05-28,ETH,0.025,0.022781249999999302,HS+ACI
2026-05-30,ETH,0.01,0.006854999999999471,HS+ACI
2026-06-02,ETH,0.025,0.022937499999999302,HS+ACI
2026-06-04,ETH,0.01,0.00687999999999947,HS+ACI
2026-06-07,ETH,0.025,0.0218437499999993,HS+ACI
2026-06-09,ETH,0.01,0.006904999999999469,HS+ACI
2026-06-12,ETH,0.025,0.0219999999999993,HS+ACI
2026-06-14,ETH,0.01,0.006929999999999468,HS+ACI
2026-06-17,ETH,0.025,0.0221562499999993,HS+ACI
2026-06-19,ETH,0.01,0.006954999999999467,HS+ACI
2026-06-22,ETH,0.025,0.0223124999999993,HS+ACI
2026-06-24,ETH,0.01,0.006979999999999466,HS+ACI
2026-06-27,ETH,0.025,0.022468749999999302,HS+ACI
2026-06-29,ETH,0.01,0.007004999999999465,HS+ACI
2026-07-02,ETH,0.025,0.022624999999999302,HS+ACI
2026-07-04,ETH,0.01,0.007029999999999464,HS+ACI
2026-07-07,ETH,0.025,0.022781249999999302,HS+ACI
2026-07-09,ETH,0.01,0.007054999999999463,HS+ACI
2026-07-12,ETH,0.025,0.022937499999999302,HS+ACI
2026-07-14,ETH,0.01,0.007079999999999462,HS+ACI
2026-07-17,ETH,0.025,0.023093749999999302,HS+ACI
2026-07-19,ETH,0.01,0.007104999999999461,HS+ACI
2026-07-22,ETH,0.025,0.023249999999999302,HS+ACI
2026-07-24,ETH,0.01,0.00712999999999946,HS+ACI
2026-07-27,ETH,0.025,0.023406249999999303,HS+ACI
2026-07-29,ETH,0.01,0.007154999999999459,HS+ACI
2026-08-01,ETH,0.025,0.023562499999999303,HS+ACI
2026-08-03,ETH,0.01,0.007179999999999458,HS+ACI
2026-08-06,ETH,0.025,0.023718749999999303,HS+ACI
2026-08-08,ETH,0.01,0.007204999999999457,HS+ACI
2026-08-11,ETH,0.025,0.023874999999999303,HS+ACI
2026-08-13,ETH,0.01,0.007229999999999456,HS+ACI
2026-08-16,ETH,0.025,0.024031249999999303,HS+ACI
2026-08-18,ETH,0.01,0.007254999999999455,HS+ACI
2026-08-21,ETH,0.025,0.024187499999999303,HS+ACI
2026-08-23,ETH,0.01,0.007279999999999454,HS+ACI
2026-08-26,ETH,0.025,0.024343749999999303,HS+ACI
2026-08-28,ETH,0.01,0.0073049999999994526,HS+ACI
2026-08-31,ETH,0.025,0.024499999999999304,HS+ACI
2026-09-02,ETH,0.01,0.0073299999999994515,HS+ACI
2026-09-05,ETH,0.025,0.024656249999999304,HS+ACI
2026-09-07,ETH,0.01,0.0073549999999994505,HS+ACI
2019-05-16,ETH,0.025,0.025,GARCH-t+ACI
2019-05-18,ETH,0.01,0.01001,GARCH-t+ACI
2019-05-21,ETH,0.025,0.02515625,GARCH-t+ACI
2019-05-23,ETH,0.01,0.010034999999999999,GARCH-t+ACI
2019-05-26,ETH,0.025,0.0253125,GARCH-t+ACI
2019-05-28,ETH,0.01,0.010059999999999998,GARCH-t+ACI
2019-05-31,ETH,0.025,0.025468750000000002,GARCH-t+ACI
2019-06-02,ETH,0.01,0.010084999999999997,GARCH-t+ACI
2019-06-05,ETH,0.025,0.025625000000000002,GARCH-t+ACI
2019-06-07,ETH,0.01,0.010109999999999996,GARCH-t+ACI
2019-06-10,ETH,0.025,0.025781250000000002,GARCH-t+ACI
2019-06-12,ETH,0.01,0.010134999999999995,GARCH-t+ACI
2019-06-15,ETH,0.025,0.025937500000000002,GARCH-t+ACI
2019-06-17,ETH,0.01,0.010159999999999994,GARCH-t+ACI
2019-06-20,ETH,0.025,0.026093750000000002,GARCH-t+ACI
2019-06-22,ETH,0.01,0.010184999999999993,GARCH-t+ACI
2019-06-25,ETH,0.025,0.026250000000000002,GARCH-t+ACI
2019-06-27,ETH,0.01,0.010209999999999992,GARCH-t+ACI
2019-06-30,ETH,0.025,0.02515625,GARCH-t+ACI
2019-07-02,ETH,0.01,0.01023499999999999,GARCH-t+ACI
2019-07-05,ETH,0.025,0.0253125,GARCH-t+ACI
2019-07-07,ETH,0.01,0.01025999999999999,GARCH-t+ACI
2019-07-10,ETH,0.025,0.025468750000000002,GARCH-t+ACI
2019-07-12,ETH,0.01,0.010284999999999989,GARCH-t+ACI
2019-07-15,ETH,0.025,0.024375,GARCH-t+ACI
2019-07-17,ETH,0.01,0.009809999999999987,GARCH-t+ACI
2019-07-20,ETH,0.025,0.02328125,GARCH-t+ACI
2019-07-22,ETH,0.01,0.009834999999999986,GARCH-t+ACI
2019-07-25,ETH,0.025,0.0234375,GARCH-t+ACI
2019-07-27,ETH,0.01,0.009859999999999985,GARCH-t+ACI
2019-07-30,ETH,0.025,0.02359375,GARCH-t+ACI
2019-08-01,ETH,0.01,0.009884999999999984,GARCH-t+ACI
2019-08-04,ETH,0.025,0.02375,GARCH-t+ACI
2019-08-06,ETH,0.01,0.009909999999999983,GARCH-t+ACI
2019-08-09,ETH,0.025,0.02390625,GARCH-t+ACI
2019-08-11,ETH,0.01,0.009934999999999982,GARCH-t+ACI
2019-08-14,ETH,0.025,0.0228125,GARCH-t+ACI
2019-08-16,ETH,0.01,0.009959999999999981,GARCH-t+ACI
2019-08-19,ETH,0.025,0.02296875,GARCH-t+ACI
2019-08-21,ETH,0.01,0.00998499999999998,GARCH-t+ACI
2019-08-24,ETH,0.025,0.023125,GARCH-t+ACI
2019-08-26,ETH,0.01,0.010009999999999979,GARCH-t+ACI
2019-08-29,ETH,0.025,0.02328125,GARCH-t+ACI
2019-08-31,ETH,0.01,0.010034999999999978,GARCH-t+ACI
2019-09-03,ETH,0.025,0.0234375,GARCH-t+ACI
2019-09-05,ETH,0.01,0.010059999999999977,GARCH-t+ACI
2019-09-08,ETH,0.025,0.02359375,GARCH-t+ACI
2019-09-10,ETH,0.01,0.010084999999999976,GARCH-t+ACI
2019-09-13,ETH,0.025,0.02375,GARCH-t+ACI
2019-09-15,ETH,0.01,0.010109999999999975,GARCH-t+ACI
2019-09-18,ETH,0.025,0.02390625,GARCH-t+ACI
2019-09-20,ETH,0.01,0.010134999999999974,GARCH-t+ACI
2019-09-23,ETH,0.025,0.0240625,GARCH-t+ACI
2019-09-25,ETH,0.01,0.009659999999999972,GARCH-t+ACI
2019-09-28,ETH,0.025,0.02296875,GARCH-t+ACI
2019-09-30,ETH,0.01,0.009684999999999971,GARCH-t+ACI
2019-10-03,ETH,0.025,0.023125,GARCH-t+ACI
2019-10-05,ETH,0.01,0.00970999999999997,GARCH-t+ACI
2019-10-08,ETH,0.025,0.02328125,GARCH-t+ACI
2019-10-10,ETH,0.01,0.00973499999999997,GARCH-t+ACI
2019-10-13,ETH,0.025,0.0234375,GARCH-t+ACI
2019-10-15,ETH,0.01,0.009759999999999968,GARCH-t+ACI
2019-10-18,ETH,0.025,0.02359375,GARCH-t+ACI
2019-10-20,ETH,0.01,0.009784999999999967,GARCH-t+ACI
2019-10-23,ETH,0.025,0.02375,GARCH-t+ACI
2019-10-25,ETH,0.01,0.009809999999999966,GARCH-t+ACI
2019-10-28,ETH,0.025,0.02390625,GARCH-t+ACI
2019-10-30,ETH,0.01,0.009834999999999965,GARCH-t+ACI
2019-11-02,ETH,0.025,0.0240625,GARCH-t+ACI
2019-11-04,ETH,0.01,0.009859999999999964,GARCH-t+ACI
2019-11-07,ETH,0.025,0.02421875,GARCH-t+ACI
2019-11-09,ETH,0.01,0.009884999999999963,GARCH-t+ACI
2019-11-12,ETH,0.025,0.024375,GARCH-t+ACI
2019-11-14,ETH,0.01,0.009909999999999962,GARCH-t+ACI
2019-11-17,ETH,0.025,0.02453125,GARCH-t+ACI
2019-11-19,ETH,0.01,0.009934999999999961,GARCH-t+ACI
2019-11-22,ETH,0.025,0.0234375,GARCH-t+ACI
2019-11-24,ETH,0.01,0.00995999999999996,GARCH-t+ACI
2019-11-27,ETH,0.025,0.02359375,GARCH-t+ACI
2019-11-29,ETH,0.01,0.00998499999999996,GARCH-t+ACI
2019-12-02,ETH,0.025,0.02375,GARCH-t+ACI
2019-12-04,ETH,0.01,0.010009999999999958,GARCH-t+ACI
2019-12-07,ETH,0.025,0.02390625,GARCH-t+ACI
2019-12-09,ETH,0.01,0.010034999999999957,GARCH-t+ACI
2019-12-12,ETH,0.025,0.0240625,GARCH-t+ACI
2019-12-14,ETH,0.01,0.010059999999999956,GARCH-t+ACI
2019-12-17,ETH,0.025,0.02296875,GARCH-t+ACI
2019-12-19,ETH,0.01,0.010084999999999955,GARCH-t+ACI
2019-12-22,ETH,0.025,0.023125,GARCH-t+ACI
2019-12-24,ETH,0.01,0.010109999999999954,GARCH-t+ACI
2019-12-27,ETH,0.025,0.02328125,GARCH-t+ACI
2019-12-29,ETH,0.01,0.010134999999999953,GARCH-t+ACI
2020-01-01,ETH,0.025,0.0234375,GARCH-t+ACI
2020-01-03,ETH,0.01,0.010159999999999952,GARCH-t+ACI
2020-01-06,ETH,0.025,0.02359375,GARCH-t+ACI
2020-01-08,ETH,0.01,0.010184999999999951,GARCH-t+ACI
2020-01-11,ETH,0.025,0.02375,GARCH-t+ACI
2020-01-13,ETH,0.01,0.01020999999999995,GARCH-t+ACI
2020-01-16,ETH,0.025,0.02390625,GARCH-t+ACI
2020-01-18,ETH,0.01,0.010234999999999949,GARCH-t+ACI
2020-01-21,ETH,0.025,0.0240625,GARCH-t+ACI
2020-01-23,ETH,0.01,0.010259999999999948,GARCH-t+ACI
2020-01-26,ETH,0.025,0.02421875,GARCH-t+ACI
2020-01-28,ETH,0.01,0.010284999999999947,GARCH-t+ACI
2020-01-31,ETH,0.025,0.024375,GARCH-t+ACI
2020-02-02,ETH,0.01,0.010309999999999946,GARCH-t+ACI
2020-02-05,ETH,0.025,0.02453125,GARCH-t+ACI
2020-02-07,ETH,0.01,0.010334999999999945,GARCH-t+ACI
2020-02-10,ETH,0.025,0.0246875,GARCH-t+ACI
2020-02-12,ETH,0.01,0.010359999999999944,GARCH-t+ACI
2020-02-15,ETH,0.025,0.02484375,GARCH-t+ACI
2020-02-17,ETH,0.01,0.010384999999999943,GARCH-t+ACI
2020-02-20,ETH,0.025,0.025,GARCH-t+ACI
2020-02-22,ETH,0.01,0.010409999999999942,GARCH-t+ACI
2020-02-25,ETH,0.025,0.02515625,GARCH-t+ACI
2020-02-27,ETH,0.01,0.01043499999999994,GARCH-t+ACI
2020-03-01,ETH,0.025,0.0253125,GARCH-t+ACI
2020-03-03,ETH,0.01,0.01045999999999994,GARCH-t+ACI
2020-03-06,ETH,0.025,0.025468750000000002,GARCH-t+ACI
2020-03-08,ETH,0.01,0.009984999999999938,GARCH-t+ACI
2020-03-11,ETH,0.025,0.024375,GARCH-t+ACI
2020-03-13,ETH,0.01,0.009509999999999937,GARCH-t+ACI
2020-03-16,ETH,0.025,0.02328125,GARCH-t+ACI
2020-03-18,ETH,0.01,0.009534999999999936,GARCH-t+ACI
2020-03-21,ETH,0.025,0.0234375,GARCH-t+ACI
2020-03-23,ETH,0.01,0.009559999999999935,GARCH-t+ACI
2020-03-26,ETH,0.025,0.02359375,GARCH-t+ACI
2020-03-28,ETH,0.01,0.009584999999999934,GARCH-t+ACI
2020-03-31,ETH,0.025,0.02375,GARCH-t+ACI
2020-04-02,ETH,0.01,0.009609999999999933,GARCH-t+ACI
2020-04-05,ETH,0.025,0.02390625,GARCH-t+ACI
2020-04-07,ETH,0.01,0.009634999999999932,GARCH-t+ACI
2020-04-10,ETH,0.025,0.0240625,GARCH-t+ACI
2020-04-12,ETH,0.01,0.00965999999999993,GARCH-t+ACI
2020-04-15,ETH,0.025,0.02421875,GARCH-t+ACI
2020-04-17,ETH,0.01,0.00968499999999993,GARCH-t+ACI
2020-04-20,ETH,0.025,0.024375,GARCH-t+ACI
2020-04-22,ETH,0.01,0.009709999999999929,GARCH-t+ACI
2020-04-25,ETH,0.025,0.02453125,GARCH-t+ACI
2020-04-27,ETH,0.01,0.009734999999999928,GARCH-t+ACI
2020-04-30,ETH,0.025,0.0246875,GARCH-t+ACI
2020-05-02,ETH,0.01,0.009759999999999927,GARCH-t+ACI
2020-05-05,ETH,0.025,0.02484375,GARCH-t+ACI
2020-05-07,ETH,0.01,0.009784999999999926,GARCH-t+ACI
2020-05-10,ETH,0.025,0.02375,GARCH-t+ACI
2020-05-12,ETH,0.01,0.009809999999999925,GARCH-t+ACI
2020-05-15,ETH,0.025,0.02390625,GARCH-t+ACI
2020-05-17,ETH,0.01,0.009834999999999924,GARCH-t+ACI
2020-05-20,ETH,0.025,0.0240625,GARCH-t+ACI
2020-05-22,ETH,0.01,0.009859999999999923,GARCH-t+ACI
2020-05-25,ETH,0.025,0.02421875,GARCH-t+ACI
2020-05-27,ETH,0.01,0.009884999999999922,GARCH-t+ACI
2020-05-30,ETH,0.025,0.024375,GARCH-t+ACI
2020-06-01,ETH,0.01,0.00990999999999992,GARCH-t+ACI
2020-06-04,ETH,0.025,0.02453125,GARCH-t+ACI
2020-06-06,ETH,0.01,0.00993499999999992,GARCH-t+ACI
2020-06-09,ETH,0.025,0.0246875,GARCH-t+ACI
2020-06-11,ETH,0.01,0.009959999999999919,GARCH-t+ACI
2020-06-14,ETH,0.025,0.02484375,GARCH-t+ACI
2020-06-16,ETH,0.01,0.009984999999999918,GARCH-t+ACI
2020-06-19,ETH,0.025,0.025,GARCH-t+ACI
2020-06-21,ETH,0.01,0.010009999999999917,GARCH-t+ACI
2020-06-24,ETH,0.025,0.02515625,GARCH-t+ACI
2020-06-26,ETH,0.01,0.010034999999999916,GARCH-t+ACI
2020-06-29,ETH,0.025,0.0253125,GARCH-t+ACI
2020-07-01,ETH,0.01,0.010059999999999914,GARCH-t+ACI
2020-07-04,ETH,0.025,0.025468750000000002,GARCH-t+ACI
2020-07-06,ETH,0.01,0.010084999999999913,GARCH-t+ACI
2020-07-09,ETH,0.025,0.025625000000000002,GARCH-t+ACI
2020-07-11,ETH,0.01,0.010109999999999912,GARCH-t+ACI
2020-07-14,ETH,0.025,0.025781250000000002,GARCH-t+ACI
2020-07-16,ETH,0.01,0.010134999999999911,GARCH-t+ACI
2020-07-19,ETH,0.025,0.025937500000000002,GARCH-t+ACI
2020-07-21,ETH,0.01,0.01015999999999991,GARCH-t+ACI
2020-07-24,ETH,0.025,0.026093750000000002,GARCH-t+ACI
2020-07-26,ETH,0.01,0.01018499999999991,GARCH-t+ACI
2020-07-29,ETH,0.025,0.026250000000000002,GARCH-t+ACI
2020-07-31,ETH,0.01,0.010209999999999908,GARCH-t+ACI
2020-08-03,ETH,0.025,0.026406250000000003,GARCH-t+ACI
2020-08-05,ETH,0.01,0.010234999999999907,GARCH-t+ACI
2020-08-08,ETH,0.025,0.026562500000000003,GARCH-t+ACI
2020-08-10,ETH,0.01,0.010259999999999906,GARCH-t+ACI
2020-08-13,ETH,0.025,0.026718750000000003,GARCH-t+ACI
2020-08-15,ETH,0.01,0.010284999999999905,GARCH-t+ACI
2020-08-18,ETH,0.025,0.026875000000000003,GARCH-t+ACI
2020-08-20,ETH,0.01,0.010309999999999904,GARCH-t+ACI
2020-08-23,ETH,0.025,0.027031250000000003,GARCH-t+ACI
2020-08-25,ETH,0.01,0.010334999999999903,GARCH-t+ACI
2020-08-28,ETH,0.025,0.027187500000000003,GARCH-t+ACI
2020-08-30,ETH,0.01,0.010359999999999902,GARCH-t+ACI
2020-09-02,ETH,0.025,0.027343750000000003,GARCH-t+ACI
2020-09-04,ETH,0.01,0.010384999999999901,GARCH-t+ACI
2020-09-07,ETH,0.025,0.025,GARCH-t+ACI
2020-09-09,ETH,0.01,0.0104099999999999,GARCH-t+ACI
2020-09-12,ETH,0.025,0.02515625,GARCH-t+ACI
2020-09-14,ETH,0.01,0.0104349999999999,GARCH-t+ACI
2020-09-17,ETH,0.025,0.0253125,GARCH-t+ACI
2020-09-19,ETH,0.01,0.010459999999999898,GARCH-t+ACI
2020-09-22,ETH,0.025,0.025468750000000002,GARCH-t+ACI
2020-09-24,ETH,0.01,0.010484999999999897,GARCH-t+ACI
2020-09-27,ETH,0.025,0.025625000000000002,GARCH-t+ACI
2020-09-29,ETH,0.01,0.010509999999999896,GARCH-t+ACI
2020-10-02,ETH,0.025,0.025781250000000002,GARCH-t+ACI
2020-10-04,ETH,0.01,0.010534999999999895,GARCH-t+ACI
2020-10-07,ETH,0.025,0.025937500000000002,GARCH-t+ACI
2020-10-09,ETH,0.01,0.010559999999999894,GARCH-t+ACI
2020-10-12,ETH,0.025,0.026093750000000002,GARCH-t+ACI
2020-10-14,ETH,0.01,0.010584999999999893,GARCH-t+ACI
2020-10-17,ETH,0.025,0.026250000000000002,GARCH-t+ACI
2020-10-19,ETH,0.01,0.010609999999999892,GARCH-t+ACI
2020-10-22,ETH,0.025,0.026406250000000003,GARCH-t+ACI
2020-10-24,ETH,0.01,0.010634999999999891,GARCH-t+ACI
2020-10-27,ETH,0.025,0.026562500000000003,GARCH-t+ACI
2020-10-29,ETH,0.01,0.01065999999999989,GARCH-t+ACI
2020-11-01,ETH,0.025,0.026718750000000003,GARCH-t+ACI
2020-11-03,ETH,0.01,0.010684999999999889,GARCH-t+ACI
2020-11-06,ETH,0.025,0.026875000000000003,GARCH-t+ACI
2020-11-08,ETH,0.01,0.010709999999999888,GARCH-t+ACI
2020-11-11,ETH,0.025,0.027031250000000003,GARCH-t+ACI
2020-11-13,ETH,0.01,0.010734999999999887,GARCH-t+ACI
2020-11-16,ETH,0.025,0.027187500000000003,GARCH-t+ACI
2020-11-18,ETH,0.01,0.010759999999999886,GARCH-t+ACI
2020-11-21,ETH,0.025,0.027343750000000003,GARCH-t+ACI
2020-11-23,ETH,0.01,0.010784999999999885,GARCH-t+ACI
2020-11-26,ETH,0.025,0.026250000000000002,GARCH-t+ACI
2020-11-28,ETH,0.01,0.010809999999999884,GARCH-t+ACI
2020-12-01,ETH,0.025,0.026406250000000003,GARCH-t+ACI
2020-12-03,ETH,0.01,0.010834999999999883,GARCH-t+ACI
2020-12-06,ETH,0.025,0.026562500000000003,GARCH-t+ACI
2020-12-08,ETH,0.01,0.010859999999999882,GARCH-t+ACI
2020-12-11,ETH,0.025,0.026718750000000003,GARCH-t+ACI
2020-12-13,ETH,0.01,0.010884999999999881,GARCH-t+ACI
2020-12-16,ETH,0.025,0.026875000000000003,GARCH-t+ACI
2020-12-18,ETH,0.01,0.01090999999999988,GARCH-t+ACI
2020-12-21,ETH,0.025,0.027031250000000003,GARCH-t+ACI
2020-12-23,ETH,0.01,0.010934999999999879,GARCH-t+ACI
2020-12-26,ETH,0.025,0.027187500000000003,GARCH-t+ACI
2020-12-28,ETH,0.01,0.010959999999999878,GARCH-t+ACI
2020-12-31,ETH,0.025,0.027343750000000003,GARCH-t+ACI
2021-01-02,ETH,0.01,0.010984999999999877,GARCH-t+ACI
2021-01-05,ETH,0.025,0.027500000000000004,GARCH-t+ACI
2021-01-07,ETH,0.01,0.011009999999999876,GARCH-t+ACI
2021-01-10,ETH,0.025,0.027656250000000004,GARCH-t+ACI
2021-01-12,ETH,0.01,0.010534999999999874,GARCH-t+ACI
2021-01-15,ETH,0.025,0.026562500000000003,GARCH-t+ACI
2021-01-17,ETH,0.01,0.010559999999999873,GARCH-t+ACI
2021-01-20,ETH,0.025,0.026718750000000003,GARCH-t+ACI
2021-01-22,ETH,0.01,0.010084999999999872,GARCH-t+ACI
2021-01-25,ETH,0.025,0.025625000000000002,GARCH-t+ACI
2021-01-27,ETH,0.01,0.01010999999999987,GARCH-t+ACI
2021-01-30,ETH,0.025,0.025781250000000002,GARCH-t+ACI
2021-02-01,ETH,0.01,0.01013499999999987,GARCH-t+ACI
2021-02-04,ETH,0.025,0.025937500000000002,GARCH-t+ACI
2021-02-06,ETH,0.01,0.010159999999999869,GARCH-t+ACI
2021-02-09,ETH,0.025,0.026093750000000002,GARCH-t+ACI
2021-02-11,ETH,0.01,0.010184999999999868,GARCH-t+ACI
2021-02-14,ETH,0.025,0.026250000000000002,GARCH-t+ACI
2021-02-16,ETH,0.01,0.010209999999999867,GARCH-t+ACI
2021-02-19,ETH,0.025,0.026406250000000003,GARCH-t+ACI
2021-02-21,ETH,0.01,0.010234999999999866,GARCH-t+ACI
2021-02-24,ETH,0.025,0.0240625,GARCH-t+ACI
2021-02-26,ETH,0.01,0.010259999999999865,GARCH-t+ACI
2021-03-01,ETH,0.025,0.02421875,GARCH-t+ACI
2021-03-03,ETH,0.01,0.010284999999999864,GARCH-t+ACI
2021-03-06,ETH,0.025,0.024375,GARCH-t+ACI
2021-03-08,ETH,0.01,0.010309999999999863,GARCH-t+ACI
2021-03-11,ETH,0.025,0.02453125,GARCH-t+ACI
2021-03-13,ETH,0.01,0.010334999999999862,GARCH-t+ACI
2021-03-16,ETH,0.025,0.0246875,GARCH-t+ACI
2021-03-18,ETH,0.01,0.01035999999999986,GARCH-t+ACI
2021-03-21,ETH,0.025,0.02484375,GARCH-t+ACI
2021-03-23,ETH,0.01,0.01038499999999986,GARCH-t+ACI
2021-03-26,ETH,0.025,0.025,GARCH-t+ACI
2021-03-28,ETH,0.01,0.010409999999999859,GARCH-t+ACI
2021-03-31,ETH,0.025,0.02515625,GARCH-t+ACI
2021-04-02,ETH,0.01,0.010434999999999858,GARCH-t+ACI
2021-04-05,ETH,0.025,0.0253125,GARCH-t+ACI
2021-04-07,ETH,0.01,0.010459999999999857,GARCH-t+ACI
2021-04-10,ETH,0.025,0.025468750000000002,GARCH-t+ACI
2021-04-12,ETH,0.01,0.010484999999999856,GARCH-t+ACI
2021-04-15,ETH,0.025,0.025625000000000002,GARCH-t+ACI
2021-04-17,ETH,0.01,0.010509999999999855,GARCH-t+ACI
2021-04-20,ETH,0.025,0.025781250000000002,GARCH-t+ACI
2021-04-22,ETH,0.01,0.010534999999999854,GARCH-t+ACI
2021-04-25,ETH,0.025,0.025937500000000002,GARCH-t+ACI
2021-04-27,ETH,0.01,0.010559999999999852,GARCH-t+ACI
2021-04-30,ETH,0.025,0.026093750000000002,GARCH-t+ACI
2021-05-02,ETH,0.01,0.010584999999999851,GARCH-t+ACI
2021-05-05,ETH,0.025,0.026250000000000002,GARCH-t+ACI
2021-05-07,ETH,0.01,0.01060999999999985,GARCH-t+ACI
2021-05-10,ETH,0.025,0.026406250000000003,GARCH-t+ACI
2021-05-12,ETH,0.01,0.01063499999999985,GARCH-t+ACI
2021-05-15,ETH,0.025,0.026562500000000003,GARCH-t+ACI
2021-05-17,ETH,0.01,0.010659999999999848,GARCH-t+ACI
2021-05-20,ETH,0.025,0.025468750000000002,GARCH-t+ACI
2021-05-22,ETH,0.01,0.010184999999999847,GARCH-t+ACI
2021-05-25,ETH,0.025,0.025625000000000002,GARCH-t+ACI
2021-05-27,ETH,0.01,0.010209999999999846,GARCH-t+ACI
2021-05-30,ETH,0.025,0.025781250000000002,GARCH-t+ACI
2021-06-01,ETH,0.01,0.010234999999999845,GARCH-t+ACI
2021-06-04,ETH,0.025,0.025937500000000002,GARCH-t+ACI
2021-06-06,ETH,0.01,0.010259999999999844,GARCH-t+ACI
2021-06-09,ETH,0.025,0.026093750000000002,GARCH-t+ACI
2021-06-11,ETH,0.01,0.010284999999999843,GARCH-t+ACI
2021-06-14,ETH,0.025,0.026250000000000002,GARCH-t+ACI
2021-06-16,ETH,0.01,0.010309999999999842,GARCH-t+ACI
2021-06-19,ETH,0.025,0.026406250000000003,GARCH-t+ACI
2021-06-21,ETH,0.01,0.00983499999999984,GARCH-t+ACI
2021-06-24,ETH,0.025,0.0253125,GARCH-t+ACI
2021-06-26,ETH,0.01,0.00985999999999984,GARCH-t+ACI
2021-06-29,ETH,0.025,0.025468750000000002,GARCH-t+ACI
2021-07-01,ETH,0.01,0.009884999999999838,GARCH-t+ACI
2021-07-04,ETH,0.025,0.025625000000000002,GARCH-t+ACI
2021-07-06,ETH,0.01,0.009909999999999837,GARCH-t+ACI
2021-07-09,ETH,0.025,0.025781250000000002,GARCH-t+ACI
2021-07-11,ETH,0.01,0.009934999999999836,GARCH-t+ACI
2021-07-14,ETH,0.025,0.025937500000000002,GARCH-t+ACI
2021-07-16,ETH,0.01,0.009959999999999835,GARCH-t+ACI
2021-07-19,ETH,0.025,0.026093750000000002,GARCH-t+ACI
2021-07-21,ETH,0.01,0.009984999999999834,GARCH-t+ACI
2021-07-24,ETH,0.025,0.026250000000000002,GARCH-t+ACI
2021-07-26,ETH,0.01,0.010009999999999833,GARCH-t+ACI
2021-07-29,ETH,0.025,0.026406250000000003,GARCH-t+ACI
2021-07-31,ETH,0.01,0.010034999999999832,GARCH-t+ACI
2021-08-03,ETH,0.025,0.026562500000000003,GARCH-t+ACI
2021-08-05,ETH,0.01,0.010059999999999831,GARCH-t+ACI
2021-08-08,ETH,0.025,0.026718750000000003,GARCH-t+ACI
2021-08-10,ETH,0.01,0.01008499999999983,GARCH-t+ACI
2021-08-13,ETH,0.025,0.026875000000000003,GARCH-t+ACI
2021-08-15,ETH,0.01,0.01010999999999983,GARCH-t+ACI
2021-08-18,ETH,0.025,0.027031250000000003,GARCH-t+ACI
2021-08-20,ETH,0.01,0.010134999999999828,GARCH-t+ACI
2021-08-23,ETH,0.025,0.027187500000000003,GARCH-t+ACI
2021-08-25,ETH,0.01,0.010159999999999827,GARCH-t+ACI
2021-08-28,ETH,0.025,0.027343750000000003,GARCH-t+ACI
2021-08-30,ETH,0.01,0.010184999999999826,GARCH-t+ACI
2021-09-02,ETH,0.025,0.027500000000000004,GARCH-t+ACI
2021-09-04,ETH,0.01,0.010209999999999825,GARCH-t+ACI
2021-09-07,ETH,0.025,0.026406250000000003,GARCH-t+ACI
2021-09-09,ETH,0.01,0.009734999999999824,GARCH-t+ACI
2021-09-12,ETH,0.025,0.026562500000000003,GARCH-t+ACI
2021-09-14,ETH,0.01,0.009759999999999823,GARCH-t+ACI
2021-09-17,ETH,0.025,0.026718750000000003,GARCH-t+ACI
2021-09-19,ETH,0.01,0.009784999999999822,GARCH-t+ACI
2021-09-22,ETH,0.025,0.025625000000000002,GARCH-t+ACI
2021-09-24,ETH,0.01,0.00980999999999982,GARCH-t+ACI
2021-09-27,ETH,0.025,0.025781250000000002,GARCH-t+ACI
2021-09-29,ETH,0.01,0.00983499999999982,GARCH-t+ACI
2021-10-02,ETH,0.025,0.025937500000000002,GARCH-t+ACI
2021-10-04,ETH,0.01,0.009859999999999819,GARCH-t+ACI
2021-10-07,ETH,0.025,0.026093750000000002,GARCH-t+ACI
2021-10-09,ETH,0.01,0.009884999999999818,GARCH-t+ACI
2021-10-12,ETH,0.025,0.026250000000000002,GARCH-t+ACI
2021-10-14,ETH,0.01,0.009909999999999817,GARCH-t+ACI
2021-10-17,ETH,0.025,0.026406250000000003,GARCH-t+ACI
2021-10-19,ETH,0.01,0.009934999999999816,GARCH-t+ACI
2021-10-22,ETH,0.025,0.026562500000000003,GARCH-t+ACI
2021-10-24,ETH,0.01,0.009959999999999814,GARCH-t+ACI
2021-10-27,ETH,0.025,0.026718750000000003,GARCH-t+ACI
2021-10-29,ETH,0.01,0.009984999999999813,GARCH-t+ACI
2021-11-01,ETH,0.025,0.026875000000000003,GARCH-t+ACI
2021-11-03,ETH,0.01,0.010009999999999812,GARCH-t+ACI
2021-11-06,ETH,0.025,0.027031250000000003,GARCH-t+ACI
2021-11-08,ETH,0.01,0.010034999999999811,GARCH-t+ACI
2021-11-11,ETH,0.025,0.027187500000000003,GARCH-t+ACI
2021-11-13,ETH,0.01,0.01005999999999981,GARCH-t+ACI
2021-11-16,ETH,0.025,0.026093750000000002,GARCH-t+ACI
2021-11-18,ETH,0.01,0.01008499999999981,GARCH-t+ACI
2021-11-21,ETH,0.025,0.026250000000000002,GARCH-t+ACI
2021-11-23,ETH,0.01,0.010109999999999808,GARCH-t+ACI
2021-11-26,ETH,0.025,0.02515625,GARCH-t+ACI
2021-11-28,ETH,0.01,0.010134999999999807,GARCH-t+ACI
2021-12-01,ETH,0.025,0.0253125,GARCH-t+ACI
2021-12-03,ETH,0.01,0.010159999999999806,GARCH-t+ACI
2021-12-06,ETH,0.025,0.025468750000000002,GARCH-t+ACI
2021-12-08,ETH,0.01,0.010184999999999805,GARCH-t+ACI
2021-12-11,ETH,0.025,0.025625000000000002,GARCH-t+ACI
2021-12-13,ETH,0.01,0.010209999999999804,GARCH-t+ACI
2021-12-16,ETH,0.025,0.02453125,GARCH-t+ACI
2021-12-18,ETH,0.01,0.010234999999999803,GARCH-t+ACI
2021-12-21,ETH,0.025,0.0246875,GARCH-t+ACI
2021-12-23,ETH,0.01,0.010259999999999802,GARCH-t+ACI
2021-12-26,ETH,0.025,0.02484375,GARCH-t+ACI
2021-12-28,ETH,0.01,0.010284999999999801,GARCH-t+ACI
2021-12-31,ETH,0.025,0.025,GARCH-t+ACI
2022-01-02,ETH,0.01,0.0103099999999998,GARCH-t+ACI
2022-01-05,ETH,0.025,0.02515625,GARCH-t+ACI
2022-01-07,ETH,0.01,0.0103349999999998,GARCH-t+ACI
2022-01-10,ETH,0.025,0.0253125,GARCH-t+ACI
2022-01-12,ETH,0.01,0.010359999999999798,GARCH-t+ACI
2022-01-15,ETH,0.025,0.025468750000000002,GARCH-t+ACI
2022-01-17,ETH,0.01,0.010384999999999797,GARCH-t+ACI
2022-01-20,ETH,0.025,0.025625000000000002,GARCH-t+ACI
2022-01-22,ETH,0.01,0.009909999999999796,GARCH-t+ACI
2022-01-25,ETH,0.025,0.02453125,GARCH-t+ACI
2022-01-27,ETH,0.01,0.009934999999999795,GARCH-t+ACI
2022-01-30,ETH,0.025,0.0246875,GARCH-t+ACI
2022-02-01,ETH,0.01,0.009959999999999794,GARCH-t+ACI
2022-02-04,ETH,0.025,0.02484375,GARCH-t+ACI
2022-02-06,ETH,0.01,0.009984999999999793,GARCH-t+ACI
2022-02-09,ETH,0.025,0.025,GARCH-t+ACI
2022-02-11,ETH,0.01,0.010009999999999792,GARCH-t+ACI
2022-02-14,ETH,0.025,0.02515625,GARCH-t+ACI
2022-02-16,ETH,0.01,0.01003499999999979,GARCH-t+ACI
2022-02-19,ETH,0.025,0.0253125,GARCH-t+ACI
2022-02-21,ETH,0.01,0.01005999999999979,GARCH-t+ACI
2022-02-24,ETH,0.025,0.025468750000000002,GARCH-t+ACI
2022-02-26,ETH,0.01,0.010084999999999789,GARCH-t+ACI
2022-03-01,ETH,0.025,0.025625000000000002,GARCH-t+ACI
2022-03-03,ETH,0.01,0.010109999999999788,GARCH-t+ACI
2022-03-06,ETH,0.025,0.025781250000000002,GARCH-t+ACI
2022-03-08,ETH,0.01,0.010134999999999787,GARCH-t+ACI
2022-03-11,ETH,0.025,0.025937500000000002,GARCH-t+ACI
2022-03-13,ETH,0.01,0.010159999999999786,GARCH-t+ACI
2022-03-16,ETH,0.025,0.026093750000000002,GARCH-t+ACI
2022-03-18,ETH,0.01,0.010184999999999785,GARCH-t+ACI
2022-03-21,ETH,0.025,0.026250000000000002,GARCH-t+ACI
2022-03-23,ETH,0.01,0.010209999999999783,GARCH-t+ACI
2022-03-26,ETH,0.025,0.026406250000000003,GARCH-t+ACI
2022-03-28,ETH,0.01,0.010234999999999782,GARCH-t+ACI
2022-03-31,ETH,0.025,0.026562500000000003,GARCH-t+ACI
2022-04-02,ETH,0.01,0.010259999999999781,GARCH-t+ACI
2022-04-05,ETH,0.025,0.026718750000000003,GARCH-t+ACI
2022-04-07,ETH,0.01,0.01028499999999978,GARCH-t+ACI
2022-04-10,ETH,0.025,0.025625000000000002,GARCH-t+ACI
2022-04-12,ETH,0.01,0.01030999999999978,GARCH-t+ACI
2022-04-15,ETH,0.025,0.025781250000000002,GARCH-t+ACI
2022-04-17,ETH,0.01,0.010334999999999778,GARCH-t+ACI
2022-04-20,ETH,0.025,0.025937500000000002,GARCH-t+ACI
2022-04-22,ETH,0.01,0.010359999999999777,GARCH-t+ACI
2022-04-25,ETH,0.025,0.026093750000000002,GARCH-t+ACI
2022-04-27,ETH,0.01,0.010384999999999776,GARCH-t+ACI
2022-04-30,ETH,0.025,0.025,GARCH-t+ACI
2022-05-02,ETH,0.01,0.010409999999999775,GARCH-t+ACI
2022-05-05,ETH,0.025,0.02515625,GARCH-t+ACI
2022-05-07,ETH,0.01,0.010434999999999774,GARCH-t+ACI
2022-05-10,ETH,0.025,0.0240625,GARCH-t+ACI
2022-05-12,ETH,0.01,0.009459999999999772,GARCH-t+ACI
2022-05-15,ETH,0.025,0.02296875,GARCH-t+ACI
2022-05-17,ETH,0.01,0.009484999999999771,GARCH-t+ACI
2022-05-20,ETH,0.025,0.023125,GARCH-t+ACI
2022-05-22,ETH,0.01,0.00950999999999977,GARCH-t+ACI
2022-05-25,ETH,0.025,0.02328125,GARCH-t+ACI
2022-05-27,ETH,0.01,0.00953499999999977,GARCH-t+ACI
2022-05-30,ETH,0.025,0.0234375,GARCH-t+ACI
2022-06-01,ETH,0.01,0.009559999999999768,GARCH-t+ACI
2022-06-04,ETH,0.025,0.02359375,GARCH-t+ACI
2022-06-06,ETH,0.01,0.009584999999999767,GARCH-t+ACI
2022-06-09,ETH,0.025,0.02375,GARCH-t+ACI
2022-06-11,ETH,0.01,0.009609999999999766,GARCH-t+ACI
2022-06-14,ETH,0.025,0.02265625,GARCH-t+ACI
2022-06-16,ETH,0.01,0.009134999999999765,GARCH-t+ACI
2022-06-19,ETH,0.025,0.0215625,GARCH-t+ACI
2022-06-21,ETH,0.01,0.009159999999999764,GARCH-t+ACI
2022-06-24,ETH,0.025,0.02171875,GARCH-t+ACI
2022-06-26,ETH,0.01,0.009184999999999763,GARCH-t+ACI
2022-06-29,ETH,0.025,0.021875,GARCH-t+ACI
2022-07-01,ETH,0.01,0.009209999999999762,GARCH-t+ACI
2022-07-04,ETH,0.025,0.02203125,GARCH-t+ACI
2022-07-06,ETH,0.01,0.00923499999999976,GARCH-t+ACI
2022-07-09,ETH,0.025,0.0221875,GARCH-t+ACI
2022-07-11,ETH,0.01,0.00925999999999976,GARCH-t+ACI
2022-07-14,ETH,0.025,0.02234375,GARCH-t+ACI
2022-07-16,ETH,0.01,0.009284999999999759,GARCH-t+ACI
2022-07-19,ETH,0.025,0.0225,GARCH-t+ACI
2022-07-21,ETH,0.01,0.009309999999999758,GARCH-t+ACI
2022-07-24,ETH,0.025,0.02265625,GARCH-t+ACI
2022-07-26,ETH,0.01,0.009334999999999757,GARCH-t+ACI
2022-07-29,ETH,0.025,0.0228125,GARCH-t+ACI
2022-07-31,ETH,0.01,0.009359999999999756,GARCH-t+ACI
2022-08-03,ETH,0.025,0.02296875,GARCH-t+ACI
2022-08-05,ETH,0.01,0.009384999999999755,GARCH-t+ACI
2022-08-08,ETH,0.025,0.023125,GARCH-t+ACI
2022-08-10,ETH,0.01,0.009409999999999754,GARCH-t+ACI
2022-08-13,ETH,0.025,0.02328125,GARCH-t+ACI
2022-08-15,ETH,0.01,0.009434999999999753,GARCH-t+ACI
2022-08-18,ETH,0.025,0.0234375,GARCH-t+ACI
2022-08-20,ETH,0.01,0.008959999999999751,GARCH-t+ACI
2022-08-23,ETH,0.025,0.02234375,GARCH-t+ACI
2022-08-25,ETH,0.01,0.00898499999999975,GARCH-t+ACI
2022-08-28,ETH,0.025,0.021249999999999998,GARCH-t+ACI
2022-08-30,ETH,0.01,0.009009999999999749,GARCH-t+ACI
2022-09-02,ETH,0.025,0.021406249999999998,GARCH-t+ACI
2022-09-04,ETH,0.01,0.009034999999999748,GARCH-t+ACI
2022-09-07,ETH,0.025,0.0215625,GARCH-t+ACI
2022-09-09,ETH,0.01,0.009059999999999747,GARCH-t+ACI
2022-09-12,ETH,0.025,0.02171875,GARCH-t+ACI
2022-09-14,ETH,0.01,0.009084999999999746,GARCH-t+ACI
2022-09-17,ETH,0.025,0.020624999999999998,GARCH-t+ACI
2022-09-19,ETH,0.01,0.009109999999999745,GARCH-t+ACI
2022-09-22,ETH,0.025,0.020781249999999998,GARCH-t+ACI
2022-09-24,ETH,0.01,0.009134999999999744,GARCH-t+ACI
2022-09-27,ETH,0.025,0.020937499999999998,GARCH-t+ACI
2022-09-29,ETH,0.01,0.009159999999999743,GARCH-t+ACI
2022-10-02,ETH,0.025,0.021093749999999998,GARCH-t+ACI
2022-10-04,ETH,0.01,0.009184999999999742,GARCH-t+ACI
2022-10-07,ETH,0.025,0.021249999999999998,GARCH-t+ACI
2022-10-09,ETH,0.01,0.009209999999999741,GARCH-t+ACI
2022-10-12,ETH,0.025,0.021406249999999998,GARCH-t+ACI
2022-10-14,ETH,0.01,0.00923499999999974,GARCH-t+ACI
2022-10-17,ETH,0.025,0.0215625,GARCH-t+ACI
2022-10-19,ETH,0.01,0.009259999999999739,GARCH-t+ACI
2022-10-22,ETH,0.025,0.02171875,GARCH-t+ACI
2022-10-24,ETH,0.01,0.009284999999999738,GARCH-t+ACI
2022-10-27,ETH,0.025,0.021875,GARCH-t+ACI
2022-10-29,ETH,0.01,0.009309999999999737,GARCH-t+ACI
2022-11-01,ETH,0.025,0.02203125,GARCH-t+ACI
2022-11-03,ETH,0.01,0.009334999999999736,GARCH-t+ACI
2022-11-06,ETH,0.025,0.0221875,GARCH-t+ACI
2022-11-08,ETH,0.01,0.008859999999999734,GARCH-t+ACI
2022-11-11,ETH,0.025,0.019843749999999997,GARCH-t+ACI
2022-11-13,ETH,0.01,0.008384999999999733,GARCH-t+ACI
2022-11-16,ETH,0.025,0.019999999999999997,GARCH-t+ACI
2022-11-18,ETH,0.01,0.008409999999999732,GARCH-t+ACI
2022-11-21,ETH,0.025,0.020156249999999997,GARCH-t+ACI
2022-11-23,ETH,0.01,0.008434999999999731,GARCH-t+ACI
2022-11-26,ETH,0.025,0.020312499999999997,GARCH-t+ACI
2022-11-28,ETH,0.01,0.00845999999999973,GARCH-t+ACI
2022-12-01,ETH,0.025,0.020468749999999997,GARCH-t+ACI
2022-12-03,ETH,0.01,0.008484999999999729,GARCH-t+ACI
2022-12-06,ETH,0.025,0.020624999999999998,GARCH-t+ACI
2022-12-08,ETH,0.01,0.008509999999999728,GARCH-t+ACI
2022-12-11,ETH,0.025,0.020781249999999998,GARCH-t+ACI
2022-12-13,ETH,0.01,0.008534999999999727,GARCH-t+ACI
2022-12-16,ETH,0.025,0.020937499999999998,GARCH-t+ACI
2022-12-18,ETH,0.01,0.008559999999999726,GARCH-t+ACI
2022-12-21,ETH,0.025,0.021093749999999998,GARCH-t+ACI
2022-12-23,ETH,0.01,0.008584999999999725,GARCH-t+ACI
2022-12-26,ETH,0.025,0.021249999999999998,GARCH-t+ACI
2022-12-28,ETH,0.01,0.008609999999999724,GARCH-t+ACI
2022-12-31,ETH,0.025,0.021406249999999998,GARCH-t+ACI
2023-01-02,ETH,0.01,0.008634999999999723,GARCH-t+ACI
2023-01-05,ETH,0.025,0.0215625,GARCH-t+ACI
2023-01-07,ETH,0.01,0.008659999999999722,GARCH-t+ACI
2023-01-10,ETH,0.025,0.02171875,GARCH-t+ACI
2023-01-12,ETH,0.01,0.00868499999999972,GARCH-t+ACI
2023-01-15,ETH,0.025,0.021875,GARCH-t+ACI
2023-01-17,ETH,0.01,0.00870999999999972,GARCH-t+ACI
2023-01-20,ETH,0.025,0.02203125,GARCH-t+ACI
2023-01-22,ETH,0.01,0.008734999999999719,GARCH-t+ACI
2023-01-25,ETH,0.025,0.0221875,GARCH-t+ACI
2023-01-27,ETH,0.01,0.008759999999999718,GARCH-t+ACI
2023-01-30,ETH,0.025,0.02234375,GARCH-t+ACI
2023-02-01,ETH,0.01,0.008784999999999717,GARCH-t+ACI
2023-02-04,ETH,0.025,0.0225,GARCH-t+ACI
2023-02-06,ETH,0.01,0.008809999999999716,GARCH-t+ACI
2023-02-09,ETH,0.025,0.02265625,GARCH-t+ACI
2023-02-11,ETH,0.01,0.008834999999999715,GARCH-t+ACI
2023-02-14,ETH,0.025,0.0228125,GARCH-t+ACI
2023-02-16,ETH,0.01,0.008859999999999714,GARCH-t+ACI
2023-02-19,ETH,0.025,0.02296875,GARCH-t+ACI
2023-02-21,ETH,0.01,0.008884999999999713,GARCH-t+ACI
2023-02-24,ETH,0.025,0.023125,GARCH-t+ACI
2023-02-26,ETH,0.01,0.008909999999999712,GARCH-t+ACI
2023-03-01,ETH,0.025,0.02328125,GARCH-t+ACI
2023-03-03,ETH,0.01,0.00893499999999971,GARCH-t+ACI
2023-03-06,ETH,0.025,0.0234375,GARCH-t+ACI
2023-03-08,ETH,0.01,0.00895999999999971,GARCH-t+ACI
2023-03-11,ETH,0.025,0.02234375,GARCH-t+ACI
2023-03-13,ETH,0.01,0.008984999999999708,GARCH-t+ACI
2023-03-16,ETH,0.025,0.0225,GARCH-t+ACI
2023-03-18,ETH,0.01,0.009009999999999707,GARCH-t+ACI
2023-03-21,ETH,0.025,0.02265625,GARCH-t+ACI
2023-03-23,ETH,0.01,0.009034999999999706,GARCH-t+ACI
2023-03-26,ETH,0.025,0.0228125,GARCH-t+ACI
2023-03-28,ETH,0.01,0.009059999999999705,GARCH-t+ACI
2023-03-31,ETH,0.025,0.02296875,GARCH-t+ACI
2023-04-02,ETH,0.01,0.009084999999999704,GARCH-t+ACI
2023-04-05,ETH,0.025,0.023125,GARCH-t+ACI
2023-04-07,ETH,0.01,0.009109999999999703,GARCH-t+ACI
2023-04-10,ETH,0.025,0.02328125,GARCH-t+ACI
2023-04-12,ETH,0.01,0.009134999999999702,GARCH-t+ACI
2023-04-15,ETH,0.025,0.0234375,GARCH-t+ACI
2023-04-17,ETH,0.01,0.009159999999999701,GARCH-t+ACI
2023-04-20,ETH,0.025,0.02234375,GARCH-t+ACI
2023-04-22,ETH,0.01,0.0091849999999997,GARCH-t+ACI
2023-04-25,ETH,0.025,0.0225,GARCH-t+ACI
2023-04-27,ETH,0.01,0.0092099999999997,GARCH-t+ACI
2023-04-30,ETH,0.025,0.02265625,GARCH-t+ACI
2023-05-02,ETH,0.01,0.009234999999999698,GARCH-t+ACI
2023-05-05,ETH,0.025,0.0228125,GARCH-t+ACI
2023-05-07,ETH,0.01,0.009259999999999697,GARCH-t+ACI
2023-05-10,ETH,0.025,0.02296875,GARCH-t+ACI
2023-05-12,ETH,0.01,0.009284999999999696,GARCH-t+ACI
2023-05-15,ETH,0.025,0.023125,GARCH-t+ACI
2023-05-17,ETH,0.01,0.009309999999999695,GARCH-t+ACI
2023-05-20,ETH,0.025,0.02328125,GARCH-t+ACI
2023-05-22,ETH,0.01,0.009334999999999694,GARCH-t+ACI
2023-05-25,ETH,0.025,0.0234375,GARCH-t+ACI
2023-05-27,ETH,0.01,0.009359999999999693,GARCH-t+ACI
2023-05-30,ETH,0.025,0.02359375,GARCH-t+ACI
2023-06-01,ETH,0.01,0.009384999999999692,GARCH-t+ACI
2023-06-04,ETH,0.025,0.02375,GARCH-t+ACI
2023-06-06,ETH,0.01,0.009409999999999691,GARCH-t+ACI
2023-06-09,ETH,0.025,0.02390625,GARCH-t+ACI
2023-06-11,ETH,0.01,0.00943499999999969,GARCH-t+ACI
2023-06-14,ETH,0.025,0.0240625,GARCH-t+ACI
2023-06-16,ETH,0.01,0.00945999999999969,GARCH-t+ACI
2023-06-19,ETH,0.025,0.02421875,GARCH-t+ACI
2023-06-21,ETH,0.01,0.009484999999999688,GARCH-t+ACI
2023-06-24,ETH,0.025,0.024375,GARCH-t+ACI
2023-06-26,ETH,0.01,0.009509999999999687,GARCH-t+ACI
2023-06-29,ETH,0.025,0.02453125,GARCH-t+ACI
2023-07-01,ETH,0.01,0.009534999999999686,GARCH-t+ACI
2023-07-04,ETH,0.025,0.0246875,GARCH-t+ACI
2023-07-06,ETH,0.01,0.009559999999999685,GARCH-t+ACI
2023-07-09,ETH,0.025,0.02484375,GARCH-t+ACI
2023-07-11,ETH,0.01,0.009584999999999684,GARCH-t+ACI
2023-07-14,ETH,0.025,0.025,GARCH-t+ACI
2023-07-16,ETH,0.01,0.009609999999999683,GARCH-t+ACI
2023-07-19,ETH,0.025,0.02515625,GARCH-t+ACI
2023-07-21,ETH,0.01,0.009634999999999682,GARCH-t+ACI
2023-07-24,ETH,0.025,0.0253125,GARCH-t+ACI
2023-07-26,ETH,0.01,0.009659999999999681,GARCH-t+ACI
2023-07-29,ETH,0.025,0.025468750000000002,GARCH-t+ACI
2023-07-31,ETH,0.01,0.00968499999999968,GARCH-t+ACI
2023-08-03,ETH,0.025,0.025625000000000002,GARCH-t+ACI
2023-08-05,ETH,0.01,0.009709999999999679,GARCH-t+ACI
2023-08-08,ETH,0.025,0.025781250000000002,GARCH-t+ACI
2023-08-10,ETH,0.01,0.009734999999999678,GARCH-t+ACI
2023-08-13,ETH,0.025,0.025937500000000002,GARCH-t+ACI
2023-08-15,ETH,0.01,0.009759999999999677,GARCH-t+ACI
2023-08-18,ETH,0.025,0.02484375,GARCH-t+ACI
2023-08-20,ETH,0.01,0.009284999999999675,GARCH-t+ACI
2023-08-23,ETH,0.025,0.025,GARCH-t+ACI
2023-08-25,ETH,0.01,0.009309999999999674,GARCH-t+ACI
2023-08-28,ETH,0.025,0.02515625,GARCH-t+ACI
2023-08-30,ETH,0.01,0.009334999999999673,GARCH-t+ACI
2023-09-02,ETH,0.025,0.0253125,GARCH-t+ACI
2023-09-04,ETH,0.01,0.009359999999999672,GARCH-t+ACI
2023-09-07,ETH,0.025,0.025468750000000002,GARCH-t+ACI
2023-09-09,ETH,0.01,0.009384999999999671,GARCH-t+ACI
2023-09-12,ETH,0.025,0.024375,GARCH-t+ACI
2023-09-14,ETH,0.01,0.00940999999999967,GARCH-t+ACI
2023-09-17,ETH,0.025,0.02453125,GARCH-t+ACI
2023-09-19,ETH,0.01,0.00943499999999967,GARCH-t+ACI
2023-09-22,ETH,0.025,0.0246875,GARCH-t+ACI
2023-09-24,ETH,0.01,0.009459999999999668,GARCH-t+ACI
2023-09-27,ETH,0.025,0.02484375,GARCH-t+ACI
2023-09-29,ETH,0.01,0.009484999999999667,GARCH-t+ACI
2023-10-02,ETH,0.025,0.02375,GARCH-t+ACI
2023-10-04,ETH,0.01,0.009509999999999666,GARCH-t+ACI
2023-10-07,ETH,0.025,0.02390625,GARCH-t+ACI
2023-10-09,ETH,0.01,0.009534999999999665,GARCH-t+ACI
2023-10-12,ETH,0.025,0.0228125,GARCH-t+ACI
2023-10-14,ETH,0.01,0.009559999999999664,GARCH-t+ACI
2023-10-17,ETH,0.025,0.02296875,GARCH-t+ACI
2023-10-19,ETH,0.01,0.009584999999999663,GARCH-t+ACI
2023-10-22,ETH,0.025,0.023125,GARCH-t+ACI
2023-10-24,ETH,0.01,0.009609999999999662,GARCH-t+ACI
2023-10-27,ETH,0.025,0.02328125,GARCH-t+ACI
2023-10-29,ETH,0.01,0.009634999999999661,GARCH-t+ACI
2023-11-01,ETH,0.025,0.0234375,GARCH-t+ACI
2023-11-03,ETH,0.01,0.00965999999999966,GARCH-t+ACI
2023-11-06,ETH,0.025,0.02359375,GARCH-t+ACI
2023-11-08,ETH,0.01,0.00968499999999966,GARCH-t+ACI
2023-11-11,ETH,0.025,0.02375,GARCH-t+ACI
2023-11-13,ETH,0.01,0.009709999999999658,GARCH-t+ACI
2023-11-16,ETH,0.025,0.021406249999999998,GARCH-t+ACI
2023-11-18,ETH,0.01,0.009734999999999657,GARCH-t+ACI
2023-11-21,ETH,0.025,0.020312499999999997,GARCH-t+ACI
2023-11-23,ETH,0.01,0.009759999999999656,GARCH-t+ACI
2023-11-26,ETH,0.025,0.020468749999999997,GARCH-t+ACI
2023-11-28,ETH,0.01,0.009784999999999655,GARCH-t+ACI
2023-12-01,ETH,0.025,0.020624999999999998,GARCH-t+ACI
2023-12-03,ETH,0.01,0.009809999999999654,GARCH-t+ACI
2023-12-06,ETH,0.025,0.020781249999999998,GARCH-t+ACI
2023-12-08,ETH,0.01,0.009834999999999653,GARCH-t+ACI
2023-12-11,ETH,0.025,0.020937499999999998,GARCH-t+ACI
2023-12-13,ETH,0.01,0.009859999999999652,GARCH-t+ACI
2023-12-16,ETH,0.025,0.021093749999999998,GARCH-t+ACI
2023-12-18,ETH,0.01,0.009884999999999651,GARCH-t+ACI
2023-12-21,ETH,0.025,0.021249999999999998,GARCH-t+ACI
2023-12-23,ETH,0.01,0.00990999999999965,GARCH-t+ACI
2023-12-26,ETH,0.025,0.021406249999999998,GARCH-t+ACI
2023-12-28,ETH,0.01,0.009934999999999649,GARCH-t+ACI
2023-12-31,ETH,0.025,0.0215625,GARCH-t+ACI
2024-01-02,ETH,0.01,0.009959999999999648,GARCH-t+ACI
2024-01-05,ETH,0.025,0.020468749999999997,GARCH-t+ACI
2024-01-07,ETH,0.01,0.009984999999999647,GARCH-t+ACI
2024-01-10,ETH,0.025,0.020624999999999998,GARCH-t+ACI
2024-01-12,ETH,0.01,0.010009999999999646,GARCH-t+ACI
2024-01-15,ETH,0.025,0.020781249999999998,GARCH-t+ACI
2024-01-17,ETH,0.01,0.010034999999999645,GARCH-t+ACI
2024-01-20,ETH,0.025,0.020937499999999998,GARCH-t+ACI
2024-01-22,ETH,0.01,0.010059999999999644,GARCH-t+ACI
2024-01-25,ETH,0.025,0.021093749999999998,GARCH-t+ACI
2024-01-27,ETH,0.01,0.010084999999999643,GARCH-t+ACI
2024-01-30,ETH,0.025,0.021249999999999998,GARCH-t+ACI
2024-02-01,ETH,0.01,0.010109999999999642,GARCH-t+ACI
2024-02-04,ETH,0.025,0.021406249999999998,GARCH-t+ACI
2024-02-06,ETH,0.01,0.01013499999999964,GARCH-t+ACI
2024-02-09,ETH,0.025,0.0215625,GARCH-t+ACI
2024-02-11,ETH,0.01,0.01015999999999964,GARCH-t+ACI
2024-02-14,ETH,0.025,0.02171875,GARCH-t+ACI
2024-02-16,ETH,0.01,0.010184999999999639,GARCH-t+ACI
2024-02-19,ETH,0.025,0.021875,GARCH-t+ACI
2024-02-21,ETH,0.01,0.010209999999999638,GARCH-t+ACI
2024-02-24,ETH,0.025,0.02203125,GARCH-t+ACI
2024-02-26,ETH,0.01,0.010234999999999637,GARCH-t+ACI
2024-02-29,ETH,0.025,0.0221875,GARCH-t+ACI
2024-03-02,ETH,0.01,0.010259999999999636,GARCH-t+ACI
2024-03-05,ETH,0.025,0.02234375,GARCH-t+ACI
2024-03-07,ETH,0.01,0.010284999999999635,GARCH-t+ACI
2024-03-10,ETH,0.025,0.0225,GARCH-t+ACI
2024-03-12,ETH,0.01,0.010309999999999634,GARCH-t+ACI
2024-03-15,ETH,0.025,0.02265625,GARCH-t+ACI
2024-03-17,ETH,0.01,0.010334999999999633,GARCH-t+ACI
2024-03-20,ETH,0.025,0.0215625,GARCH-t+ACI
2024-03-22,ETH,0.01,0.009859999999999631,GARCH-t+ACI
2024-03-25,ETH,0.025,0.02171875,GARCH-t+ACI
2024-03-27,ETH,0.01,0.00988499999999963,GARCH-t+ACI
2024-03-30,ETH,0.025,0.021875,GARCH-t+ACI
2024-04-01,ETH,0.01,0.00990999999999963,GARCH-t+ACI
2024-04-04,ETH,0.025,0.02203125,GARCH-t+ACI
2024-04-06,ETH,0.01,0.009934999999999628,GARCH-t+ACI
2024-04-09,ETH,0.025,0.0221875,GARCH-t+ACI
2024-04-11,ETH,0.01,0.009959999999999627,GARCH-t+ACI
2024-04-14,ETH,0.025,0.021093749999999998,GARCH-t+ACI
2024-04-16,ETH,0.01,0.009984999999999626,GARCH-t+ACI
2024-04-19,ETH,0.025,0.021249999999999998,GARCH-t+ACI
2024-04-21,ETH,0.01,0.010009999999999625,GARCH-t+ACI
2024-04-24,ETH,0.025,0.021406249999999998,GARCH-t+ACI
2024-04-26,ETH,0.01,0.010034999999999624,GARCH-t+ACI
2024-04-29,ETH,0.025,0.0215625,GARCH-t+ACI
2024-05-01,ETH,0.01,0.010059999999999623,GARCH-t+ACI
2024-05-04,ETH,0.025,0.020468749999999997,GARCH-t+ACI
2024-05-06,ETH,0.01,0.010084999999999622,GARCH-t+ACI
2024-05-09,ETH,0.025,0.020624999999999998,GARCH-t+ACI
2024-05-11,ETH,0.01,0.010109999999999621,GARCH-t+ACI
2024-05-14,ETH,0.025,0.020781249999999998,GARCH-t+ACI
2024-05-16,ETH,0.01,0.01013499999999962,GARCH-t+ACI
2024-05-19,ETH,0.025,0.020937499999999998,GARCH-t+ACI
2024-05-21,ETH,0.01,0.010159999999999619,GARCH-t+ACI
2024-05-24,ETH,0.025,0.021093749999999998,GARCH-t+ACI
2024-05-26,ETH,0.01,0.010184999999999618,GARCH-t+ACI
2024-05-29,ETH,0.025,0.021249999999999998,GARCH-t+ACI
2024-05-31,ETH,0.01,0.010209999999999617,GARCH-t+ACI
2024-06-03,ETH,0.025,0.021406249999999998,GARCH-t+ACI
2024-06-05,ETH,0.01,0.010234999999999616,GARCH-t+ACI
2024-06-08,ETH,0.025,0.0215625,GARCH-t+ACI
2024-06-10,ETH,0.01,0.010259999999999615,GARCH-t+ACI
2024-06-13,ETH,0.025,0.02171875,GARCH-t+ACI
2024-06-15,ETH,0.01,0.010284999999999614,GARCH-t+ACI
2024-06-18,ETH,0.025,0.021875,GARCH-t+ACI
2024-06-20,ETH,0.01,0.010309999999999613,GARCH-t+ACI
2024-06-23,ETH,0.025,0.02203125,GARCH-t+ACI
2024-06-25,ETH,0.01,0.010334999999999612,GARCH-t+ACI
2024-06-28,ETH,0.025,0.0221875,GARCH-t+ACI
2024-06-30,ETH,0.01,0.01035999999999961,GARCH-t+ACI
2024-07-03,ETH,0.025,0.02234375,GARCH-t+ACI
2024-07-05,ETH,0.01,0.01038499999999961,GARCH-t+ACI
2024-07-08,ETH,0.025,0.021249999999999998,GARCH-t+ACI
2024-07-10,ETH,0.01,0.010409999999999609,GARCH-t+ACI
2024-07-13,ETH,0.025,0.021406249999999998,GARCH-t+ACI
2024-07-15,ETH,0.01,0.010434999999999608,GARCH-t+ACI
2024-07-18,ETH,0.025,0.0215625,GARCH-t+ACI
2024-07-20,ETH,0.01,0.010459999999999607,GARCH-t+ACI
2024-07-23,ETH,0.025,0.02171875,GARCH-t+ACI
2024-07-25,ETH,0.01,0.010484999999999606,GARCH-t+ACI
2024-07-28,ETH,0.025,0.021875,GARCH-t+ACI
2024-07-30,ETH,0.01,0.010509999999999605,GARCH-t+ACI
2024-08-02,ETH,0.025,0.020781249999999998,GARCH-t+ACI
2024-08-04,ETH,0.01,0.010534999999999604,GARCH-t+ACI
2024-08-07,ETH,0.025,0.018437499999999996,GARCH-t+ACI
2024-08-09,ETH,0.01,0.010059999999999602,GARCH-t+ACI
2024-08-12,ETH,0.025,0.018593749999999996,GARCH-t+ACI
2024-08-14,ETH,0.01,0.010084999999999601,GARCH-t+ACI
2024-08-17,ETH,0.025,0.018749999999999996,GARCH-t+ACI
2024-08-19,ETH,0.01,0.0101099999999996,GARCH-t+ACI
2024-08-22,ETH,0.025,0.018906249999999996,GARCH-t+ACI
2024-08-24,ETH,0.01,0.0101349999999996,GARCH-t+ACI
2024-08-27,ETH,0.025,0.017812499999999995,GARCH-t+ACI
2024-08-29,ETH,0.01,0.010159999999999598,GARCH-t+ACI
2024-09-01,ETH,0.025,0.017968749999999995,GARCH-t+ACI
2024-09-03,ETH,0.01,0.010184999999999597,GARCH-t+ACI
2024-09-06,ETH,0.025,0.018124999999999995,GARCH-t+ACI
2024-09-08,ETH,0.01,0.010209999999999596,GARCH-t+ACI
2024-09-11,ETH,0.025,0.018281249999999995,GARCH-t+ACI
2024-09-13,ETH,0.01,0.010234999999999595,GARCH-t+ACI
2024-09-16,ETH,0.025,0.018437499999999996,GARCH-t+ACI
2024-09-18,ETH,0.01,0.010259999999999594,GARCH-t+ACI
2024-09-21,ETH,0.025,0.018593749999999996,GARCH-t+ACI
2024-09-23,ETH,0.01,0.010284999999999593,GARCH-t+ACI
2024-09-26,ETH,0.025,0.018749999999999996,GARCH-t+ACI
2024-09-28,ETH,0.01,0.010309999999999592,GARCH-t+ACI
2024-10-01,ETH,0.025,0.018906249999999996,GARCH-t+ACI
2024-10-03,ETH,0.01,0.010334999999999591,GARCH-t+ACI
2024-10-06,ETH,0.025,0.019062499999999996,GARCH-t+ACI
2024-10-08,ETH,0.01,0.01035999999999959,GARCH-t+ACI
2024-10-11,ETH,0.025,0.019218749999999996,GARCH-t+ACI
2024-10-13,ETH,0.01,0.010384999999999589,GARCH-t+ACI
2024-10-16,ETH,0.025,0.019374999999999996,GARCH-t+ACI
2024-10-18,ETH,0.01,0.010409999999999588,GARCH-t+ACI
2024-10-21,ETH,0.025,0.019531249999999997,GARCH-t+ACI
2024-10-23,ETH,0.01,0.010434999999999587,GARCH-t+ACI
2024-10-26,ETH,0.025,0.019687499999999997,GARCH-t+ACI
2024-10-28,ETH,0.01,0.010459999999999586,GARCH-t+ACI
2024-10-31,ETH,0.025,0.019843749999999997,GARCH-t+ACI
2024-11-02,ETH,0.01,0.010484999999999585,GARCH-t+ACI
2024-11-05,ETH,0.025,0.019999999999999997,GARCH-t+ACI
2024-11-07,ETH,0.01,0.010509999999999584,GARCH-t+ACI
2024-11-10,ETH,0.025,0.020156249999999997,GARCH-t+ACI
2024-11-12,ETH,0.01,0.010534999999999583,GARCH-t+ACI
2024-11-15,ETH,0.025,0.020312499999999997,GARCH-t+ACI
2024-11-17,ETH,0.01,0.010559999999999582,GARCH-t+ACI
2024-11-20,ETH,0.025,0.020468749999999997,GARCH-t+ACI
2024-11-22,ETH,0.01,0.01058499999999958,GARCH-t+ACI
2024-11-25,ETH,0.025,0.020624999999999998,GARCH-t+ACI
2024-11-27,ETH,0.01,0.01060999999999958,GARCH-t+ACI
2024-11-30,ETH,0.025,0.020781249999999998,GARCH-t+ACI
2024-12-02,ETH,0.01,0.010634999999999579,GARCH-t+ACI
2024-12-05,ETH,0.025,0.020937499999999998,GARCH-t+ACI
2024-12-07,ETH,0.01,0.010659999999999578,GARCH-t+ACI
2024-12-10,ETH,0.025,0.021093749999999998,GARCH-t+ACI
2024-12-12,ETH,0.01,0.010684999999999577,GARCH-t+ACI
2024-12-15,ETH,0.025,0.021249999999999998,GARCH-t+ACI
2024-12-17,ETH,0.01,0.010709999999999576,GARCH-t+ACI
2024-12-20,ETH,0.025,0.021406249999999998,GARCH-t+ACI
2024-12-22,ETH,0.01,0.010734999999999575,GARCH-t+ACI
2024-12-25,ETH,0.025,0.0215625,GARCH-t+ACI
2024-12-27,ETH,0.01,0.010759999999999574,GARCH-t+ACI
2024-12-30,ETH,0.025,0.02171875,GARCH-t+ACI
2025-01-01,ETH,0.01,0.010784999999999573,GARCH-t+ACI
2025-01-04,ETH,0.025,0.021875,GARCH-t+ACI
2025-01-06,ETH,0.01,0.010809999999999572,GARCH-t+ACI
2025-01-09,ETH,0.025,0.020781249999999998,GARCH-t+ACI
2025-01-11,ETH,0.01,0.01083499999999957,GARCH-t+ACI
2025-01-14,ETH,0.025,0.020937499999999998,GARCH-t+ACI
2025-01-16,ETH,0.01,0.01085999999999957,GARCH-t+ACI
2025-01-19,ETH,0.025,0.021093749999999998,GARCH-t+ACI
2025-01-21,ETH,0.01,0.010884999999999569,GARCH-t+ACI
2025-01-24,ETH,0.025,0.021249999999999998,GARCH-t+ACI
2025-01-26,ETH,0.01,0.010909999999999568,GARCH-t+ACI
2025-01-29,ETH,0.025,0.021406249999999998,GARCH-t+ACI
2025-01-31,ETH,0.01,0.010934999999999567,GARCH-t+ACI
2025-02-03,ETH,0.025,0.020312499999999997,GARCH-t+ACI
2025-02-05,ETH,0.01,0.010959999999999566,GARCH-t+ACI
2025-02-08,ETH,0.025,0.020468749999999997,GARCH-t+ACI
2025-02-10,ETH,0.01,0.010984999999999565,GARCH-t+ACI
2025-02-13,ETH,0.025,0.020624999999999998,GARCH-t+ACI
2025-02-15,ETH,0.01,0.011009999999999564,GARCH-t+ACI
2025-02-18,ETH,0.025,0.020781249999999998,GARCH-t+ACI
2025-02-20,ETH,0.01,0.011034999999999563,GARCH-t+ACI
2025-02-23,ETH,0.025,0.020937499999999998,GARCH-t+ACI
2025-02-25,ETH,0.01,0.010559999999999561,GARCH-t+ACI
2025-02-28,ETH,0.025,0.019843749999999997,GARCH-t+ACI
2025-03-02,ETH,0.01,0.01058499999999956,GARCH-t+ACI
2025-03-05,ETH,0.025,0.018749999999999996,GARCH-t+ACI
2025-03-07,ETH,0.01,0.010109999999999559,GARCH-t+ACI
2025-03-10,ETH,0.025,0.017656249999999995,GARCH-t+ACI
2025-03-12,ETH,0.01,0.010134999999999558,GARCH-t+ACI
2025-03-15,ETH,0.025,0.017812499999999995,GARCH-t+ACI
2025-03-17,ETH,0.01,0.010159999999999557,GARCH-t+ACI
2025-03-20,ETH,0.025,0.017968749999999995,GARCH-t+ACI
2025-03-22,ETH,0.01,0.010184999999999556,GARCH-t+ACI
2025-03-25,ETH,0.025,0.018124999999999995,GARCH-t+ACI
2025-03-27,ETH,0.01,0.010209999999999555,GARCH-t+ACI
2025-03-30,ETH,0.025,0.018281249999999995,GARCH-t+ACI
2025-04-01,ETH,0.01,0.010234999999999553,GARCH-t+ACI
2025-04-04,ETH,0.025,0.018437499999999996,GARCH-t+ACI
2025-04-06,ETH,0.01,0.009759999999999552,GARCH-t+ACI
2025-04-09,ETH,0.025,0.017343749999999995,GARCH-t+ACI
2025-04-11,ETH,0.01,0.009784999999999551,GARCH-t+ACI
2025-04-14,ETH,0.025,0.017499999999999995,GARCH-t+ACI
2025-04-16,ETH,0.01,0.00980999999999955,GARCH-t+ACI
2025-04-19,ETH,0.025,0.017656249999999995,GARCH-t+ACI
2025-04-21,ETH,0.01,0.009834999999999549,GARCH-t+ACI
2025-04-24,ETH,0.025,0.017812499999999995,GARCH-t+ACI
2025-04-26,ETH,0.01,0.009859999999999548,GARCH-t+ACI
2025-04-29,ETH,0.025,0.017968749999999995,GARCH-t+ACI
2025-05-01,ETH,0.01,0.009884999999999547,GARCH-t+ACI
2025-05-04,ETH,0.025,0.018124999999999995,GARCH-t+ACI
2025-05-06,ETH,0.01,0.009909999999999546,GARCH-t+ACI
2025-05-09,ETH,0.025,0.018281249999999995,GARCH-t+ACI
2025-05-11,ETH,0.01,0.009934999999999545,GARCH-t+ACI
2025-05-14,ETH,0.025,0.018437499999999996,GARCH-t+ACI
2025-05-16,ETH,0.01,0.009959999999999544,GARCH-t+ACI
2025-05-19,ETH,0.025,0.018593749999999996,GARCH-t+ACI
2025-05-21,ETH,0.01,0.009984999999999543,GARCH-t+ACI
2025-05-24,ETH,0.025,0.018749999999999996,GARCH-t+ACI
2025-05-26,ETH,0.01,0.010009999999999542,GARCH-t+ACI
2025-05-29,ETH,0.025,0.018906249999999996,GARCH-t+ACI
2025-05-31,ETH,0.01,0.01003499999999954,GARCH-t+ACI
2025-06-03,ETH,0.025,0.019062499999999996,GARCH-t+ACI
2025-06-05,ETH,0.01,0.01005999999999954,GARCH-t+ACI
2025-06-08,ETH,0.025,0.017968749999999995,GARCH-t+ACI
2025-06-10,ETH,0.01,0.010084999999999539,GARCH-t+ACI
2025-06-13,ETH,0.025,0.018124999999999995,GARCH-t+ACI
2025-06-15,ETH,0.01,0.010109999999999538,GARCH-t+ACI
2025-06-18,ETH,0.025,0.018281249999999995,GARCH-t+ACI
2025-06-20,ETH,0.01,0.010134999999999537,GARCH-t+ACI
2025-06-23,ETH,0.025,0.018437499999999996,GARCH-t+ACI
2025-06-25,ETH,0.01,0.010159999999999536,GARCH-t+ACI
2025-06-28,ETH,0.025,0.018593749999999996,GARCH-t+ACI
2025-06-30,ETH,0.01,0.010184999999999535,GARCH-t+ACI
2025-07-03,ETH,0.025,0.018749999999999996,GARCH-t+ACI
2025-07-05,ETH,0.01,0.010209999999999534,GARCH-t+ACI
2025-07-08,ETH,0.025,0.018906249999999996,GARCH-t+ACI
2025-07-10,ETH,0.01,0.010234999999999533,GARCH-t+ACI
2025-07-13,ETH,0.025,0.019062499999999996,GARCH-t+ACI
2025-07-15,ETH,0.01,0.010259999999999532,GARCH-t+ACI
2025-07-18,ETH,0.025,0.019218749999999996,GARCH-t+ACI
2025-07-20,ETH,0.01,0.01028499999999953,GARCH-t+ACI
2025-07-23,ETH,0.025,0.019374999999999996,GARCH-t+ACI
2025-07-25,ETH,0.01,0.01030999999999953,GARCH-t+ACI
2025-07-28,ETH,0.025,0.019531249999999997,GARCH-t+ACI
2025-07-30,ETH,0.01,0.010334999999999529,GARCH-t+ACI
2025-08-02,ETH,0.025,0.019687499999999997,GARCH-t+ACI
2025-08-04,ETH,0.01,0.010359999999999528,GARCH-t+ACI
2025-08-07,ETH,0.025,0.019843749999999997,GARCH-t+ACI
2025-08-09,ETH,0.01,0.010384999999999527,GARCH-t+ACI
2025-08-12,ETH,0.025,0.019999999999999997,GARCH-t+ACI
2025-08-14,ETH,0.01,0.010409999999999526,GARCH-t+ACI
2025-08-17,ETH,0.025,0.020156249999999997,GARCH-t+ACI
2025-08-19,ETH,0.01,0.010434999999999525,GARCH-t+ACI
2025-08-22,ETH,0.025,0.020312499999999997,GARCH-t+ACI
2025-08-24,ETH,0.01,0.010459999999999523,GARCH-t+ACI
2025-08-27,ETH,0.025,0.019218749999999996,GARCH-t+ACI
2025-08-29,ETH,0.01,0.010484999999999522,GARCH-t+ACI
2025-09-01,ETH,0.025,0.019374999999999996,GARCH-t+ACI
2025-09-03,ETH,0.01,0.010509999999999521,GARCH-t+ACI
2025-09-06,ETH,0.025,0.019531249999999997,GARCH-t+ACI
2025-09-08,ETH,0.01,0.01053499999999952,GARCH-t+ACI
2025-09-11,ETH,0.025,0.019687499999999997,GARCH-t+ACI
2025-09-13,ETH,0.01,0.01055999999999952,GARCH-t+ACI
2025-09-16,ETH,0.025,0.019843749999999997,GARCH-t+ACI
2025-09-18,ETH,0.01,0.010584999999999518,GARCH-t+ACI
2025-09-21,ETH,0.025,0.019999999999999997,GARCH-t+ACI
2025-09-23,ETH,0.01,0.010609999999999517,GARCH-t+ACI
2025-09-26,ETH,0.025,0.020156249999999997,GARCH-t+ACI
2025-09-28,ETH,0.01,0.010634999999999516,GARCH-t+ACI
2025-10-01,ETH,0.025,0.020312499999999997,GARCH-t+ACI
2025-10-03,ETH,0.01,0.010659999999999515,GARCH-t+ACI
2025-10-06,ETH,0.025,0.020468749999999997,GARCH-t+ACI
2025-10-08,ETH,0.01,0.010684999999999514,GARCH-t+ACI
2025-10-11,ETH,0.025,0.019374999999999996,GARCH-t+ACI
2025-10-13,ETH,0.01,0.010209999999999513,GARCH-t+ACI
2025-10-16,ETH,0.025,0.019531249999999997,GARCH-t+ACI
2025-10-18,ETH,0.01,0.010234999999999512,GARCH-t+ACI
2025-10-21,ETH,0.025,0.019687499999999997,GARCH-t+ACI
2025-10-23,ETH,0.01,0.01025999999999951,GARCH-t+ACI
2025-10-26,ETH,0.025,0.019843749999999997,GARCH-t+ACI
2025-10-28,ETH,0.01,0.01028499999999951,GARCH-t+ACI
2025-10-31,ETH,0.025,0.019999999999999997,GARCH-t+ACI
2025-11-02,ETH,0.01,0.010309999999999509,GARCH-t+ACI
2025-11-05,ETH,0.025,0.018906249999999996,GARCH-t+ACI
2025-11-07,ETH,0.01,0.010334999999999508,GARCH-t+ACI
2025-11-10,ETH,0.025,0.019062499999999996,GARCH-t+ACI
2025-11-12,ETH,0.01,0.010359999999999507,GARCH-t+ACI
2025-11-15,ETH,0.025,0.019218749999999996,GARCH-t+ACI
2025-11-17,ETH,0.01,0.010384999999999506,GARCH-t+ACI
2025-11-20,ETH,0.025,0.019374999999999996,GARCH-t+ACI
2025-11-22,ETH,0.01,0.010409999999999505,GARCH-t+ACI
2025-11-25,ETH,0.025,0.019531249999999997,GARCH-t+ACI
2025-11-27,ETH,0.01,0.010434999999999504,GARCH-t+ACI
2025-11-30,ETH,0.025,0.019687499999999997,GARCH-t+ACI
2025-12-02,ETH,0.01,0.010459999999999503,GARCH-t+ACI
2025-12-05,ETH,0.025,0.019843749999999997,GARCH-t+ACI
2025-12-07,ETH,0.01,0.010484999999999502,GARCH-t+ACI
2025-12-10,ETH,0.025,0.019999999999999997,GARCH-t+ACI
2025-12-12,ETH,0.01,0.0105099999999995,GARCH-t+ACI
2025-12-15,ETH,0.025,0.020156249999999997,GARCH-t+ACI
2025-12-17,ETH,0.01,0.0105349999999995,GARCH-t+ACI
2025-12-20,ETH,0.025,0.020312499999999997,GARCH-t+ACI
2025-12-22,ETH,0.01,0.010559999999999499,GARCH-t+ACI
2025-12-25,ETH,0.025,0.020468749999999997,GARCH-t+ACI
2025-12-27,ETH,0.01,0.010584999999999498,GARCH-t+ACI
2025-12-30,ETH,0.025,0.020624999999999998,GARCH-t+ACI
2026-01-01,ETH,0.01,0.010609999999999497,GARCH-t+ACI
2026-01-04,ETH,0.025,0.020781249999999998,GARCH-t+ACI
2026-01-06,ETH,0.01,0.010634999999999496,GARCH-t+ACI
2026-01-09,ETH,0.025,0.020937499999999998,GARCH-t+ACI
2026-01-11,ETH,0.01,0.010659999999999495,GARCH-t+ACI
2026-01-14,ETH,0.025,0.021093749999999998,GARCH-t+ACI
2026-01-16,ETH,0.01,0.010684999999999494,GARCH-t+ACI
2026-01-19,ETH,0.025,0.021249999999999998,GARCH-t+ACI
2026-01-21,ETH,0.01,0.010709999999999492,GARCH-t+ACI
2026-01-24,ETH,0.025,0.020156249999999997,GARCH-t+ACI
2026-01-26,ETH,0.01,0.010734999999999491,GARCH-t+ACI
2026-01-29,ETH,0.025,0.020312499999999997,GARCH-t+ACI
2026-01-31,ETH,0.01,0.01075999999999949,GARCH-t+ACI
2026-02-03,ETH,0.025,0.019218749999999996,GARCH-t+ACI
2026-02-05,ETH,0.01,0.010284999999999489,GARCH-t+ACI
2026-02-08,ETH,0.025,0.018124999999999995,GARCH-t+ACI
2026-02-10,ETH,0.01,0.010309999999999488,GARCH-t+ACI
2026-02-13,ETH,0.025,0.018281249999999995,GARCH-t+ACI
2026-02-15,ETH,0.01,0.010334999999999487,GARCH-t+ACI
2026-02-18,ETH,0.025,0.018437499999999996,GARCH-t+ACI
2026-02-20,ETH,0.01,0.010359999999999486,GARCH-t+ACI
2026-02-23,ETH,0.025,0.018593749999999996,GARCH-t+ACI
2026-02-25,ETH,0.01,0.010384999999999485,GARCH-t+ACI
2026-02-28,ETH,0.025,0.018749999999999996,GARCH-t+ACI
2026-03-02,ETH,0.01,0.010409999999999484,GARCH-t+ACI
2026-03-05,ETH,0.025,0.018906249999999996,GARCH-t+ACI
2026-03-07,ETH,0.01,0.010434999999999483,GARCH-t+ACI
2026-03-10,ETH,0.025,0.019062499999999996,GARCH-t+ACI
2026-03-12,ETH,0.01,0.010459999999999482,GARCH-t+ACI
2026-03-15,ETH,0.025,0.019218749999999996,GARCH-t+ACI
2026-03-17,ETH,0.01,0.01048499999999948,GARCH-t+ACI
2026-03-20,ETH,0.025,0.019374999999999996,GARCH-t+ACI
2026-03-22,ETH,0.01,0.01050999999999948,GARCH-t+ACI
2026-03-25,ETH,0.025,0.019531249999999997,GARCH-t+ACI
2026-03-27,ETH,0.01,0.010534999999999479,GARCH-t+ACI
2026-03-30,ETH,0.025,0.019687499999999997,GARCH-t+ACI
2026-04-01,ETH,0.01,0.010559999999999478,GARCH-t+ACI
2026-04-04,ETH,0.025,0.019843749999999997,GARCH-t+ACI
2026-04-06,ETH,0.01,0.010584999999999477,GARCH-t+ACI
2026-04-09,ETH,0.025,0.019999999999999997,GARCH-t+ACI
2026-04-11,ETH,0.01,0.010609999999999476,GARCH-t+ACI
2026-04-14,ETH,0.025,0.020156249999999997,GARCH-t+ACI
2026-04-16,ETH,0.01,0.010634999999999475,GARCH-t+ACI
2026-04-19,ETH,0.025,0.020312499999999997,GARCH-t+ACI
2026-04-21,ETH,0.01,0.010659999999999474,GARCH-t+ACI
2026-04-24,ETH,0.025,0.020468749999999997,GARCH-t+ACI
2026-04-26,ETH,0.01,0.010684999999999473,GARCH-t+ACI
2026-04-29,ETH,0.025,0.020624999999999998,GARCH-t+ACI
2026-05-01,ETH,0.01,0.010709999999999472,GARCH-t+ACI
2026-05-04,ETH,0.025,0.020781249999999998,GARCH-t+ACI
2026-05-06,ETH,0.01,0.01073499999999947,GARCH-t+ACI
2026-05-09,ETH,0.025,0.020937499999999998,GARCH-t+ACI
2026-05-11,ETH,0.01,0.01075999999999947,GARCH-t+ACI
2026-05-14,ETH,0.025,0.021093749999999998,GARCH-t+ACI
2026-05-16,ETH,0.01,0.010784999999999469,GARCH-t+ACI
2026-05-19,ETH,0.025,0.021249999999999998,GARCH-t+ACI
2026-05-21,ETH,0.01,0.010809999999999468,GARCH-t+ACI
2026-05-24,ETH,0.025,0.021406249999999998,GARCH-t+ACI
2026-05-26,ETH,0.01,0.010834999999999467,GARCH-t+ACI
2026-05-29,ETH,0.025,0.0215625,GARCH-t+ACI
2026-05-31,ETH,0.01,0.010859999999999466,GARCH-t+ACI
2026-06-03,ETH,0.025,0.020468749999999997,GARCH-t+ACI
2026-06-05,ETH,0.01,0.010384999999999464,GARCH-t+ACI
2026-06-08,ETH,0.025,0.019374999999999996,GARCH-t+ACI
2026-06-10,ETH,0.01,0.010409999999999463,GARCH-t+ACI
2026-06-13,ETH,0.025,0.019531249999999997,GARCH-t+ACI
2026-06-15,ETH,0.01,0.010434999999999462,GARCH-t+ACI
2026-06-18,ETH,0.025,0.019687499999999997,GARCH-t+ACI
2026-06-20,ETH,0.01,0.010459999999999461,GARCH-t+ACI
2026-06-23,ETH,0.025,0.019843749999999997,GARCH-t+ACI
2026-06-25,ETH,0.01,0.01048499999999946,GARCH-t+ACI
2026-06-28,ETH,0.025,0.019999999999999997,GARCH-t+ACI
2026-06-30,ETH,0.01,0.010509999999999459,GARCH-t+ACI
2026-07-03,ETH,0.025,0.020156249999999997,GARCH-t+ACI
2026-07-05,ETH,0.01,0.010534999999999458,GARCH-t+ACI
2026-07-08,ETH,0.025,0.020312499999999997,GARCH-t+ACI
2026-07-10,ETH,0.01,0.010559999999999457,GARCH-t+ACI
2026-07-13,ETH,0.025,0.020468749999999997,GARCH-t+ACI
2026-07-15,ETH,0.01,0.010584999999999456,GARCH-t+ACI
2026-07-18,ETH,0.025,0.020624999999999998,GARCH-t+ACI
2026-07-20,ETH,0.01,0.010609999999999455,GARCH-t+ACI
2026-07-23,ETH,0.025,0.020781249999999998,GARCH-t+ACI
2026-07-25,ETH,0.01,0.010634999999999454,GARCH-t+ACI
2026-07-28,ETH,0.025,0.020937499999999998,GARCH-t+ACI
2026-07-30,ETH,0.01,0.010659999999999453,GARCH-t+ACI
2026-08-02,ETH,0.025,0.021093749999999998,GARCH-t+ACI
2026-08-04,ETH,0.01,0.010684999999999452,GARCH-t+ACI
2026-08-07,ETH,0.025,0.021249999999999998,GARCH-t+ACI
2026-08-09,ETH,0.01,0.01070999999999945,GARCH-t+ACI
2026-08-12,ETH,0.025,0.021406249999999998,GARCH-t+ACI
2026-08-14,ETH,0.01,0.01073499999999945,GARCH-t+ACI
2026-08-17,ETH,0.025,0.0215625,GARCH-t+ACI
2026-08-19,ETH,0.01,0.010759999999999449,GARCH-t+ACI
2026-08-22,ETH,0.025,0.02171875,GARCH-t+ACI
2026-08-24,ETH,0.01,0.010784999999999448,GARCH-t+ACI
2026-08-27,ETH,0.025,0.021875,GARCH-t+ACI
2026-08-29,ETH,0.01,0.010809999999999447,GARCH-t+ACI
2026-09-01,ETH,0.025,0.02203125,GARCH-t+ACI
2026-09-03,ETH,0.01,0.010834999999999446,GARCH-t+ACI
2026-09-06,ETH,0.025,0.0221875,GARCH-t+ACI
2026-09-08,ETH,0.01,0.010859999999999445,GARCH-t+ACI
2019-05-17,ETH,0.025,0.02503125,RF-QR+ACI
2019-05-19,ETH,0.01,0.010015,RF-QR+ACI
2019-05-22,ETH,0.025,0.0251875,RF-QR+ACI
2019-05-24,ETH,0.01,0.010039999999999999,RF-QR+ACI
2019-05-27,ETH,0.025,0.02534375,RF-QR+ACI
2019-05-29,ETH,0.01,0.010064999999999998,RF-QR+ACI
2019-06-01,ETH,0.025,0.025500000000000002,RF-QR+ACI
2019-06-03,ETH,0.01,0.010089999999999997,RF-QR+ACI
2019-06-06,ETH,0.025,0.025656250000000002,RF-QR+ACI
2019-06-08,ETH,0.01,0.010114999999999996,RF-QR+ACI
2019-06-11,ETH,0.025,0.025812500000000002,RF-QR+ACI
2019-06-13,ETH,0.01,0.010139999999999995,RF-QR+ACI
2019-06-16,ETH,0.025,0.025968750000000002,RF-QR+ACI
2019-06-18,ETH,0.01,0.010164999999999993,RF-QR+ACI
2019-06-21,ETH,0.025,0.026125000000000002,RF-QR+ACI
2019-06-23,ETH,0.01,0.010189999999999992,RF-QR+ACI
2019-06-26,ETH,0.025,0.026281250000000003,RF-QR+ACI
2019-06-28,ETH,0.01,0.010214999999999991,RF-QR+ACI
2019-07-01,ETH,0.025,0.0251875,RF-QR+ACI
2019-07-03,ETH,0.01,0.01023999999999999,RF-QR+ACI
2019-07-06,ETH,0.025,0.02534375,RF-QR+ACI
2019-07-08,ETH,0.01,0.01026499999999999,RF-QR+ACI
2019-07-11,ETH,0.025,0.025500000000000002,RF-QR+ACI
2019-07-13,ETH,0.01,0.010289999999999988,RF-QR+ACI
2019-07-16,ETH,0.025,0.02315625,RF-QR+ACI
2019-07-18,ETH,0.01,0.009314999999999986,RF-QR+ACI
2019-07-21,ETH,0.025,0.0233125,RF-QR+ACI
2019-07-23,ETH,0.01,0.009339999999999985,RF-QR+ACI
2019-07-26,ETH,0.025,0.02346875,RF-QR+ACI
2019-07-28,ETH,0.01,0.009364999999999984,RF-QR+ACI
2019-07-31,ETH,0.025,0.023625,RF-QR+ACI
2019-08-02,ETH,0.01,0.009389999999999983,RF-QR+ACI
2019-08-05,ETH,0.025,0.02378125,RF-QR+ACI
2019-08-07,ETH,0.01,0.009414999999999982,RF-QR+ACI
2019-08-10,ETH,0.025,0.0239375,RF-QR+ACI
2019-08-12,ETH,0.01,0.009439999999999981,RF-QR+ACI
2019-08-15,ETH,0.025,0.02284375,RF-QR+ACI
2019-08-17,ETH,0.01,0.00946499999999998,RF-QR+ACI
2019-08-20,ETH,0.025,0.023,RF-QR+ACI
2019-08-22,ETH,0.01,0.00948999999999998,RF-QR+ACI
2019-08-25,ETH,0.025,0.02315625,RF-QR+ACI
2019-08-27,ETH,0.01,0.009514999999999978,RF-QR+ACI
2019-08-30,ETH,0.025,0.0233125,RF-QR+ACI
2019-09-01,ETH,0.01,0.009539999999999977,RF-QR+ACI
2019-09-04,ETH,0.025,0.02346875,RF-QR+ACI
2019-09-06,ETH,0.01,0.009564999999999976,RF-QR+ACI
2019-09-09,ETH,0.025,0.023625,RF-QR+ACI
2019-09-11,ETH,0.01,0.009589999999999975,RF-QR+ACI
2019-09-14,ETH,0.025,0.02378125,RF-QR+ACI
2019-09-16,ETH,0.01,0.009614999999999974,RF-QR+ACI
2019-09-19,ETH,0.025,0.0239375,RF-QR+ACI
2019-09-21,ETH,0.01,0.009639999999999973,RF-QR+ACI
2019-09-24,ETH,0.025,0.02284375,RF-QR+ACI
2019-09-26,ETH,0.01,0.009164999999999972,RF-QR+ACI
2019-09-29,ETH,0.025,0.023,RF-QR+ACI
2019-10-01,ETH,0.01,0.00918999999999997,RF-QR+ACI
2019-10-04,ETH,0.025,0.02315625,RF-QR+ACI
2019-10-06,ETH,0.01,0.00921499999999997,RF-QR+ACI
2019-10-09,ETH,0.025,0.0233125,RF-QR+ACI
2019-10-11,ETH,0.01,0.009239999999999969,RF-QR+ACI
2019-10-14,ETH,0.025,0.02346875,RF-QR+ACI
2019-10-16,ETH,0.01,0.009264999999999968,RF-QR+ACI
2019-10-19,ETH,0.025,0.023625,RF-QR+ACI
2019-10-21,ETH,0.01,0.009289999999999967,RF-QR+ACI
2019-10-24,ETH,0.025,0.02378125,RF-QR+ACI
2019-10-26,ETH,0.01,0.009314999999999966,RF-QR+ACI
2019-10-29,ETH,0.025,0.0239375,RF-QR+ACI
2019-10-31,ETH,0.01,0.009339999999999965,RF-QR+ACI
2019-11-03,ETH,0.025,0.02409375,RF-QR+ACI
2019-11-05,ETH,0.01,0.009364999999999964,RF-QR+ACI
2019-11-08,ETH,0.025,0.02425,RF-QR+ACI
2019-11-10,ETH,0.01,0.009389999999999963,RF-QR+ACI
2019-11-13,ETH,0.025,0.02440625,RF-QR+ACI
2019-11-15,ETH,0.01,0.009414999999999962,RF-QR+ACI
2019-11-18,ETH,0.025,0.0245625,RF-QR+ACI
2019-11-20,ETH,0.01,0.00943999999999996,RF-QR+ACI
2019-11-23,ETH,0.025,0.02346875,RF-QR+ACI
2019-11-25,ETH,0.01,0.00946499999999996,RF-QR+ACI
2019-11-28,ETH,0.025,0.023625,RF-QR+ACI
2019-11-30,ETH,0.01,0.009489999999999959,RF-QR+ACI
2019-12-03,ETH,0.025,0.02378125,RF-QR+ACI
2019-12-05,ETH,0.01,0.009514999999999958,RF-QR+ACI
2019-12-08,ETH,0.025,0.0239375,RF-QR+ACI
2019-12-10,ETH,0.01,0.009539999999999957,RF-QR+ACI
2019-12-13,ETH,0.025,0.02409375,RF-QR+ACI
2019-12-15,ETH,0.01,0.009564999999999955,RF-QR+ACI
2019-12-18,ETH,0.025,0.02425,RF-QR+ACI
2019-12-20,ETH,0.01,0.009589999999999954,RF-QR+ACI
2019-12-23,ETH,0.025,0.02440625,RF-QR+ACI
2019-12-25,ETH,0.01,0.009614999999999953,RF-QR+ACI
2019-12-28,ETH,0.025,0.0245625,RF-QR+ACI
2019-12-30,ETH,0.01,0.009639999999999952,RF-QR+ACI
2020-01-02,ETH,0.025,0.02471875,RF-QR+ACI
2020-01-04,ETH,0.01,0.009664999999999951,RF-QR+ACI
2020-01-07,ETH,0.025,0.024875,RF-QR+ACI
2020-01-09,ETH,0.01,0.00968999999999995,RF-QR+ACI
2020-01-12,ETH,0.025,0.02503125,RF-QR+ACI
2020-01-14,ETH,0.01,0.00971499999999995,RF-QR+ACI
2020-01-17,ETH,0.025,0.0251875,RF-QR+ACI
2020-01-19,ETH,0.01,0.009739999999999948,RF-QR+ACI
2020-01-22,ETH,0.025,0.02534375,RF-QR+ACI
2020-01-24,ETH,0.01,0.009764999999999947,RF-QR+ACI
2020-01-27,ETH,0.025,0.025500000000000002,RF-QR+ACI
2020-01-29,ETH,0.01,0.009789999999999946,RF-QR+ACI
2020-02-01,ETH,0.025,0.025656250000000002,RF-QR+ACI
2020-02-03,ETH,0.01,0.009814999999999945,RF-QR+ACI
2020-02-06,ETH,0.025,0.025812500000000002,RF-QR+ACI
2020-02-08,ETH,0.01,0.009839999999999944,RF-QR+ACI
2020-02-11,ETH,0.025,0.025968750000000002,RF-QR+ACI
2020-02-13,ETH,0.01,0.009864999999999943,RF-QR+ACI
2020-02-16,ETH,0.025,0.026125000000000002,RF-QR+ACI
2020-02-18,ETH,0.01,0.009889999999999942,RF-QR+ACI
2020-02-21,ETH,0.025,0.026281250000000003,RF-QR+ACI
2020-02-23,ETH,0.01,0.009914999999999941,RF-QR+ACI
2020-02-26,ETH,0.025,0.026437500000000003,RF-QR+ACI
2020-02-28,ETH,0.01,0.00993999999999994,RF-QR+ACI
2020-03-02,ETH,0.025,0.026593750000000003,RF-QR+ACI
2020-03-04,ETH,0.01,0.00996499999999994,RF-QR+ACI
2020-03-07,ETH,0.025,0.026750000000000003,RF-QR+ACI
2020-03-09,ETH,0.01,0.009489999999999938,RF-QR+ACI
2020-03-12,ETH,0.025,0.02440625,RF-QR+ACI
2020-03-14,ETH,0.01,0.009014999999999936,RF-QR+ACI
2020-03-17,ETH,0.025,0.0245625,RF-QR+ACI
2020-03-19,ETH,0.01,0.009039999999999935,RF-QR+ACI
2020-03-22,ETH,0.025,0.02471875,RF-QR+ACI
2020-03-24,ETH,0.01,0.009064999999999934,RF-QR+ACI
2020-03-27,ETH,0.025,0.024875,RF-QR+ACI
2020-03-29,ETH,0.01,0.009089999999999933,RF-QR+ACI
2020-04-01,ETH,0.025,0.02503125,RF-QR+ACI
2020-04-03,ETH,0.01,0.009114999999999932,RF-QR+ACI
2020-04-06,ETH,0.025,0.0251875,RF-QR+ACI
2020-04-08,ETH,0.01,0.009139999999999931,RF-QR+ACI
2020-04-11,ETH,0.025,0.02534375,RF-QR+ACI
2020-04-13,ETH,0.01,0.00916499999999993,RF-QR+ACI
2020-04-16,ETH,0.025,0.025500000000000002,RF-QR+ACI
2020-04-18,ETH,0.01,0.009189999999999929,RF-QR+ACI
2020-04-21,ETH,0.025,0.025656250000000002,RF-QR+ACI
2020-04-23,ETH,0.01,0.009214999999999928,RF-QR+ACI
2020-04-26,ETH,0.025,0.025812500000000002,RF-QR+ACI
2020-04-28,ETH,0.01,0.009239999999999927,RF-QR+ACI
2020-05-01,ETH,0.025,0.025968750000000002,RF-QR+ACI
2020-05-03,ETH,0.01,0.009264999999999926,RF-QR+ACI
2020-05-06,ETH,0.025,0.026125000000000002,RF-QR+ACI
2020-05-08,ETH,0.01,0.009289999999999925,RF-QR+ACI
2020-05-11,ETH,0.025,0.02503125,RF-QR+ACI
2020-05-13,ETH,0.01,0.008814999999999924,RF-QR+ACI
2020-05-16,ETH,0.025,0.0251875,RF-QR+ACI
2020-05-18,ETH,0.01,0.008839999999999923,RF-QR+ACI
2020-05-21,ETH,0.025,0.02534375,RF-QR+ACI
2020-05-23,ETH,0.01,0.008864999999999922,RF-QR+ACI
2020-05-26,ETH,0.025,0.025500000000000002,RF-QR+ACI
2020-05-28,ETH,0.01,0.00888999999999992,RF-QR+ACI
2020-05-31,ETH,0.025,0.025656250000000002,RF-QR+ACI
2020-06-02,ETH,0.01,0.00891499999999992,RF-QR+ACI
2020-06-05,ETH,0.025,0.025812500000000002,RF-QR+ACI
2020-06-07,ETH,0.01,0.008939999999999918,RF-QR+ACI
2020-06-10,ETH,0.025,0.025968750000000002,RF-QR+ACI
2020-06-12,ETH,0.01,0.008964999999999917,RF-QR+ACI
2020-06-15,ETH,0.025,0.024875,RF-QR+ACI
2020-06-17,ETH,0.01,0.008989999999999916,RF-QR+ACI
2020-06-20,ETH,0.025,0.02503125,RF-QR+ACI
2020-06-22,ETH,0.01,0.009014999999999915,RF-QR+ACI
2020-06-25,ETH,0.025,0.0251875,RF-QR+ACI
2020-06-27,ETH,0.01,0.009039999999999914,RF-QR+ACI
2020-06-30,ETH,0.025,0.02534375,RF-QR+ACI
2020-07-02,ETH,0.01,0.009064999999999913,RF-QR+ACI
2020-07-05,ETH,0.025,0.025500000000000002,RF-QR+ACI
2020-07-07,ETH,0.01,0.009089999999999912,RF-QR+ACI
2020-07-10,ETH,0.025,0.025656250000000002,RF-QR+ACI
2020-07-12,ETH,0.01,0.009114999999999911,RF-QR+ACI
2020-07-15,ETH,0.025,0.025812500000000002,RF-QR+ACI
2020-07-17,ETH,0.01,0.00913999999999991,RF-QR+ACI
2020-07-20,ETH,0.025,0.025968750000000002,RF-QR+ACI
2020-07-22,ETH,0.01,0.00916499999999991,RF-QR+ACI
2020-07-25,ETH,0.025,0.026125000000000002,RF-QR+ACI
2020-07-27,ETH,0.01,0.009189999999999908,RF-QR+ACI
2020-07-30,ETH,0.025,0.026281250000000003,RF-QR+ACI
2020-08-01,ETH,0.01,0.009214999999999907,RF-QR+ACI
2020-08-04,ETH,0.025,0.026437500000000003,RF-QR+ACI
2020-08-06,ETH,0.01,0.009239999999999906,RF-QR+ACI
2020-08-09,ETH,0.025,0.026593750000000003,RF-QR+ACI
2020-08-11,ETH,0.01,0.009264999999999905,RF-QR+ACI
2020-08-14,ETH,0.025,0.026750000000000003,RF-QR+ACI
2020-08-16,ETH,0.01,0.009289999999999904,RF-QR+ACI
2020-08-19,ETH,0.025,0.026906250000000003,RF-QR+ACI
2020-08-21,ETH,0.01,0.009314999999999903,RF-QR+ACI
2020-08-24,ETH,0.025,0.025812500000000002,RF-QR+ACI
2020-08-26,ETH,0.01,0.009339999999999902,RF-QR+ACI
2020-08-29,ETH,0.025,0.025968750000000002,RF-QR+ACI
2020-08-31,ETH,0.01,0.009364999999999901,RF-QR+ACI
2020-09-03,ETH,0.025,0.023625,RF-QR+ACI
2020-09-05,ETH,0.01,0.0088899999999999,RF-QR+ACI
2020-09-08,ETH,0.025,0.02253125,RF-QR+ACI
2020-09-10,ETH,0.01,0.008914999999999899,RF-QR+ACI
2020-09-13,ETH,0.025,0.0226875,RF-QR+ACI
2020-09-15,ETH,0.01,0.008939999999999898,RF-QR+ACI
2020-09-18,ETH,0.025,0.02284375,RF-QR+ACI
2020-09-20,ETH,0.01,0.008964999999999897,RF-QR+ACI
2020-09-23,ETH,0.025,0.023,RF-QR+ACI
2020-09-25,ETH,0.01,0.008989999999999896,RF-QR+ACI
2020-09-28,ETH,0.025,0.02315625,RF-QR+ACI
2020-09-30,ETH,0.01,0.009014999999999895,RF-QR+ACI
2020-10-03,ETH,0.025,0.0233125,RF-QR+ACI
2020-10-05,ETH,0.01,0.009039999999999894,RF-QR+ACI
2020-10-08,ETH,0.025,0.02346875,RF-QR+ACI
2020-10-10,ETH,0.01,0.009064999999999893,RF-QR+ACI
2020-10-13,ETH,0.025,0.023625,RF-QR+ACI
2020-10-15,ETH,0.01,0.009089999999999892,RF-QR+ACI
2020-10-18,ETH,0.025,0.02378125,RF-QR+ACI
2020-10-20,ETH,0.01,0.00911499999999989,RF-QR+ACI
2020-10-23,ETH,0.025,0.0239375,RF-QR+ACI
2020-10-25,ETH,0.01,0.00913999999999989,RF-QR+ACI
2020-10-28,ETH,0.025,0.02409375,RF-QR+ACI
2020-10-30,ETH,0.01,0.009164999999999889,RF-QR+ACI
2020-11-02,ETH,0.025,0.02425,RF-QR+ACI
2020-11-04,ETH,0.01,0.009189999999999887,RF-QR+ACI
2020-11-07,ETH,0.025,0.02440625,RF-QR+ACI
2020-11-09,ETH,0.01,0.009214999999999886,RF-QR+ACI
2020-11-12,ETH,0.025,0.0245625,RF-QR+ACI
2020-11-14,ETH,0.01,0.009239999999999885,RF-QR+ACI
2020-11-17,ETH,0.025,0.02471875,RF-QR+ACI
2020-11-19,ETH,0.01,0.009264999999999884,RF-QR+ACI
2020-11-22,ETH,0.025,0.024875,RF-QR+ACI
2020-11-24,ETH,0.01,0.009289999999999883,RF-QR+ACI
2020-11-27,ETH,0.025,0.02503125,RF-QR+ACI
2020-11-29,ETH,0.01,0.009314999999999882,RF-QR+ACI
2020-12-02,ETH,0.025,0.0251875,RF-QR+ACI
2020-12-04,ETH,0.01,0.009339999999999881,RF-QR+ACI
2020-12-07,ETH,0.025,0.02534375,RF-QR+ACI
2020-12-09,ETH,0.01,0.00936499999999988,RF-QR+ACI
2020-12-12,ETH,0.025,0.025500000000000002,RF-QR+ACI
2020-12-14,ETH,0.01,0.00938999999999988,RF-QR+ACI
2020-12-17,ETH,0.025,0.025656250000000002,RF-QR+ACI
2020-12-19,ETH,0.01,0.009414999999999878,RF-QR+ACI
2020-12-22,ETH,0.025,0.025812500000000002,RF-QR+ACI
2020-12-24,ETH,0.01,0.009439999999999877,RF-QR+ACI
2020-12-27,ETH,0.025,0.02471875,RF-QR+ACI
2020-12-29,ETH,0.01,0.009464999999999876,RF-QR+ACI
2021-01-01,ETH,0.025,0.024875,RF-QR+ACI
2021-01-03,ETH,0.01,0.009489999999999875,RF-QR+ACI
2021-01-06,ETH,0.025,0.02503125,RF-QR+ACI
2021-01-08,ETH,0.01,0.009514999999999874,RF-QR+ACI
2021-01-11,ETH,0.025,0.0239375,RF-QR+ACI
2021-01-13,ETH,0.01,0.009539999999999873,RF-QR+ACI
2021-01-16,ETH,0.025,0.02409375,RF-QR+ACI
2021-01-18,ETH,0.01,0.009564999999999872,RF-QR+ACI
2021-01-21,ETH,0.025,0.023,RF-QR+ACI
2021-01-23,ETH,0.01,0.00908999999999987,RF-QR+ACI
2021-01-26,ETH,0.025,0.02315625,RF-QR+ACI
2021-01-28,ETH,0.01,0.00911499999999987,RF-QR+ACI
2021-01-31,ETH,0.025,0.0233125,RF-QR+ACI
2021-02-02,ETH,0.01,0.009139999999999869,RF-QR+ACI
2021-02-05,ETH,0.025,0.02346875,RF-QR+ACI
2021-02-07,ETH,0.01,0.009164999999999868,RF-QR+ACI
2021-02-10,ETH,0.025,0.023625,RF-QR+ACI
2021-02-12,ETH,0.01,0.009189999999999867,RF-QR+ACI
2021-02-15,ETH,0.025,0.02378125,RF-QR+ACI
2021-02-17,ETH,0.01,0.009214999999999866,RF-QR+ACI
2021-02-20,ETH,0.025,0.0239375,RF-QR+ACI
2021-02-22,ETH,0.01,0.009239999999999865,RF-QR+ACI
2021-02-25,ETH,0.025,0.02284375,RF-QR+ACI
2021-02-27,ETH,0.01,0.009264999999999864,RF-QR+ACI
2021-03-02,ETH,0.025,0.023,RF-QR+ACI
2021-03-04,ETH,0.01,0.009289999999999863,RF-QR+ACI
2021-03-07,ETH,0.025,0.02315625,RF-QR+ACI
2021-03-09,ETH,0.01,0.009314999999999862,RF-QR+ACI
2021-03-12,ETH,0.025,0.0233125,RF-QR+ACI
2021-03-14,ETH,0.01,0.00933999999999986,RF-QR+ACI
2021-03-17,ETH,0.025,0.02346875,RF-QR+ACI
2021-03-19,ETH,0.01,0.00936499999999986,RF-QR+ACI
2021-03-22,ETH,0.025,0.023625,RF-QR+ACI
2021-03-24,ETH,0.01,0.009389999999999859,RF-QR+ACI
2021-03-27,ETH,0.025,0.02378125,RF-QR+ACI
2021-03-29,ETH,0.01,0.009414999999999858,RF-QR+ACI
2021-04-01,ETH,0.025,0.0239375,RF-QR+ACI
2021-04-03,ETH,0.01,0.009439999999999856,RF-QR+ACI
2021-04-06,ETH,0.025,0.02409375,RF-QR+ACI
2021-04-08,ETH,0.01,0.009464999999999855,RF-QR+ACI
2021-04-11,ETH,0.025,0.02425,RF-QR+ACI
2021-04-13,ETH,0.01,0.009489999999999854,RF-QR+ACI
2021-04-16,ETH,0.025,0.02440625,RF-QR+ACI
2021-04-18,ETH,0.01,0.009514999999999853,RF-QR+ACI
2021-04-21,ETH,0.025,0.0245625,RF-QR+ACI
2021-04-23,ETH,0.01,0.009539999999999852,RF-QR+ACI
2021-04-26,ETH,0.025,0.02471875,RF-QR+ACI
2021-04-28,ETH,0.01,0.009564999999999851,RF-QR+ACI
2021-05-01,ETH,0.025,0.024875,RF-QR+ACI
2021-05-03,ETH,0.01,0.00958999999999985,RF-QR+ACI
2021-05-06,ETH,0.025,0.02503125,RF-QR+ACI
2021-05-08,ETH,0.01,0.00961499999999985,RF-QR+ACI
2021-05-11,ETH,0.025,0.0251875,RF-QR+ACI
2021-05-13,ETH,0.01,0.009639999999999848,RF-QR+ACI
2021-05-16,ETH,0.025,0.02534375,RF-QR+ACI
2021-05-18,ETH,0.01,0.009664999999999847,RF-QR+ACI
2021-05-21,ETH,0.025,0.02425,RF-QR+ACI
2021-05-23,ETH,0.01,0.009689999999999846,RF-QR+ACI
2021-05-26,ETH,0.025,0.02440625,RF-QR+ACI
2021-05-28,ETH,0.01,0.009714999999999845,RF-QR+ACI
2021-05-31,ETH,0.025,0.0245625,RF-QR+ACI
2021-06-02,ETH,0.01,0.009739999999999844,RF-QR+ACI
2021-06-05,ETH,0.025,0.02471875,RF-QR+ACI
2021-06-07,ETH,0.01,0.009764999999999843,RF-QR+ACI
2021-06-10,ETH,0.025,0.024875,RF-QR+ACI
2021-06-12,ETH,0.01,0.009789999999999842,RF-QR+ACI
2021-06-15,ETH,0.025,0.02503125,RF-QR+ACI
2021-06-17,ETH,0.01,0.009814999999999841,RF-QR+ACI
2021-06-20,ETH,0.025,0.0251875,RF-QR+ACI
2021-06-22,ETH,0.01,0.00933999999999984,RF-QR+ACI
2021-06-25,ETH,0.025,0.02409375,RF-QR+ACI
2021-06-27,ETH,0.01,0.009364999999999839,RF-QR+ACI
2021-06-30,ETH,0.025,0.02425,RF-QR+ACI
2021-07-02,ETH,0.01,0.009389999999999838,RF-QR+ACI
2021-07-05,ETH,0.025,0.02440625,RF-QR+ACI
2021-07-07,ETH,0.01,0.009414999999999837,RF-QR+ACI
2021-07-10,ETH,0.025,0.0233125,RF-QR+ACI
2021-07-12,ETH,0.01,0.008939999999999835,RF-QR+ACI
2021-07-15,ETH,0.025,0.02346875,RF-QR+ACI
2021-07-17,ETH,0.01,0.008964999999999834,RF-QR+ACI
2021-07-20,ETH,0.025,0.023625,RF-QR+ACI
2021-07-22,ETH,0.01,0.008989999999999833,RF-QR+ACI
2021-07-25,ETH,0.025,0.02378125,RF-QR+ACI
2021-07-27,ETH,0.01,0.009014999999999832,RF-QR+ACI
2021-07-30,ETH,0.025,0.0239375,RF-QR+ACI
2021-08-01,ETH,0.01,0.009039999999999831,RF-QR+ACI
2021-08-04,ETH,0.025,0.02409375,RF-QR+ACI
2021-08-06,ETH,0.01,0.00906499999999983,RF-QR+ACI
2021-08-09,ETH,0.025,0.02425,RF-QR+ACI
2021-08-11,ETH,0.01,0.009089999999999829,RF-QR+ACI
2021-08-14,ETH,0.025,0.02440625,RF-QR+ACI
2021-08-16,ETH,0.01,0.009114999999999828,RF-QR+ACI
2021-08-19,ETH,0.025,0.0245625,RF-QR+ACI
2021-08-21,ETH,0.01,0.009139999999999827,RF-QR+ACI
2021-08-24,ETH,0.025,0.02471875,RF-QR+ACI
2021-08-26,ETH,0.01,0.009164999999999826,RF-QR+ACI
2021-08-29,ETH,0.025,0.024875,RF-QR+ACI
2021-08-31,ETH,0.01,0.009189999999999825,RF-QR+ACI
2021-09-03,ETH,0.025,0.02503125,RF-QR+ACI
2021-09-05,ETH,0.01,0.009214999999999824,RF-QR+ACI
2021-09-08,ETH,0.025,0.0239375,RF-QR+ACI
2021-09-10,ETH,0.01,0.008739999999999823,RF-QR+ACI
2021-09-13,ETH,0.025,0.02409375,RF-QR+ACI
2021-09-15,ETH,0.01,0.008764999999999822,RF-QR+ACI
2021-09-18,ETH,0.025,0.02425,RF-QR+ACI
2021-09-20,ETH,0.01,0.00878999999999982,RF-QR+ACI
2021-09-23,ETH,0.025,0.02315625,RF-QR+ACI
2021-09-25,ETH,0.01,0.00881499999999982,RF-QR+ACI
2021-09-28,ETH,0.025,0.0233125,RF-QR+ACI
2021-09-30,ETH,0.01,0.008839999999999818,RF-QR+ACI
2021-10-03,ETH,0.025,0.02346875,RF-QR+ACI
2021-10-05,ETH,0.01,0.008864999999999817,RF-QR+ACI
2021-10-08,ETH,0.025,0.023625,RF-QR+ACI
2021-10-10,ETH,0.01,0.008889999999999816,RF-QR+ACI
2021-10-13,ETH,0.025,0.02378125,RF-QR+ACI
2021-10-15,ETH,0.01,0.008914999999999815,RF-QR+ACI
2021-10-18,ETH,0.025,0.0239375,RF-QR+ACI
2021-10-20,ETH,0.01,0.008939999999999814,RF-QR+ACI
2021-10-23,ETH,0.025,0.02409375,RF-QR+ACI
2021-10-25,ETH,0.01,0.008964999999999813,RF-QR+ACI
2021-10-28,ETH,0.025,0.02425,RF-QR+ACI
2021-10-30,ETH,0.01,0.008989999999999812,RF-QR+ACI
2021-11-02,ETH,0.025,0.02440625,RF-QR+ACI
2021-11-04,ETH,0.01,0.009014999999999811,RF-QR+ACI
2021-11-07,ETH,0.025,0.0245625,RF-QR+ACI
2021-11-09,ETH,0.01,0.00903999999999981,RF-QR+ACI
2021-11-12,ETH,0.025,0.02471875,RF-QR+ACI
2021-11-14,ETH,0.01,0.00906499999999981,RF-QR+ACI
2021-11-17,ETH,0.025,0.023625,RF-QR+ACI
2021-11-19,ETH,0.01,0.009089999999999808,RF-QR+ACI
2021-11-22,ETH,0.025,0.02253125,RF-QR+ACI
2021-11-24,ETH,0.01,0.009114999999999807,RF-QR+ACI
2021-11-27,ETH,0.025,0.021437499999999998,RF-QR+ACI
2021-11-29,ETH,0.01,0.008639999999999806,RF-QR+ACI
2021-12-02,ETH,0.025,0.02159375,RF-QR+ACI
2021-12-04,ETH,0.01,0.008664999999999805,RF-QR+ACI
2021-12-07,ETH,0.025,0.02175,RF-QR+ACI
2021-12-09,ETH,0.01,0.008689999999999804,RF-QR+ACI
2021-12-12,ETH,0.025,0.02190625,RF-QR+ACI
2021-12-14,ETH,0.01,0.008714999999999803,RF-QR+ACI
2021-12-17,ETH,0.025,0.020812499999999998,RF-QR+ACI
2021-12-19,ETH,0.01,0.008739999999999802,RF-QR+ACI
2021-12-22,ETH,0.025,0.020968749999999998,RF-QR+ACI
2021-12-24,ETH,0.01,0.0087649999999998,RF-QR+ACI
2021-12-27,ETH,0.025,0.021124999999999998,RF-QR+ACI
2021-12-29,ETH,0.01,0.0087899999999998,RF-QR+ACI
2022-01-01,ETH,0.025,0.021281249999999998,RF-QR+ACI
2022-01-03,ETH,0.01,0.008814999999999799,RF-QR+ACI
2022-01-06,ETH,0.025,0.021437499999999998,RF-QR+ACI
2022-01-08,ETH,0.01,0.008839999999999798,RF-QR+ACI
2022-01-11,ETH,0.025,0.02159375,RF-QR+ACI
2022-01-13,ETH,0.01,0.008864999999999797,RF-QR+ACI
2022-01-16,ETH,0.025,0.02175,RF-QR+ACI
2022-01-18,ETH,0.01,0.008889999999999796,RF-QR+ACI
2022-01-21,ETH,0.025,0.020656249999999998,RF-QR+ACI
2022-01-23,ETH,0.01,0.008414999999999794,RF-QR+ACI
2022-01-26,ETH,0.025,0.020812499999999998,RF-QR+ACI
2022-01-28,ETH,0.01,0.008439999999999793,RF-QR+ACI
2022-01-31,ETH,0.025,0.020968749999999998,RF-QR+ACI
2022-02-02,ETH,0.01,0.008464999999999792,RF-QR+ACI
2022-02-05,ETH,0.025,0.021124999999999998,RF-QR+ACI
2022-02-07,ETH,0.01,0.008489999999999791,RF-QR+ACI
2022-02-10,ETH,0.025,0.021281249999999998,RF-QR+ACI
2022-02-12,ETH,0.01,0.00851499999999979,RF-QR+ACI
2022-02-15,ETH,0.025,0.021437499999999998,RF-QR+ACI
2022-02-17,ETH,0.01,0.008539999999999789,RF-QR+ACI
2022-02-20,ETH,0.025,0.02159375,RF-QR+ACI
2022-02-22,ETH,0.01,0.008564999999999788,RF-QR+ACI
2022-02-25,ETH,0.025,0.02175,RF-QR+ACI
2022-02-27,ETH,0.01,0.008589999999999787,RF-QR+ACI
2022-03-02,ETH,0.025,0.02190625,RF-QR+ACI
2022-03-04,ETH,0.01,0.008614999999999786,RF-QR+ACI
2022-03-07,ETH,0.025,0.0220625,RF-QR+ACI
2022-03-09,ETH,0.01,0.008639999999999785,RF-QR+ACI
2022-03-12,ETH,0.025,0.02221875,RF-QR+ACI
2022-03-14,ETH,0.01,0.008664999999999784,RF-QR+ACI
2022-03-17,ETH,0.025,0.022375,RF-QR+ACI
2022-03-19,ETH,0.01,0.008689999999999783,RF-QR+ACI
2022-03-22,ETH,0.025,0.02253125,RF-QR+ACI
2022-03-24,ETH,0.01,0.008714999999999782,RF-QR+ACI
2022-03-27,ETH,0.025,0.0226875,RF-QR+ACI
2022-03-29,ETH,0.01,0.008739999999999781,RF-QR+ACI
2022-04-01,ETH,0.025,0.02284375,RF-QR+ACI
2022-04-03,ETH,0.01,0.00876499999999978,RF-QR+ACI
2022-04-06,ETH,0.025,0.023,RF-QR+ACI
2022-04-08,ETH,0.01,0.008789999999999779,RF-QR+ACI
2022-04-11,ETH,0.025,0.02315625,RF-QR+ACI
2022-04-13,ETH,0.01,0.008814999999999778,RF-QR+ACI
2022-04-16,ETH,0.025,0.0233125,RF-QR+ACI
2022-04-18,ETH,0.01,0.008839999999999777,RF-QR+ACI
2022-04-21,ETH,0.025,0.02346875,RF-QR+ACI
2022-04-23,ETH,0.01,0.008864999999999776,RF-QR+ACI
2022-04-26,ETH,0.025,0.023625,RF-QR+ACI
2022-04-28,ETH,0.01,0.008889999999999775,RF-QR+ACI
2022-05-01,ETH,0.025,0.02378125,RF-QR+ACI
2022-05-03,ETH,0.01,0.008914999999999774,RF-QR+ACI
2022-05-06,ETH,0.025,0.0239375,RF-QR+ACI
2022-05-08,ETH,0.01,0.008939999999999773,RF-QR+ACI
2022-05-11,ETH,0.025,0.02284375,RF-QR+ACI
2022-05-13,ETH,0.01,0.008964999999999772,RF-QR+ACI
2022-05-16,ETH,0.025,0.023,RF-QR+ACI
2022-05-18,ETH,0.01,0.00898999999999977,RF-QR+ACI
2022-05-21,ETH,0.025,0.02315625,RF-QR+ACI
2022-05-23,ETH,0.01,0.00901499999999977,RF-QR+ACI
2022-05-26,ETH,0.025,0.0233125,RF-QR+ACI
2022-05-28,ETH,0.01,0.009039999999999769,RF-QR+ACI
2022-05-31,ETH,0.025,0.02346875,RF-QR+ACI
2022-06-02,ETH,0.01,0.009064999999999768,RF-QR+ACI
2022-06-05,ETH,0.025,0.023625,RF-QR+ACI
2022-06-07,ETH,0.01,0.009089999999999767,RF-QR+ACI
2022-06-10,ETH,0.025,0.02378125,RF-QR+ACI
2022-06-12,ETH,0.01,0.009114999999999766,RF-QR+ACI
2022-06-15,ETH,0.025,0.021437499999999998,RF-QR+ACI
2022-06-17,ETH,0.01,0.008639999999999764,RF-QR+ACI
2022-06-20,ETH,0.025,0.020343749999999997,RF-QR+ACI
2022-06-22,ETH,0.01,0.008664999999999763,RF-QR+ACI
2022-06-25,ETH,0.025,0.020499999999999997,RF-QR+ACI
2022-06-27,ETH,0.01,0.008689999999999762,RF-QR+ACI
2022-06-30,ETH,0.025,0.020656249999999998,RF-QR+ACI
2022-07-02,ETH,0.01,0.008714999999999761,RF-QR+ACI
2022-07-05,ETH,0.025,0.020812499999999998,RF-QR+ACI
2022-07-07,ETH,0.01,0.00873999999999976,RF-QR+ACI
2022-07-10,ETH,0.025,0.020968749999999998,RF-QR+ACI
2022-07-12,ETH,0.01,0.008764999999999759,RF-QR+ACI
2022-07-15,ETH,0.025,0.021124999999999998,RF-QR+ACI
2022-07-17,ETH,0.01,0.008789999999999758,RF-QR+ACI
2022-07-20,ETH,0.025,0.021281249999999998,RF-QR+ACI
2022-07-22,ETH,0.01,0.008814999999999757,RF-QR+ACI
2022-07-25,ETH,0.025,0.020187499999999997,RF-QR+ACI
2022-07-27,ETH,0.01,0.008839999999999756,RF-QR+ACI
2022-07-30,ETH,0.025,0.020343749999999997,RF-QR+ACI
2022-08-01,ETH,0.01,0.008864999999999755,RF-QR+ACI
2022-08-04,ETH,0.025,0.020499999999999997,RF-QR+ACI
2022-08-06,ETH,0.01,0.008889999999999754,RF-QR+ACI
2022-08-09,ETH,0.025,0.020656249999999998,RF-QR+ACI
2022-08-11,ETH,0.01,0.008914999999999753,RF-QR+ACI
2022-08-14,ETH,0.025,0.020812499999999998,RF-QR+ACI
2022-08-16,ETH,0.01,0.008939999999999752,RF-QR+ACI
2022-08-19,ETH,0.025,0.019718749999999997,RF-QR+ACI
2022-08-21,ETH,0.01,0.008964999999999751,RF-QR+ACI
2022-08-24,ETH,0.025,0.019874999999999997,RF-QR+ACI
2022-08-26,ETH,0.01,0.00898999999999975,RF-QR+ACI
2022-08-29,ETH,0.025,0.018781249999999996,RF-QR+ACI
2022-08-31,ETH,0.01,0.009014999999999749,RF-QR+ACI
2022-09-03,ETH,0.025,0.018937499999999996,RF-QR+ACI
2022-09-05,ETH,0.01,0.009039999999999748,RF-QR+ACI
2022-09-08,ETH,0.025,0.019093749999999996,RF-QR+ACI
2022-09-10,ETH,0.01,0.009064999999999747,RF-QR+ACI
2022-09-13,ETH,0.025,0.019249999999999996,RF-QR+ACI
2022-09-15,ETH,0.01,0.009089999999999746,RF-QR+ACI
2022-09-18,ETH,0.025,0.019406249999999996,RF-QR+ACI
2022-09-20,ETH,0.01,0.009114999999999745,RF-QR+ACI
2022-09-23,ETH,0.025,0.019562499999999997,RF-QR+ACI
2022-09-25,ETH,0.01,0.009139999999999744,RF-QR+ACI
2022-09-28,ETH,0.025,0.019718749999999997,RF-QR+ACI
2022-09-30,ETH,0.01,0.009164999999999743,RF-QR+ACI
2022-10-03,ETH,0.025,0.019874999999999997,RF-QR+ACI
2022-10-05,ETH,0.01,0.009189999999999742,RF-QR+ACI
2022-10-08,ETH,0.025,0.020031249999999997,RF-QR+ACI
2022-10-10,ETH,0.01,0.00921499999999974,RF-QR+ACI
2022-10-13,ETH,0.025,0.020187499999999997,RF-QR+ACI
2022-10-15,ETH,0.01,0.00923999999999974,RF-QR+ACI
2022-10-18,ETH,0.025,0.020343749999999997,RF-QR+ACI
2022-10-20,ETH,0.01,0.009264999999999739,RF-QR+ACI
2022-10-23,ETH,0.025,0.020499999999999997,RF-QR+ACI
2022-10-25,ETH,0.01,0.009289999999999738,RF-QR+ACI
2022-10-28,ETH,0.025,0.020656249999999998,RF-QR+ACI
2022-10-30,ETH,0.01,0.009314999999999737,RF-QR+ACI
2022-11-02,ETH,0.025,0.020812499999999998,RF-QR+ACI
2022-11-04,ETH,0.01,0.009339999999999736,RF-QR+ACI
2022-11-07,ETH,0.025,0.020968749999999998,RF-QR+ACI
2022-11-09,ETH,0.01,0.008364999999999734,RF-QR+ACI
2022-11-12,ETH,0.025,0.018624999999999996,RF-QR+ACI
2022-11-14,ETH,0.01,0.008389999999999733,RF-QR+ACI
2022-11-17,ETH,0.025,0.018781249999999996,RF-QR+ACI
2022-11-19,ETH,0.01,0.008414999999999732,RF-QR+ACI
2022-11-22,ETH,0.025,0.018937499999999996,RF-QR+ACI
2022-11-24,ETH,0.01,0.00843999999999973,RF-QR+ACI
2022-11-27,ETH,0.025,0.019093749999999996,RF-QR+ACI
2022-11-29,ETH,0.01,0.00846499999999973,RF-QR+ACI
2022-12-02,ETH,0.025,0.019249999999999996,RF-QR+ACI
2022-12-04,ETH,0.01,0.008489999999999729,RF-QR+ACI
2022-12-07,ETH,0.025,0.019406249999999996,RF-QR+ACI
2022-12-09,ETH,0.01,0.008514999999999728,RF-QR+ACI
2022-12-12,ETH,0.025,0.019562499999999997,RF-QR+ACI
2022-12-14,ETH,0.01,0.008539999999999727,RF-QR+ACI
2022-12-17,ETH,0.025,0.018468749999999996,RF-QR+ACI
2022-12-19,ETH,0.01,0.008564999999999726,RF-QR+ACI
2022-12-22,ETH,0.025,0.018624999999999996,RF-QR+ACI
2022-12-24,ETH,0.01,0.008589999999999725,RF-QR+ACI
2022-12-27,ETH,0.025,0.018781249999999996,RF-QR+ACI
2022-12-29,ETH,0.01,0.008614999999999724,RF-QR+ACI
2023-01-01,ETH,0.025,0.018937499999999996,RF-QR+ACI
2023-01-03,ETH,0.01,0.008639999999999723,RF-QR+ACI
2023-01-06,ETH,0.025,0.019093749999999996,RF-QR+ACI
2023-01-08,ETH,0.01,0.008664999999999722,RF-QR+ACI
2023-01-11,ETH,0.025,0.019249999999999996,RF-QR+ACI
2023-01-13,ETH,0.01,0.00868999999999972,RF-QR+ACI
2023-01-16,ETH,0.025,0.019406249999999996,RF-QR+ACI
2023-01-18,ETH,0.01,0.00871499999999972,RF-QR+ACI
2023-01-21,ETH,0.025,0.019562499999999997,RF-QR+ACI
2023-01-23,ETH,0.01,0.008739999999999718,RF-QR+ACI
2023-01-26,ETH,0.025,0.019718749999999997,RF-QR+ACI
2023-01-28,ETH,0.01,0.008764999999999717,RF-QR+ACI
2023-01-31,ETH,0.025,0.019874999999999997,RF-QR+ACI
2023-02-02,ETH,0.01,0.008789999999999716,RF-QR+ACI
2023-02-05,ETH,0.025,0.020031249999999997,RF-QR+ACI
2023-02-07,ETH,0.01,0.008814999999999715,RF-QR+ACI
2023-02-10,ETH,0.025,0.020187499999999997,RF-QR+ACI
2023-02-12,ETH,0.01,0.008839999999999714,RF-QR+ACI
2023-02-15,ETH,0.025,0.020343749999999997,RF-QR+ACI
2023-02-17,ETH,0.01,0.008864999999999713,RF-QR+ACI
2023-02-20,ETH,0.025,0.020499999999999997,RF-QR+ACI
2023-02-22,ETH,0.01,0.008889999999999712,RF-QR+ACI
2023-02-25,ETH,0.025,0.020656249999999998,RF-QR+ACI
2023-02-27,ETH,0.01,0.008914999999999711,RF-QR+ACI
2023-03-02,ETH,0.025,0.020812499999999998,RF-QR+ACI
2023-03-04,ETH,0.01,0.00893999999999971,RF-QR+ACI
2023-03-07,ETH,0.025,0.020968749999999998,RF-QR+ACI
2023-03-09,ETH,0.01,0.00896499999999971,RF-QR+ACI
2023-03-12,ETH,0.025,0.021124999999999998,RF-QR+ACI
2023-03-14,ETH,0.01,0.008989999999999708,RF-QR+ACI
2023-03-17,ETH,0.025,0.021281249999999998,RF-QR+ACI
2023-03-19,ETH,0.01,0.009014999999999707,RF-QR+ACI
2023-03-22,ETH,0.025,0.021437499999999998,RF-QR+ACI
2023-03-24,ETH,0.01,0.009039999999999706,RF-QR+ACI
2023-03-27,ETH,0.025,0.02159375,RF-QR+ACI
2023-03-29,ETH,0.01,0.009064999999999705,RF-QR+ACI
2023-04-01,ETH,0.025,0.02175,RF-QR+ACI
2023-04-03,ETH,0.01,0.009089999999999704,RF-QR+ACI
2023-04-06,ETH,0.025,0.02190625,RF-QR+ACI
2023-04-08,ETH,0.01,0.009114999999999703,RF-QR+ACI
2023-04-11,ETH,0.025,0.0220625,RF-QR+ACI
2023-04-13,ETH,0.01,0.009139999999999702,RF-QR+ACI
2023-04-16,ETH,0.025,0.02221875,RF-QR+ACI
2023-04-18,ETH,0.01,0.009164999999999701,RF-QR+ACI
2023-04-21,ETH,0.025,0.021124999999999998,RF-QR+ACI
2023-04-23,ETH,0.01,0.0086899999999997,RF-QR+ACI
2023-04-26,ETH,0.025,0.021281249999999998,RF-QR+ACI
2023-04-28,ETH,0.01,0.008714999999999699,RF-QR+ACI
2023-05-01,ETH,0.025,0.021437499999999998,RF-QR+ACI
2023-05-03,ETH,0.01,0.008739999999999698,RF-QR+ACI
2023-05-06,ETH,0.025,0.02159375,RF-QR+ACI
2023-05-08,ETH,0.01,0.008764999999999697,RF-QR+ACI
2023-05-11,ETH,0.025,0.02175,RF-QR+ACI
2023-05-13,ETH,0.01,0.008789999999999696,RF-QR+ACI
2023-05-16,ETH,0.025,0.02190625,RF-QR+ACI
2023-05-18,ETH,0.01,0.008814999999999695,RF-QR+ACI
2023-05-21,ETH,0.025,0.0220625,RF-QR+ACI
2023-05-23,ETH,0.01,0.008839999999999694,RF-QR+ACI
2023-05-26,ETH,0.025,0.02221875,RF-QR+ACI
2023-05-28,ETH,0.01,0.008864999999999693,RF-QR+ACI
2023-05-31,ETH,0.025,0.022375,RF-QR+ACI
2023-06-02,ETH,0.01,0.008889999999999692,RF-QR+ACI
2023-06-05,ETH,0.025,0.021281249999999998,RF-QR+ACI
2023-06-07,ETH,0.01,0.00891499999999969,RF-QR+ACI
2023-06-10,ETH,0.025,0.021437499999999998,RF-QR+ACI
2023-06-12,ETH,0.01,0.00893999999999969,RF-QR+ACI
2023-06-15,ETH,0.025,0.02159375,RF-QR+ACI
2023-06-17,ETH,0.01,0.008964999999999688,RF-QR+ACI
2023-06-20,ETH,0.025,0.02175,RF-QR+ACI
2023-06-22,ETH,0.01,0.008989999999999687,RF-QR+ACI
2023-06-25,ETH,0.025,0.02190625,RF-QR+ACI
2023-06-27,ETH,0.01,0.009014999999999686,RF-QR+ACI
2023-06-30,ETH,0.025,0.0220625,RF-QR+ACI
2023-07-02,ETH,0.01,0.009039999999999685,RF-QR+ACI
2023-07-05,ETH,0.025,0.02221875,RF-QR+ACI
2023-07-07,ETH,0.01,0.009064999999999684,RF-QR+ACI
2023-07-10,ETH,0.025,0.022375,RF-QR+ACI
2023-07-12,ETH,0.01,0.009089999999999683,RF-QR+ACI
2023-07-15,ETH,0.025,0.02253125,RF-QR+ACI
2023-07-17,ETH,0.01,0.009114999999999682,RF-QR+ACI
2023-07-20,ETH,0.025,0.0226875,RF-QR+ACI
2023-07-22,ETH,0.01,0.009139999999999681,RF-QR+ACI
2023-07-25,ETH,0.025,0.02284375,RF-QR+ACI
2023-07-27,ETH,0.01,0.00916499999999968,RF-QR+ACI
2023-07-30,ETH,0.025,0.023,RF-QR+ACI
2023-08-01,ETH,0.01,0.00918999999999968,RF-QR+ACI
2023-08-04,ETH,0.025,0.02315625,RF-QR+ACI
2023-08-06,ETH,0.01,0.009214999999999678,RF-QR+ACI
2023-08-09,ETH,0.025,0.0233125,RF-QR+ACI
2023-08-11,ETH,0.01,0.009239999999999677,RF-QR+ACI
2023-08-14,ETH,0.025,0.02346875,RF-QR+ACI
2023-08-16,ETH,0.01,0.009264999999999676,RF-QR+ACI
2023-08-19,ETH,0.025,0.022375,RF-QR+ACI
2023-08-21,ETH,0.01,0.008789999999999675,RF-QR+ACI
2023-08-24,ETH,0.025,0.02253125,RF-QR+ACI
2023-08-26,ETH,0.01,0.008814999999999674,RF-QR+ACI
2023-08-29,ETH,0.025,0.0226875,RF-QR+ACI
2023-08-31,ETH,0.01,0.008839999999999673,RF-QR+ACI
2023-09-03,ETH,0.025,0.02284375,RF-QR+ACI
2023-09-05,ETH,0.01,0.008864999999999672,RF-QR+ACI
2023-09-08,ETH,0.025,0.023,RF-QR+ACI
2023-09-10,ETH,0.01,0.00888999999999967,RF-QR+ACI
2023-09-13,ETH,0.025,0.02315625,RF-QR+ACI
2023-09-15,ETH,0.01,0.00891499999999967,RF-QR+ACI
2023-09-18,ETH,0.025,0.0233125,RF-QR+ACI
2023-09-20,ETH,0.01,0.008939999999999669,RF-QR+ACI
2023-09-23,ETH,0.025,0.02346875,RF-QR+ACI
2023-09-25,ETH,0.01,0.008964999999999668,RF-QR+ACI
2023-09-28,ETH,0.025,0.023625,RF-QR+ACI
2023-09-30,ETH,0.01,0.008989999999999667,RF-QR+ACI
2023-10-03,ETH,0.025,0.02378125,RF-QR+ACI
2023-10-05,ETH,0.01,0.009014999999999666,RF-QR+ACI
2023-10-08,ETH,0.025,0.0239375,RF-QR+ACI
2023-10-10,ETH,0.01,0.009039999999999665,RF-QR+ACI
2023-10-13,ETH,0.025,0.02409375,RF-QR+ACI
2023-10-15,ETH,0.01,0.009064999999999664,RF-QR+ACI
2023-10-18,ETH,0.025,0.02425,RF-QR+ACI
2023-10-20,ETH,0.01,0.009089999999999663,RF-QR+ACI
2023-10-23,ETH,0.025,0.02440625,RF-QR+ACI
2023-10-25,ETH,0.01,0.009114999999999662,RF-QR+ACI
2023-10-28,ETH,0.025,0.0245625,RF-QR+ACI
2023-10-30,ETH,0.01,0.00913999999999966,RF-QR+ACI
2023-11-02,ETH,0.025,0.02471875,RF-QR+ACI
2023-11-04,ETH,0.01,0.00916499999999966,RF-QR+ACI
2023-11-07,ETH,0.025,0.024875,RF-QR+ACI
2023-11-09,ETH,0.01,0.009189999999999659,RF-QR+ACI
2023-11-12,ETH,0.025,0.02503125,RF-QR+ACI
2023-11-14,ETH,0.01,0.009214999999999657,RF-QR+ACI
2023-11-17,ETH,0.025,0.0251875,RF-QR+ACI
2023-11-19,ETH,0.01,0.009239999999999656,RF-QR+ACI
2023-11-22,ETH,0.025,0.02534375,RF-QR+ACI
2023-11-24,ETH,0.01,0.009264999999999655,RF-QR+ACI
2023-11-27,ETH,0.025,0.025500000000000002,RF-QR+ACI
2023-11-29,ETH,0.01,0.009289999999999654,RF-QR+ACI
2023-12-02,ETH,0.025,0.025656250000000002,RF-QR+ACI
2023-12-04,ETH,0.01,0.009314999999999653,RF-QR+ACI
2023-12-07,ETH,0.025,0.025812500000000002,RF-QR+ACI
2023-12-09,ETH,0.01,0.009339999999999652,RF-QR+ACI
2023-12-12,ETH,0.025,0.02471875,RF-QR+ACI
2023-12-14,ETH,0.01,0.009364999999999651,RF-QR+ACI
2023-12-17,ETH,0.025,0.024875,RF-QR+ACI
2023-12-19,ETH,0.01,0.00938999999999965,RF-QR+ACI
2023-12-22,ETH,0.025,0.02503125,RF-QR+ACI
2023-12-24,ETH,0.01,0.00941499999999965,RF-QR+ACI
2023-12-27,ETH,0.025,0.0251875,RF-QR+ACI
2023-12-29,ETH,0.01,0.009439999999999648,RF-QR+ACI
2024-01-01,ETH,0.025,0.02534375,RF-QR+ACI
2024-01-03,ETH,0.01,0.008964999999999647,RF-QR+ACI
2024-01-06,ETH,0.025,0.02425,RF-QR+ACI
2024-01-08,ETH,0.01,0.008989999999999646,RF-QR+ACI
2024-01-11,ETH,0.025,0.02440625,RF-QR+ACI
2024-01-13,ETH,0.01,0.009014999999999645,RF-QR+ACI
2024-01-16,ETH,0.025,0.0245625,RF-QR+ACI
2024-01-18,ETH,0.01,0.009039999999999644,RF-QR+ACI
2024-01-21,ETH,0.025,0.02471875,RF-QR+ACI
2024-01-23,ETH,0.01,0.009064999999999643,RF-QR+ACI
2024-01-26,ETH,0.025,0.023625,RF-QR+ACI
2024-01-28,ETH,0.01,0.009089999999999642,RF-QR+ACI
2024-01-31,ETH,0.025,0.02378125,RF-QR+ACI
2024-02-02,ETH,0.01,0.00911499999999964,RF-QR+ACI
2024-02-05,ETH,0.025,0.0239375,RF-QR+ACI
2024-02-07,ETH,0.01,0.00913999999999964,RF-QR+ACI
2024-02-10,ETH,0.025,0.02409375,RF-QR+ACI
2024-02-12,ETH,0.01,0.009164999999999639,RF-QR+ACI
2024-02-15,ETH,0.025,0.02425,RF-QR+ACI
2024-02-17,ETH,0.01,0.009189999999999638,RF-QR+ACI
2024-02-20,ETH,0.025,0.02440625,RF-QR+ACI
2024-02-22,ETH,0.01,0.009214999999999637,RF-QR+ACI
2024-02-25,ETH,0.025,0.0245625,RF-QR+ACI
2024-02-27,ETH,0.01,0.009239999999999636,RF-QR+ACI
2024-03-01,ETH,0.025,0.02471875,RF-QR+ACI
2024-03-03,ETH,0.01,0.009264999999999635,RF-QR+ACI
2024-03-06,ETH,0.025,0.024875,RF-QR+ACI
2024-03-08,ETH,0.01,0.009289999999999634,RF-QR+ACI
2024-03-11,ETH,0.025,0.02503125,RF-QR+ACI
2024-03-13,ETH,0.01,0.009314999999999633,RF-QR+ACI
2024-03-16,ETH,0.025,0.0226875,RF-QR+ACI
2024-03-18,ETH,0.01,0.008839999999999631,RF-QR+ACI
2024-03-21,ETH,0.025,0.02159375,RF-QR+ACI
2024-03-23,ETH,0.01,0.00836499999999963,RF-QR+ACI
2024-03-26,ETH,0.025,0.02175,RF-QR+ACI
2024-03-28,ETH,0.01,0.008389999999999629,RF-QR+ACI
2024-03-31,ETH,0.025,0.02190625,RF-QR+ACI
2024-04-02,ETH,0.01,0.008414999999999628,RF-QR+ACI
2024-04-05,ETH,0.025,0.020812499999999998,RF-QR+ACI
2024-04-07,ETH,0.01,0.008439999999999627,RF-QR+ACI
2024-04-10,ETH,0.025,0.019718749999999997,RF-QR+ACI
2024-04-12,ETH,0.01,0.007964999999999625,RF-QR+ACI
2024-04-15,ETH,0.025,0.018624999999999996,RF-QR+ACI
2024-04-17,ETH,0.01,0.007989999999999624,RF-QR+ACI
2024-04-20,ETH,0.025,0.018781249999999996,RF-QR+ACI
2024-04-22,ETH,0.01,0.008014999999999623,RF-QR+ACI
2024-04-25,ETH,0.025,0.018937499999999996,RF-QR+ACI
2024-04-27,ETH,0.01,0.008039999999999622,RF-QR+ACI
2024-04-30,ETH,0.025,0.017843749999999995,RF-QR+ACI
2024-05-02,ETH,0.01,0.008064999999999621,RF-QR+ACI
2024-05-05,ETH,0.025,0.017999999999999995,RF-QR+ACI
2024-05-07,ETH,0.01,0.00808999999999962,RF-QR+ACI
2024-05-10,ETH,0.025,0.018156249999999995,RF-QR+ACI
2024-05-12,ETH,0.01,0.008114999999999619,RF-QR+ACI
2024-05-15,ETH,0.025,0.018312499999999995,RF-QR+ACI
2024-05-17,ETH,0.01,0.008139999999999618,RF-QR+ACI
2024-05-20,ETH,0.025,0.018468749999999996,RF-QR+ACI
2024-05-22,ETH,0.01,0.008164999999999617,RF-QR+ACI
2024-05-25,ETH,0.025,0.018624999999999996,RF-QR+ACI
2024-05-27,ETH,0.01,0.008189999999999616,RF-QR+ACI
2024-05-30,ETH,0.025,0.018781249999999996,RF-QR+ACI
2024-06-01,ETH,0.01,0.008214999999999615,RF-QR+ACI
2024-06-04,ETH,0.025,0.018937499999999996,RF-QR+ACI
2024-06-06,ETH,0.01,0.008239999999999614,RF-QR+ACI
2024-06-09,ETH,0.025,0.019093749999999996,RF-QR+ACI
2024-06-11,ETH,0.01,0.008264999999999613,RF-QR+ACI
2024-06-14,ETH,0.025,0.019249999999999996,RF-QR+ACI
2024-06-16,ETH,0.01,0.008289999999999612,RF-QR+ACI
2024-06-19,ETH,0.025,0.019406249999999996,RF-QR+ACI
2024-06-21,ETH,0.01,0.008314999999999611,RF-QR+ACI
2024-06-24,ETH,0.025,0.019562499999999997,RF-QR+ACI
2024-06-26,ETH,0.01,0.00833999999999961,RF-QR+ACI
2024-06-29,ETH,0.025,0.019718749999999997,RF-QR+ACI
2024-07-01,ETH,0.01,0.008364999999999609,RF-QR+ACI
2024-07-04,ETH,0.025,0.018624999999999996,RF-QR+ACI
2024-07-06,ETH,0.01,0.007889999999999607,RF-QR+ACI
2024-07-09,ETH,0.025,0.018781249999999996,RF-QR+ACI
2024-07-11,ETH,0.01,0.007914999999999606,RF-QR+ACI
2024-07-14,ETH,0.025,0.018937499999999996,RF-QR+ACI
2024-07-16,ETH,0.01,0.007939999999999605,RF-QR+ACI
2024-07-19,ETH,0.025,0.019093749999999996,RF-QR+ACI
2024-07-21,ETH,0.01,0.007964999999999604,RF-QR+ACI
2024-07-24,ETH,0.025,0.019249999999999996,RF-QR+ACI
2024-07-26,ETH,0.01,0.007989999999999603,RF-QR+ACI
2024-07-29,ETH,0.025,0.019406249999999996,RF-QR+ACI
2024-07-31,ETH,0.01,0.008014999999999602,RF-QR+ACI
2024-08-03,ETH,0.025,0.018312499999999995,RF-QR+ACI
2024-08-05,ETH,0.01,0.007539999999999602,RF-QR+ACI
2024-08-08,ETH,0.025,0.017218749999999994,RF-QR+ACI
2024-08-10,ETH,0.01,0.007564999999999601,RF-QR+ACI
2024-08-13,ETH,0.025,0.017374999999999995,RF-QR+ACI
2024-08-15,ETH,0.01,0.0075899999999996,RF-QR+ACI
2024-08-18,ETH,0.025,0.017531249999999995,RF-QR+ACI
2024-08-20,ETH,0.01,0.007614999999999599,RF-QR+ACI
2024-08-23,ETH,0.025,0.017687499999999995,RF-QR+ACI
2024-08-25,ETH,0.01,0.007639999999999598,RF-QR+ACI
2024-08-28,ETH,0.025,0.016593749999999994,RF-QR+ACI
2024-08-30,ETH,0.01,0.007164999999999597,RF-QR+ACI
2024-09-02,ETH,0.025,0.016749999999999994,RF-QR+ACI
2024-09-04,ETH,0.01,0.007189999999999596,RF-QR+ACI
2024-09-07,ETH,0.025,0.016906249999999994,RF-QR+ACI
2024-09-09,ETH,0.01,0.007214999999999595,RF-QR+ACI
2024-09-12,ETH,0.025,0.017062499999999994,RF-QR+ACI
2024-09-14,ETH,0.01,0.007239999999999594,RF-QR+ACI
2024-09-17,ETH,0.025,0.017218749999999994,RF-QR+ACI
2024-09-19,ETH,0.01,0.007264999999999593,RF-QR+ACI
2024-09-22,ETH,0.025,0.017374999999999995,RF-QR+ACI
2024-09-24,ETH,0.01,0.007289999999999592,RF-QR+ACI
2024-09-27,ETH,0.025,0.017531249999999995,RF-QR+ACI
2024-09-29,ETH,0.01,0.007314999999999591,RF-QR+ACI
2024-10-02,ETH,0.025,0.017687499999999995,RF-QR+ACI
2024-10-04,ETH,0.01,0.00733999999999959,RF-QR+ACI
2024-10-07,ETH,0.025,0.017843749999999995,RF-QR+ACI
2024-10-09,ETH,0.01,0.007364999999999589,RF-QR+ACI
2024-10-12,ETH,0.025,0.017999999999999995,RF-QR+ACI
2024-10-14,ETH,0.01,0.007389999999999588,RF-QR+ACI
2024-10-17,ETH,0.025,0.018156249999999995,RF-QR+ACI
2024-10-19,ETH,0.01,0.007414999999999587,RF-QR+ACI
2024-10-22,ETH,0.025,0.018312499999999995,RF-QR+ACI
2024-10-24,ETH,0.01,0.007439999999999586,RF-QR+ACI
2024-10-27,ETH,0.025,0.018468749999999996,RF-QR+ACI
2024-10-29,ETH,0.01,0.007464999999999585,RF-QR+ACI
2024-11-01,ETH,0.025,0.018624999999999996,RF-QR+ACI
2024-11-03,ETH,0.01,0.007489999999999584,RF-QR+ACI
2024-11-06,ETH,0.025,0.018781249999999996,RF-QR+ACI
2024-11-08,ETH,0.01,0.007514999999999583,RF-QR+ACI
2024-11-11,ETH,0.025,0.018937499999999996,RF-QR+ACI
2024-11-13,ETH,0.01,0.007539999999999582,RF-QR+ACI
2024-11-16,ETH,0.025,0.019093749999999996,RF-QR+ACI
2024-11-18,ETH,0.01,0.007564999999999581,RF-QR+ACI
2024-11-21,ETH,0.025,0.019249999999999996,RF-QR+ACI
2024-11-23,ETH,0.01,0.00758999999999958,RF-QR+ACI
2024-11-26,ETH,0.025,0.019406249999999996,RF-QR+ACI
2024-11-28,ETH,0.01,0.007614999999999579,RF-QR+ACI
2024-12-01,ETH,0.025,0.019562499999999997,RF-QR+ACI
2024-12-03,ETH,0.01,0.007639999999999578,RF-QR+ACI
2024-12-06,ETH,0.025,0.019718749999999997,RF-QR+ACI
2024-12-08,ETH,0.01,0.007664999999999577,RF-QR+ACI
2024-12-11,ETH,0.025,0.018624999999999996,RF-QR+ACI
2024-12-13,ETH,0.01,0.007689999999999576,RF-QR+ACI
2024-12-16,ETH,0.025,0.018781249999999996,RF-QR+ACI
2024-12-18,ETH,0.01,0.007714999999999575,RF-QR+ACI
2024-12-21,ETH,0.025,0.018937499999999996,RF-QR+ACI
2024-12-23,ETH,0.01,0.007739999999999574,RF-QR+ACI
2024-12-26,ETH,0.025,0.019093749999999996,RF-QR+ACI
2024-12-28,ETH,0.01,0.007764999999999573,RF-QR+ACI
2024-12-31,ETH,0.025,0.019249999999999996,RF-QR+ACI
2025-01-02,ETH,0.01,0.007789999999999572,RF-QR+ACI
2025-01-05,ETH,0.025,0.019406249999999996,RF-QR+ACI
2025-01-07,ETH,0.01,0.007314999999999571,RF-QR+ACI
2025-01-10,ETH,0.025,0.018312499999999995,RF-QR+ACI
2025-01-12,ETH,0.01,0.00733999999999957,RF-QR+ACI
2025-01-15,ETH,0.025,0.018468749999999996,RF-QR+ACI
2025-01-17,ETH,0.01,0.007364999999999569,RF-QR+ACI
2025-01-20,ETH,0.025,0.018624999999999996,RF-QR+ACI
2025-01-22,ETH,0.01,0.007389999999999568,RF-QR+ACI
2025-01-25,ETH,0.025,0.018781249999999996,RF-QR+ACI
2025-01-27,ETH,0.01,0.007414999999999567,RF-QR+ACI
2025-01-30,ETH,0.025,0.018937499999999996,RF-QR+ACI
2025-02-01,ETH,0.01,0.007439999999999566,RF-QR+ACI
2025-02-04,ETH,0.025,0.019093749999999996,RF-QR+ACI
2025-02-06,ETH,0.01,0.007464999999999565,RF-QR+ACI
2025-02-09,ETH,0.025,0.019249999999999996,RF-QR+ACI
2025-02-11,ETH,0.01,0.007489999999999564,RF-QR+ACI
2025-02-14,ETH,0.025,0.019406249999999996,RF-QR+ACI
2025-02-16,ETH,0.01,0.007514999999999563,RF-QR+ACI
2025-02-19,ETH,0.025,0.019562499999999997,RF-QR+ACI
2025-02-21,ETH,0.01,0.007539999999999562,RF-QR+ACI
2025-02-24,ETH,0.025,0.018468749999999996,RF-QR+ACI
2025-02-26,ETH,0.01,0.007064999999999561,RF-QR+ACI
2025-03-01,ETH,0.025,0.017374999999999995,RF-QR+ACI
2025-03-03,ETH,0.01,0.006589999999999561,RF-QR+ACI
2025-03-06,ETH,0.025,0.016281249999999994,RF-QR+ACI
2025-03-08,ETH,0.01,0.00661499999999956,RF-QR+ACI
2025-03-11,ETH,0.025,0.016437499999999994,RF-QR+ACI
2025-03-13,ETH,0.01,0.006639999999999559,RF-QR+ACI
2025-03-16,ETH,0.025,0.016593749999999994,RF-QR+ACI
2025-03-18,ETH,0.01,0.0066649999999995576,RF-QR+ACI
2025-03-21,ETH,0.025,0.016749999999999994,RF-QR+ACI
2025-03-23,ETH,0.01,0.0066899999999995565,RF-QR+ACI
2025-03-26,ETH,0.025,0.016906249999999994,RF-QR+ACI
2025-03-28,ETH,0.01,0.0067149999999995555,RF-QR+ACI
2025-03-31,ETH,0.025,0.017062499999999994,RF-QR+ACI
2025-04-02,ETH,0.01,0.0067399999999995545,RF-QR+ACI
2025-04-05,ETH,0.025,0.017218749999999994,RF-QR+ACI
2025-04-07,ETH,0.01,0.006264999999999554,RF-QR+ACI
2025-04-10,ETH,0.025,0.016124999999999994,RF-QR+ACI
2025-04-12,ETH,0.01,0.006289999999999553,RF-QR+ACI
2025-04-15,ETH,0.025,0.016281249999999994,RF-QR+ACI
2025-04-17,ETH,0.01,0.006314999999999552,RF-QR+ACI
2025-04-20,ETH,0.025,0.016437499999999994,RF-QR+ACI
2025-04-22,ETH,0.01,0.006339999999999551,RF-QR+ACI
2025-04-25,ETH,0.025,0.016593749999999994,RF-QR+ACI
2025-04-27,ETH,0.01,0.00636499999999955,RF-QR+ACI
2025-04-30,ETH,0.025,0.016749999999999994,RF-QR+ACI
2025-05-02,ETH,0.01,0.006389999999999549,RF-QR+ACI
2025-05-05,ETH,0.025,0.016906249999999994,RF-QR+ACI
2025-05-07,ETH,0.01,0.006414999999999548,RF-QR+ACI
2025-05-10,ETH,0.025,0.017062499999999994,RF-QR+ACI
2025-05-12,ETH,0.01,0.006439999999999547,RF-QR+ACI
2025-05-15,ETH,0.025,0.017218749999999994,RF-QR+ACI
2025-05-17,ETH,0.01,0.006464999999999546,RF-QR+ACI
2025-05-20,ETH,0.025,0.017374999999999995,RF-QR+ACI
2025-05-22,ETH,0.01,0.006489999999999545,RF-QR+ACI
2025-05-25,ETH,0.025,0.017531249999999995,RF-QR+ACI
2025-05-27,ETH,0.01,0.006514999999999544,RF-QR+ACI
2025-05-30,ETH,0.025,0.017687499999999995,RF-QR+ACI
2025-06-01,ETH,0.01,0.006539999999999543,RF-QR+ACI
2025-06-04,ETH,0.025,0.017843749999999995,RF-QR+ACI
2025-06-06,ETH,0.01,0.006064999999999542,RF-QR+ACI
2025-06-09,ETH,0.025,0.016749999999999994,RF-QR+ACI
2025-06-11,ETH,0.01,0.006089999999999541,RF-QR+ACI
2025-06-14,ETH,0.025,0.016906249999999994,RF-QR+ACI
2025-06-16,ETH,0.01,0.00611499999999954,RF-QR+ACI
2025-06-19,ETH,0.025,0.017062499999999994,RF-QR+ACI
2025-06-21,ETH,0.01,0.006139999999999539,RF-QR+ACI
2025-06-24,ETH,0.025,0.017218749999999994,RF-QR+ACI
2025-06-26,ETH,0.01,0.006164999999999538,RF-QR+ACI
2025-06-29,ETH,0.025,0.017374999999999995,RF-QR+ACI
2025-07-01,ETH,0.01,0.006189999999999537,RF-QR+ACI
2025-07-04,ETH,0.025,0.017531249999999995,RF-QR+ACI
2025-07-06,ETH,0.01,0.006214999999999536,RF-QR+ACI
2025-07-09,ETH,0.025,0.017687499999999995,RF-QR+ACI
2025-07-11,ETH,0.01,0.006239999999999535,RF-QR+ACI
2025-07-14,ETH,0.025,0.017843749999999995,RF-QR+ACI
2025-07-16,ETH,0.01,0.006264999999999534,RF-QR+ACI
2025-07-19,ETH,0.025,0.017999999999999995,RF-QR+ACI
2025-07-21,ETH,0.01,0.006289999999999533,RF-QR+ACI
2025-07-24,ETH,0.025,0.018156249999999995,RF-QR+ACI
2025-07-26,ETH,0.01,0.006314999999999532,RF-QR+ACI
2025-07-29,ETH,0.025,0.018312499999999995,RF-QR+ACI
2025-07-31,ETH,0.01,0.006339999999999531,RF-QR+ACI
2025-08-03,ETH,0.025,0.018468749999999996,RF-QR+ACI
2025-08-05,ETH,0.01,0.00636499999999953,RF-QR+ACI
2025-08-08,ETH,0.025,0.018624999999999996,RF-QR+ACI
2025-08-10,ETH,0.01,0.006389999999999529,RF-QR+ACI
2025-08-13,ETH,0.025,0.018781249999999996,RF-QR+ACI
2025-08-15,ETH,0.01,0.006414999999999528,RF-QR+ACI
2025-08-18,ETH,0.025,0.018937499999999996,RF-QR+ACI
2025-08-20,ETH,0.01,0.006439999999999527,RF-QR+ACI
2025-08-23,ETH,0.025,0.019093749999999996,RF-QR+ACI
2025-08-25,ETH,0.01,0.006464999999999526,RF-QR+ACI
2025-08-28,ETH,0.025,0.017999999999999995,RF-QR+ACI
2025-08-30,ETH,0.01,0.006489999999999525,RF-QR+ACI
2025-09-02,ETH,0.025,0.018156249999999995,RF-QR+ACI
2025-09-04,ETH,0.01,0.006514999999999524,RF-QR+ACI
2025-09-07,ETH,0.025,0.018312499999999995,RF-QR+ACI
2025-09-09,ETH,0.01,0.006539999999999523,RF-QR+ACI
2025-09-12,ETH,0.025,0.018468749999999996,RF-QR+ACI
2025-09-14,ETH,0.01,0.006564999999999522,RF-QR+ACI
2025-09-17,ETH,0.025,0.018624999999999996,RF-QR+ACI
2025-09-19,ETH,0.01,0.006589999999999521,RF-QR+ACI
2025-09-22,ETH,0.025,0.018781249999999996,RF-QR+ACI
2025-09-24,ETH,0.01,0.00661499999999952,RF-QR+ACI
2025-09-27,ETH,0.025,0.018937499999999996,RF-QR+ACI
2025-09-29,ETH,0.01,0.006639999999999519,RF-QR+ACI
2025-10-02,ETH,0.025,0.019093749999999996,RF-QR+ACI
2025-10-04,ETH,0.01,0.006664999999999518,RF-QR+ACI
2025-10-07,ETH,0.025,0.019249999999999996,RF-QR+ACI
2025-10-09,ETH,0.01,0.006689999999999517,RF-QR+ACI
2025-10-12,ETH,0.025,0.018156249999999995,RF-QR+ACI
2025-10-14,ETH,0.01,0.006214999999999516,RF-QR+ACI
2025-10-17,ETH,0.025,0.018312499999999995,RF-QR+ACI
2025-10-19,ETH,0.01,0.006239999999999515,RF-QR+ACI
2025-10-22,ETH,0.025,0.018468749999999996,RF-QR+ACI
2025-10-24,ETH,0.01,0.006264999999999514,RF-QR+ACI
2025-10-27,ETH,0.025,0.018624999999999996,RF-QR+ACI
2025-10-29,ETH,0.01,0.006289999999999513,RF-QR+ACI
2025-11-01,ETH,0.025,0.018781249999999996,RF-QR+ACI
2025-11-03,ETH,0.01,0.006314999999999512,RF-QR+ACI
2025-11-06,ETH,0.025,0.017687499999999995,RF-QR+ACI
2025-11-08,ETH,0.01,0.006339999999999511,RF-QR+ACI
2025-11-11,ETH,0.025,0.017843749999999995,RF-QR+ACI
2025-11-13,ETH,0.01,0.00636499999999951,RF-QR+ACI
2025-11-16,ETH,0.025,0.017999999999999995,RF-QR+ACI
2025-11-18,ETH,0.01,0.006389999999999509,RF-QR+ACI
2025-11-21,ETH,0.025,0.018156249999999995,RF-QR+ACI
2025-11-23,ETH,0.01,0.006414999999999508,RF-QR+ACI
2025-11-26,ETH,0.025,0.018312499999999995,RF-QR+ACI
2025-11-28,ETH,0.01,0.006439999999999507,RF-QR+ACI
2025-12-01,ETH,0.025,0.018468749999999996,RF-QR+ACI
2025-12-03,ETH,0.01,0.006464999999999506,RF-QR+ACI
2025-12-06,ETH,0.025,0.018624999999999996,RF-QR+ACI
2025-12-08,ETH,0.01,0.006489999999999505,RF-QR+ACI
2025-12-11,ETH,0.025,0.018781249999999996,RF-QR+ACI
2025-12-13,ETH,0.01,0.006514999999999504,RF-QR+ACI
2025-12-16,ETH,0.025,0.018937499999999996,RF-QR+ACI
2025-12-18,ETH,0.01,0.006539999999999503,RF-QR+ACI
2025-12-21,ETH,0.025,0.019093749999999996,RF-QR+ACI
2025-12-23,ETH,0.01,0.006564999999999502,RF-QR+ACI
2025-12-26,ETH,0.025,0.019249999999999996,RF-QR+ACI
2025-12-28,ETH,0.01,0.006589999999999501,RF-QR+ACI
2025-12-31,ETH,0.025,0.019406249999999996,RF-QR+ACI
2026-01-02,ETH,0.01,0.0066149999999995,RF-QR+ACI
2026-01-05,ETH,0.025,0.019562499999999997,RF-QR+ACI
2026-01-07,ETH,0.01,0.006639999999999499,RF-QR+ACI
2026-01-10,ETH,0.025,0.019718749999999997,RF-QR+ACI
2026-01-12,ETH,0.01,0.006664999999999498,RF-QR+ACI
2026-01-15,ETH,0.025,0.019874999999999997,RF-QR+ACI
2026-01-17,ETH,0.01,0.006689999999999497,RF-QR+ACI
2026-01-20,ETH,0.025,0.018781249999999996,RF-QR+ACI
2026-01-22,ETH,0.01,0.006714999999999496,RF-QR+ACI
2026-01-25,ETH,0.025,0.018937499999999996,RF-QR+ACI
2026-01-27,ETH,0.01,0.006739999999999495,RF-QR+ACI
2026-01-30,ETH,0.025,0.019093749999999996,RF-QR+ACI
2026-02-01,ETH,0.01,0.006764999999999494,RF-QR+ACI
2026-02-04,ETH,0.025,0.017999999999999995,RF-QR+ACI
2026-02-06,ETH,0.01,0.006789999999999493,RF-QR+ACI
2026-02-09,ETH,0.025,0.016906249999999994,RF-QR+ACI
2026-02-11,ETH,0.01,0.006814999999999492,RF-QR+ACI
2026-02-14,ETH,0.025,0.017062499999999994,RF-QR+ACI
2026-02-16,ETH,0.01,0.006839999999999491,RF-QR+ACI
2026-02-19,ETH,0.025,0.017218749999999994,RF-QR+ACI
2026-02-21,ETH,0.01,0.0068649999999994896,RF-QR+ACI
2026-02-24,ETH,0.025,0.017374999999999995,RF-QR+ACI
2026-02-26,ETH,0.01,0.0068899999999994885,RF-QR+ACI
2026-03-01,ETH,0.025,0.017531249999999995,RF-QR+ACI
2026-03-03,ETH,0.01,0.0069149999999994875,RF-QR+ACI
2026-03-06,ETH,0.025,0.017687499999999995,RF-QR+ACI
2026-03-08,ETH,0.01,0.0069399999999994865,RF-QR+ACI
2026-03-11,ETH,0.025,0.017843749999999995,RF-QR+ACI
2026-03-13,ETH,0.01,0.0069649999999994855,RF-QR+ACI
2026-03-16,ETH,0.025,0.017999999999999995,RF-QR+ACI
2026-03-18,ETH,0.01,0.0069899999999994845,RF-QR+ACI
2026-03-21,ETH,0.025,0.018156249999999995,RF-QR+ACI
2026-03-23,ETH,0.01,0.0070149999999994835,RF-QR+ACI
2026-03-26,ETH,0.025,0.018312499999999995,RF-QR+ACI
2026-03-28,ETH,0.01,0.0070399999999994824,RF-QR+ACI
2026-03-31,ETH,0.025,0.018468749999999996,RF-QR+ACI
2026-04-02,ETH,0.01,0.007064999999999481,RF-QR+ACI
2026-04-05,ETH,0.025,0.018624999999999996,RF-QR+ACI
2026-04-07,ETH,0.01,0.00708999999999948,RF-QR+ACI
2026-04-10,ETH,0.025,0.018781249999999996,RF-QR+ACI
2026-04-12,ETH,0.01,0.007114999999999479,RF-QR+ACI
2026-04-15,ETH,0.025,0.018937499999999996,RF-QR+ACI
2026-04-17,ETH,0.01,0.007139999999999478,RF-QR+ACI
2026-04-20,ETH,0.025,0.019093749999999996,RF-QR+ACI
2026-04-22,ETH,0.01,0.007164999999999477,RF-QR+ACI
2026-04-25,ETH,0.025,0.019249999999999996,RF-QR+ACI
2026-04-27,ETH,0.01,0.007189999999999476,RF-QR+ACI
2026-04-30,ETH,0.025,0.019406249999999996,RF-QR+ACI
2026-05-02,ETH,0.01,0.007214999999999475,RF-QR+ACI
2026-05-05,ETH,0.025,0.019562499999999997,RF-QR+ACI
2026-05-07,ETH,0.01,0.007239999999999474,RF-QR+ACI
2026-05-10,ETH,0.025,0.019718749999999997,RF-QR+ACI
2026-05-12,ETH,0.01,0.007264999999999473,RF-QR+ACI
2026-05-15,ETH,0.025,0.019874999999999997,RF-QR+ACI
2026-05-17,ETH,0.01,0.007289999999999472,RF-QR+ACI
2026-05-20,ETH,0.025,0.020031249999999997,RF-QR+ACI
2026-05-22,ETH,0.01,0.007314999999999471,RF-QR+ACI
2026-05-25,ETH,0.025,0.020187499999999997,RF-QR+ACI
2026-05-27,ETH,0.01,0.00733999999999947,RF-QR+ACI
2026-05-30,ETH,0.025,0.020343749999999997,RF-QR+ACI
2026-06-01,ETH,0.01,0.007364999999999469,RF-QR+ACI
2026-06-04,ETH,0.025,0.019249999999999996,RF-QR+ACI
2026-06-06,ETH,0.01,0.007389999999999468,RF-QR+ACI
2026-06-09,ETH,0.025,0.018156249999999995,RF-QR+ACI
2026-06-11,ETH,0.01,0.007414999999999467,RF-QR+ACI
2026-06-14,ETH,0.025,0.018312499999999995,RF-QR+ACI
2026-06-16,ETH,0.01,0.007439999999999466,RF-QR+ACI
2026-06-19,ETH,0.025,0.018468749999999996,RF-QR+ACI
2026-06-21,ETH,0.01,0.007464999999999465,RF-QR+ACI
2026-06-24,ETH,0.025,0.018624999999999996,RF-QR+ACI
2026-06-26,ETH,0.01,0.007489999999999464,RF-QR+ACI
2026-06-29,ETH,0.025,0.018781249999999996,RF-QR+ACI
2026-07-01,ETH,0.01,0.007514999999999463,RF-QR+ACI
2026-07-04,ETH,0.025,0.018937499999999996,RF-QR+ACI
2026-07-06,ETH,0.01,0.007539999999999462,RF-QR+ACI
2026-07-09,ETH,0.025,0.019093749999999996,RF-QR+ACI
2026-07-11,ETH,0.01,0.007564999999999461,RF-QR+ACI
2026-07-14,ETH,0.025,0.019249999999999996,RF-QR+ACI
2026-07-16,ETH,0.01,0.00758999999999946,RF-QR+ACI
2026-07-19,ETH,0.025,0.019406249999999996,RF-QR+ACI
2026-07-21,ETH,0.01,0.007614999999999459,RF-QR+ACI
2026-07-24,ETH,0.025,0.019562499999999997,RF-QR+ACI
2026-07-26,ETH,0.01,0.007639999999999458,RF-QR+ACI
2026-07-29,ETH,0.025,0.019718749999999997,RF-QR+ACI
2026-07-31,ETH,0.01,0.007664999999999457,RF-QR+ACI
2026-08-03,ETH,0.025,0.019874999999999997,RF-QR+ACI
2026-08-05,ETH,0.01,0.007689999999999456,RF-QR+ACI
2026-08-08,ETH,0.025,0.020031249999999997,RF-QR+ACI
2026-08-10,ETH,0.01,0.007714999999999455,RF-QR+ACI
2026-08-13,ETH,0.025,0.020187499999999997,RF-QR+ACI
2026-08-15,ETH,0.01,0.007739999999999454,RF-QR+ACI
2026-08-18,ETH,0.025,0.020343749999999997,RF-QR+ACI
2026-08-20,ETH,0.01,0.007764999999999453,RF-QR+ACI
2026-08-23,ETH,0.025,0.020499999999999997,RF-QR+ACI
2026-08-25,ETH,0.01,0.007789999999999452,RF-QR+ACI
2026-08-28,ETH,0.025,0.020656249999999998,RF-QR+ACI
2026-08-30,ETH,0.01,0.00781499999999945,RF-QR+ACI
2026-09-02,ETH,0.025,0.020812499999999998,RF-QR+ACI
2026-09-04,ETH,0.01,0.00783999999999945,RF-QR+ACI
2026-09-07,ETH,0.025,0.020968749999999998,RF-QR+ACI
2026-09-09,ETH,0.01,0.007864999999999449,RF-QR+ACI
2019-05-18,ETH,0.025,0.0250625,LSTM-Vol+ACI
2019-05-20,ETH,0.01,0.01002,LSTM-Vol+ACI
2019-05-23,ETH,0.025,0.02521875,LSTM-Vol+ACI
2019-05-25,ETH,0.01,0.010044999999999998,LSTM-Vol+ACI
2019-05-28,ETH,0.025,0.025375,LSTM-Vol+ACI
2019-05-30,ETH,0.01,0.010069999999999997,LSTM-Vol+ACI
2019-06-02,ETH,0.025,0.025531250000000002,LSTM-Vol+ACI
2019-06-04,ETH,0.01,0.010094999999999996,LSTM-Vol+ACI
2019-06-07,ETH,0.025,0.025687500000000002,LSTM-Vol+ACI
2019-06-09,ETH,0.01,0.010119999999999995,LSTM-Vol+ACI
2019-06-12,ETH,0.025,0.025843750000000002,LSTM-Vol+ACI
2019-06-14,ETH,0.01,0.010144999999999994,LSTM-Vol+ACI
2019-06-17,ETH,0.025,0.026000000000000002,LSTM-Vol+ACI
2019-06-19,ETH,0.01,0.010169999999999993,LSTM-Vol+ACI
2019-06-22,ETH,0.025,0.026156250000000002,LSTM-Vol+ACI
2019-06-24,ETH,0.01,0.010194999999999992,LSTM-Vol+ACI
2019-06-27,ETH,0.025,0.0250625,LSTM-Vol+ACI
2019-06-29,ETH,0.01,0.010219999999999991,LSTM-Vol+ACI
2019-07-02,ETH,0.025,0.02521875,LSTM-Vol+ACI
2019-07-04,ETH,0.01,0.01024499999999999,LSTM-Vol+ACI
2019-07-07,ETH,0.025,0.025375,LSTM-Vol+ACI
2019-07-09,ETH,0.01,0.01026999999999999,LSTM-Vol+ACI
2019-07-12,ETH,0.025,0.025531250000000002,LSTM-Vol+ACI
2019-07-14,ETH,0.01,0.009794999999999988,LSTM-Vol+ACI
2019-07-17,ETH,0.025,0.0231875,LSTM-Vol+ACI
2019-07-19,ETH,0.01,0.009319999999999986,LSTM-Vol+ACI
2019-07-22,ETH,0.025,0.02334375,LSTM-Vol+ACI
2019-07-24,ETH,0.01,0.009344999999999985,LSTM-Vol+ACI
2019-07-27,ETH,0.025,0.0235,LSTM-Vol+ACI
2019-07-29,ETH,0.01,0.009369999999999984,LSTM-Vol+ACI
2019-08-01,ETH,0.025,0.02365625,LSTM-Vol+ACI
2019-08-03,ETH,0.01,0.009394999999999983,LSTM-Vol+ACI
2019-08-06,ETH,0.025,0.0238125,LSTM-Vol+ACI
2019-08-08,ETH,0.01,0.009419999999999982,LSTM-Vol+ACI
2019-08-11,ETH,0.025,0.02396875,LSTM-Vol+ACI
2019-08-13,ETH,0.01,0.009444999999999981,LSTM-Vol+ACI
2019-08-16,ETH,0.025,0.022875,LSTM-Vol+ACI
2019-08-18,ETH,0.01,0.00946999999999998,LSTM-Vol+ACI
2019-08-21,ETH,0.025,0.02303125,LSTM-Vol+ACI
2019-08-23,ETH,0.01,0.00949499999999998,LSTM-Vol+ACI
2019-08-26,ETH,0.025,0.0231875,LSTM-Vol+ACI
2019-08-28,ETH,0.01,0.009519999999999978,LSTM-Vol+ACI
2019-08-31,ETH,0.025,0.02334375,LSTM-Vol+ACI
2019-09-02,ETH,0.01,0.009544999999999977,LSTM-Vol+ACI
2019-09-05,ETH,0.025,0.0235,LSTM-Vol+ACI
2019-09-07,ETH,0.01,0.009569999999999976,LSTM-Vol+ACI
2019-09-10,ETH,0.025,0.02365625,LSTM-Vol+ACI
2019-09-12,ETH,0.01,0.009594999999999975,LSTM-Vol+ACI
2019-09-15,ETH,0.025,0.0238125,LSTM-Vol+ACI
2019-09-17,ETH,0.01,0.009619999999999974,LSTM-Vol+ACI
2019-09-20,ETH,0.025,0.02396875,LSTM-Vol+ACI
2019-09-22,ETH,0.01,0.009644999999999973,LSTM-Vol+ACI
2019-09-25,ETH,0.025,0.022875,LSTM-Vol+ACI
2019-09-27,ETH,0.01,0.009169999999999972,LSTM-Vol+ACI
2019-09-30,ETH,0.025,0.02303125,LSTM-Vol+ACI
2019-10-02,ETH,0.01,0.00919499999999997,LSTM-Vol+ACI
2019-10-05,ETH,0.025,0.0231875,LSTM-Vol+ACI
2019-10-07,ETH,0.01,0.00921999999999997,LSTM-Vol+ACI
2019-10-10,ETH,0.025,0.02334375,LSTM-Vol+ACI
2019-10-12,ETH,0.01,0.009244999999999969,LSTM-Vol+ACI
2019-10-15,ETH,0.025,0.0235,LSTM-Vol+ACI
2019-10-17,ETH,0.01,0.009269999999999968,LSTM-Vol+ACI
2019-10-20,ETH,0.025,0.02365625,LSTM-Vol+ACI
2019-10-22,ETH,0.01,0.009294999999999966,LSTM-Vol+ACI
2019-10-25,ETH,0.025,0.0238125,LSTM-Vol+ACI
2019-10-27,ETH,0.01,0.009319999999999965,LSTM-Vol+ACI
2019-10-30,ETH,0.025,0.02396875,LSTM-Vol+ACI
2019-11-01,ETH,0.01,0.009344999999999964,LSTM-Vol+ACI
2019-11-04,ETH,0.025,0.024125,LSTM-Vol+ACI
2019-11-06,ETH,0.01,0.009369999999999963,LSTM-Vol+ACI
2019-11-09,ETH,0.025,0.02428125,LSTM-Vol+ACI
2019-11-11,ETH,0.01,0.009394999999999962,LSTM-Vol+ACI
2019-11-14,ETH,0.025,0.0244375,LSTM-Vol+ACI
2019-11-16,ETH,0.01,0.009419999999999961,LSTM-Vol+ACI
2019-11-19,ETH,0.025,0.02459375,LSTM-Vol+ACI
2019-11-21,ETH,0.01,0.00944499999999996,LSTM-Vol+ACI
2019-11-24,ETH,0.025,0.02475,LSTM-Vol+ACI
2019-11-26,ETH,0.01,0.00946999999999996,LSTM-Vol+ACI
2019-11-29,ETH,0.025,0.02490625,LSTM-Vol+ACI
2019-12-01,ETH,0.01,0.009494999999999958,LSTM-Vol+ACI
2019-12-04,ETH,0.025,0.0250625,LSTM-Vol+ACI
2019-12-06,ETH,0.01,0.009519999999999957,LSTM-Vol+ACI
2019-12-09,ETH,0.025,0.02521875,LSTM-Vol+ACI
2019-12-11,ETH,0.01,0.009544999999999956,LSTM-Vol+ACI
2019-12-14,ETH,0.025,0.025375,LSTM-Vol+ACI
2019-12-16,ETH,0.01,0.009569999999999955,LSTM-Vol+ACI
2019-12-19,ETH,0.025,0.02428125,LSTM-Vol+ACI
2019-12-21,ETH,0.01,0.009594999999999954,LSTM-Vol+ACI
2019-12-24,ETH,0.025,0.0244375,LSTM-Vol+ACI
2019-12-26,ETH,0.01,0.009619999999999953,LSTM-Vol+ACI
2019-12-29,ETH,0.025,0.02459375,LSTM-Vol+ACI
2019-12-31,ETH,0.01,0.009644999999999952,LSTM-Vol+ACI
2020-01-03,ETH,0.025,0.02475,LSTM-Vol+ACI
2020-01-05,ETH,0.01,0.009669999999999951,LSTM-Vol+ACI
2020-01-08,ETH,0.025,0.02490625,LSTM-Vol+ACI
2020-01-10,ETH,0.01,0.00969499999999995,LSTM-Vol+ACI
2020-01-13,ETH,0.025,0.0250625,LSTM-Vol+ACI
2020-01-15,ETH,0.01,0.00971999999999995,LSTM-Vol+ACI
2020-01-18,ETH,0.025,0.02521875,LSTM-Vol+ACI
2020-01-20,ETH,0.01,0.009744999999999948,LSTM-Vol+ACI
2020-01-23,ETH,0.025,0.025375,LSTM-Vol+ACI
2020-01-25,ETH,0.01,0.009769999999999947,LSTM-Vol+ACI
2020-01-28,ETH,0.025,0.025531250000000002,LSTM-Vol+ACI
2020-01-30,ETH,0.01,0.009794999999999946,LSTM-Vol+ACI
2020-02-02,ETH,0.025,0.025687500000000002,LSTM-Vol+ACI
2020-02-04,ETH,0.01,0.009819999999999945,LSTM-Vol+ACI
2020-02-07,ETH,0.025,0.025843750000000002,LSTM-Vol+ACI
2020-02-09,ETH,0.01,0.009844999999999944,LSTM-Vol+ACI
2020-02-12,ETH,0.025,0.026000000000000002,LSTM-Vol+ACI
2020-02-14,ETH,0.01,0.009869999999999943,LSTM-Vol+ACI
2020-02-17,ETH,0.025,0.026156250000000002,LSTM-Vol+ACI
2020-02-19,ETH,0.01,0.009894999999999942,LSTM-Vol+ACI
2020-02-22,ETH,0.025,0.026312500000000003,LSTM-Vol+ACI
2020-02-24,ETH,0.01,0.009919999999999941,LSTM-Vol+ACI
2020-02-27,ETH,0.025,0.02521875,LSTM-Vol+ACI
2020-02-29,ETH,0.01,0.00994499999999994,LSTM-Vol+ACI
2020-03-03,ETH,0.025,0.025375,LSTM-Vol+ACI
2020-03-05,ETH,0.01,0.009969999999999939,LSTM-Vol+ACI
2020-03-08,ETH,0.025,0.02428125,LSTM-Vol+ACI
2020-03-10,ETH,0.01,0.009494999999999938,LSTM-Vol+ACI
2020-03-13,ETH,0.025,0.0231875,LSTM-Vol+ACI
2020-03-15,ETH,0.01,0.009019999999999936,LSTM-Vol+ACI
2020-03-18,ETH,0.025,0.02334375,LSTM-Vol+ACI
2020-03-20,ETH,0.01,0.009044999999999935,LSTM-Vol+ACI
2020-03-23,ETH,0.025,0.02225,LSTM-Vol+ACI
2020-03-25,ETH,0.01,0.009069999999999934,LSTM-Vol+ACI
2020-03-28,ETH,0.025,0.02240625,LSTM-Vol+ACI
2020-03-30,ETH,0.01,0.009094999999999933,LSTM-Vol+ACI
2020-04-02,ETH,0.025,0.0225625,LSTM-Vol+ACI
2020-04-04,ETH,0.01,0.009119999999999932,LSTM-Vol+ACI
2020-04-07,ETH,0.025,0.02271875,LSTM-Vol+ACI
2020-04-09,ETH,0.01,0.009144999999999931,LSTM-Vol+ACI
2020-04-12,ETH,0.025,0.022875,LSTM-Vol+ACI
2020-04-14,ETH,0.01,0.00916999999999993,LSTM-Vol+ACI
2020-04-17,ETH,0.025,0.02303125,LSTM-Vol+ACI
2020-04-19,ETH,0.01,0.009194999999999929,LSTM-Vol+ACI
2020-04-22,ETH,0.025,0.0231875,LSTM-Vol+ACI
2020-04-24,ETH,0.01,0.009219999999999928,LSTM-Vol+ACI
2020-04-27,ETH,0.025,0.02334375,LSTM-Vol+ACI
2020-04-29,ETH,0.01,0.009244999999999927,LSTM-Vol+ACI
2020-05-02,ETH,0.025,0.0235,LSTM-Vol+ACI
2020-05-04,ETH,0.01,0.009269999999999926,LSTM-Vol+ACI
2020-05-07,ETH,0.025,0.02365625,LSTM-Vol+ACI
2020-05-09,ETH,0.01,0.009294999999999925,LSTM-Vol+ACI
2020-05-12,ETH,0.025,0.0225625,LSTM-Vol+ACI
2020-05-14,ETH,0.01,0.009319999999999924,LSTM-Vol+ACI
2020-05-17,ETH,0.025,0.02271875,LSTM-Vol+ACI
2020-05-19,ETH,0.01,0.009344999999999923,LSTM-Vol+ACI
2020-05-22,ETH,0.025,0.022875,LSTM-Vol+ACI
2020-05-24,ETH,0.01,0.009369999999999922,LSTM-Vol+ACI
2020-05-27,ETH,0.025,0.02303125,LSTM-Vol+ACI
2020-05-29,ETH,0.01,0.00939499999999992,LSTM-Vol+ACI
2020-06-01,ETH,0.025,0.0231875,LSTM-Vol+ACI
2020-06-03,ETH,0.01,0.00941999999999992,LSTM-Vol+ACI
2020-06-06,ETH,0.025,0.02334375,LSTM-Vol+ACI
2020-06-08,ETH,0.01,0.009444999999999919,LSTM-Vol+ACI
2020-06-11,ETH,0.025,0.0235,LSTM-Vol+ACI
2020-06-13,ETH,0.01,0.009469999999999918,LSTM-Vol+ACI
2020-06-16,ETH,0.025,0.02365625,LSTM-Vol+ACI
2020-06-18,ETH,0.01,0.009494999999999917,LSTM-Vol+ACI
2020-06-21,ETH,0.025,0.0238125,LSTM-Vol+ACI
2020-06-23,ETH,0.01,0.009519999999999916,LSTM-Vol+ACI
2020-06-26,ETH,0.025,0.02396875,LSTM-Vol+ACI
2020-06-28,ETH,0.01,0.009544999999999915,LSTM-Vol+ACI
2020-07-01,ETH,0.025,0.024125,LSTM-Vol+ACI
2020-07-03,ETH,0.01,0.009569999999999914,LSTM-Vol+ACI
2020-07-06,ETH,0.025,0.02428125,LSTM-Vol+ACI
2020-07-08,ETH,0.01,0.009594999999999913,LSTM-Vol+ACI
2020-07-11,ETH,0.025,0.0244375,LSTM-Vol+ACI
2020-07-13,ETH,0.01,0.009619999999999912,LSTM-Vol+ACI
2020-07-16,ETH,0.025,0.02459375,LSTM-Vol+ACI
2020-07-18,ETH,0.01,0.00964499999999991,LSTM-Vol+ACI
2020-07-21,ETH,0.025,0.02475,LSTM-Vol+ACI
2020-07-23,ETH,0.01,0.00966999999999991,LSTM-Vol+ACI
2020-07-26,ETH,0.025,0.02490625,LSTM-Vol+ACI
2020-07-28,ETH,0.01,0.009694999999999909,LSTM-Vol+ACI
2020-07-31,ETH,0.025,0.0250625,LSTM-Vol+ACI
2020-08-02,ETH,0.01,0.009719999999999908,LSTM-Vol+ACI
2020-08-05,ETH,0.025,0.02521875,LSTM-Vol+ACI
2020-08-07,ETH,0.01,0.009744999999999907,LSTM-Vol+ACI
2020-08-10,ETH,0.025,0.025375,LSTM-Vol+ACI
2020-08-12,ETH,0.01,0.009769999999999905,LSTM-Vol+ACI
2020-08-15,ETH,0.025,0.025531250000000002,LSTM-Vol+ACI
2020-08-17,ETH,0.01,0.009794999999999904,LSTM-Vol+ACI
2020-08-20,ETH,0.025,0.025687500000000002,LSTM-Vol+ACI
2020-08-22,ETH,0.01,0.009819999999999903,LSTM-Vol+ACI
2020-08-25,ETH,0.025,0.025843750000000002,LSTM-Vol+ACI
2020-08-27,ETH,0.01,0.009844999999999902,LSTM-Vol+ACI
2020-08-30,ETH,0.025,0.026000000000000002,LSTM-Vol+ACI
2020-09-01,ETH,0.01,0.009869999999999901,LSTM-Vol+ACI
2020-09-04,ETH,0.025,0.02365625,LSTM-Vol+ACI
2020-09-06,ETH,0.01,0.0098949999999999,LSTM-Vol+ACI
2020-09-09,ETH,0.025,0.0225625,LSTM-Vol+ACI
2020-09-11,ETH,0.01,0.0099199999999999,LSTM-Vol+ACI
2020-09-14,ETH,0.025,0.02271875,LSTM-Vol+ACI
2020-09-16,ETH,0.01,0.009944999999999898,LSTM-Vol+ACI
2020-09-19,ETH,0.025,0.022875,LSTM-Vol+ACI
2020-09-21,ETH,0.01,0.009969999999999897,LSTM-Vol+ACI
2020-09-24,ETH,0.025,0.02303125,LSTM-Vol+ACI
2020-09-26,ETH,0.01,0.009994999999999896,LSTM-Vol+ACI
2020-09-29,ETH,0.025,0.0231875,LSTM-Vol+ACI
2020-10-01,ETH,0.01,0.010019999999999895,LSTM-Vol+ACI
2020-10-04,ETH,0.025,0.02334375,LSTM-Vol+ACI
2020-10-06,ETH,0.01,0.010044999999999894,LSTM-Vol+ACI
2020-10-09,ETH,0.025,0.0235,LSTM-Vol+ACI
2020-10-11,ETH,0.01,0.010069999999999893,LSTM-Vol+ACI
2020-10-14,ETH,0.025,0.02365625,LSTM-Vol+ACI
2020-10-16,ETH,0.01,0.010094999999999892,LSTM-Vol+ACI
2020-10-19,ETH,0.025,0.0238125,LSTM-Vol+ACI
2020-10-21,ETH,0.01,0.010119999999999891,LSTM-Vol+ACI
2020-10-24,ETH,0.025,0.02396875,LSTM-Vol+ACI
2020-10-26,ETH,0.01,0.01014499999999989,LSTM-Vol+ACI
2020-10-29,ETH,0.025,0.024125,LSTM-Vol+ACI
2020-10-31,ETH,0.01,0.01016999999999989,LSTM-Vol+ACI
2020-11-03,ETH,0.025,0.02428125,LSTM-Vol+ACI
2020-11-05,ETH,0.01,0.010194999999999888,LSTM-Vol+ACI
2020-11-08,ETH,0.025,0.0244375,LSTM-Vol+ACI
2020-11-10,ETH,0.01,0.010219999999999887,LSTM-Vol+ACI
2020-11-13,ETH,0.025,0.02459375,LSTM-Vol+ACI
2020-11-15,ETH,0.01,0.010244999999999886,LSTM-Vol+ACI
2020-11-18,ETH,0.025,0.02475,LSTM-Vol+ACI
2020-11-20,ETH,0.01,0.010269999999999885,LSTM-Vol+ACI
2020-11-23,ETH,0.025,0.02490625,LSTM-Vol+ACI
2020-11-25,ETH,0.01,0.010294999999999884,LSTM-Vol+ACI
2020-11-28,ETH,0.025,0.0238125,LSTM-Vol+ACI
2020-11-30,ETH,0.01,0.010319999999999883,LSTM-Vol+ACI
2020-12-03,ETH,0.025,0.02396875,LSTM-Vol+ACI
2020-12-05,ETH,0.01,0.010344999999999882,LSTM-Vol+ACI
2020-12-08,ETH,0.025,0.022875,LSTM-Vol+ACI
2020-12-10,ETH,0.01,0.010369999999999881,LSTM-Vol+ACI
2020-12-13,ETH,0.025,0.02303125,LSTM-Vol+ACI
2020-12-15,ETH,0.01,0.01039499999999988,LSTM-Vol+ACI
2020-12-18,ETH,0.025,0.0231875,LSTM-Vol+ACI
2020-12-20,ETH,0.01,0.010419999999999879,LSTM-Vol+ACI
2020-12-23,ETH,0.025,0.02334375,LSTM-Vol+ACI
2020-12-25,ETH,0.01,0.010444999999999878,LSTM-Vol+ACI
2020-12-28,ETH,0.025,0.0235,LSTM-Vol+ACI
2020-12-30,ETH,0.01,0.010469999999999877,LSTM-Vol+ACI
2021-01-02,ETH,0.025,0.02365625,LSTM-Vol+ACI
2021-01-04,ETH,0.01,0.010494999999999876,LSTM-Vol+ACI
2021-01-07,ETH,0.025,0.0238125,LSTM-Vol+ACI
2021-01-09,ETH,0.01,0.010519999999999875,LSTM-Vol+ACI
2021-01-12,ETH,0.025,0.02271875,LSTM-Vol+ACI
2021-01-14,ETH,0.01,0.010044999999999873,LSTM-Vol+ACI
2021-01-17,ETH,0.025,0.022875,LSTM-Vol+ACI
2021-01-19,ETH,0.01,0.010069999999999872,LSTM-Vol+ACI
2021-01-22,ETH,0.025,0.02178125,LSTM-Vol+ACI
2021-01-24,ETH,0.01,0.009594999999999871,LSTM-Vol+ACI
2021-01-27,ETH,0.025,0.0219375,LSTM-Vol+ACI
2021-01-29,ETH,0.01,0.00961999999999987,LSTM-Vol+ACI
2021-02-01,ETH,0.025,0.02209375,LSTM-Vol+ACI
2021-02-03,ETH,0.01,0.009644999999999869,LSTM-Vol+ACI
2021-02-06,ETH,0.025,0.02225,LSTM-Vol+ACI
2021-02-08,ETH,0.01,0.009669999999999868,LSTM-Vol+ACI
2021-02-11,ETH,0.025,0.02240625,LSTM-Vol+ACI
2021-02-13,ETH,0.01,0.009694999999999867,LSTM-Vol+ACI
2021-02-16,ETH,0.025,0.0225625,LSTM-Vol+ACI
2021-02-18,ETH,0.01,0.009719999999999866,LSTM-Vol+ACI
2021-02-21,ETH,0.025,0.02271875,LSTM-Vol+ACI
2021-02-23,ETH,0.01,0.009244999999999864,LSTM-Vol+ACI
2021-02-26,ETH,0.025,0.020374999999999997,LSTM-Vol+ACI
2021-02-28,ETH,0.01,0.009269999999999863,LSTM-Vol+ACI
2021-03-03,ETH,0.025,0.020531249999999997,LSTM-Vol+ACI
2021-03-05,ETH,0.01,0.009294999999999862,LSTM-Vol+ACI
2021-03-08,ETH,0.025,0.020687499999999998,LSTM-Vol+ACI
2021-03-10,ETH,0.01,0.009319999999999861,LSTM-Vol+ACI
2021-03-13,ETH,0.025,0.020843749999999998,LSTM-Vol+ACI
2021-03-15,ETH,0.01,0.00934499999999986,LSTM-Vol+ACI
2021-03-18,ETH,0.025,0.020999999999999998,LSTM-Vol+ACI
2021-03-20,ETH,0.01,0.00936999999999986,LSTM-Vol+ACI
2021-03-23,ETH,0.025,0.021156249999999998,LSTM-Vol+ACI
2021-03-25,ETH,0.01,0.009394999999999858,LSTM-Vol+ACI
2021-03-28,ETH,0.025,0.021312499999999998,LSTM-Vol+ACI
2021-03-30,ETH,0.01,0.009419999999999857,LSTM-Vol+ACI
2021-04-02,ETH,0.025,0.021468749999999998,LSTM-Vol+ACI
2021-04-04,ETH,0.01,0.009444999999999856,LSTM-Vol+ACI
2021-04-07,ETH,0.025,0.021625,LSTM-Vol+ACI
2021-04-09,ETH,0.01,0.009469999999999855,LSTM-Vol+ACI
2021-04-12,ETH,0.025,0.02178125,LSTM-Vol+ACI
2021-04-14,ETH,0.01,0.009494999999999854,LSTM-Vol+ACI
2021-04-17,ETH,0.025,0.0219375,LSTM-Vol+ACI
2021-04-19,ETH,0.01,0.009519999999999853,LSTM-Vol+ACI
2021-04-22,ETH,0.025,0.02209375,LSTM-Vol+ACI
2021-04-24,ETH,0.01,0.009544999999999852,LSTM-Vol+ACI
2021-04-27,ETH,0.025,0.02225,LSTM-Vol+ACI
2021-04-29,ETH,0.01,0.009569999999999851,LSTM-Vol+ACI
2021-05-02,ETH,0.025,0.02240625,LSTM-Vol+ACI
2021-05-04,ETH,0.01,0.00959499999999985,LSTM-Vol+ACI
2021-05-07,ETH,0.025,0.0225625,LSTM-Vol+ACI
2021-05-09,ETH,0.01,0.00961999999999985,LSTM-Vol+ACI
2021-05-12,ETH,0.025,0.02271875,LSTM-Vol+ACI
2021-05-14,ETH,0.01,0.009644999999999848,LSTM-Vol+ACI
2021-05-17,ETH,0.025,0.021625,LSTM-Vol+ACI
2021-05-19,ETH,0.01,0.009169999999999847,LSTM-Vol+ACI
2021-05-22,ETH,0.025,0.019281249999999996,LSTM-Vol+ACI
2021-05-24,ETH,0.01,0.008694999999999845,LSTM-Vol+ACI
2021-05-27,ETH,0.025,0.019437499999999996,LSTM-Vol+ACI
2021-05-29,ETH,0.01,0.008719999999999844,LSTM-Vol+ACI
2021-06-01,ETH,0.025,0.019593749999999997,LSTM-Vol+ACI
2021-06-03,ETH,0.01,0.008744999999999843,LSTM-Vol+ACI
2021-06-06,ETH,0.025,0.019749999999999997,LSTM-Vol+ACI
2021-06-08,ETH,0.01,0.008769999999999842,LSTM-Vol+ACI
2021-06-11,ETH,0.025,0.019906249999999997,LSTM-Vol+ACI
2021-06-13,ETH,0.01,0.008794999999999841,LSTM-Vol+ACI
2021-06-16,ETH,0.025,0.020062499999999997,LSTM-Vol+ACI
2021-06-18,ETH,0.01,0.00881999999999984,LSTM-Vol+ACI
2021-06-21,ETH,0.025,0.018968749999999996,LSTM-Vol+ACI
2021-06-23,ETH,0.01,0.008844999999999839,LSTM-Vol+ACI
2021-06-26,ETH,0.025,0.019124999999999996,LSTM-Vol+ACI
2021-06-28,ETH,0.01,0.008869999999999838,LSTM-Vol+ACI
2021-07-01,ETH,0.025,0.019281249999999996,LSTM-Vol+ACI
2021-07-03,ETH,0.01,0.008894999999999837,LSTM-Vol+ACI
2021-07-06,ETH,0.025,0.019437499999999996,LSTM-Vol+ACI
2021-07-08,ETH,0.01,0.008919999999999836,LSTM-Vol+ACI
2021-07-11,ETH,0.025,0.018343749999999995,LSTM-Vol+ACI
2021-07-13,ETH,0.01,0.008944999999999835,LSTM-Vol+ACI
2021-07-16,ETH,0.025,0.018499999999999996,LSTM-Vol+ACI
2021-07-18,ETH,0.01,0.008969999999999834,LSTM-Vol+ACI
2021-07-21,ETH,0.025,0.018656249999999996,LSTM-Vol+ACI
2021-07-23,ETH,0.01,0.008994999999999833,LSTM-Vol+ACI
2021-07-26,ETH,0.025,0.018812499999999996,LSTM-Vol+ACI
2021-07-28,ETH,0.01,0.009019999999999832,LSTM-Vol+ACI
2021-07-31,ETH,0.025,0.018968749999999996,LSTM-Vol+ACI
2021-08-02,ETH,0.01,0.009044999999999831,LSTM-Vol+ACI
2021-08-05,ETH,0.025,0.019124999999999996,LSTM-Vol+ACI
2021-08-07,ETH,0.01,0.00906999999999983,LSTM-Vol+ACI
2021-08-10,ETH,0.025,0.019281249999999996,LSTM-Vol+ACI
2021-08-12,ETH,0.01,0.009094999999999829,LSTM-Vol+ACI
2021-08-15,ETH,0.025,0.019437499999999996,LSTM-Vol+ACI
2021-08-17,ETH,0.01,0.009119999999999828,LSTM-Vol+ACI
2021-08-20,ETH,0.025,0.019593749999999997,LSTM-Vol+ACI
2021-08-22,ETH,0.01,0.009144999999999827,LSTM-Vol+ACI
2021-08-25,ETH,0.025,0.019749999999999997,LSTM-Vol+ACI
2021-08-27,ETH,0.01,0.009169999999999826,LSTM-Vol+ACI
2021-08-30,ETH,0.025,0.019906249999999997,LSTM-Vol+ACI
2021-09-01,ETH,0.01,0.009194999999999825,LSTM-Vol+ACI
2021-09-04,ETH,0.025,0.020062499999999997,LSTM-Vol+ACI
2021-09-06,ETH,0.01,0.009219999999999824,LSTM-Vol+ACI
2021-09-09,ETH,0.025,0.018968749999999996,LSTM-Vol+ACI
2021-09-11,ETH,0.01,0.008744999999999822,LSTM-Vol+ACI
2021-09-14,ETH,0.025,0.019124999999999996,LSTM-Vol+ACI
2021-09-16,ETH,0.01,0.008769999999999821,LSTM-Vol+ACI
2021-09-19,ETH,0.025,0.019281249999999996,LSTM-Vol+ACI
2021-09-21,ETH,0.01,0.00879499999999982,LSTM-Vol+ACI
2021-09-24,ETH,0.025,0.019437499999999996,LSTM-Vol+ACI
2021-09-26,ETH,0.01,0.00881999999999982,LSTM-Vol+ACI
2021-09-29,ETH,0.025,0.019593749999999997,LSTM-Vol+ACI
2021-10-01,ETH,0.01,0.008844999999999818,LSTM-Vol+ACI
2021-10-04,ETH,0.025,0.019749999999999997,LSTM-Vol+ACI
2021-10-06,ETH,0.01,0.008869999999999817,LSTM-Vol+ACI
2021-10-09,ETH,0.025,0.019906249999999997,LSTM-Vol+ACI
2021-10-11,ETH,0.01,0.008894999999999816,LSTM-Vol+ACI
2021-10-14,ETH,0.025,0.020062499999999997,LSTM-Vol+ACI
2021-10-16,ETH,0.01,0.008919999999999815,LSTM-Vol+ACI
2021-10-19,ETH,0.025,0.020218749999999997,LSTM-Vol+ACI
2021-10-21,ETH,0.01,0.008944999999999814,LSTM-Vol+ACI
2021-10-24,ETH,0.025,0.020374999999999997,LSTM-Vol+ACI
2021-10-26,ETH,0.01,0.008969999999999813,LSTM-Vol+ACI
2021-10-29,ETH,0.025,0.020531249999999997,LSTM-Vol+ACI
2021-10-31,ETH,0.01,0.008994999999999812,LSTM-Vol+ACI
2021-11-03,ETH,0.025,0.020687499999999998,LSTM-Vol+ACI
2021-11-05,ETH,0.01,0.009019999999999811,LSTM-Vol+ACI
2021-11-08,ETH,0.025,0.020843749999999998,LSTM-Vol+ACI
2021-11-10,ETH,0.01,0.00904499999999981,LSTM-Vol+ACI
2021-11-13,ETH,0.025,0.020999999999999998,LSTM-Vol+ACI
2021-11-15,ETH,0.01,0.009069999999999809,LSTM-Vol+ACI
2021-11-18,ETH,0.025,0.021156249999999998,LSTM-Vol+ACI
2021-11-20,ETH,0.01,0.009094999999999808,LSTM-Vol+ACI
2021-11-23,ETH,0.025,0.021312499999999998,LSTM-Vol+ACI
2021-11-25,ETH,0.01,0.009119999999999807,LSTM-Vol+ACI
2021-11-28,ETH,0.025,0.020218749999999997,LSTM-Vol+ACI
2021-11-30,ETH,0.01,0.009144999999999806,LSTM-Vol+ACI
2021-12-03,ETH,0.025,0.020374999999999997,LSTM-Vol+ACI
2021-12-05,ETH,0.01,0.009169999999999805,LSTM-Vol+ACI
2021-12-08,ETH,0.025,0.020531249999999997,LSTM-Vol+ACI
2021-12-10,ETH,0.01,0.009194999999999804,LSTM-Vol+ACI
2021-12-13,ETH,0.025,0.020687499999999998,LSTM-Vol+ACI
2021-12-15,ETH,0.01,0.009219999999999803,LSTM-Vol+ACI
2021-12-18,ETH,0.025,0.020843749999999998,LSTM-Vol+ACI
2021-12-20,ETH,0.01,0.009244999999999802,LSTM-Vol+ACI
2021-12-23,ETH,0.025,0.020999999999999998,LSTM-Vol+ACI
2021-12-25,ETH,0.01,0.009269999999999801,LSTM-Vol+ACI
2021-12-28,ETH,0.025,0.021156249999999998,LSTM-Vol+ACI
2021-12-30,ETH,0.01,0.0092949999999998,LSTM-Vol+ACI
2022-01-02,ETH,0.025,0.021312499999999998,LSTM-Vol+ACI
2022-01-04,ETH,0.01,0.009319999999999799,LSTM-Vol+ACI
2022-01-07,ETH,0.025,0.021468749999999998,LSTM-Vol+ACI
2022-01-09,ETH,0.01,0.009344999999999798,LSTM-Vol+ACI
2022-01-12,ETH,0.025,0.021625,LSTM-Vol+ACI
2022-01-14,ETH,0.01,0.009369999999999797,LSTM-Vol+ACI
2022-01-17,ETH,0.025,0.02178125,LSTM-Vol+ACI
2022-01-19,ETH,0.01,0.009394999999999796,LSTM-Vol+ACI
2022-01-22,ETH,0.025,0.020687499999999998,LSTM-Vol+ACI
2022-01-24,ETH,0.01,0.008919999999999794,LSTM-Vol+ACI
2022-01-27,ETH,0.025,0.020843749999999998,LSTM-Vol+ACI
2022-01-29,ETH,0.01,0.008944999999999793,LSTM-Vol+ACI
2022-02-01,ETH,0.025,0.020999999999999998,LSTM-Vol+ACI
2022-02-03,ETH,0.01,0.008969999999999792,LSTM-Vol+ACI
2022-02-06,ETH,0.025,0.021156249999999998,LSTM-Vol+ACI
2022-02-08,ETH,0.01,0.008994999999999791,LSTM-Vol+ACI
2022-02-11,ETH,0.025,0.021312499999999998,LSTM-Vol+ACI
2022-02-13,ETH,0.01,0.00901999999999979,LSTM-Vol+ACI
2022-02-16,ETH,0.025,0.021468749999999998,LSTM-Vol+ACI
2022-02-18,ETH,0.01,0.00904499999999979,LSTM-Vol+ACI
2022-02-21,ETH,0.025,0.021625,LSTM-Vol+ACI
2022-02-23,ETH,0.01,0.009069999999999788,LSTM-Vol+ACI
2022-02-26,ETH,0.025,0.02178125,LSTM-Vol+ACI
2022-02-28,ETH,0.01,0.009094999999999787,LSTM-Vol+ACI
2022-03-03,ETH,0.025,0.0219375,LSTM-Vol+ACI
2022-03-05,ETH,0.01,0.009119999999999786,LSTM-Vol+ACI
2022-03-08,ETH,0.025,0.02209375,LSTM-Vol+ACI
2022-03-10,ETH,0.01,0.009144999999999785,LSTM-Vol+ACI
2022-03-13,ETH,0.025,0.02225,LSTM-Vol+ACI
2022-03-15,ETH,0.01,0.009169999999999784,LSTM-Vol+ACI
2022-03-18,ETH,0.025,0.02240625,LSTM-Vol+ACI
2022-03-20,ETH,0.01,0.009194999999999783,LSTM-Vol+ACI
2022-03-23,ETH,0.025,0.0225625,LSTM-Vol+ACI
2022-03-25,ETH,0.01,0.009219999999999782,LSTM-Vol+ACI
2022-03-28,ETH,0.025,0.02271875,LSTM-Vol+ACI
2022-03-30,ETH,0.01,0.009244999999999781,LSTM-Vol+ACI
2022-04-02,ETH,0.025,0.022875,LSTM-Vol+ACI
2022-04-04,ETH,0.01,0.00926999999999978,LSTM-Vol+ACI
2022-04-07,ETH,0.025,0.02303125,LSTM-Vol+ACI
2022-04-09,ETH,0.01,0.00929499999999978,LSTM-Vol+ACI
2022-04-12,ETH,0.025,0.0231875,LSTM-Vol+ACI
2022-04-14,ETH,0.01,0.009319999999999778,LSTM-Vol+ACI
2022-04-17,ETH,0.025,0.02334375,LSTM-Vol+ACI
2022-04-19,ETH,0.01,0.009344999999999777,LSTM-Vol+ACI
2022-04-22,ETH,0.025,0.0235,LSTM-Vol+ACI
2022-04-24,ETH,0.01,0.009369999999999776,LSTM-Vol+ACI
2022-04-27,ETH,0.025,0.02365625,LSTM-Vol+ACI
2022-04-29,ETH,0.01,0.009394999999999775,LSTM-Vol+ACI
2022-05-02,ETH,0.025,0.0238125,LSTM-Vol+ACI
2022-05-04,ETH,0.01,0.009419999999999774,LSTM-Vol+ACI
2022-05-07,ETH,0.025,0.02396875,LSTM-Vol+ACI
2022-05-09,ETH,0.01,0.009444999999999773,LSTM-Vol+ACI
2022-05-12,ETH,0.025,0.021625,LSTM-Vol+ACI
2022-05-14,ETH,0.01,0.008969999999999772,LSTM-Vol+ACI
2022-05-17,ETH,0.025,0.02178125,LSTM-Vol+ACI
2022-05-19,ETH,0.01,0.00899499999999977,LSTM-Vol+ACI
2022-05-22,ETH,0.025,0.0219375,LSTM-Vol+ACI
2022-05-24,ETH,0.01,0.00901999999999977,LSTM-Vol+ACI
2022-05-27,ETH,0.025,0.02209375,LSTM-Vol+ACI
2022-05-29,ETH,0.01,0.009044999999999769,LSTM-Vol+ACI
2022-06-01,ETH,0.025,0.02225,LSTM-Vol+ACI
2022-06-03,ETH,0.01,0.009069999999999767,LSTM-Vol+ACI
2022-06-06,ETH,0.025,0.02240625,LSTM-Vol+ACI
2022-06-08,ETH,0.01,0.009094999999999766,LSTM-Vol+ACI
2022-06-11,ETH,0.025,0.0225625,LSTM-Vol+ACI
2022-06-13,ETH,0.01,0.008619999999999765,LSTM-Vol+ACI
2022-06-16,ETH,0.025,0.020218749999999997,LSTM-Vol+ACI
2022-06-18,ETH,0.01,0.008644999999999764,LSTM-Vol+ACI
2022-06-21,ETH,0.025,0.020374999999999997,LSTM-Vol+ACI
2022-06-23,ETH,0.01,0.008669999999999763,LSTM-Vol+ACI
2022-06-26,ETH,0.025,0.020531249999999997,LSTM-Vol+ACI
2022-06-28,ETH,0.01,0.008694999999999762,LSTM-Vol+ACI
2022-07-01,ETH,0.025,0.020687499999999998,LSTM-Vol+ACI
2022-07-03,ETH,0.01,0.008719999999999761,LSTM-Vol+ACI
2022-07-06,ETH,0.025,0.020843749999999998,LSTM-Vol+ACI
2022-07-08,ETH,0.01,0.00874499999999976,LSTM-Vol+ACI
2022-07-11,ETH,0.025,0.020999999999999998,LSTM-Vol+ACI
2022-07-13,ETH,0.01,0.008769999999999759,LSTM-Vol+ACI
2022-07-16,ETH,0.025,0.021156249999999998,LSTM-Vol+ACI
2022-07-18,ETH,0.01,0.008794999999999758,LSTM-Vol+ACI
2022-07-21,ETH,0.025,0.021312499999999998,LSTM-Vol+ACI
2022-07-23,ETH,0.01,0.008819999999999757,LSTM-Vol+ACI
2022-07-26,ETH,0.025,0.021468749999999998,LSTM-Vol+ACI
2022-07-28,ETH,0.01,0.008844999999999756,LSTM-Vol+ACI
2022-07-31,ETH,0.025,0.021625,LSTM-Vol+ACI
2022-08-02,ETH,0.01,0.008869999999999755,LSTM-Vol+ACI
2022-08-05,ETH,0.025,0.02178125,LSTM-Vol+ACI
2022-08-07,ETH,0.01,0.008894999999999754,LSTM-Vol+ACI
2022-08-10,ETH,0.025,0.0219375,LSTM-Vol+ACI
2022-08-12,ETH,0.01,0.008919999999999753,LSTM-Vol+ACI
2022-08-15,ETH,0.025,0.02209375,LSTM-Vol+ACI
2022-08-17,ETH,0.01,0.008944999999999752,LSTM-Vol+ACI
2022-08-20,ETH,0.025,0.020999999999999998,LSTM-Vol+ACI
2022-08-22,ETH,0.01,0.00846999999999975,LSTM-Vol+ACI
2022-08-25,ETH,0.025,0.021156249999999998,LSTM-Vol+ACI
2022-08-27,ETH,0.01,0.00849499999999975,LSTM-Vol+ACI
2022-08-30,ETH,0.025,0.020062499999999997,LSTM-Vol+ACI
2022-09-01,ETH,0.01,0.008519999999999748,LSTM-Vol+ACI
2022-09-04,ETH,0.025,0.020218749999999997,LSTM-Vol+ACI
2022-09-06,ETH,0.01,0.008544999999999747,LSTM-Vol+ACI
2022-09-09,ETH,0.025,0.020374999999999997,LSTM-Vol+ACI
2022-09-11,ETH,0.01,0.008569999999999746,LSTM-Vol+ACI
2022-09-14,ETH,0.025,0.020531249999999997,LSTM-Vol+ACI
2022-09-16,ETH,0.01,0.008594999999999745,LSTM-Vol+ACI
2022-09-19,ETH,0.025,0.019437499999999996,LSTM-Vol+ACI
2022-09-21,ETH,0.01,0.008619999999999744,LSTM-Vol+ACI
2022-09-24,ETH,0.025,0.019593749999999997,LSTM-Vol+ACI
2022-09-26,ETH,0.01,0.008644999999999743,LSTM-Vol+ACI
2022-09-29,ETH,0.025,0.019749999999999997,LSTM-Vol+ACI
2022-10-01,ETH,0.01,0.008669999999999742,LSTM-Vol+ACI
2022-10-04,ETH,0.025,0.019906249999999997,LSTM-Vol+ACI
2022-10-06,ETH,0.01,0.008694999999999741,LSTM-Vol+ACI
2022-10-09,ETH,0.025,0.020062499999999997,LSTM-Vol+ACI
2022-10-11,ETH,0.01,0.00871999999999974,LSTM-Vol+ACI
2022-10-14,ETH,0.025,0.020218749999999997,LSTM-Vol+ACI
2022-10-16,ETH,0.01,0.008744999999999739,LSTM-Vol+ACI
2022-10-19,ETH,0.025,0.020374999999999997,LSTM-Vol+ACI
2022-10-21,ETH,0.01,0.008769999999999738,LSTM-Vol+ACI
2022-10-24,ETH,0.025,0.020531249999999997,LSTM-Vol+ACI
2022-10-26,ETH,0.01,0.008794999999999737,LSTM-Vol+ACI
2022-10-29,ETH,0.025,0.020687499999999998,LSTM-Vol+ACI
2022-10-31,ETH,0.01,0.008819999999999736,LSTM-Vol+ACI
2022-11-03,ETH,0.025,0.020843749999999998,LSTM-Vol+ACI
2022-11-05,ETH,0.01,0.008844999999999735,LSTM-Vol+ACI
2022-11-08,ETH,0.025,0.019749999999999997,LSTM-Vol+ACI
2022-11-10,ETH,0.01,0.007869999999999733,LSTM-Vol+ACI
2022-11-13,ETH,0.025,0.018656249999999996,LSTM-Vol+ACI
2022-11-15,ETH,0.01,0.007894999999999732,LSTM-Vol+ACI
2022-11-18,ETH,0.025,0.018812499999999996,LSTM-Vol+ACI
2022-11-20,ETH,0.01,0.007919999999999731,LSTM-Vol+ACI
2022-11-23,ETH,0.025,0.018968749999999996,LSTM-Vol+ACI
2022-11-25,ETH,0.01,0.00794499999999973,LSTM-Vol+ACI
2022-11-28,ETH,0.025,0.019124999999999996,LSTM-Vol+ACI
2022-11-30,ETH,0.01,0.007969999999999729,LSTM-Vol+ACI
2022-12-03,ETH,0.025,0.019281249999999996,LSTM-Vol+ACI
2022-12-05,ETH,0.01,0.007994999999999728,LSTM-Vol+ACI
2022-12-08,ETH,0.025,0.019437499999999996,LSTM-Vol+ACI
2022-12-10,ETH,0.01,0.008019999999999727,LSTM-Vol+ACI
2022-12-13,ETH,0.025,0.019593749999999997,LSTM-Vol+ACI
2022-12-15,ETH,0.01,0.008044999999999726,LSTM-Vol+ACI
2022-12-18,ETH,0.025,0.019749999999999997,LSTM-Vol+ACI
2022-12-20,ETH,0.01,0.008069999999999725,LSTM-Vol+ACI
2022-12-23,ETH,0.025,0.019906249999999997,LSTM-Vol+ACI
2022-12-25,ETH,0.01,0.008094999999999724,LSTM-Vol+ACI
2022-12-28,ETH,0.025,0.020062499999999997,LSTM-Vol+ACI
2022-12-30,ETH,0.01,0.008119999999999723,LSTM-Vol+ACI
2023-01-02,ETH,0.025,0.020218749999999997,LSTM-Vol+ACI
2023-01-04,ETH,0.01,0.008144999999999722,LSTM-Vol+ACI
2023-01-07,ETH,0.025,0.020374999999999997,LSTM-Vol+ACI
2023-01-09,ETH,0.01,0.008169999999999721,LSTM-Vol+ACI
2023-01-12,ETH,0.025,0.020531249999999997,LSTM-Vol+ACI
2023-01-14,ETH,0.01,0.00819499999999972,LSTM-Vol+ACI
2023-01-17,ETH,0.025,0.020687499999999998,LSTM-Vol+ACI
2023-01-19,ETH,0.01,0.008219999999999719,LSTM-Vol+ACI
2023-01-22,ETH,0.025,0.020843749999999998,LSTM-Vol+ACI
2023-01-24,ETH,0.01,0.008244999999999718,LSTM-Vol+ACI
2023-01-27,ETH,0.025,0.020999999999999998,LSTM-Vol+ACI
2023-01-29,ETH,0.01,0.008269999999999717,LSTM-Vol+ACI
2023-02-01,ETH,0.025,0.021156249999999998,LSTM-Vol+ACI
2023-02-03,ETH,0.01,0.008294999999999716,LSTM-Vol+ACI
2023-02-06,ETH,0.025,0.021312499999999998,LSTM-Vol+ACI
2023-02-08,ETH,0.01,0.008319999999999715,LSTM-Vol+ACI
2023-02-11,ETH,0.025,0.021468749999999998,LSTM-Vol+ACI
2023-02-13,ETH,0.01,0.008344999999999714,LSTM-Vol+ACI
2023-02-16,ETH,0.025,0.021625,LSTM-Vol+ACI
2023-02-18,ETH,0.01,0.008369999999999713,LSTM-Vol+ACI
2023-02-21,ETH,0.025,0.02178125,LSTM-Vol+ACI
2023-02-23,ETH,0.01,0.008394999999999712,LSTM-Vol+ACI
2023-02-26,ETH,0.025,0.0219375,LSTM-Vol+ACI
2023-02-28,ETH,0.01,0.00841999999999971,LSTM-Vol+ACI
2023-03-03,ETH,0.025,0.02209375,LSTM-Vol+ACI
2023-03-05,ETH,0.01,0.00844499999999971,LSTM-Vol+ACI
2023-03-08,ETH,0.025,0.02225,LSTM-Vol+ACI
2023-03-10,ETH,0.01,0.008469999999999709,LSTM-Vol+ACI
2023-03-13,ETH,0.025,0.02240625,LSTM-Vol+ACI
2023-03-15,ETH,0.01,0.008494999999999708,LSTM-Vol+ACI
2023-03-18,ETH,0.025,0.0225625,LSTM-Vol+ACI
2023-03-20,ETH,0.01,0.008519999999999707,LSTM-Vol+ACI
2023-03-23,ETH,0.025,0.02271875,LSTM-Vol+ACI
2023-03-25,ETH,0.01,0.008544999999999706,LSTM-Vol+ACI
2023-03-28,ETH,0.025,0.022875,LSTM-Vol+ACI
2023-03-30,ETH,0.01,0.008569999999999705,LSTM-Vol+ACI
2023-04-02,ETH,0.025,0.02303125,LSTM-Vol+ACI
2023-04-04,ETH,0.01,0.008594999999999704,LSTM-Vol+ACI
2023-04-07,ETH,0.025,0.0231875,LSTM-Vol+ACI
2023-04-09,ETH,0.01,0.008619999999999703,LSTM-Vol+ACI
2023-04-12,ETH,0.025,0.02334375,LSTM-Vol+ACI
2023-04-14,ETH,0.01,0.008644999999999702,LSTM-Vol+ACI
2023-04-17,ETH,0.025,0.0235,LSTM-Vol+ACI
2023-04-19,ETH,0.01,0.0086699999999997,LSTM-Vol+ACI
2023-04-22,ETH,0.025,0.02240625,LSTM-Vol+ACI
2023-04-24,ETH,0.01,0.0086949999999997,LSTM-Vol+ACI
2023-04-27,ETH,0.025,0.0225625,LSTM-Vol+ACI
2023-04-29,ETH,0.01,0.008719999999999698,LSTM-Vol+ACI
2023-05-02,ETH,0.025,0.02271875,LSTM-Vol+ACI
2023-05-04,ETH,0.01,0.008744999999999697,LSTM-Vol+ACI
2023-05-07,ETH,0.025,0.022875,LSTM-Vol+ACI
2023-05-09,ETH,0.01,0.008769999999999696,LSTM-Vol+ACI
2023-05-12,ETH,0.025,0.02303125,LSTM-Vol+ACI
2023-05-14,ETH,0.01,0.008794999999999695,LSTM-Vol+ACI
2023-05-17,ETH,0.025,0.0231875,LSTM-Vol+ACI
2023-05-19,ETH,0.01,0.008819999999999694,LSTM-Vol+ACI
2023-05-22,ETH,0.025,0.02334375,LSTM-Vol+ACI
2023-05-24,ETH,0.01,0.008844999999999693,LSTM-Vol+ACI
2023-05-27,ETH,0.025,0.0235,LSTM-Vol+ACI
2023-05-29,ETH,0.01,0.008869999999999692,LSTM-Vol+ACI
2023-06-01,ETH,0.025,0.02365625,LSTM-Vol+ACI
2023-06-03,ETH,0.01,0.008894999999999691,LSTM-Vol+ACI
2023-06-06,ETH,0.025,0.0238125,LSTM-Vol+ACI
2023-06-08,ETH,0.01,0.00891999999999969,LSTM-Vol+ACI
2023-06-11,ETH,0.025,0.02396875,LSTM-Vol+ACI
2023-06-13,ETH,0.01,0.00894499999999969,LSTM-Vol+ACI
2023-06-16,ETH,0.025,0.024125,LSTM-Vol+ACI
2023-06-18,ETH,0.01,0.008969999999999688,LSTM-Vol+ACI
2023-06-21,ETH,0.025,0.02428125,LSTM-Vol+ACI
2023-06-23,ETH,0.01,0.008994999999999687,LSTM-Vol+ACI
2023-06-26,ETH,0.025,0.0244375,LSTM-Vol+ACI
2023-06-28,ETH,0.01,0.009019999999999686,LSTM-Vol+ACI
2023-07-01,ETH,0.025,0.02459375,LSTM-Vol+ACI
2023-07-03,ETH,0.01,0.009044999999999685,LSTM-Vol+ACI
2023-07-06,ETH,0.025,0.02475,LSTM-Vol+ACI
2023-07-08,ETH,0.01,0.009069999999999684,LSTM-Vol+ACI
2023-07-11,ETH,0.025,0.02490625,LSTM-Vol+ACI
2023-07-13,ETH,0.01,0.009094999999999683,LSTM-Vol+ACI
2023-07-16,ETH,0.025,0.0250625,LSTM-Vol+ACI
2023-07-18,ETH,0.01,0.009119999999999682,LSTM-Vol+ACI
2023-07-21,ETH,0.025,0.02521875,LSTM-Vol+ACI
2023-07-23,ETH,0.01,0.009144999999999681,LSTM-Vol+ACI
2023-07-26,ETH,0.025,0.025375,LSTM-Vol+ACI
2023-07-28,ETH,0.01,0.00916999999999968,LSTM-Vol+ACI
2023-07-31,ETH,0.025,0.025531250000000002,LSTM-Vol+ACI
2023-08-02,ETH,0.01,0.009194999999999679,LSTM-Vol+ACI
2023-08-05,ETH,0.025,0.025687500000000002,LSTM-Vol+ACI
2023-08-07,ETH,0.01,0.009219999999999678,LSTM-Vol+ACI
2023-08-10,ETH,0.025,0.025843750000000002,LSTM-Vol+ACI
2023-08-12,ETH,0.01,0.009244999999999677,LSTM-Vol+ACI
2023-08-15,ETH,0.025,0.026000000000000002,LSTM-Vol+ACI
2023-08-17,ETH,0.01,0.009269999999999676,LSTM-Vol+ACI
2023-08-20,ETH,0.025,0.02490625,LSTM-Vol+ACI
2023-08-22,ETH,0.01,0.009294999999999675,LSTM-Vol+ACI
2023-08-25,ETH,0.025,0.0250625,LSTM-Vol+ACI
2023-08-27,ETH,0.01,0.009319999999999674,LSTM-Vol+ACI
2023-08-30,ETH,0.025,0.02521875,LSTM-Vol+ACI
2023-09-01,ETH,0.01,0.009344999999999673,LSTM-Vol+ACI
2023-09-04,ETH,0.025,0.025375,LSTM-Vol+ACI
2023-09-06,ETH,0.01,0.009369999999999672,LSTM-Vol+ACI
2023-09-09,ETH,0.025,0.025531250000000002,LSTM-Vol+ACI
2023-09-11,ETH,0.01,0.009394999999999671,LSTM-Vol+ACI
2023-09-14,ETH,0.025,0.025687500000000002,LSTM-Vol+ACI
2023-09-16,ETH,0.01,0.00941999999999967,LSTM-Vol+ACI
2023-09-19,ETH,0.025,0.025843750000000002,LSTM-Vol+ACI
2023-09-21,ETH,0.01,0.009444999999999669,LSTM-Vol+ACI
2023-09-24,ETH,0.025,0.026000000000000002,LSTM-Vol+ACI
2023-09-26,ETH,0.01,0.009469999999999668,LSTM-Vol+ACI
2023-09-29,ETH,0.025,0.026156250000000002,LSTM-Vol+ACI
2023-10-01,ETH,0.01,0.009494999999999667,LSTM-Vol+ACI
2023-10-04,ETH,0.025,0.026312500000000003,LSTM-Vol+ACI
2023-10-06,ETH,0.01,0.009519999999999666,LSTM-Vol+ACI
2023-10-09,ETH,0.025,0.026468750000000003,LSTM-Vol+ACI
2023-10-11,ETH,0.01,0.009544999999999665,LSTM-Vol+ACI
2023-10-14,ETH,0.025,0.026625000000000003,LSTM-Vol+ACI
2023-10-16,ETH,0.01,0.009569999999999664,LSTM-Vol+ACI
2023-10-19,ETH,0.025,0.026781250000000003,LSTM-Vol+ACI
2023-10-21,ETH,0.01,0.009594999999999663,LSTM-Vol+ACI
2023-10-24,ETH,0.025,0.026937500000000003,LSTM-Vol+ACI
2023-10-26,ETH,0.01,0.009619999999999662,LSTM-Vol+ACI
2023-10-29,ETH,0.025,0.027093750000000003,LSTM-Vol+ACI
2023-10-31,ETH,0.01,0.00964499999999966,LSTM-Vol+ACI
2023-11-03,ETH,0.025,0.027250000000000003,LSTM-Vol+ACI
2023-11-05,ETH,0.01,0.00966999999999966,LSTM-Vol+ACI
2023-11-08,ETH,0.025,0.027406250000000004,LSTM-Vol+ACI
2023-11-10,ETH,0.01,0.009694999999999659,LSTM-Vol+ACI
2023-11-13,ETH,0.025,0.027562500000000004,LSTM-Vol+ACI
2023-11-15,ETH,0.01,0.009719999999999658,LSTM-Vol+ACI
2023-11-18,ETH,0.025,0.027718750000000004,LSTM-Vol+ACI
2023-11-20,ETH,0.01,0.009744999999999657,LSTM-Vol+ACI
2023-11-23,ETH,0.025,0.027875000000000004,LSTM-Vol+ACI
2023-11-25,ETH,0.01,0.009769999999999656,LSTM-Vol+ACI
2023-11-28,ETH,0.025,0.028031250000000004,LSTM-Vol+ACI
2023-11-30,ETH,0.01,0.009794999999999655,LSTM-Vol+ACI
2023-12-03,ETH,0.025,0.028187500000000004,LSTM-Vol+ACI
2023-12-05,ETH,0.01,0.009819999999999654,LSTM-Vol+ACI
2023-12-08,ETH,0.025,0.028343750000000004,LSTM-Vol+ACI
2023-12-10,ETH,0.01,0.009844999999999653,LSTM-Vol+ACI
2023-12-13,ETH,0.025,0.027250000000000003,LSTM-Vol+ACI
2023-12-15,ETH,0.01,0.009869999999999652,LSTM-Vol+ACI
2023-12-18,ETH,0.025,0.027406250000000004,LSTM-Vol+ACI
2023-12-20,ETH,0.01,0.00989499999999965,LSTM-Vol+ACI
2023-12-23,ETH,0.025,0.027562500000000004,LSTM-Vol+ACI
2023-12-25,ETH,0.01,0.00991999999999965,LSTM-Vol+ACI
2023-12-28,ETH,0.025,0.027718750000000004,LSTM-Vol+ACI
2023-12-30,ETH,0.01,0.009944999999999649,LSTM-Vol+ACI
2024-01-02,ETH,0.025,0.027875000000000004,LSTM-Vol+ACI
2024-01-04,ETH,0.01,0.009969999999999648,LSTM-Vol+ACI
2024-01-07,ETH,0.025,0.026781250000000003,LSTM-Vol+ACI
2024-01-09,ETH,0.01,0.009994999999999647,LSTM-Vol+ACI
2024-01-12,ETH,0.025,0.026937500000000003,LSTM-Vol+ACI
2024-01-14,ETH,0.01,0.010019999999999646,LSTM-Vol+ACI
2024-01-17,ETH,0.025,0.025843750000000002,LSTM-Vol+ACI
2024-01-19,ETH,0.01,0.010044999999999644,LSTM-Vol+ACI
2024-01-22,ETH,0.025,0.02475,LSTM-Vol+ACI
2024-01-24,ETH,0.01,0.010069999999999643,LSTM-Vol+ACI
2024-01-27,ETH,0.025,0.02490625,LSTM-Vol+ACI
2024-01-29,ETH,0.01,0.010094999999999642,LSTM-Vol+ACI
2024-02-01,ETH,0.025,0.0250625,LSTM-Vol+ACI
2024-02-03,ETH,0.01,0.010119999999999641,LSTM-Vol+ACI
2024-02-06,ETH,0.025,0.02521875,LSTM-Vol+ACI
2024-02-08,ETH,0.01,0.01014499999999964,LSTM-Vol+ACI
2024-02-11,ETH,0.025,0.025375,LSTM-Vol+ACI
2024-02-13,ETH,0.01,0.01016999999999964,LSTM-Vol+ACI
2024-02-16,ETH,0.025,0.025531250000000002,LSTM-Vol+ACI
2024-02-18,ETH,0.01,0.010194999999999638,LSTM-Vol+ACI
2024-02-21,ETH,0.025,0.025687500000000002,LSTM-Vol+ACI
2024-02-23,ETH,0.01,0.010219999999999637,LSTM-Vol+ACI
2024-02-26,ETH,0.025,0.025843750000000002,LSTM-Vol+ACI
2024-02-28,ETH,0.01,0.010244999999999636,LSTM-Vol+ACI
2024-03-02,ETH,0.025,0.026000000000000002,LSTM-Vol+ACI
2024-03-04,ETH,0.01,0.010269999999999635,LSTM-Vol+ACI
2024-03-07,ETH,0.025,0.026156250000000002,LSTM-Vol+ACI
2024-03-09,ETH,0.01,0.010294999999999634,LSTM-Vol+ACI
2024-03-12,ETH,0.025,0.026312500000000003,LSTM-Vol+ACI
2024-03-14,ETH,0.01,0.010319999999999633,LSTM-Vol+ACI
2024-03-17,ETH,0.025,0.02521875,LSTM-Vol+ACI
2024-03-19,ETH,0.01,0.009844999999999632,LSTM-Vol+ACI
2024-03-22,ETH,0.025,0.022875,LSTM-Vol+ACI
2024-03-24,ETH,0.01,0.00986999999999963,LSTM-Vol+ACI
2024-03-27,ETH,0.025,0.02303125,LSTM-Vol+ACI
2024-03-29,ETH,0.01,0.00989499999999963,LSTM-Vol+ACI
2024-04-01,ETH,0.025,0.0231875,LSTM-Vol+ACI
2024-04-03,ETH,0.01,0.009419999999999628,LSTM-Vol+ACI
2024-04-06,ETH,0.025,0.02209375,LSTM-Vol+ACI
2024-04-08,ETH,0.01,0.009444999999999627,LSTM-Vol+ACI
2024-04-11,ETH,0.025,0.020999999999999998,LSTM-Vol+ACI
2024-04-13,ETH,0.01,0.008469999999999625,LSTM-Vol+ACI
2024-04-16,ETH,0.025,0.018656249999999996,LSTM-Vol+ACI
2024-04-18,ETH,0.01,0.008494999999999624,LSTM-Vol+ACI
2024-04-21,ETH,0.025,0.018812499999999996,LSTM-Vol+ACI
2024-04-23,ETH,0.01,0.008519999999999623,LSTM-Vol+ACI
2024-04-26,ETH,0.025,0.018968749999999996,LSTM-Vol+ACI
2024-04-28,ETH,0.01,0.008544999999999622,LSTM-Vol+ACI
2024-05-01,ETH,0.025,0.017874999999999995,LSTM-Vol+ACI
2024-05-03,ETH,0.01,0.008069999999999621,LSTM-Vol+ACI
2024-05-06,ETH,0.025,0.018031249999999995,LSTM-Vol+ACI
2024-05-08,ETH,0.01,0.00809499999999962,LSTM-Vol+ACI
2024-05-11,ETH,0.025,0.018187499999999995,LSTM-Vol+ACI
2024-05-13,ETH,0.01,0.008119999999999619,LSTM-Vol+ACI
2024-05-16,ETH,0.025,0.018343749999999995,LSTM-Vol+ACI
2024-05-18,ETH,0.01,0.008144999999999618,LSTM-Vol+ACI
2024-05-21,ETH,0.025,0.018499999999999996,LSTM-Vol+ACI
2024-05-23,ETH,0.01,0.008169999999999617,LSTM-Vol+ACI
2024-05-26,ETH,0.025,0.018656249999999996,LSTM-Vol+ACI
2024-05-28,ETH,0.01,0.008194999999999616,LSTM-Vol+ACI
2024-05-31,ETH,0.025,0.018812499999999996,LSTM-Vol+ACI
2024-06-02,ETH,0.01,0.008219999999999615,LSTM-Vol+ACI
2024-06-05,ETH,0.025,0.018968749999999996,LSTM-Vol+ACI
2024-06-07,ETH,0.01,0.008244999999999614,LSTM-Vol+ACI
2024-06-10,ETH,0.025,0.019124999999999996,LSTM-Vol+ACI
2024-06-12,ETH,0.01,0.008269999999999613,LSTM-Vol+ACI
2024-06-15,ETH,0.025,0.019281249999999996,LSTM-Vol+ACI
2024-06-17,ETH,0.01,0.008294999999999612,LSTM-Vol+ACI
2024-06-20,ETH,0.025,0.019437499999999996,LSTM-Vol+ACI
2024-06-22,ETH,0.01,0.00831999999999961,LSTM-Vol+ACI
2024-06-25,ETH,0.025,0.019593749999999997,LSTM-Vol+ACI
2024-06-27,ETH,0.01,0.00834499999999961,LSTM-Vol+ACI
2024-06-30,ETH,0.025,0.019749999999999997,LSTM-Vol+ACI
2024-07-02,ETH,0.01,0.008369999999999609,LSTM-Vol+ACI
2024-07-05,ETH,0.025,0.018656249999999996,LSTM-Vol+ACI
2024-07-07,ETH,0.01,0.008394999999999608,LSTM-Vol+ACI
2024-07-10,ETH,0.025,0.018812499999999996,LSTM-Vol+ACI
2024-07-12,ETH,0.01,0.008419999999999607,LSTM-Vol+ACI
2024-07-15,ETH,0.025,0.018968749999999996,LSTM-Vol+ACI
2024-07-17,ETH,0.01,0.008444999999999606,LSTM-Vol+ACI
2024-07-20,ETH,0.025,0.019124999999999996,LSTM-Vol+ACI
2024-07-22,ETH,0.01,0.008469999999999605,LSTM-Vol+ACI
2024-07-25,ETH,0.025,0.019281249999999996,LSTM-Vol+ACI
2024-07-27,ETH,0.01,0.008494999999999604,LSTM-Vol+ACI
2024-07-30,ETH,0.025,0.019437499999999996,LSTM-Vol+ACI
2024-08-01,ETH,0.01,0.008519999999999603,LSTM-Vol+ACI
2024-08-04,ETH,0.025,0.017093749999999994,LSTM-Vol+ACI
2024-08-06,ETH,0.01,0.0075449999999996015,LSTM-Vol+ACI
2024-08-09,ETH,0.025,0.015999999999999993,LSTM-Vol+ACI
2024-08-11,ETH,0.01,0.0075699999999996005,LSTM-Vol+ACI
2024-08-14,ETH,0.025,0.016156249999999994,LSTM-Vol+ACI
2024-08-16,ETH,0.01,0.0075949999999995995,LSTM-Vol+ACI
2024-08-19,ETH,0.025,0.016312499999999994,LSTM-Vol+ACI
2024-08-21,ETH,0.01,0.0076199999999995984,LSTM-Vol+ACI
2024-08-24,ETH,0.025,0.016468749999999994,LSTM-Vol+ACI
2024-08-26,ETH,0.01,0.007644999999999597,LSTM-Vol+ACI
2024-08-29,ETH,0.025,0.015374999999999993,LSTM-Vol+ACI
2024-08-31,ETH,0.01,0.007169999999999597,LSTM-Vol+ACI
2024-09-03,ETH,0.025,0.015531249999999993,LSTM-Vol+ACI
2024-09-05,ETH,0.01,0.007194999999999596,LSTM-Vol+ACI
2024-09-08,ETH,0.025,0.014437499999999992,LSTM-Vol+ACI
2024-09-10,ETH,0.01,0.007219999999999595,LSTM-Vol+ACI
2024-09-13,ETH,0.025,0.014593749999999992,LSTM-Vol+ACI
2024-09-15,ETH,0.01,0.007244999999999594,LSTM-Vol+ACI
2024-09-18,ETH,0.025,0.014749999999999992,LSTM-Vol+ACI
2024-09-20,ETH,0.01,0.007269999999999593,LSTM-Vol+ACI
2024-09-23,ETH,0.025,0.014906249999999992,LSTM-Vol+ACI
2024-09-25,ETH,0.01,0.007294999999999592,LSTM-Vol+ACI
2024-09-28,ETH,0.025,0.015062499999999993,LSTM-Vol+ACI
2024-09-30,ETH,0.01,0.007319999999999591,LSTM-Vol+ACI
2024-10-03,ETH,0.025,0.015218749999999993,LSTM-Vol+ACI
2024-10-05,ETH,0.01,0.00734499999999959,LSTM-Vol+ACI
2024-10-08,ETH,0.025,0.015374999999999993,LSTM-Vol+ACI
2024-10-10,ETH,0.01,0.007369999999999589,LSTM-Vol+ACI
2024-10-13,ETH,0.025,0.015531249999999993,LSTM-Vol+ACI
2024-10-15,ETH,0.01,0.007394999999999588,LSTM-Vol+ACI
2024-10-18,ETH,0.025,0.015687499999999993,LSTM-Vol+ACI
2024-10-20,ETH,0.01,0.007419999999999587,LSTM-Vol+ACI
2024-10-23,ETH,0.025,0.015843749999999993,LSTM-Vol+ACI
2024-10-25,ETH,0.01,0.007444999999999586,LSTM-Vol+ACI
2024-10-28,ETH,0.025,0.015999999999999993,LSTM-Vol+ACI
2024-10-30,ETH,0.01,0.007469999999999585,LSTM-Vol+ACI
2024-11-02,ETH,0.025,0.016156249999999994,LSTM-Vol+ACI
2024-11-04,ETH,0.01,0.007494999999999584,LSTM-Vol+ACI
2024-11-07,ETH,0.025,0.016312499999999994,LSTM-Vol+ACI
2024-11-09,ETH,0.01,0.007519999999999583,LSTM-Vol+ACI
2024-11-12,ETH,0.025,0.016468749999999994,LSTM-Vol+ACI
2024-11-14,ETH,0.01,0.0075449999999995816,LSTM-Vol+ACI
2024-11-17,ETH,0.025,0.016624999999999994,LSTM-Vol+ACI
2024-11-19,ETH,0.01,0.0075699999999995805,LSTM-Vol+ACI
2024-11-22,ETH,0.025,0.016781249999999994,LSTM-Vol+ACI
2024-11-24,ETH,0.01,0.0075949999999995795,LSTM-Vol+ACI
2024-11-27,ETH,0.025,0.016937499999999994,LSTM-Vol+ACI
2024-11-29,ETH,0.01,0.0076199999999995785,LSTM-Vol+ACI
2024-12-02,ETH,0.025,0.017093749999999994,LSTM-Vol+ACI
2024-12-04,ETH,0.01,0.0076449999999995775,LSTM-Vol+ACI
2024-12-07,ETH,0.025,0.017249999999999995,LSTM-Vol+ACI
2024-12-09,ETH,0.01,0.0076699999999995765,LSTM-Vol+ACI
2024-12-12,ETH,0.025,0.016156249999999994,LSTM-Vol+ACI
2024-12-14,ETH,0.01,0.0076949999999995754,LSTM-Vol+ACI
2024-12-17,ETH,0.025,0.016312499999999994,LSTM-Vol+ACI
2024-12-19,ETH,0.01,0.007719999999999574,LSTM-Vol+ACI
2024-12-22,ETH,0.025,0.016468749999999994,LSTM-Vol+ACI
2024-12-24,ETH,0.01,0.007744999999999573,LSTM-Vol+ACI
2024-12-27,ETH,0.025,0.016624999999999994,LSTM-Vol+ACI
2024-12-29,ETH,0.01,0.007769999999999572,LSTM-Vol+ACI
2025-01-01,ETH,0.025,0.016781249999999994,LSTM-Vol+ACI
2025-01-03,ETH,0.01,0.007794999999999571,LSTM-Vol+ACI
2025-01-06,ETH,0.025,0.016937499999999994,LSTM-Vol+ACI
2025-01-08,ETH,0.01,0.007319999999999571,LSTM-Vol+ACI
2025-01-11,ETH,0.025,0.015843749999999993,LSTM-Vol+ACI
2025-01-13,ETH,0.01,0.00734499999999957,LSTM-Vol+ACI
2025-01-16,ETH,0.025,0.015999999999999993,LSTM-Vol+ACI
2025-01-18,ETH,0.01,0.007369999999999569,LSTM-Vol+ACI
2025-01-21,ETH,0.025,0.016156249999999994,LSTM-Vol+ACI
2025-01-23,ETH,0.01,0.007394999999999568,LSTM-Vol+ACI
2025-01-26,ETH,0.025,0.016312499999999994,LSTM-Vol+ACI
2025-01-28,ETH,0.01,0.007419999999999567,LSTM-Vol+ACI
2025-01-31,ETH,0.025,0.016468749999999994,LSTM-Vol+ACI
2025-02-02,ETH,0.01,0.007444999999999566,LSTM-Vol+ACI
2025-02-05,ETH,0.025,0.015374999999999993,LSTM-Vol+ACI
2025-02-07,ETH,0.01,0.007469999999999565,LSTM-Vol+ACI
2025-02-10,ETH,0.025,0.015531249999999993,LSTM-Vol+ACI
2025-02-12,ETH,0.01,0.007494999999999564,LSTM-Vol+ACI
2025-02-15,ETH,0.025,0.015687499999999993,LSTM-Vol+ACI
2025-02-17,ETH,0.01,0.007519999999999563,LSTM-Vol+ACI
2025-02-20,ETH,0.025,0.015843749999999993,LSTM-Vol+ACI
2025-02-22,ETH,0.01,0.007544999999999562,LSTM-Vol+ACI
2025-02-25,ETH,0.025,0.014749999999999992,LSTM-Vol+ACI
2025-02-27,ETH,0.01,0.007069999999999561,LSTM-Vol+ACI
2025-03-02,ETH,0.025,0.014906249999999992,LSTM-Vol+ACI
2025-03-04,ETH,0.01,0.00659499999999956,LSTM-Vol+ACI
2025-03-07,ETH,0.025,0.013812499999999991,LSTM-Vol+ACI
2025-03-09,ETH,0.01,0.006619999999999559,LSTM-Vol+ACI
2025-03-12,ETH,0.025,0.01271874999999999,LSTM-Vol+ACI
2025-03-14,ETH,0.01,0.006644999999999558,LSTM-Vol+ACI
2025-03-17,ETH,0.025,0.01287499999999999,LSTM-Vol+ACI
2025-03-19,ETH,0.01,0.006669999999999557,LSTM-Vol+ACI
2025-03-22,ETH,0.025,0.01303124999999999,LSTM-Vol+ACI
2025-03-24,ETH,0.01,0.006694999999999556,LSTM-Vol+ACI
2025-03-27,ETH,0.025,0.013187499999999991,LSTM-Vol+ACI
2025-03-29,ETH,0.01,0.006719999999999555,LSTM-Vol+ACI
2025-04-01,ETH,0.025,0.013343749999999991,LSTM-Vol+ACI
2025-04-03,ETH,0.01,0.006744999999999554,LSTM-Vol+ACI
2025-04-06,ETH,0.025,0.01224999999999999,LSTM-Vol+ACI
2025-04-08,ETH,0.01,0.006269999999999554,LSTM-Vol+ACI
2025-04-11,ETH,0.025,0.01240624999999999,LSTM-Vol+ACI
2025-04-13,ETH,0.01,0.006294999999999553,LSTM-Vol+ACI
2025-04-16,ETH,0.025,0.01256249999999999,LSTM-Vol+ACI
2025-04-18,ETH,0.01,0.006319999999999552,LSTM-Vol+ACI
2025-04-21,ETH,0.025,0.01271874999999999,LSTM-Vol+ACI
2025-04-23,ETH,0.01,0.006344999999999551,LSTM-Vol+ACI
2025-04-26,ETH,0.025,0.01287499999999999,LSTM-Vol+ACI
2025-04-28,ETH,0.01,0.00636999999999955,LSTM-Vol+ACI
2025-05-01,ETH,0.025,0.01303124999999999,LSTM-Vol+ACI
2025-05-03,ETH,0.01,0.006394999999999549,LSTM-Vol+ACI
2025-05-06,ETH,0.025,0.013187499999999991,LSTM-Vol+ACI
2025-05-08,ETH,0.01,0.006419999999999548,LSTM-Vol+ACI
2025-05-11,ETH,0.025,0.013343749999999991,LSTM-Vol+ACI
2025-05-13,ETH,0.01,0.006444999999999547,LSTM-Vol+ACI
2025-05-16,ETH,0.025,0.013499999999999991,LSTM-Vol+ACI
2025-05-18,ETH,0.01,0.0064699999999995456,LSTM-Vol+ACI
2025-05-21,ETH,0.025,0.013656249999999991,LSTM-Vol+ACI
2025-05-23,ETH,0.01,0.0064949999999995445,LSTM-Vol+ACI
2025-05-26,ETH,0.025,0.013812499999999991,LSTM-Vol+ACI
2025-05-28,ETH,0.01,0.0065199999999995435,LSTM-Vol+ACI
2025-05-31,ETH,0.025,0.013968749999999992,LSTM-Vol+ACI
2025-06-02,ETH,0.01,0.0065449999999995425,LSTM-Vol+ACI
2025-06-05,ETH,0.025,0.014124999999999992,LSTM-Vol+ACI
2025-06-07,ETH,0.01,0.0065699999999995415,LSTM-Vol+ACI
2025-06-10,ETH,0.025,0.014281249999999992,LSTM-Vol+ACI
2025-06-12,ETH,0.01,0.0065949999999995405,LSTM-Vol+ACI
2025-06-15,ETH,0.025,0.014437499999999992,LSTM-Vol+ACI
2025-06-17,ETH,0.01,0.0066199999999995394,LSTM-Vol+ACI
2025-06-20,ETH,0.025,0.014593749999999992,LSTM-Vol+ACI
2025-06-22,ETH,0.01,0.006644999999999538,LSTM-Vol+ACI
2025-06-25,ETH,0.025,0.014749999999999992,LSTM-Vol+ACI
2025-06-27,ETH,0.01,0.006669999999999537,LSTM-Vol+ACI
2025-06-30,ETH,0.025,0.014906249999999992,LSTM-Vol+ACI
2025-07-02,ETH,0.01,0.006694999999999536,LSTM-Vol+ACI
2025-07-05,ETH,0.025,0.015062499999999993,LSTM-Vol+ACI
2025-07-07,ETH,0.01,0.006719999999999535,LSTM-Vol+ACI
2025-07-10,ETH,0.025,0.015218749999999993,LSTM-Vol+ACI
2025-07-12,ETH,0.01,0.006744999999999534,LSTM-Vol+ACI
2025-07-15,ETH,0.025,0.015374999999999993,LSTM-Vol+ACI
2025-07-17,ETH,0.01,0.006769999999999533,LSTM-Vol+ACI
2025-07-20,ETH,0.025,0.015531249999999993,LSTM-Vol+ACI
2025-07-22,ETH,0.01,0.006794999999999532,LSTM-Vol+ACI
2025-07-25,ETH,0.025,0.015687499999999993,LSTM-Vol+ACI
2025-07-27,ETH,0.01,0.006819999999999531,LSTM-Vol+ACI
2025-07-30,ETH,0.025,0.015843749999999993,LSTM-Vol+ACI
2025-08-01,ETH,0.01,0.00684499999999953,LSTM-Vol+ACI
2025-08-04,ETH,0.025,0.015999999999999993,LSTM-Vol+ACI
2025-08-06,ETH,0.01,0.006869999999999529,LSTM-Vol+ACI
2025-08-09,ETH,0.025,0.016156249999999994,LSTM-Vol+ACI
2025-08-11,ETH,0.01,0.006894999999999528,LSTM-Vol+ACI
2025-08-14,ETH,0.025,0.016312499999999994,LSTM-Vol+ACI
2025-08-16,ETH,0.01,0.006919999999999527,LSTM-Vol+ACI
2025-08-19,ETH,0.025,0.016468749999999994,LSTM-Vol+ACI
2025-08-21,ETH,0.01,0.006944999999999526,LSTM-Vol+ACI
2025-08-24,ETH,0.025,0.016624999999999994,LSTM-Vol+ACI
2025-08-26,ETH,0.01,0.006969999999999525,LSTM-Vol+ACI
2025-08-29,ETH,0.025,0.015531249999999993,LSTM-Vol+ACI
2025-08-31,ETH,0.01,0.006994999999999524,LSTM-Vol+ACI
2025-09-03,ETH,0.025,0.015687499999999993,LSTM-Vol+ACI
2025-09-05,ETH,0.01,0.007019999999999523,LSTM-Vol+ACI
2025-09-08,ETH,0.025,0.015843749999999993,LSTM-Vol+ACI
2025-09-10,ETH,0.01,0.007044999999999522,LSTM-Vol+ACI
2025-09-13,ETH,0.025,0.015999999999999993,LSTM-Vol+ACI
2025-09-15,ETH,0.01,0.007069999999999521,LSTM-Vol+ACI
2025-09-18,ETH,0.025,0.016156249999999994,LSTM-Vol+ACI
2025-09-20,ETH,0.01,0.00709499999999952,LSTM-Vol+ACI
2025-09-23,ETH,0.025,0.016312499999999994,LSTM-Vol+ACI
2025-09-25,ETH,0.01,0.007119999999999519,LSTM-Vol+ACI
2025-09-28,ETH,0.025,0.016468749999999994,LSTM-Vol+ACI
2025-09-30,ETH,0.01,0.007144999999999518,LSTM-Vol+ACI
2025-10-03,ETH,0.025,0.016624999999999994,LSTM-Vol+ACI
2025-10-05,ETH,0.01,0.007169999999999517,LSTM-Vol+ACI
2025-10-08,ETH,0.025,0.016781249999999994,LSTM-Vol+ACI
2025-10-10,ETH,0.01,0.0066949999999995164,LSTM-Vol+ACI
2025-10-13,ETH,0.025,0.015687499999999993,LSTM-Vol+ACI
2025-10-15,ETH,0.01,0.006719999999999515,LSTM-Vol+ACI
2025-10-18,ETH,0.025,0.015843749999999993,LSTM-Vol+ACI
2025-10-20,ETH,0.01,0.006744999999999514,LSTM-Vol+ACI
2025-10-23,ETH,0.025,0.015999999999999993,LSTM-Vol+ACI
2025-10-25,ETH,0.01,0.006769999999999513,LSTM-Vol+ACI
2025-10-28,ETH,0.025,0.016156249999999994,LSTM-Vol+ACI
2025-10-30,ETH,0.01,0.006794999999999512,LSTM-Vol+ACI
2025-11-02,ETH,0.025,0.016312499999999994,LSTM-Vol+ACI
2025-11-04,ETH,0.01,0.006819999999999511,LSTM-Vol+ACI
2025-11-07,ETH,0.025,0.016468749999999994,LSTM-Vol+ACI
2025-11-09,ETH,0.01,0.00684499999999951,LSTM-Vol+ACI
2025-11-12,ETH,0.025,0.016624999999999994,LSTM-Vol+ACI
2025-11-14,ETH,0.01,0.006869999999999509,LSTM-Vol+ACI
2025-11-17,ETH,0.025,0.016781249999999994,LSTM-Vol+ACI
2025-11-19,ETH,0.01,0.006894999999999508,LSTM-Vol+ACI
2025-11-22,ETH,0.025,0.016937499999999994,LSTM-Vol+ACI
2025-11-24,ETH,0.01,0.006919999999999507,LSTM-Vol+ACI
2025-11-27,ETH,0.025,0.017093749999999994,LSTM-Vol+ACI
2025-11-29,ETH,0.01,0.006944999999999506,LSTM-Vol+ACI
2025-12-02,ETH,0.025,0.015999999999999993,LSTM-Vol+ACI
2025-12-04,ETH,0.01,0.006969999999999505,LSTM-Vol+ACI
2025-12-07,ETH,0.025,0.016156249999999994,LSTM-Vol+ACI
2025-12-09,ETH,0.01,0.006994999999999504,LSTM-Vol+ACI
2025-12-12,ETH,0.025,0.016312499999999994,LSTM-Vol+ACI
2025-12-14,ETH,0.01,0.007019999999999503,LSTM-Vol+ACI
2025-12-17,ETH,0.025,0.016468749999999994,LSTM-Vol+ACI
2025-12-19,ETH,0.01,0.007044999999999502,LSTM-Vol+ACI
2025-12-22,ETH,0.025,0.016624999999999994,LSTM-Vol+ACI
2025-12-24,ETH,0.01,0.007069999999999501,LSTM-Vol+ACI
2025-12-27,ETH,0.025,0.016781249999999994,LSTM-Vol+ACI
2025-12-29,ETH,0.01,0.0070949999999995,LSTM-Vol+ACI
2026-01-01,ETH,0.025,0.016937499999999994,LSTM-Vol+ACI
2026-01-03,ETH,0.01,0.007119999999999499,LSTM-Vol+ACI
2026-01-06,ETH,0.025,0.017093749999999994,LSTM-Vol+ACI
2026-01-08,ETH,0.01,0.007144999999999498,LSTM-Vol+ACI
2026-01-11,ETH,0.025,0.017249999999999995,LSTM-Vol+ACI
2026-01-13,ETH,0.01,0.007169999999999497,LSTM-Vol+ACI
2026-01-16,ETH,0.025,0.017406249999999995,LSTM-Vol+ACI
2026-01-18,ETH,0.01,0.007194999999999496,LSTM-Vol+ACI
2026-01-21,ETH,0.025,0.016312499999999994,LSTM-Vol+ACI
2026-01-23,ETH,0.01,0.007219999999999495,LSTM-Vol+ACI
2026-01-26,ETH,0.025,0.016468749999999994,LSTM-Vol+ACI
2026-01-28,ETH,0.01,0.007244999999999494,LSTM-Vol+ACI
2026-01-31,ETH,0.025,0.015374999999999993,LSTM-Vol+ACI
2026-02-02,ETH,0.01,0.007269999999999493,LSTM-Vol+ACI
2026-02-05,ETH,0.025,0.014281249999999992,LSTM-Vol+ACI
2026-02-07,ETH,0.01,0.006794999999999492,LSTM-Vol+ACI
2026-02-10,ETH,0.025,0.014437499999999992,LSTM-Vol+ACI
2026-02-12,ETH,0.01,0.006819999999999491,LSTM-Vol+ACI
2026-02-15,ETH,0.025,0.014593749999999992,LSTM-Vol+ACI
2026-02-17,ETH,0.01,0.00684499999999949,LSTM-Vol+ACI
2026-02-20,ETH,0.025,0.014749999999999992,LSTM-Vol+ACI
2026-02-22,ETH,0.01,0.006869999999999489,LSTM-Vol+ACI
2026-02-25,ETH,0.025,0.014906249999999992,LSTM-Vol+ACI
2026-02-27,ETH,0.01,0.006894999999999488,LSTM-Vol+ACI
2026-03-02,ETH,0.025,0.015062499999999993,LSTM-Vol+ACI
2026-03-04,ETH,0.01,0.006919999999999487,LSTM-Vol+ACI
2026-03-07,ETH,0.025,0.015218749999999993,LSTM-Vol+ACI
2026-03-09,ETH,0.01,0.006944999999999486,LSTM-Vol+ACI
2026-03-12,ETH,0.025,0.015374999999999993,LSTM-Vol+ACI
2026-03-14,ETH,0.01,0.006969999999999485,LSTM-Vol+ACI
2026-03-17,ETH,0.025,0.015531249999999993,LSTM-Vol+ACI
2026-03-19,ETH,0.01,0.006994999999999484,LSTM-Vol+ACI
2026-03-22,ETH,0.025,0.015687499999999993,LSTM-Vol+ACI
2026-03-24,ETH,0.01,0.007019999999999483,LSTM-Vol+ACI
2026-03-27,ETH,0.025,0.015843749999999993,LSTM-Vol+ACI
2026-03-29,ETH,0.01,0.007044999999999482,LSTM-Vol+ACI
2026-04-01,ETH,0.025,0.015999999999999993,LSTM-Vol+ACI
2026-04-03,ETH,0.01,0.007069999999999481,LSTM-Vol+ACI
2026-04-06,ETH,0.025,0.016156249999999994,LSTM-Vol+ACI
2026-04-08,ETH,0.01,0.00709499999999948,LSTM-Vol+ACI
2026-04-11,ETH,0.025,0.016312499999999994,LSTM-Vol+ACI
2026-04-13,ETH,0.01,0.007119999999999479,LSTM-Vol+ACI
2026-04-16,ETH,0.025,0.016468749999999994,LSTM-Vol+ACI
2026-04-18,ETH,0.01,0.007144999999999478,LSTM-Vol+ACI
2026-04-21,ETH,0.025,0.016624999999999994,LSTM-Vol+ACI
2026-04-23,ETH,0.01,0.007169999999999477,LSTM-Vol+ACI
2026-04-26,ETH,0.025,0.016781249999999994,LSTM-Vol+ACI
2026-04-28,ETH,0.01,0.007194999999999476,LSTM-Vol+ACI
2026-05-01,ETH,0.025,0.016937499999999994,LSTM-Vol+ACI
2026-05-03,ETH,0.01,0.007219999999999475,LSTM-Vol+ACI
2026-05-06,ETH,0.025,0.017093749999999994,LSTM-Vol+ACI
2026-05-08,ETH,0.01,0.007244999999999474,LSTM-Vol+ACI
2026-05-11,ETH,0.025,0.017249999999999995,LSTM-Vol+ACI
2026-05-13,ETH,0.01,0.007269999999999473,LSTM-Vol+ACI
2026-05-16,ETH,0.025,0.017406249999999995,LSTM-Vol+ACI
2026-05-18,ETH,0.01,0.007294999999999472,LSTM-Vol+ACI
2026-05-21,ETH,0.025,0.017562499999999995,LSTM-Vol+ACI
2026-05-23,ETH,0.01,0.007319999999999471,LSTM-Vol+ACI
2026-05-26,ETH,0.025,0.017718749999999995,LSTM-Vol+ACI
2026-05-28,ETH,0.01,0.00734499999999947,LSTM-Vol+ACI
2026-05-31,ETH,0.025,0.017874999999999995,LSTM-Vol+ACI
2026-06-02,ETH,0.01,0.007369999999999469,LSTM-Vol+ACI
2026-06-05,ETH,0.025,0.015531249999999993,LSTM-Vol+ACI
2026-06-07,ETH,0.01,0.007394999999999468,LSTM-Vol+ACI
2026-06-10,ETH,0.025,0.015687499999999993,LSTM-Vol+ACI
2026-06-12,ETH,0.01,0.007419999999999467,LSTM-Vol+ACI
2026-06-15,ETH,0.025,0.015843749999999993,LSTM-Vol+ACI
2026-06-17,ETH,0.01,0.007444999999999466,LSTM-Vol+ACI
2026-06-20,ETH,0.025,0.015999999999999993,LSTM-Vol+ACI
2026-06-22,ETH,0.01,0.007469999999999465,LSTM-Vol+ACI
2026-06-25,ETH,0.025,0.016156249999999994,LSTM-Vol+ACI
2026-06-27,ETH,0.01,0.007494999999999464,LSTM-Vol+ACI
2026-06-30,ETH,0.025,0.016312499999999994,LSTM-Vol+ACI
2026-07-02,ETH,0.01,0.007519999999999463,LSTM-Vol+ACI
2026-07-05,ETH,0.025,0.016468749999999994,LSTM-Vol+ACI
2026-07-07,ETH,0.01,0.007544999999999462,LSTM-Vol+ACI
2026-07-10,ETH,0.025,0.016624999999999994,LSTM-Vol+ACI
2026-07-12,ETH,0.01,0.007569999999999461,LSTM-Vol+ACI
2026-07-15,ETH,0.025,0.016781249999999994,LSTM-Vol+ACI
2026-07-17,ETH,0.01,0.00759499999999946,LSTM-Vol+ACI
2026-07-20,ETH,0.025,0.016937499999999994,LSTM-Vol+ACI
2026-07-22,ETH,0.01,0.007619999999999459,LSTM-Vol+ACI
2026-07-25,ETH,0.025,0.017093749999999994,LSTM-Vol+ACI
2026-07-27,ETH,0.01,0.007644999999999458,LSTM-Vol+ACI
2026-07-30,ETH,0.025,0.017249999999999995,LSTM-Vol+ACI
2026-08-01,ETH,0.01,0.007669999999999457,LSTM-Vol+ACI
2026-08-04,ETH,0.025,0.017406249999999995,LSTM-Vol+ACI
2026-08-06,ETH,0.01,0.007694999999999456,LSTM-Vol+ACI
2026-08-09,ETH,0.025,0.017562499999999995,LSTM-Vol+ACI
2026-08-11,ETH,0.01,0.007719999999999455,LSTM-Vol+ACI
2026-08-14,ETH,0.025,0.017718749999999995,LSTM-Vol+ACI
2026-08-16,ETH,0.01,0.007744999999999454,LSTM-Vol+ACI
2026-08-19,ETH,0.025,0.017874999999999995,LSTM-Vol+ACI
2026-08-21,ETH,0.01,0.007769999999999453,LSTM-Vol+ACI
2026-08-24,ETH,0.025,0.018031249999999995,LSTM-Vol+ACI
2026-08-26,ETH,0.01,0.007794999999999452,LSTM-Vol+ACI
2026-08-29,ETH,0.025,0.018187499999999995,LSTM-Vol+ACI
2026-08-31,ETH,0.01,0.00781999999999945,LSTM-Vol+ACI
2026-09-03,ETH,0.025,0.018343749999999995,LSTM-Vol+ACI
2026-09-05,ETH,0.01,0.00784499999999945,LSTM-Vol+ACI
2026-09-08,ETH,0.025,0.018499999999999996,LSTM-Vol+ACI
