date,asset,lag,feature,importance
2019-05-16,BTC,1,return,0.0004274050394694011
2019-05-16,BTC,1,squared return,0.000171661376953125
2019-05-16,BTC,1,squared down-return,0.00015107790629069012
2019-05-16,BTC,2,return,-0.00014646848042805988
2019-05-16,BTC,2,squared return,0.00010744730631510417
2019-05-16,BTC,2,squared down-return,-1.327196756998698e-05
2019-05-16,BTC,3,return,-0.00014551480611165365
2019-05-16,BTC,3,squared return,3.123283386230469e-05
2019-05-16,BTC,3,squared down-return,-1.796086629231771e-05
2019-05-16,BTC,4,return,0.0006983280181884765
2019-05-16,BTC,4,squared return,0.00011157989501953125
2019-05-16,BTC,4,squared down-return,9.743372599283855e-05
2019-05-16,BTC,5,return,0.0014539559682210286
2019-05-16,BTC,5,squared return,0.00027052561442057293
2019-05-16,BTC,5,squared down-return,0.0002600351969401042
2019-05-16,BTC,6,return,0.001744985580444336
2019-05-16,BTC,6,squared return,0.00021600723266601562
2019-05-16,BTC,6,squared down-return,8.249282836914062e-05
2019-05-16,BTC,7,return,0.0003878275553385417
2019-05-16,BTC,7,squared return,0.00016887982686360678
2019-05-16,BTC,7,squared down-return,9.330113728841147e-05
2019-05-16,BTC,8,return,0.00034054120381673175
2019-05-16,BTC,8,squared return,0.0001762708028157552
2019-05-16,BTC,8,squared down-return,0.00010101000467936197
2019-05-16,BTC,9,return,-0.001989285151163737
2019-05-16,BTC,9,squared return,2.5272369384765625e-05
2019-05-16,BTC,9,squared down-return,-1.9311904907226562e-05
2019-05-16,BTC,10,return,0.0007950464884440104
2019-05-16,BTC,10,squared return,6.008148193359374e-05
2019-05-16,BTC,10,squared down-return,0.00011817614237467447
2019-05-16,BTC,11,return,0.0012316703796386719
2019-05-16,BTC,11,squared return,-8.742014567057296e-06
2019-05-16,BTC,11,squared down-return,5.7140986124674484e-05
2019-05-16,BTC,12,return,0.00091552734375
2019-05-16,BTC,12,squared return,0.00011698404947916666
2019-05-16,BTC,12,squared down-return,0.00012683868408203125
2019-05-16,BTC,13,return,-0.003854036331176758
2019-05-16,BTC,13,squared return,4.2915344238281236e-05
2019-05-16,BTC,13,squared down-return,-0.00010911623636881511
2019-05-16,BTC,14,return,0.004202365875244141
2019-05-16,BTC,14,squared return,0.00024445851643880207
2019-05-16,BTC,14,squared down-return,0.0002170403798421224
2019-05-16,BTC,15,return,0.0012957255045572917
2019-05-16,BTC,15,squared return,0.00012993812561035156
2019-05-16,BTC,15,squared down-return,0.00011221567789713541
2019-05-16,BTC,16,return,0.0056358178456624355
2019-05-16,BTC,16,squared return,0.0005431175231933594
2019-05-16,BTC,16,squared down-return,0.0004134972890218099
2019-05-16,BTC,17,return,-0.004609584808349609
2019-05-16,BTC,17,squared return,0.00012453397115071615
2019-05-16,BTC,17,squared down-return,6.175041198730469e-05
2019-05-16,BTC,18,return,0.0049436092376708984
2019-05-16,BTC,18,squared return,-1.6371409098307283e-05
2019-05-16,BTC,18,squared down-return,4.267692565917968e-05
2019-05-16,BTC,19,return,0.00020845731099446586
2019-05-16,BTC,19,squared return,-0.00012890497843424484
2019-05-16,BTC,19,squared down-return,0.0001076062520345052
2019-05-16,BTC,20,return,0.00150609016418457
2019-05-16,BTC,20,squared return,3.210703531901041e-05
2019-05-16,BTC,20,squared down-return,0.00031065940856933594
2019-07-15,BTC,1,return,-0.00017515818277994788
2019-07-15,BTC,1,squared return,0.0002600351969401042
2019-07-15,BTC,1,squared down-return,0.00010371208190917969
2019-07-15,BTC,2,return,0.0015196800231933594
2019-07-15,BTC,2,squared return,0.00011658668518066406
2019-07-15,BTC,2,squared down-return,0.00011491775512695312
2019-07-15,BTC,3,return,0.00017563501993815106
2019-07-15,BTC,3,squared return,0.0001517931620279948
2019-07-15,BTC,3,squared down-return,0.00015226999918619793
2019-07-15,BTC,4,return,0.0017898877461751301
2019-07-15,BTC,4,squared return,0.0001178582509358724
2019-07-15,BTC,4,squared down-return,0.00010887781778971353
2019-07-15,BTC,5,return,0.0011104742685953777
2019-07-15,BTC,5,squared return,0.00021878878275553387
2019-07-15,BTC,5,squared down-return,0.0001819133758544922
2019-07-15,BTC,6,return,0.0011303424835205078
2019-07-15,BTC,6,squared return,0.00027243296305338543
2019-07-15,BTC,6,squared down-return,0.00019749005635579425
2019-07-15,BTC,7,return,0.00012111663818359375
2019-07-15,BTC,7,squared return,0.0001327991485595703
2019-07-15,BTC,7,squared down-return,1.541773478190104e-05
2019-07-15,BTC,8,return,0.004456043243408203
2019-07-15,BTC,8,squared return,0.0003442764282226563
2019-07-15,BTC,8,squared down-return,4.299481709798177e-05
2019-07-15,BTC,9,return,0.0011294682820638022
2019-07-15,BTC,9,squared return,-9.353955586751303e-05
2019-07-15,BTC,9,squared down-return,-7.343292236328125e-05
2019-07-15,BTC,10,return,0.0009338855743408203
2019-07-15,BTC,10,squared return,-0.00010609626770019531
2019-07-15,BTC,10,squared down-return,2.574920654296875e-05
2019-07-15,BTC,11,return,0.0011916955312093098
2019-07-15,BTC,11,squared return,1.8755594889322918e-05
2019-07-15,BTC,11,squared down-return,-1.6689300537109375e-05
2019-07-15,BTC,12,return,6.11146291097005e-05
2019-07-15,BTC,12,squared return,-0.00016212463378906253
2019-07-15,BTC,12,squared down-return,-1.9232432047526043e-05
2019-07-15,BTC,13,return,0.0035800933837890625
2019-07-15,BTC,13,squared return,8.718172709147136e-05
2019-07-15,BTC,13,squared down-return,-2.813339233398437e-05
2019-07-15,BTC,14,return,-0.0020799636840820312
2019-07-15,BTC,14,squared return,-0.00011857350667317708
2019-07-15,BTC,14,squared down-return,0.0001773834228515625
2019-07-15,BTC,15,return,0.001232306162516276
2019-07-15,BTC,15,squared return,-3.743171691894531e-05
2019-07-15,BTC,15,squared down-return,3.5365422566731766e-05
2019-07-15,BTC,16,return,-0.000583966573079427
2019-07-15,BTC,16,squared return,-4.124641418457031e-05
2019-07-15,BTC,16,squared down-return,2.2331873575846352e-05
2019-07-15,BTC,17,return,9.942054748535154e-05
2019-07-15,BTC,17,squared return,1.1046727498372398e-05
2019-07-15,BTC,17,squared down-return,7.565816243489584e-05
2019-07-15,BTC,18,return,-0.0005747477213541667
2019-07-15,BTC,18,squared return,-0.00017031033833821613
2019-07-15,BTC,18,squared down-return,0.0001300175984700521
2019-07-15,BTC,19,return,0.00045259793599446613
2019-07-15,BTC,19,squared return,-0.000200351079305013
2019-07-15,BTC,19,squared down-return,1.509984334309896e-05
2019-07-15,BTC,20,return,-0.00017285346984863287
2019-07-15,BTC,20,squared return,-3.870328267415365e-05
2019-07-15,BTC,20,squared down-return,-9.059906005859375e-06
2019-09-13,BTC,1,return,0.0001601378122965495
2019-09-13,BTC,1,squared return,7.065137227376302e-05
2019-09-13,BTC,1,squared down-return,3.568331400553386e-05
2019-09-13,BTC,2,return,0.00019971529642740885
2019-09-13,BTC,2,squared return,0.00011809666951497397
2019-09-13,BTC,2,squared down-return,5.968411763509115e-05
2019-09-13,BTC,3,return,8.591016133626303e-05
2019-09-13,BTC,3,squared return,3.258387247721354e-05
2019-09-13,BTC,3,squared down-return,3.536542256673177e-05
2019-09-13,BTC,4,return,-0.0003568331400553385
2019-09-13,BTC,4,squared return,5.9604644775390625e-05
2019-09-13,BTC,4,squared down-return,2.8928120930989586e-05
2019-09-13,BTC,5,return,-2.7577082316080734e-05
2019-09-13,BTC,5,squared return,8.789698282877605e-05
2019-09-13,BTC,5,squared down-return,2.9802322387695312e-05
2019-09-13,BTC,6,return,8.455912272135416e-05
2019-09-13,BTC,6,squared return,8.312861124674478e-05
2019-09-13,BTC,6,squared down-return,5.205472310384115e-05
2019-09-13,BTC,7,return,-0.00019542376200358075
2019-09-13,BTC,7,squared return,3.075599670410156e-05
2019-09-13,BTC,7,squared down-return,4.069010416666667e-05
2019-09-13,BTC,8,return,0.0007565816243489583
2019-09-13,BTC,8,squared return,8.686383565266927e-05
2019-09-13,BTC,8,squared down-return,6.5962473551432294e-06
2019-09-13,BTC,9,return,0.0003157456715901693
2019-09-13,BTC,9,squared return,7.5499216715494794e-06
2019-09-13,BTC,9,squared down-return,-2.4000803629557293e-05
2019-09-13,BTC,10,return,4.585584004720053e-05
2019-09-13,BTC,10,squared return,-1.2159347534179691e-05
2019-09-13,BTC,10,squared down-return,1.613299051920573e-05
2019-09-13,BTC,11,return,-0.000152587890625
2019-09-13,BTC,11,squared return,-5.9604644775390625e-06
2019-09-13,BTC,11,squared down-return,6.119410196940104e-06
2019-09-13,BTC,12,return,0.00010848045349121094
2019-09-13,BTC,12,squared return,-5.483627319335938e-06
2019-09-13,BTC,12,squared down-return,1.056989034016927e-05
2019-09-13,BTC,13,return,0.0005373160044352213
2019-09-13,BTC,13,squared return,-1.1444091796875e-05
2019-09-13,BTC,13,squared down-return,-7.788340250651041e-06
2019-09-13,BTC,14,return,-0.00015624364217122394
2019-09-13,BTC,14,squared return,8.821487426757814e-06
2019-09-13,BTC,14,squared down-return,1.6848246256510414e-05
2019-09-13,BTC,15,return,0.00031399726867675776
2019-09-13,BTC,15,squared return,1.9629796346028648e-05
2019-09-13,BTC,15,squared down-return,-4.450480143229167e-06
2019-09-13,BTC,16,return,6.230672200520833e-05
2019-09-13,BTC,16,squared return,2.9166539510091148e-05
2019-09-13,BTC,16,squared down-return,3.496805826822917e-06
2019-09-13,BTC,17,return,-3.5842259724934905e-05
2019-09-13,BTC,17,squared return,2.6067097981770832e-05
2019-09-13,BTC,17,squared down-return,5.9604644775390625e-06
2019-09-13,BTC,18,return,-0.00012787183125813803
2019-09-13,BTC,18,squared return,3.3855438232421875e-05
2019-09-13,BTC,18,squared down-return,1.7484029134114582e-05
2019-09-13,BTC,19,return,-0.00025963783264160156
2019-09-13,BTC,19,squared return,8.900960286458334e-06
2019-09-13,BTC,19,squared down-return,2.8053919474283852e-05
2019-09-13,BTC,20,return,0.00030684471130371094
2019-09-13,BTC,20,squared return,3.735224405924479e-06
2019-09-13,BTC,20,squared down-return,-6.4373016357421875e-06
2019-11-12,BTC,1,return,0.00015012423197428385
2019-11-12,BTC,1,squared return,6.119410196940105e-05
2019-11-12,BTC,1,squared down-return,1.1046727498372396e-05
2019-11-12,BTC,2,return,-5.3246815999348954e-05
2019-11-12,BTC,2,squared return,6.389617919921875e-05
2019-11-12,BTC,2,squared down-return,1.2318293253580729e-05
2019-11-12,BTC,3,return,-2.7815500895182303e-06
2019-11-12,BTC,3,squared return,1.629193623860677e-05
2019-11-12,BTC,3,squared down-return,9.934107462565105e-06
2019-11-12,BTC,4,return,-6.079673767089844e-05
2019-11-12,BTC,4,squared return,2.7179718017578125e-05
2019-11-12,BTC,4,squared down-return,1.3271967569986977e-05
2019-11-12,BTC,5,return,1.056989034016927e-05
2019-11-12,BTC,5,squared return,2.2649765014648438e-05
2019-11-12,BTC,5,squared down-return,9.298324584960938e-06
2019-11-12,BTC,6,return,2.749760945638021e-05
2019-11-12,BTC,6,squared return,1.3987223307291668e-05
2019-11-12,BTC,6,squared down-return,8.424123128255209e-06
2019-11-12,BTC,7,return,-4.529953002929687e-06
2019-11-12,BTC,7,squared return,1.152356465657552e-05
2019-11-12,BTC,7,squared down-return,3.0994415283203125e-06
2019-11-12,BTC,8,return,7.724761962890625e-05
2019-11-12,BTC,8,squared return,5.404154459635417e-06
2019-11-12,BTC,8,squared down-return,2.3841857910156245e-07
2019-11-12,BTC,9,return,2.066294352213542e-06
2019-11-12,BTC,9,squared return,8.742014567057292e-07
2019-11-12,BTC,9,squared down-return,6.357828776041666e-07
2019-11-12,BTC,10,return,1.533826192220052e-05
2019-11-12,BTC,10,squared return,1.748402913411458e-06
2019-11-12,BTC,10,squared down-return,-2.384185791015625e-07
2019-11-12,BTC,11,return,-2.145767211914062e-06
2019-11-12,BTC,11,squared return,8.742014567057291e-07
2019-11-12,BTC,11,squared down-return,6.357828776041667e-07
2019-11-12,BTC,12,return,-7.152557373046875e-06
2019-11-12,BTC,12,squared return,-8.742014567057291e-07
2019-11-12,BTC,12,squared down-return,3.973642985026042e-07
2019-11-12,BTC,13,return,1.8199284871419273e-05
2019-11-12,BTC,13,squared return,1.7484029134114585e-06
2019-11-12,BTC,13,squared down-return,-6.357828776041666e-07
2019-11-12,BTC,14,return,-5.0067901611328125e-06
2019-11-12,BTC,14,squared return,7.947285970052087e-08
2019-11-12,BTC,14,squared down-return,9.5367431640625e-07
2019-11-12,BTC,15,return,4.371007283528646e-06
2019-11-12,BTC,15,squared return,-7.947285970052087e-08
2019-11-12,BTC,15,squared down-return,0.0
2019-11-12,BTC,16,return,2.384185791015623e-07
2019-11-12,BTC,16,squared return,2.384185791015625e-07
2019-11-12,BTC,16,squared down-return,4.7683715820312495e-07
2019-11-12,BTC,17,return,-5.563100179036459e-07
2019-11-12,BTC,17,squared return,3.178914388020833e-07
2019-11-12,BTC,17,squared down-return,0.0
2019-11-12,BTC,18,return,6.357828776041666e-07
2019-11-12,BTC,18,squared return,3.9736429850260413e-07
2019-11-12,BTC,18,squared down-return,0.0
2019-11-12,BTC,19,return,-1.1920928955078125e-06
2019-11-12,BTC,19,squared return,1.5894571940104166e-07
2019-11-12,BTC,19,squared down-return,2.384185791015625e-07
2019-11-12,BTC,20,return,3.0199686686197915e-06
2019-11-12,BTC,20,squared return,-2.384185791015625e-07
2019-11-12,BTC,20,squared down-return,-1.5894571940104166e-07
2020-01-11,BTC,1,return,-4.76837158203125e-07
2020-01-11,BTC,1,squared return,9.34600830078125e-05
2020-01-11,BTC,1,squared down-return,1.9550323486328125e-05
2020-01-11,BTC,2,return,0.0004517237345377605
2020-01-11,BTC,2,squared return,0.00024708112080891925
2020-01-11,BTC,2,squared down-return,0.00011801719665527344
2020-01-11,BTC,3,return,6.039937337239587e-06
2020-01-11,BTC,3,squared return,0.00011960665384928385
2020-01-11,BTC,3,squared down-return,6.715456644694011e-05
2020-01-11,BTC,4,return,-5.841255187988281e-05
2020-01-11,BTC,4,squared return,5.300839742024739e-05
2020-01-11,BTC,4,squared down-return,6.890296936035156e-05
2020-01-11,BTC,5,return,-5.435943603515626e-05
2020-01-11,BTC,5,squared return,5.1180521647135414e-05
2020-01-11,BTC,5,squared down-return,3.0438105265299477e-05
2020-01-11,BTC,6,return,0.00018588701883951825
2020-01-11,BTC,6,squared return,-1.915295918782552e-05
2020-01-11,BTC,6,squared down-return,-6.278355916341146e-06
2020-01-11,BTC,7,return,-8.265177408854171e-06
2020-01-11,BTC,7,squared return,-5.1975250244140625e-05
2020-01-11,BTC,7,squared down-return,-8.58306884765625e-06
2020-01-11,BTC,8,return,0.00047667821248372394
2020-01-11,BTC,8,squared return,-9.314219156901042e-05
2020-01-11,BTC,8,squared down-return,-1.0172526041666668e-05
2020-01-11,BTC,9,return,-0.00014011065165201825
2020-01-11,BTC,9,squared return,-6.612141927083333e-05
2020-01-11,BTC,9,squared down-return,-2.368291219075521e-05
2020-01-11,BTC,10,return,-5.626678466796875e-05
2020-01-11,BTC,10,squared return,-5.6187311808268234e-05
2020-01-11,BTC,10,squared down-return,1.3589859008789062e-05
2020-01-11,BTC,11,return,1.1682510375976562e-05
2020-01-11,BTC,11,squared return,-5.578994750976562e-05
2020-01-11,BTC,11,squared down-return,-2.1537144978841145e-05
2020-01-11,BTC,12,return,-5.125999450683594e-05
2020-01-11,BTC,12,squared return,-6.278355916341146e-06
2020-01-11,BTC,12,squared down-return,1.430511474609375e-06
2020-01-11,BTC,13,return,-0.00015767415364583334
2020-01-11,BTC,13,squared return,-3.178914388020833e-06
2020-01-11,BTC,13,squared down-return,-1.2715657552083333e-06
2020-01-11,BTC,14,return,0.00030732154846191406
2020-01-11,BTC,14,squared return,3.258387247721354e-05
2020-01-11,BTC,14,squared down-return,2.4000803629557293e-05
2020-01-11,BTC,15,return,2.1696090698242188e-05
2020-01-11,BTC,15,squared return,1.724561055501302e-05
2020-01-11,BTC,15,squared down-return,2.304712931315104e-06
2020-01-11,BTC,16,return,-0.0002113978068033854
2020-01-11,BTC,16,squared return,7.311503092447916e-05
2020-01-11,BTC,16,squared down-return,1.8994013468424477e-05
2020-01-11,BTC,17,return,4.061063130696615e-05
2020-01-11,BTC,17,squared return,-4.76837158203125e-07
2020-01-11,BTC,17,squared down-return,2.1775563557942707e-05
2020-01-11,BTC,18,return,-2.8848648071289062e-05
2020-01-11,BTC,18,squared return,3.298123677571614e-05
2020-01-11,BTC,18,squared down-return,-2.868970235188802e-05
2020-01-11,BTC,19,return,1.8755594889322914e-05
2020-01-11,BTC,19,squared return,2.6146570841471355e-05
2020-01-11,BTC,19,squared down-return,2.0424524943033852e-05
2020-01-11,BTC,20,return,8.996327718098958e-05
2020-01-11,BTC,20,squared return,-2.384185791015625e-07
2020-01-11,BTC,20,squared down-return,-2.3047129313151044e-06
2020-03-11,BTC,1,return,0.0004662672678629557
2020-03-11,BTC,1,squared return,0.00034793217976888024
2020-03-11,BTC,1,squared down-return,0.000196377436319987
2020-03-11,BTC,2,return,0.0008910497029622395
2020-03-11,BTC,2,squared return,0.0004994869232177734
2020-03-11,BTC,2,squared down-return,0.000312646230061849
2020-03-11,BTC,3,return,0.0005810260772705078
2020-03-11,BTC,3,squared return,8.447964986165364e-05
2020-03-11,BTC,3,squared down-return,0.0002484321594238281
2020-03-11,BTC,4,return,0.000518957773844401
2020-03-11,BTC,4,squared return,0.0002163251241048177
2020-03-11,BTC,4,squared down-return,0.00013812383015950522
2020-03-11,BTC,5,return,0.00021306673685709635
2020-03-11,BTC,5,squared return,0.00019462903340657553
2020-03-11,BTC,5,squared down-return,0.00014495849609375
2020-03-11,BTC,6,return,0.00028252601623535156
2020-03-11,BTC,6,squared return,9.775161743164062e-05
2020-03-11,BTC,6,squared down-return,6.397565205891927e-05
2020-03-11,BTC,7,return,0.000394900639851888
2020-03-11,BTC,7,squared return,-5.205472310384114e-05
2020-03-11,BTC,7,squared down-return,-1.2159347534179688e-05
2020-03-11,BTC,8,return,0.003097057342529297
2020-03-11,BTC,8,squared return,-0.00018509229024251303
2020-03-11,BTC,8,squared down-return,4.76837158203125e-06
2020-03-11,BTC,9,return,-0.0004052321116129557
2020-03-11,BTC,9,squared return,-0.00027871131896972656
2020-03-11,BTC,9,squared down-return,-7.963180541992186e-05
2020-03-11,BTC,10,return,0.000509500503540039
2020-03-11,BTC,10,squared return,5.563100179036454e-06
2020-03-11,BTC,10,squared down-return,-1.0490417480468743e-05
2020-03-11,BTC,11,return,0.0005729198455810548
2020-03-11,BTC,11,squared return,3.0994415283203125e-06
2020-03-11,BTC,11,squared down-return,-0.00019176801045735675
2020-03-11,BTC,12,return,0.0030104319254557295
2020-03-11,BTC,12,squared return,-1.1285146077473957e-05
2020-03-11,BTC,12,squared down-return,5.7538350423177086e-05
2020-03-11,BTC,13,return,0.0002318223317464193
2020-03-11,BTC,13,squared return,5.666414896647136e-05
2020-03-11,BTC,13,squared down-return,7.502237955729167e-05
2020-03-11,BTC,14,return,0.007185935974121094
2020-03-11,BTC,14,squared return,0.00019192695617675784
2020-03-11,BTC,14,squared down-return,-6.715456644694011e-05
2020-03-11,BTC,15,return,-8.392333984375e-05
2020-03-11,BTC,15,squared return,2.7020772298177082e-05
2020-03-11,BTC,15,squared down-return,-0.0001976490020751953
2020-03-11,BTC,16,return,-0.0025158723195393877
2020-03-11,BTC,16,squared return,0.0007370313008626302
2020-03-11,BTC,16,squared down-return,0.0006231466929117838
2020-03-11,BTC,17,return,0.00419163703918457
2020-03-11,BTC,17,squared return,-0.0004027684529622396
2020-03-11,BTC,17,squared down-return,-0.0004818439483642578
2020-03-11,BTC,18,return,0.0027869542439778647
2020-03-11,BTC,18,squared return,0.00043614705403645837
2020-03-11,BTC,18,squared down-return,0.00016355514526367188
2020-03-11,BTC,19,return,0.0019985040028889975
2020-03-11,BTC,19,squared return,0.00024008750915527344
2020-03-11,BTC,19,squared down-return,8.209546407063802e-05
2020-03-11,BTC,20,return,0.015547593434651692
2020-03-11,BTC,20,squared return,0.000244140625
2020-03-11,BTC,20,squared down-return,0.00015958150227864582
2020-05-10,BTC,1,return,0.0019568602244059248
2020-05-10,BTC,1,squared return,0.00040427843729654944
2020-05-10,BTC,1,squared down-return,0.0002798239390055338
2020-05-10,BTC,2,return,-0.000717480977376302
2020-05-10,BTC,2,squared return,0.00017023086547851562
2020-05-10,BTC,2,squared down-return,0.00021608670552571613
2020-05-10,BTC,3,return,0.0012602011362711587
2020-05-10,BTC,3,squared return,-0.0001285870869954427
2020-05-10,BTC,3,squared down-return,-2.0662943522135394e-06
2020-05-10,BTC,4,return,0.0032412211100260415
2020-05-10,BTC,4,squared return,0.0003951390584309896
2020-05-10,BTC,4,squared down-return,0.0005060036977132161
2020-05-10,BTC,5,return,0.002936919530232747
2020-05-10,BTC,5,squared return,8.908907572428385e-05
2020-05-10,BTC,5,squared down-return,0.0001373291015625
2020-05-10,BTC,6,return,-0.0027058919270833335
2020-05-10,BTC,6,squared return,-0.0002465248107910157
2020-05-10,BTC,6,squared down-return,-9.171168009440103e-05
2020-05-10,BTC,7,return,-0.0033675034840901694
2020-05-10,BTC,7,squared return,-0.0008161067962646484
2020-05-10,BTC,7,squared down-return,0.0005781650543212891
2020-05-10,BTC,8,return,-0.0019411245981852216
2020-05-10,BTC,8,squared return,-0.000503381093343099
2020-05-10,BTC,8,squared down-return,-4.378954569498698e-05
2020-05-10,BTC,9,return,-0.002978006998697917
2020-05-10,BTC,9,squared return,0.00010665257771809894
2020-05-10,BTC,9,squared down-return,-7.16845194498698e-05
2020-05-10,BTC,10,return,-0.00595545768737793
2020-05-10,BTC,10,squared return,-0.00046976407368977863
2020-05-10,BTC,10,squared down-return,-0.00015910466512044272
2020-05-10,BTC,11,return,-0.0008912086486816406
2020-05-10,BTC,11,squared return,0.00016085306803385418
2020-05-10,BTC,11,squared down-return,0.0001800855000813802
2020-05-10,BTC,12,return,0.0019110838572184243
2020-05-10,BTC,12,squared return,-0.0007836023966471354
2020-05-10,BTC,12,squared down-return,-0.00017730394999186197
2020-05-10,BTC,13,return,-0.0070836544036865234
2020-05-10,BTC,13,squared return,-0.00022689501444498694
2020-05-10,BTC,13,squared down-return,0.00012524922688802082
2020-05-10,BTC,14,return,-0.003657817840576172
2020-05-10,BTC,14,squared return,0.0003898143768310547
2020-05-10,BTC,14,squared down-return,0.00034014383951822913
2020-05-10,BTC,15,return,0.01380157470703125
2020-05-10,BTC,15,squared return,0.001354058583577474
2020-05-10,BTC,15,squared down-return,0.0009296735127766926
2020-05-10,BTC,16,return,0.03223419189453125
2020-05-10,BTC,16,squared return,0.0005299250284830729
2020-05-10,BTC,16,squared down-return,0.0006428559621175131
2020-05-10,BTC,17,return,0.025595903396606445
2020-05-10,BTC,17,squared return,0.0003305276234944662
2020-05-10,BTC,17,squared down-return,0.0012532869974772134
2020-05-10,BTC,18,return,-0.006845712661743164
2020-05-10,BTC,18,squared return,0.0009482701619466146
2020-05-10,BTC,18,squared down-return,0.0005009969075520834
2020-05-10,BTC,19,return,0.0037511984507242837
2020-05-10,BTC,19,squared return,0.0010616779327392578
2020-05-10,BTC,19,squared down-return,0.0008415381113688152
2020-05-10,BTC,20,return,0.0017058849334716797
2020-05-10,BTC,20,squared return,0.00039871533711751306
2020-05-10,BTC,20,squared down-return,0.0002377033233642578
2020-07-09,BTC,1,return,0.00017356872558593753
2020-07-09,BTC,1,squared return,0.00025018056233723957
2020-07-09,BTC,1,squared down-return,0.000423590342203776
2020-07-09,BTC,2,return,-0.001466512680053711
2020-07-09,BTC,2,squared return,0.00036231676737467444
2020-07-09,BTC,2,squared down-return,0.00017523765563964844
2020-07-09,BTC,3,return,0.0013076464335123699
2020-07-09,BTC,3,squared return,9.067853291829428e-05
2020-07-09,BTC,3,squared down-return,4.673004150390625e-05
2020-07-09,BTC,4,return,0.007416407267252604
2020-07-09,BTC,4,squared return,0.0006113052368164062
2020-07-09,BTC,4,squared down-return,0.0006852944691975911
2020-07-09,BTC,5,return,0.007702271143595378
2020-07-09,BTC,5,squared return,0.00031844774881998694
2020-07-09,BTC,5,squared down-return,0.00010347366333007812
2020-07-09,BTC,6,return,-0.0037099520365397134
2020-07-09,BTC,6,squared return,-0.0006829897562662761
2020-07-09,BTC,6,squared down-return,-0.0009296735127766927
2020-07-09,BTC,7,return,-0.003473679224650065
2020-07-09,BTC,7,squared return,0.0005624294281005859
2020-07-09,BTC,7,squared down-return,0.0004241466522216797
2020-07-09,BTC,8,return,-0.0005493164062499999
2020-07-09,BTC,8,squared return,-0.0010300477345784504
2020-07-09,BTC,8,squared down-return,-0.0006921291351318359
2020-07-09,BTC,9,return,0.004141569137573242
2020-07-09,BTC,9,squared return,-0.00032639503479003906
2020-07-09,BTC,9,squared down-return,-0.00022180875142415363
2020-07-09,BTC,10,return,-0.01552406946818034
2020-07-09,BTC,10,squared return,0.00018405914306640625
2020-07-09,BTC,10,squared down-return,-3.0040740966796875e-05
2020-07-09,BTC,11,return,0.0028458436330159502
2020-07-09,BTC,11,squared return,9.290377298990886e-05
2020-07-09,BTC,11,squared down-return,2.9961268107096345e-05
2020-07-09,BTC,12,return,0.002672036488850912
2020-07-09,BTC,12,squared return,0.00024875005086263024
2020-07-09,BTC,12,squared down-return,-5.181630452473959e-05
2020-07-09,BTC,13,return,-0.017804463704427086
2020-07-09,BTC,13,squared return,0.00041675567626953125
2020-07-09,BTC,13,squared down-return,-0.00035309791564941406
2020-07-09,BTC,14,return,0.01455386479695638
2020-07-09,BTC,14,squared return,-0.00048057238260904944
2020-07-09,BTC,14,squared down-return,0.0005551179250081381
2020-07-09,BTC,15,return,0.01908238728841146
2020-07-09,BTC,15,squared return,0.001284201939900716
2020-07-09,BTC,15,squared down-return,0.001444101333618164
2020-07-09,BTC,16,return,0.004733006159464518
2020-07-09,BTC,16,squared return,0.0010527769724527993
2020-07-09,BTC,16,squared down-return,0.0009751319885253906
2020-07-09,BTC,17,return,0.022790908813476562
2020-07-09,BTC,17,squared return,-0.0021162033081054688
2020-07-09,BTC,17,squared down-return,0.0008866786956787109
2020-07-09,BTC,18,return,-0.0029820601145426435
2020-07-09,BTC,18,squared return,0.0013393561045328777
2020-07-09,BTC,18,squared down-return,0.0005427201588948568
2020-07-09,BTC,19,return,0.011646747589111328
2020-07-09,BTC,19,squared return,0.0012347698211669922
2020-07-09,BTC,19,squared down-return,0.0006608963012695314
2020-07-09,BTC,20,return,0.0015254815419514973
2020-07-09,BTC,20,squared return,0.00020774205525716147
2020-07-09,BTC,20,squared down-return,0.0003741582234700521
2020-09-07,BTC,1,return,0.0012555122375488281
2020-09-07,BTC,1,squared return,0.00030263264973958337
2020-09-07,BTC,1,squared down-return,0.000324249267578125
2020-09-07,BTC,2,return,-0.0001300970713297526
2020-09-07,BTC,2,squared return,8.114178975423178e-05
2020-09-07,BTC,2,squared down-return,0.00021560986836751303
2020-09-07,BTC,3,return,0.004094203313191732
2020-09-07,BTC,3,squared return,-8.821487426757826e-06
2020-09-07,BTC,3,squared down-return,0.00013860066731770832
2020-09-07,BTC,4,return,0.0038585662841796875
2020-09-07,BTC,4,squared return,0.0006194114685058594
2020-09-07,BTC,4,squared down-return,0.0005850791931152344
2020-09-07,BTC,5,return,0.002520163853963216
2020-09-07,BTC,5,squared return,0.000152587890625
2020-09-07,BTC,5,squared down-return,0.0002165635426839193
2020-09-07,BTC,6,return,-0.004442532857259114
2020-09-07,BTC,6,squared return,-6.667772928873696e-05
2020-09-07,BTC,6,squared down-return,-5.372365315755209e-05
2020-09-07,BTC,7,return,0.0003521442413330078
2020-09-07,BTC,7,squared return,0.0007691383361816406
2020-09-07,BTC,7,squared down-return,0.00042343139648437495
2020-09-07,BTC,8,return,-0.0037379264831542973
2020-09-07,BTC,8,squared return,0.00014003117879231772
2020-09-07,BTC,8,squared down-return,-5.483627319335944e-06
2020-09-07,BTC,9,return,0.003860076268513997
2020-09-07,BTC,9,squared return,-2.0503997802734375e-05
2020-09-07,BTC,9,squared down-return,0.00014193852742513022
2020-09-07,BTC,10,return,-0.0049826304117838545
2020-09-07,BTC,10,squared return,-0.0004133383433024088
2020-09-07,BTC,10,squared down-return,-7.0651372273763e-05
2020-09-07,BTC,11,return,0.0032965342203776045
2020-09-07,BTC,11,squared return,0.0002063910166422526
2020-09-07,BTC,11,squared down-return,0.0001869996388753255
2020-09-07,BTC,12,return,0.002122640609741211
2020-09-07,BTC,12,squared return,-5.253156026204426e-05
2020-09-07,BTC,12,squared down-return,-9.560585021972656e-05
2020-09-07,BTC,13,return,0.004213174184163411
2020-09-07,BTC,13,squared return,0.0005420843760172526
2020-09-07,BTC,13,squared down-return,9.067853291829427e-05
2020-09-07,BTC,14,return,0.0062164465586344395
2020-09-07,BTC,14,squared return,0.0002912680308024088
2020-09-07,BTC,14,squared down-return,-0.0002739429473876953
2020-09-07,BTC,15,return,0.01744397481282552
2020-09-07,BTC,15,squared return,0.0010466575622558594
2020-09-07,BTC,15,squared down-return,-0.001207431157430013
2020-09-07,BTC,16,return,0.021097660064697266
2020-09-07,BTC,16,squared return,0.0007939338684082031
2020-09-07,BTC,16,squared down-return,0.0007834434509277344
2020-09-07,BTC,17,return,0.03032414118448893
2020-09-07,BTC,17,squared return,0.0008877118428548179
2020-09-07,BTC,17,squared down-return,0.0008976459503173828
2020-09-07,BTC,18,return,-0.01874526341756185
2020-09-07,BTC,18,squared return,0.0013743241628011067
2020-09-07,BTC,18,squared down-return,0.0005098978678385417
2020-09-07,BTC,19,return,0.006552855173746745
2020-09-07,BTC,19,squared return,0.0007373491923014323
2020-09-07,BTC,19,squared down-return,0.0006913344065348308
2020-09-07,BTC,20,return,0.013014952341715494
2020-09-07,BTC,20,squared return,0.0002324581146240235
2020-09-07,BTC,20,squared down-return,-0.00013542175292968753
2020-11-06,BTC,1,return,0.0031205813090006513
2020-11-06,BTC,1,squared return,0.00034825007120768226
2020-11-06,BTC,1,squared down-return,0.000356753667195638
2020-11-06,BTC,2,return,0.0012058417002360027
2020-11-06,BTC,2,squared return,0.00012946128845214844
2020-11-06,BTC,2,squared down-return,0.0003128846486409505
2020-11-06,BTC,3,return,0.00030024846394856774
2020-11-06,BTC,3,squared return,3.679593404134115e-05
2020-11-06,BTC,3,squared down-return,0.00010824203491210939
2020-11-06,BTC,4,return,0.0047660668690999355
2020-11-06,BTC,4,squared return,0.0005881786346435547
2020-11-06,BTC,4,squared down-return,0.0005924701690673828
2020-11-06,BTC,5,return,0.0034683545430501304
2020-11-06,BTC,5,squared return,6.620089213053385e-05
2020-11-06,BTC,5,squared down-return,-4.7206878662109375e-05
2020-11-06,BTC,6,return,-0.0006396770477294922
2020-11-06,BTC,6,squared return,1.6768773396809905e-05
2020-11-06,BTC,6,squared down-return,0.00021950403849283853
2020-11-06,BTC,7,return,0.0018039544423421225
2020-11-06,BTC,7,squared return,0.0003331502278645833
2020-11-06,BTC,7,squared down-return,0.0004355907440185547
2020-11-06,BTC,8,return,-0.00027489662170410156
2020-11-06,BTC,8,squared return,5.960464477539062e-05
2020-11-06,BTC,8,squared down-return,0.00014472007751464844
2020-11-06,BTC,9,return,0.0026413599650065107
2020-11-06,BTC,9,squared return,-0.00030652681986490887
2020-11-06,BTC,9,squared down-return,0.0001899401346842448
2020-11-06,BTC,10,return,-0.002261479695638021
2020-11-06,BTC,10,squared return,-5.8650970458984375e-05
2020-11-06,BTC,10,squared down-return,-0.0007294813791910807
2020-11-06,BTC,11,return,-0.0003653367360432942
2020-11-06,BTC,11,squared return,0.00011515617370605469
2020-11-06,BTC,11,squared down-return,0.00026957194010416663
2020-11-06,BTC,12,return,0.007547458012898763
2020-11-06,BTC,12,squared return,-0.0003452301025390625
2020-11-06,BTC,12,squared down-return,6.453196207682292e-05
2020-11-06,BTC,13,return,0.00024700164794921875
2020-11-06,BTC,13,squared return,-0.0009682973225911458
2020-11-06,BTC,13,squared down-return,9.131431579589844e-05
2020-11-06,BTC,14,return,-0.0031379063924153643
2020-11-06,BTC,14,squared return,0.00043924649556477863
2020-11-06,BTC,14,squared down-return,-5.3326288859049457e-05
2020-11-06,BTC,15,return,0.06276798248291016
2020-11-06,BTC,15,squared return,0.0005966027577718098
2020-11-06,BTC,15,squared down-return,0.0005566279093424479
2020-11-06,BTC,16,return,0.011653900146484373
2020-11-06,BTC,16,squared return,-0.0038061936696370444
2020-11-06,BTC,16,squared down-return,0.0006897449493408203
2020-11-06,BTC,17,return,0.003188927968343099
2020-11-06,BTC,17,squared return,1.3589859008789062e-05
2020-11-06,BTC,17,squared down-return,0.00010164578755696613
2020-11-06,BTC,18,return,0.004434029261271158
2020-11-06,BTC,18,squared return,0.0007050832112630208
2020-11-06,BTC,18,squared down-return,0.001112222671508789
2020-11-06,BTC,19,return,0.016941547393798828
2020-11-06,BTC,19,squared return,6.564458211263019e-05
2020-11-06,BTC,19,squared down-return,0.0007805029551188151
2020-11-06,BTC,20,return,-0.004075368245442709
2020-11-06,BTC,20,squared return,-0.0004739761352539063
2020-11-06,BTC,20,squared down-return,9.012222290039062e-05
2021-01-05,BTC,1,return,-0.00028443336486816406
2021-01-05,BTC,1,squared return,-1.0013580322265618e-05
2021-01-05,BTC,1,squared down-return,0.0001712640126546224
2021-01-05,BTC,2,return,0.0005577405293782552
2021-01-05,BTC,2,squared return,7.58965810139974e-05
2021-01-05,BTC,2,squared down-return,-2.972284952799479e-05
2021-01-05,BTC,3,return,0.002243439356486003
2021-01-05,BTC,3,squared return,-0.00012111663818359376
2021-01-05,BTC,3,squared down-return,5.539258321126302e-05
2021-01-05,BTC,4,return,0.004662831624348958
2021-01-05,BTC,4,squared return,0.0002357959747314453
2021-01-05,BTC,4,squared down-return,0.0003191630045572917
2021-01-05,BTC,5,return,0.00016633669535319007
2021-01-05,BTC,5,squared return,6.143252054850261e-05
2021-01-05,BTC,5,squared down-return,0.00018254915873209635
2021-01-05,BTC,6,return,-0.001903136571248372
2021-01-05,BTC,6,squared return,-4.450480143229164e-06
2021-01-05,BTC,6,squared down-return,-0.00025121370951334637
2021-01-05,BTC,7,return,-3.1312306722005136e-05
2021-01-05,BTC,7,squared return,0.00043876965840657556
2021-01-05,BTC,7,squared down-return,0.0003876686096191406
2021-01-05,BTC,8,return,0.0019512176513671875
2021-01-05,BTC,8,squared return,-7.836023966471355e-05
2021-01-05,BTC,8,squared down-return,-1.9868214925130214e-06
2021-01-05,BTC,9,return,0.0020891825358072915
2021-01-05,BTC,9,squared return,-7.788340250651042e-05
2021-01-05,BTC,9,squared down-return,-4.943211873372396e-05
2021-01-05,BTC,10,return,-0.004758278528849284
2021-01-05,BTC,10,squared return,0.0003674825032552083
2021-01-05,BTC,10,squared down-return,0.0003805955251057943
2021-01-05,BTC,11,return,-0.003411610921223959
2021-01-05,BTC,11,squared return,0.00016172726949055988
2021-01-05,BTC,11,squared down-return,0.00032655398050944007
2021-01-05,BTC,12,return,0.025511105855305992
2021-01-05,BTC,12,squared return,-0.000219106674194336
2021-01-05,BTC,12,squared down-return,8.805592854817709e-05
2021-01-05,BTC,13,return,-0.002502600351969401
2021-01-05,BTC,13,squared return,-0.00044854482014973957
2021-01-05,BTC,13,squared down-return,-0.00034014383951822913
2021-01-05,BTC,14,return,-0.00507664680480957
2021-01-05,BTC,14,squared return,-0.001883824666341146
2021-01-05,BTC,14,squared down-return,8.908907572428386e-05
2021-01-05,BTC,15,return,0.07402650515238443
2021-01-05,BTC,15,squared return,0.0011768341064453125
2021-01-05,BTC,15,squared down-return,0.0017180442810058594
2021-01-05,BTC,16,return,0.0329594612121582
2021-01-05,BTC,16,squared return,-0.0009547074635823567
2021-01-05,BTC,16,squared down-return,0.0007724761962890625
2021-01-05,BTC,17,return,0.0503836472829183
2021-01-05,BTC,17,squared return,0.0010441939036051433
2021-01-05,BTC,17,squared down-return,-0.0010837713877360027
2021-01-05,BTC,18,return,-0.021214008331298828
2021-01-05,BTC,18,squared return,0.0014850298563639321
2021-01-05,BTC,18,squared down-return,0.0006210009256998698
2021-01-05,BTC,19,return,0.050612052281697587
2021-01-05,BTC,19,squared return,-0.00016538302103678376
2021-01-05,BTC,19,squared down-return,-0.00020527839660644534
2021-01-05,BTC,20,return,0.0281368891398112
2021-01-05,BTC,20,squared return,-0.0005618731180826824
2021-01-05,BTC,20,squared down-return,0.0012506643931070962
2021-03-06,BTC,1,return,0.00025431315104166663
2021-03-06,BTC,1,squared return,3.0120213826497398e-05
2021-03-06,BTC,1,squared down-return,5.753835042317708e-05
2021-03-06,BTC,2,return,-0.00012636184692382812
2021-03-06,BTC,2,squared return,3.4332275390625e-05
2021-03-06,BTC,2,squared down-return,2.9802322387695312e-05
2021-03-06,BTC,3,return,-2.622604370117187e-05
2021-03-06,BTC,3,squared return,8.265177408854166e-06
2021-03-06,BTC,3,squared down-return,8.900960286458332e-06
2021-03-06,BTC,4,return,-5.992253621419269e-05
2021-03-06,BTC,4,squared return,2.6543935139973957e-05
2021-03-06,BTC,4,squared down-return,2.1537144978841145e-05
2021-03-06,BTC,5,return,-0.00026702880859375
2021-03-06,BTC,5,squared return,3.417332967122396e-05
2021-03-06,BTC,5,squared down-return,4.0531158447265625e-06
2021-03-06,BTC,6,return,-0.00016744931538899738
2021-03-06,BTC,6,squared return,6.59624735514323e-05
2021-03-06,BTC,6,squared down-return,5.960464477539063e-05
2021-03-06,BTC,7,return,9.846687316894531e-05
2021-03-06,BTC,7,squared return,3.4173329671223954e-05
2021-03-06,BTC,7,squared down-return,4.4345855712890625e-05
2021-03-06,BTC,8,return,-0.0002833207448323568
2021-03-06,BTC,8,squared return,-4.61737314860026e-05
2021-03-06,BTC,8,squared down-return,-1.1920928955078123e-05
2021-03-06,BTC,9,return,-0.0008505185445149741
2021-03-06,BTC,9,squared return,7.486343383789062e-05
2021-03-06,BTC,9,squared down-return,-2.400080362955729e-05
2021-03-06,BTC,10,return,0.0005036195119222006
2021-03-06,BTC,10,squared return,0.00013454755147298175
2021-03-06,BTC,10,squared down-return,4.76837158203125e-07
2021-03-06,BTC,11,return,-0.004564921061197916
2021-03-06,BTC,11,squared return,0.00011316935221354167
2021-03-06,BTC,11,squared down-return,-8.0108642578125e-05
2021-03-06,BTC,12,return,-0.001172463099161784
2021-03-06,BTC,12,squared return,6.74724578857422e-05
2021-03-06,BTC,12,squared down-return,1.0808308919270834e-05
2021-03-06,BTC,13,return,0.0009686946868896484
2021-03-06,BTC,13,squared return,-9.973843892415364e-05
2021-03-06,BTC,13,squared down-return,-1.0649363199869796e-05
2021-03-06,BTC,14,return,-0.004842440287272136
2021-03-06,BTC,14,squared return,-0.0007583300272623698
2021-03-06,BTC,14,squared down-return,0.00028554598490397137
2021-03-06,BTC,15,return,-0.0036942164103190107
2021-03-06,BTC,15,squared return,0.0003799597422281902
2021-03-06,BTC,15,squared down-return,0.00021974245707194012
2021-03-06,BTC,16,return,0.000539859135945638
2021-03-06,BTC,16,squared return,0.00016689300537109375
2021-03-06,BTC,16,squared down-return,0.00021918614705403647
2021-03-06,BTC,17,return,-0.0002276897430419922
2021-03-06,BTC,17,squared return,0.0009984175364176433
2021-03-06,BTC,17,squared down-return,0.00027116139729817707
2021-03-06,BTC,18,return,-0.004691362380981445
2021-03-06,BTC,18,squared return,0.0006163914998372396
2021-03-06,BTC,18,squared down-return,0.0003540515899658203
2021-03-06,BTC,19,return,-0.0022350947062174478
2021-03-06,BTC,19,squared return,-0.0003571510314941406
2021-03-06,BTC,19,squared down-return,0.0006580352783203125
2021-03-06,BTC,20,return,-0.003013849258422852
2021-03-06,BTC,20,squared return,2.6782353719075503e-05
2021-03-06,BTC,20,squared down-return,0.0005452632904052734
2021-05-05,BTC,1,return,-0.00021839141845703122
2021-05-05,BTC,1,squared return,1.533826192220052e-05
2021-05-05,BTC,1,squared down-return,7.319450378417969e-05
2021-05-05,BTC,2,return,-0.0009105205535888671
2021-05-05,BTC,2,squared return,-6.06377919514974e-05
2021-05-05,BTC,2,squared down-return,7.20818837483724e-05
2021-05-05,BTC,3,return,0.001638650894165039
2021-05-05,BTC,3,squared return,5.4438908894856766e-05
2021-05-05,BTC,3,squared down-return,7.176399230957031e-05
2021-05-05,BTC,4,return,0.0077055295308430995
2021-05-05,BTC,4,squared return,0.0004181861877441406
2021-05-05,BTC,4,squared down-return,0.00043423970540364587
2021-05-05,BTC,5,return,0.0031087398529052734
2021-05-05,BTC,5,squared return,7.247924804687499e-05
2021-05-05,BTC,5,squared down-return,-5.284945170084635e-05
2021-05-05,BTC,6,return,0.0009485085805257162
2021-05-05,BTC,6,squared return,-2.400080362955729e-05
2021-05-05,BTC,6,squared down-return,-0.0001465479532877604
2021-05-05,BTC,7,return,-0.010390520095825195
2021-05-05,BTC,7,squared return,0.00038162867228190106
2021-05-05,BTC,7,squared down-return,0.0003387133280436198
2021-05-05,BTC,8,return,-0.002887248992919922
2021-05-05,BTC,8,squared return,1.1126200358072911e-05
2021-05-05,BTC,8,squared down-return,-0.0007182757059733074
2021-05-05,BTC,9,return,0.0038548310597737627
2021-05-05,BTC,9,squared return,4.124641418457031e-05
2021-05-05,BTC,9,squared down-return,0.0001212755839029948
2021-05-05,BTC,10,return,0.001636902491251628
2021-05-05,BTC,10,squared return,0.00019884109497070312
2021-05-05,BTC,10,squared down-return,-4.553794860839843e-05
2021-05-05,BTC,11,return,0.009173472722371418
2021-05-05,BTC,11,squared return,-5.674362182617188e-05
2021-05-05,BTC,11,squared down-return,0.0003021558125813802
2021-05-05,BTC,12,return,0.014688094456990559
2021-05-05,BTC,12,squared return,0.0005385080973307292
2021-05-05,BTC,12,squared down-return,0.0004170735677083333
2021-05-05,BTC,13,return,0.001552263895670573
2021-05-05,BTC,13,squared return,9.584426879882812e-05
2021-05-05,BTC,13,squared down-return,0.00018024444580078125
2021-05-05,BTC,14,return,0.021202723185221352
2021-05-05,BTC,14,squared return,-0.000985860824584961
2021-05-05,BTC,14,squared down-return,0.0005395412445068359
2021-05-05,BTC,15,return,0.0626225471496582
2021-05-05,BTC,15,squared return,0.002074003219604492
2021-05-05,BTC,15,squared down-return,0.0025201638539632163
2021-05-05,BTC,16,return,0.05885044733683268
2021-05-05,BTC,16,squared return,0.0008069674173990885
2021-05-05,BTC,16,squared down-return,0.0007346471150716145
2021-05-05,BTC,17,return,0.06069604555765788
2021-05-05,BTC,17,squared return,0.0015727678934733074
2021-05-05,BTC,17,squared down-return,-6.0240427652994864e-05
2021-05-05,BTC,18,return,0.026508251825968426
2021-05-05,BTC,18,squared return,-0.002575476964314779
2021-05-05,BTC,18,squared down-return,0.0008665720621744792
2021-05-05,BTC,19,return,-0.0020256837209065752
2021-05-05,BTC,19,squared return,0.0014554659525553386
2021-05-05,BTC,19,squared down-return,0.00023372968037923178
2021-05-05,BTC,20,return,0.07058135668436687
2021-05-05,BTC,20,squared return,0.0011057853698730469
2021-05-05,BTC,20,squared down-return,2.7815500895182283e-05
2021-07-04,BTC,1,return,0.0008613268534342449
2021-07-04,BTC,1,squared return,6.0558319091796875e-05
2021-07-04,BTC,1,squared down-return,7.955233256022135e-05
2021-07-04,BTC,2,return,0.00010879834493001302
2021-07-04,BTC,2,squared return,-3.782908121744792e-05
2021-07-04,BTC,2,squared down-return,4.0372212727864586e-05
2021-07-04,BTC,3,return,0.0005533695220947266
2021-07-04,BTC,3,squared return,3.7352244059244803e-06
2021-07-04,BTC,3,squared down-return,2.1219253540039062e-05
2021-07-04,BTC,4,return,0.00035500526428222656
2021-07-04,BTC,4,squared return,4.601478576660156e-05
2021-07-04,BTC,4,squared down-return,5.348523457845052e-05
2021-07-04,BTC,5,return,1.9868214925130217e-05
2021-07-04,BTC,5,squared return,4.9432118733723954e-05
2021-07-04,BTC,5,squared down-return,6.810824076334635e-05
2021-07-04,BTC,6,return,1.0331471761067528e-06
2021-07-04,BTC,6,squared return,5.793571472167969e-05
2021-07-04,BTC,6,squared down-return,0.00011213620503743489
2021-07-04,BTC,7,return,0.0007207393646240235
2021-07-04,BTC,7,squared return,0.00016347567240397135
2021-07-04,BTC,7,squared down-return,0.0002551873524983724
2021-07-04,BTC,8,return,-0.0006517569224039713
2021-07-04,BTC,8,squared return,7.406870524088541e-05
2021-07-04,BTC,8,squared down-return,-5.086263020833329e-06
2021-07-04,BTC,9,return,0.0009449323018391926
2021-07-04,BTC,9,squared return,5.0624211629231766e-05
2021-07-04,BTC,9,squared down-return,0.00022617975870768228
2021-07-04,BTC,10,return,-0.0020813941955566406
2021-07-04,BTC,10,squared return,0.00011150042215983073
2021-07-04,BTC,10,squared down-return,0.00028936068216959637
2021-07-04,BTC,11,return,0.0017675558725992837
2021-07-04,BTC,11,squared return,0.00031558672587076825
2021-07-04,BTC,11,squared down-return,-0.00014813741048177084
2021-07-04,BTC,12,return,0.001569827397664388
2021-07-04,BTC,12,squared return,0.0006415843963623047
2021-07-04,BTC,12,squared down-return,0.00015401840209960938
2021-07-04,BTC,13,return,0.0003374417622884116
2021-07-04,BTC,13,squared return,-0.0011875629425048828
2021-07-04,BTC,13,squared down-return,-2.2729237874348964e-05
2021-07-04,BTC,14,return,-0.00859975814819336
2021-07-04,BTC,14,squared return,0.000836054484049479
2021-07-04,BTC,14,squared down-return,0.000533739725748698
2021-07-04,BTC,15,return,0.04555702209472656
2021-07-04,BTC,15,squared return,0.0005440711975097656
2021-07-04,BTC,15,squared down-return,-0.00025741259256998694
2021-07-04,BTC,16,return,0.002026081085205078
2021-07-04,BTC,16,squared return,0.001028140385945638
2021-07-04,BTC,16,squared down-return,-0.00011809666951497398
2021-07-04,BTC,17,return,0.01806187629699707
2021-07-04,BTC,17,squared return,0.0010298887888590496
2021-07-04,BTC,17,squared down-return,0.0001395543416341146
2021-07-04,BTC,18,return,0.01922607421875
2021-07-04,BTC,18,squared return,0.0014201800028483074
2021-07-04,BTC,18,squared down-return,0.0003596941630045573
2021-07-04,BTC,19,return,0.017174402872721352
2021-07-04,BTC,19,squared return,0.00011205673217773438
2021-07-04,BTC,19,squared down-return,0.0007211367289225261
2021-07-04,BTC,20,return,0.007509072621663412
2021-07-04,BTC,20,squared return,0.001227696736653646
2021-07-04,BTC,20,squared down-return,0.0011043548583984375
2021-09-02,BTC,1,return,0.004086732864379883
2021-09-02,BTC,1,squared return,3.5762786865234375e-05
2021-09-02,BTC,1,squared down-return,8.360544840494791e-05
2021-09-02,BTC,2,return,0.0012833277384440105
2021-09-02,BTC,2,squared return,7.13666280110677e-05
2021-09-02,BTC,2,squared down-return,0.00016657511393229166
2021-09-02,BTC,3,return,0.005049626032511393
2021-09-02,BTC,3,squared return,1.1682510375976562e-05
2021-09-02,BTC,3,squared down-return,-3.321965535481771e-05
2021-09-02,BTC,4,return,0.0014375845591227216
2021-09-02,BTC,4,squared return,0.00025192896525065106
2021-09-02,BTC,4,squared down-return,0.00014607111612955728
2021-09-02,BTC,5,return,-8.169809977213541e-05
2021-09-02,BTC,5,squared return,0.00017921129862467447
2021-09-02,BTC,5,squared down-return,-4.609425862630208e-05
2021-09-02,BTC,6,return,0.002939939498901367
2021-09-02,BTC,6,squared return,0.00011459986368815103
2021-09-02,BTC,6,squared down-return,0.0001751581827799479
2021-09-02,BTC,7,return,0.0037171045939127607
2021-09-02,BTC,7,squared return,0.00033704439798990887
2021-09-02,BTC,7,squared down-return,0.0001679261525472005
2021-09-02,BTC,8,return,0.00015441576639811205
2021-09-02,BTC,8,squared return,0.00027489662170410156
2021-09-02,BTC,8,squared down-return,3.5762786865234375e-06
2021-09-02,BTC,9,return,0.00434406598409017
2021-09-02,BTC,9,squared return,0.0003349781036376953
2021-09-02,BTC,9,squared down-return,0.00024501482645670575
2021-09-02,BTC,10,return,-4.617373148600257e-05
2021-09-02,BTC,10,squared return,-0.00010808308919270834
2021-09-02,BTC,10,squared down-return,-2.0503997802734375e-05
2021-09-02,BTC,11,return,0.00640114148457845
2021-09-02,BTC,11,squared return,-0.00034054120381673175
2021-09-02,BTC,11,squared down-return,-2.3126602172851562e-05
2021-09-02,BTC,12,return,0.003802855809529622
2021-09-02,BTC,12,squared return,-0.00019470850626627603
2021-09-02,BTC,12,squared down-return,0.00011197725931803386
2021-09-02,BTC,13,return,-0.0019090970357259116
2021-09-02,BTC,13,squared return,0.00033434232076009113
2021-09-02,BTC,13,squared down-return,-2.574920654296875e-05
2021-09-02,BTC,14,return,0.009231964747111004
2021-09-02,BTC,14,squared return,-0.00020591417948404947
2021-09-02,BTC,14,squared down-return,1.891454060872396e-05
2021-09-02,BTC,15,return,0.004108985265096028
2021-09-02,BTC,15,squared return,-0.00033299128214518226
2021-09-02,BTC,15,squared down-return,-0.0001583099365234375
2021-09-02,BTC,16,return,0.0040282408396403
2021-09-02,BTC,16,squared return,-0.00034077962239583337
2021-09-02,BTC,16,squared down-return,-3.457069396972656e-05
2021-09-02,BTC,17,return,-0.0013109842936197917
2021-09-02,BTC,17,squared return,2.0821889241536457e-05
2021-09-02,BTC,17,squared down-return,-0.0001266002655029297
2021-09-02,BTC,18,return,0.006056070327758789
2021-09-02,BTC,18,squared return,-0.00016927719116210938
2021-09-02,BTC,18,squared down-return,0.00015489260355631512
2021-09-02,BTC,19,return,0.0042014916737874355
2021-09-02,BTC,19,squared return,0.00017801920572916666
2021-09-02,BTC,19,squared down-return,-2.2093454996744793e-05
2021-09-02,BTC,20,return,-0.001600821812947591
2021-09-02,BTC,20,squared return,-6.79492950439453e-05
2021-09-02,BTC,20,squared down-return,-9.655952453613281e-05
2021-11-01,BTC,1,return,0.003859440485636393
2021-11-01,BTC,1,squared return,-0.00011221567789713541
2021-11-01,BTC,1,squared down-return,8.416175842285156e-05
2021-11-01,BTC,2,return,0.0021740595499674478
2021-11-01,BTC,2,squared return,1.0490417480468753e-05
2021-11-01,BTC,2,squared down-return,0.00012350082397460938
2021-11-01,BTC,3,return,0.0019004344940185547
2021-11-01,BTC,3,squared return,-9.965896606445312e-05
2021-11-01,BTC,3,squared down-return,-9.457270304361978e-05
2021-11-01,BTC,4,return,0.000465552012125651
2021-11-01,BTC,4,squared return,0.00021878878275553387
2021-11-01,BTC,4,squared down-return,5.825360616048177e-05
2021-11-01,BTC,5,return,0.00170286496480306
2021-11-01,BTC,5,squared return,4.744529724121094e-05
2021-11-01,BTC,5,squared down-return,3.47296396891276e-05
2021-11-01,BTC,6,return,-0.0012837251027425132
2021-11-01,BTC,6,squared return,9.473164876302083e-05
2021-11-01,BTC,6,squared down-return,9.592374165852865e-05
2021-11-01,BTC,7,return,0.002641916275024414
2021-11-01,BTC,7,squared return,0.00012501080830891925
2021-11-01,BTC,7,squared down-return,0.0001629193623860677
2021-11-01,BTC,8,return,-0.0004522005716959635
2021-11-01,BTC,8,squared return,3.5762786865234375e-05
2021-11-01,BTC,8,squared down-return,-4.371007283528646e-06
2021-11-01,BTC,9,return,0.0016088485717773438
2021-11-01,BTC,9,squared return,0.00010410944620768228
2021-11-01,BTC,9,squared down-return,7.430712381998698e-05
2021-11-01,BTC,10,return,-3.361701965332031e-05
2021-11-01,BTC,10,squared return,-6.0955683390299484e-05
2021-11-01,BTC,10,squared down-return,-5.6743621826171875e-05
2021-11-01,BTC,11,return,0.00022029876708984375
2021-11-01,BTC,11,squared return,5.9604644775390625e-06
2021-11-01,BTC,11,squared down-return,-1.136461893717448e-05
2021-11-01,BTC,12,return,0.0003205140431722005
2021-11-01,BTC,12,squared return,9.465217590332031e-05
2021-11-01,BTC,12,squared down-return,7.58965810139974e-05
2021-11-01,BTC,13,return,0.0005184809366861979
2021-11-01,BTC,13,squared return,-3.075599670410156e-05
2021-11-01,BTC,13,squared down-return,-3.1153361002604164e-05
2021-11-01,BTC,14,return,-0.0009969075520833333
2021-11-01,BTC,14,squared return,6.357828776041666e-06
2021-11-01,BTC,14,squared down-return,-3.353754679361979e-05
2021-11-01,BTC,15,return,-0.0005942980448404948
2021-11-01,BTC,15,squared return,-6.75519307454427e-06
2021-11-01,BTC,15,squared down-return,-6.1194101969401044e-06
2021-11-01,BTC,16,return,5.364418029785157e-05
2021-11-01,BTC,16,squared return,8.082389831542969e-05
2021-11-01,BTC,16,squared down-return,5.284945170084636e-05
2021-11-01,BTC,17,return,-6.37372334798177e-05
2021-11-01,BTC,17,squared return,-7.073084513346354e-06
2021-11-01,BTC,17,squared down-return,-1.2556711832682291e-05
2021-11-01,BTC,18,return,7.390975952148437e-06
2021-11-01,BTC,18,squared return,1.049041748046875e-05
2021-11-01,BTC,18,squared down-return,1.9868214925130206e-06
2021-11-01,BTC,19,return,6.731351216634115e-05
2021-11-01,BTC,19,squared return,1.9391377766927082e-05
2021-11-01,BTC,19,squared down-return,-3.4173329671223956e-06
2021-11-01,BTC,20,return,-0.00021640459696451822
2021-11-01,BTC,20,squared return,-2.117582368135751e-22
2021-11-01,BTC,20,squared down-return,-1.0172526041666668e-05
2021-12-31,BTC,1,return,0.004260698954264322
2021-12-31,BTC,1,squared return,-2.9087066650390625e-05
2021-12-31,BTC,1,squared down-return,3.7670135498046875e-05
2021-12-31,BTC,2,return,0.001454432805379232
2021-12-31,BTC,2,squared return,3.512700398763021e-05
2021-12-31,BTC,2,squared down-return,0.00018914540608723957
2021-12-31,BTC,3,return,0.0020554065704345703
2021-12-31,BTC,3,squared return,-5.857149759928385e-05
2021-12-31,BTC,3,squared down-return,-0.00011825561523437499
2021-12-31,BTC,4,return,0.004063844680786133
2021-12-31,BTC,4,squared return,0.00031097730000813806
2021-12-31,BTC,4,squared down-return,8.344650268554688e-05
2021-12-31,BTC,5,return,0.0009477933247884115
2021-12-31,BTC,5,squared return,1.255671183268229e-05
2021-12-31,BTC,5,squared down-return,-1.430511474609375e-05
2021-12-31,BTC,6,return,0.0010379155476888022
2021-12-31,BTC,6,squared return,8.757909138997395e-05
2021-12-31,BTC,6,squared down-return,-3.004074096679687e-05
2021-12-31,BTC,7,return,0.004109700520833334
2021-12-31,BTC,7,squared return,0.000251928965250651
2021-12-31,BTC,7,squared down-return,0.0002353986104329427
2021-12-31,BTC,8,return,-0.0025268395741780596
2021-12-31,BTC,8,squared return,0.00015179316202799478
2021-12-31,BTC,8,squared down-return,-2.4000803629557293e-05
2021-12-31,BTC,9,return,0.002390384674072266
2021-12-31,BTC,9,squared return,0.00018080075581868488
2021-12-31,BTC,9,squared down-return,0.00030517578125
2021-12-31,BTC,10,return,0.000423590342203776
2021-12-31,BTC,10,squared return,-2.7974446614583332e-05
2021-12-31,BTC,10,squared down-return,-8.900960286458334e-06
2021-12-31,BTC,11,return,0.0017803510030110679
2021-12-31,BTC,11,squared return,-2.4318695068359375e-05
2021-12-31,BTC,11,squared down-return,4.2120615641276046e-05
2021-12-31,BTC,12,return,-0.00028475125630696613
2021-12-31,BTC,12,squared return,-5.586942036946614e-05
2021-12-31,BTC,12,squared down-return,-3.7829081217447914e-05
2021-12-31,BTC,13,return,-0.0008834997812906902
2021-12-31,BTC,13,squared return,5.563100179036447e-07
2021-12-31,BTC,13,squared down-return,-1.5576680501302086e-05
2021-12-31,BTC,14,return,0.0011092027028401692
2021-12-31,BTC,14,squared return,-4.347165425618489e-05
2021-12-31,BTC,14,squared down-return,3.552436828613281e-05
2021-12-31,BTC,15,return,0.0006834665934244792
2021-12-31,BTC,15,squared return,-3.9895375569661454e-05
2021-12-31,BTC,15,squared down-return,-6.357828776041667e-06
2021-12-31,BTC,16,return,0.0001662572224934896
2021-12-31,BTC,16,squared return,-0.0001091162363688151
2021-12-31,BTC,16,squared down-return,-8.12212626139323e-05
2021-12-31,BTC,17,return,-0.0005997816721598307
2021-12-31,BTC,17,squared return,-4.879633585611978e-05
2021-12-31,BTC,17,squared down-return,-8.845329284667969e-05
2021-12-31,BTC,18,return,3.0279159545898465e-05
2021-12-31,BTC,18,squared return,-9.799003601074219e-05
2021-12-31,BTC,18,squared down-return,-7.486343383789062e-05
2021-12-31,BTC,19,return,0.000354925791422526
2021-12-31,BTC,19,squared return,-4.291534423828125e-05
2021-12-31,BTC,19,squared down-return,-4.450480143229166e-06
2021-12-31,BTC,20,return,0.0006172657012939453
2021-12-31,BTC,20,squared return,7.947285970052082e-06
2021-12-31,BTC,20,squared down-return,3.8464864095052086e-05
2022-03-01,BTC,1,return,0.004494746526082357
2022-03-01,BTC,1,squared return,1.422564188639323e-05
2022-03-01,BTC,1,squared down-return,1.71661376953125e-05
2022-03-01,BTC,2,return,0.002050161361694336
2022-03-01,BTC,2,squared return,2.2649765014648438e-05
2022-03-01,BTC,2,squared down-return,0.0001788934071858724
2022-03-01,BTC,3,return,0.0033542315165201826
2022-03-01,BTC,3,squared return,-6.612141927083334e-05
2022-03-01,BTC,3,squared down-return,-7.93139139811198e-05
2022-03-01,BTC,4,return,-0.0003701051076253256
2022-03-01,BTC,4,squared return,8.440017700195312e-05
2022-03-01,BTC,4,squared down-return,-6.516774495442709e-06
2022-03-01,BTC,5,return,0.0021959145863850913
2022-03-01,BTC,5,squared return,-5.650520324707031e-05
2022-03-01,BTC,5,squared down-return,5.563100179036457e-06
2022-03-01,BTC,6,return,-0.0004747708638509115
2022-03-01,BTC,6,squared return,3.1630198160807296e-05
2022-03-01,BTC,6,squared down-return,-2.3841857910156216e-06
2022-03-01,BTC,7,return,0.003017107645670573
2022-03-01,BTC,7,squared return,7.93139139811198e-05
2022-03-01,BTC,7,squared down-return,0.00018747647603352865
2022-03-01,BTC,8,return,-0.0007597605387369791
2022-03-01,BTC,8,squared return,6.389617919921875e-05
2022-03-01,BTC,8,squared down-return,-0.00010204315185546875
2022-03-01,BTC,9,return,0.002327839533487956
2022-03-01,BTC,9,squared return,7.677078247070312e-05
2022-03-01,BTC,9,squared down-return,9.806950887044272e-05
2022-03-01,BTC,10,return,0.0005594094594319661
2022-03-01,BTC,10,squared return,-9.894371032714842e-05
2022-03-01,BTC,10,squared down-return,-5.094210306803386e-05
2022-03-01,BTC,11,return,0.0020843346913655596
2022-03-01,BTC,11,squared return,5.324681599934896e-06
2022-03-01,BTC,11,squared down-return,6.59624735514323e-06
2022-03-01,BTC,12,return,-0.00018739700317382812
2022-03-01,BTC,12,squared return,4.633267720540365e-05
2022-03-01,BTC,12,squared down-return,1.5020370483398438e-05
2022-03-01,BTC,13,return,-0.00021560986836751303
2022-03-01,BTC,13,squared return,-2.1298726399739586e-05
2022-03-01,BTC,13,squared down-return,-1.0887781778971355e-05
2022-03-01,BTC,14,return,-0.00021489461263020832
2022-03-01,BTC,14,squared return,-2.757708231608073e-05
2022-03-01,BTC,14,squared down-return,-5.308787027994792e-05
2022-03-01,BTC,15,return,0.0005153020222981771
2022-03-01,BTC,15,squared return,-1.0808308919270832e-05
2022-03-01,BTC,15,squared down-return,-3.4173329671223964e-06
2022-03-01,BTC,16,return,1.7245610555013043e-05
2022-03-01,BTC,16,squared return,-1.6371409098307293e-05
2022-03-01,BTC,16,squared down-return,-2.2252400716145836e-05
2022-03-01,BTC,17,return,5.3723653157552086e-05
2022-03-01,BTC,17,squared return,3.1789143880208305e-07
2022-03-01,BTC,17,squared down-return,8.424123128255207e-06
2022-03-01,BTC,18,return,-0.00016927719116210935
2022-03-01,BTC,18,squared return,-2.8371810913085938e-05
2022-03-01,BTC,18,squared down-return,-3.425280253092448e-05
2022-03-01,BTC,19,return,-4.124641418457031e-05
2022-03-01,BTC,19,squared return,1.7484029134114586e-05
2022-03-01,BTC,19,squared down-return,-5.245208740234375e-06
2022-03-01,BTC,20,return,0.0004279613494873047
2022-03-01,BTC,20,squared return,8.185704549153645e-06
2022-03-01,BTC,20,squared down-return,2.47955322265625e-05
2022-04-30,BTC,1,return,0.003621657689412435
2022-04-30,BTC,1,squared return,-6.667772928873698e-05
2022-04-30,BTC,1,squared down-return,7.637341817220052e-05
2022-04-30,BTC,2,return,0.0036428769429524745
2022-04-30,BTC,2,squared return,-7.526079813639323e-05
2022-04-30,BTC,2,squared down-return,0.00013033548990885418
2022-04-30,BTC,3,return,0.0005755424499511719
2022-04-30,BTC,3,squared return,-6.866455078125001e-05
2022-04-30,BTC,3,squared down-return,-2.0662943522135418e-05
2022-04-30,BTC,4,return,-0.00021227200826009118
2022-04-30,BTC,4,squared return,5.9604644775390625e-05
2022-04-30,BTC,4,squared down-return,1.6371409098307293e-05
2022-04-30,BTC,5,return,0.0005675951639811198
2022-04-30,BTC,5,squared return,-5.388259887695312e-05
2022-04-30,BTC,5,squared down-return,-4.212061564127604e-06
2022-04-30,BTC,6,return,0.0005749861399332683
2022-04-30,BTC,6,squared return,0.00014225641886393228
2022-04-30,BTC,6,squared down-return,7.430712381998697e-05
2022-04-30,BTC,7,return,0.0002764066060384115
2022-04-30,BTC,7,squared return,0.0001633167266845703
2022-04-30,BTC,7,squared down-return,0.00011889139811197917
2022-04-30,BTC,8,return,-0.0005598862965901692
2022-04-30,BTC,8,squared return,0.0001251697540283203
2022-04-30,BTC,8,squared down-return,2.702077229817708e-06
2022-04-30,BTC,9,return,0.0006165504455566406
2022-04-30,BTC,9,squared return,0.00013534228006998697
2022-04-30,BTC,9,squared down-return,2.4557113647460938e-05
2022-04-30,BTC,10,return,-0.0002910296122233073
2022-04-30,BTC,10,squared return,-1.4305114746093784e-06
2022-04-30,BTC,10,squared down-return,-1.3192494710286459e-05
2022-04-30,BTC,11,return,0.00030692418416341144
2022-04-30,BTC,11,squared return,5.6425730387369794e-06
2022-04-30,BTC,11,squared down-return,1.0410944620768229e-05
2022-04-30,BTC,12,return,-7.430712381998697e-05
2022-04-30,BTC,12,squared return,-1.247723897298177e-05
2022-04-30,BTC,12,squared down-return,-1.041094462076823e-05
2022-04-30,BTC,13,return,0.0009438991546630859
2022-04-30,BTC,13,squared return,-8.026758829752605e-06
2022-04-30,BTC,13,squared down-return,-1.6689300537109409e-06
2022-04-30,BTC,14,return,0.0005736351013183594
2022-04-30,BTC,14,squared return,-5.920728047688802e-05
2022-04-30,BTC,14,squared down-return,-3.600120544433594e-05
2022-04-30,BTC,15,return,0.0004360675811767578
2022-04-30,BTC,15,squared return,-3.933906555175781e-05
2022-04-30,BTC,15,squared down-return,-7.94728597005197e-08
2022-04-30,BTC,16,return,0.0004536310831705729
2022-04-30,BTC,16,squared return,-6.063779195149739e-05
2022-04-30,BTC,16,squared down-return,-8.34465026855469e-06
2022-04-30,BTC,17,return,-0.0012194315592447917
2022-04-30,BTC,17,squared return,-7.088979085286459e-05
2022-04-30,BTC,17,squared down-return,-6.190935770670572e-05
2022-04-30,BTC,18,return,-0.00045315424601236976
2022-04-30,BTC,18,squared return,-0.00013828277587890625
2022-04-30,BTC,18,squared down-return,-7.343292236328125e-05
2022-04-30,BTC,19,return,-2.749760945638019e-05
2022-04-30,BTC,19,squared return,7.152557373046875e-06
2022-04-30,BTC,19,squared down-return,2.559026082356771e-05
2022-04-30,BTC,20,return,0.0002407232920328776
2022-04-30,BTC,20,squared return,-2.3126602172851562e-05
2022-04-30,BTC,20,squared down-return,5.245208740234375e-06
2022-06-29,BTC,1,return,0.002342859903971354
2022-06-29,BTC,1,squared return,1.8437703450520836e-05
2022-06-29,BTC,1,squared down-return,-8.130073547363281e-05
2022-06-29,BTC,2,return,0.00304722785949707
2022-06-29,BTC,2,squared return,8.710225423177083e-05
2022-06-29,BTC,2,squared down-return,9.49700673421224e-05
2022-06-29,BTC,3,return,0.0037673314412434893
2022-06-29,BTC,3,squared return,7.255872090657552e-05
2022-06-29,BTC,3,squared down-return,-1.843770345052083e-05
2022-06-29,BTC,4,return,0.00025447209676106774
2022-06-29,BTC,4,squared return,0.0001528263092041016
2022-06-29,BTC,4,squared down-return,6.612141927083334e-05
2022-06-29,BTC,5,return,0.004633506139119466
2022-06-29,BTC,5,squared return,9.87847646077474e-05
2022-06-29,BTC,5,squared down-return,9.504954020182291e-05
2022-06-29,BTC,6,return,0.0005842844645182291
2022-06-29,BTC,6,squared return,3.5524368286132806e-05
2022-06-29,BTC,6,squared down-return,1.056989034016927e-05
2022-06-29,BTC,7,return,-0.00030803680419921875
2022-06-29,BTC,7,squared return,0.00010744730631510417
2022-06-29,BTC,7,squared down-return,3.5921732584635414e-05
2022-06-29,BTC,8,return,0.0017128785451253257
2022-06-29,BTC,8,squared return,4.824002583821614e-05
2022-06-29,BTC,8,squared down-return,2.2649765014648438e-05
2022-06-29,BTC,9,return,0.0007391770680745443
2022-06-29,BTC,9,squared return,0.00011428197224934897
2022-06-29,BTC,9,squared down-return,3.600120544433594e-05
2022-06-29,BTC,10,return,0.0006821950276692708
2022-06-29,BTC,10,squared return,-5.022684733072918e-05
2022-06-29,BTC,10,squared down-return,4.442532857259114e-05
2022-06-29,BTC,11,return,0.00033442179361979174
2022-06-29,BTC,11,squared return,-6.119410196940105e-06
2022-06-29,BTC,11,squared down-return,-9.377797444661459e-06
2022-06-29,BTC,12,return,0.001165946324666341
2022-06-29,BTC,12,squared return,0.00012572606404622397
2022-06-29,BTC,12,squared down-return,5.284945170084635e-05
2022-06-29,BTC,13,return,-0.0001242955525716146
2022-06-29,BTC,13,squared return,1.2159347534179688e-05
2022-06-29,BTC,13,squared down-return,3.759066263834636e-05
2022-06-29,BTC,14,return,-0.0011182626088460288
2022-06-29,BTC,14,squared return,0.0001163482666015625
2022-06-29,BTC,14,squared down-return,2.4716059366861984e-05
2022-06-29,BTC,15,return,-4.363059997558594e-05
2022-06-29,BTC,15,squared return,-5.086263020833334e-06
2022-06-29,BTC,15,squared down-return,2.201398213704427e-05
2022-06-29,BTC,16,return,-0.0006031195322672526
2022-06-29,BTC,16,squared return,1.9947687784830727e-05
2022-06-29,BTC,16,squared down-return,-7.94728597005208e-07
2022-06-29,BTC,17,return,0.0005676746368408203
2022-06-29,BTC,17,squared return,-7.152557373046875e-07
2022-06-29,BTC,17,squared down-return,1.2874603271484373e-05
2022-06-29,BTC,18,return,-0.00015870730082194012
2022-06-29,BTC,18,squared return,-4.132588704427084e-06
2022-06-29,BTC,18,squared down-return,-1.7484029134114585e-06
2022-06-29,BTC,19,return,-0.00010768572489420572
2022-06-29,BTC,19,squared return,-1.796086629231771e-05
2022-06-29,BTC,19,squared down-return,-8.742014567057291e-07
2022-06-29,BTC,20,return,4.2835871378580734e-05
2022-06-29,BTC,20,squared return,-2.702077229817708e-06
2022-06-29,BTC,20,squared down-return,9.5367431640625e-07
2022-08-28,BTC,1,return,0.002574920654296875
2022-08-28,BTC,1,squared return,-8.106231689453125e-05
2022-08-28,BTC,1,squared down-return,-1.4225641886393232e-05
2022-08-28,BTC,2,return,0.006815512975056966
2022-08-28,BTC,2,squared return,9.934107462565105e-05
2022-08-28,BTC,2,squared down-return,0.00012914339701334637
2022-08-28,BTC,3,return,0.0031617482503255205
2022-08-28,BTC,3,squared return,-0.0001709461212158203
2022-08-28,BTC,3,squared down-return,-0.00013868014017740887
2022-08-28,BTC,4,return,0.0020485719045003257
2022-08-28,BTC,4,squared return,0.00022355715433756512
2022-08-28,BTC,4,squared down-return,-9.5367431640625e-05
2022-08-28,BTC,5,return,0.0050543149312337245
2022-08-28,BTC,5,squared return,-7.152557373046875e-05
2022-08-28,BTC,5,squared down-return,0.00010569890340169272
2022-08-28,BTC,6,return,0.0034233729044596353
2022-08-28,BTC,6,squared return,-6.67572021484375e-05
2022-08-28,BTC,6,squared down-return,3.687540690104167e-05
2022-08-28,BTC,7,return,0.0024226506551106772
2022-08-28,BTC,7,squared return,0.00012509028116861978
2022-08-28,BTC,7,squared down-return,0.00011062622070312501
2022-08-28,BTC,8,return,0.0016643206278483071
2022-08-28,BTC,8,squared return,-3.5762786865234375e-05
2022-08-28,BTC,8,squared down-return,0.00011221567789713541
2022-08-28,BTC,9,return,-0.0010787645975748699
2022-08-28,BTC,9,squared return,0.00012175242106119792
2022-08-28,BTC,9,squared down-return,5.11010487874349e-05
2022-08-28,BTC,10,return,0.0010710557301839194
2022-08-28,BTC,10,squared return,-7.645289103190105e-05
2022-08-28,BTC,10,squared down-return,1.4543533325195314e-05
2022-08-28,BTC,11,return,0.001624027887980143
2022-08-28,BTC,11,squared return,-5.404154459635421e-06
2022-08-28,BTC,11,squared down-return,5.269050598144531e-05
2022-08-28,BTC,12,return,0.00206605593363444
2022-08-28,BTC,12,squared return,5.888938903808594e-05
2022-08-28,BTC,12,squared down-return,8.082389831542969e-05
2022-08-28,BTC,13,return,3.918011983235675e-05
2022-08-28,BTC,13,squared return,2.5510787963867188e-05
2022-08-28,BTC,13,squared down-return,-7.319450378417969e-05
2022-08-28,BTC,14,return,-0.0002077420552571614
2022-08-28,BTC,14,squared return,9.799003601074219e-05
2022-08-28,BTC,14,squared down-return,2.9881795247395832e-05
2022-08-28,BTC,15,return,-0.00020106633504231772
2022-08-28,BTC,15,squared return,-2.1696090698242188e-05
2022-08-28,BTC,15,squared down-return,-8.424123128255209e-06
2022-08-28,BTC,16,return,0.00017460187276204428
2022-08-28,BTC,16,squared return,-1.7484029134114582e-05
2022-08-28,BTC,16,squared down-return,5.642573038736979e-06
2022-08-28,BTC,17,return,-0.0001316070556640625
2022-08-28,BTC,17,squared return,4.76837158203125e-07
2022-08-28,BTC,17,squared down-return,-3.019968668619791e-06
2022-08-28,BTC,18,return,0.0003261566162109375
2022-08-28,BTC,18,squared return,8.106231689453125e-06
2022-08-28,BTC,18,squared down-return,1.899401346842448e-05
2022-08-28,BTC,19,return,8.742014567057201e-07
2022-08-28,BTC,19,squared return,3.647804260253906e-05
2022-08-28,BTC,19,squared down-return,8.980433146158854e-06
2022-08-28,BTC,20,return,0.00027473767598470056
2022-08-28,BTC,20,squared return,2.376238505045573e-05
2022-08-28,BTC,20,squared down-return,4.784266153971354e-05
2022-10-27,BTC,1,return,0.002576192220052083
2022-10-27,BTC,1,squared return,2.6941299438476562e-05
2022-10-27,BTC,1,squared down-return,-8.471806844075522e-05
2022-10-27,BTC,2,return,0.00012286504109700524
2022-10-27,BTC,2,squared return,-5.0067901611328125e-06
2022-10-27,BTC,2,squared down-return,-2.4875005086263023e-05
2022-10-27,BTC,3,return,0.0018115838368733725
2022-10-27,BTC,3,squared return,5.944569905598958e-05
2022-10-27,BTC,3,squared down-return,9.361902872721353e-05
2022-10-27,BTC,4,return,-0.0007576942443847656
2022-10-27,BTC,4,squared return,0.00011714299519856772
2022-10-27,BTC,4,squared down-return,-2.6702880859375003e-05
2022-10-27,BTC,5,return,0.0020026365915934243
2022-10-27,BTC,5,squared return,2.384185791015625e-06
2022-10-27,BTC,5,squared down-return,-9.695688883463543e-06
2022-10-27,BTC,6,return,-0.0008742809295654296
2022-10-27,BTC,6,squared return,8.821487426757812e-06
2022-10-27,BTC,6,squared down-return,-4.8160552978515625e-05
2022-10-27,BTC,7,return,-3.3060709635416664e-05
2022-10-27,BTC,7,squared return,2.7179718017578125e-05
2022-10-27,BTC,7,squared down-return,6.930033365885417e-05
2022-10-27,BTC,8,return,-2.638498942057288e-05
2022-10-27,BTC,8,squared return,-2.5272369384765625e-05
2022-10-27,BTC,8,squared down-return,4.140535990397135e-05
2022-10-27,BTC,9,return,-0.0005204677581787109
2022-10-27,BTC,9,squared return,1.6927719116210938e-05
2022-10-27,BTC,9,squared down-return,-4.410743713378906e-05
2022-10-27,BTC,10,return,-0.0002661546071370443
2022-10-27,BTC,10,squared return,2.145767211914063e-06
2022-10-27,BTC,10,squared down-return,2.0662943522135418e-05
2022-10-27,BTC,11,return,-0.00010069211324055989
2022-10-27,BTC,11,squared return,1.5894571940104166e-07
2022-10-27,BTC,11,squared down-return,-3.337860107421875e-06
2022-10-27,BTC,12,return,0.000874042510986328
2022-10-27,BTC,12,squared return,-5.014737447102864e-05
2022-10-27,BTC,12,squared down-return,1.3987223307291668e-05
2022-10-27,BTC,13,return,-0.0008304119110107422
2022-10-27,BTC,13,squared return,1.7484029134114576e-06
2022-10-27,BTC,13,squared down-return,1.1920928955078123e-05
2022-10-27,BTC,14,return,-0.00023746490478515625
2022-10-27,BTC,14,squared return,4.251797993977865e-05
2022-10-27,BTC,14,squared down-return,1.3669331868489586e-05
2022-10-27,BTC,15,return,7.335344950358073e-05
2022-10-27,BTC,15,squared return,1.5894571940104167e-06
2022-10-27,BTC,15,squared down-return,4.291534423828126e-06
2022-10-27,BTC,16,return,0.0001236597696940104
2022-10-27,BTC,16,squared return,-1.4623006184895832e-05
2022-10-27,BTC,16,squared down-return,-1.4066696166992188e-05
2022-10-27,BTC,17,return,0.0002071857452392578
2022-10-27,BTC,17,squared return,-6.119410196940104e-06
2022-10-27,BTC,17,squared down-return,-2.2252400716145835e-06
2022-10-27,BTC,18,return,0.00015433629353841144
2022-10-27,BTC,18,squared return,5.563100179036459e-06
2022-10-27,BTC,18,squared down-return,4.450480143229166e-06
2022-10-27,BTC,19,return,-5.2134195963541664e-05
2022-10-27,BTC,19,squared return,-1.804033915201823e-05
2022-10-27,BTC,19,squared down-return,-1.6132990519205727e-05
2022-10-27,BTC,20,return,-0.00020813941955566406
2022-10-27,BTC,20,squared return,-1.1841456095377604e-05
2022-10-27,BTC,20,squared down-return,-4.291534423828125e-06
2022-12-26,BTC,1,return,0.008034070332845051
2022-12-26,BTC,1,squared return,0.00030271212259928387
2022-12-26,BTC,1,squared down-return,0.0003826618194580078
2022-12-26,BTC,2,return,0.005144198735555013
2022-12-26,BTC,2,squared return,-2.2649765014648438e-05
2022-12-26,BTC,2,squared down-return,9.934107462565105e-05
2022-12-26,BTC,3,return,0.0014946460723876955
2022-12-26,BTC,3,squared return,-6.620089213053386e-05
2022-12-26,BTC,3,squared down-return,0.0001503626505533854
2022-12-26,BTC,4,return,-0.0012722015380859375
2022-12-26,BTC,4,squared return,0.0001667340596516927
2022-12-26,BTC,4,squared down-return,-0.0003294150034586588
2022-12-26,BTC,5,return,-0.0013211568196614583
2022-12-26,BTC,5,squared return,-0.00019248326619466144
2022-12-26,BTC,5,squared down-return,-0.00012596448262532553
2022-12-26,BTC,6,return,6.357828776041663e-05
2022-12-26,BTC,6,squared return,-0.0001219908396402995
2022-12-26,BTC,6,squared down-return,-1.5099843343098947e-06
2022-12-26,BTC,7,return,0.002369403839111328
2022-12-26,BTC,7,squared return,-8.201599121093751e-05
2022-12-26,BTC,7,squared down-return,7.152557373046875e-06
2022-12-26,BTC,8,return,-8.948644002278644e-05
2022-12-26,BTC,8,squared return,-0.00015878677368164062
2022-12-26,BTC,8,squared down-return,-2.9166539510091145e-05
2022-12-26,BTC,9,return,-0.0017215410868326821
2022-12-26,BTC,9,squared return,-1.7245610555013026e-05
2022-12-26,BTC,9,squared down-return,-0.00010077158610026041
2022-12-26,BTC,10,return,0.001656929651896159
2022-12-26,BTC,10,squared return,4.9114227294921875e-05
2022-12-26,BTC,10,squared down-return,-7.247924804687499e-05
2022-12-26,BTC,11,return,5.125999450683594e-05
2022-12-26,BTC,11,squared return,0.00012556711832682293
2022-12-26,BTC,11,squared down-return,0.00017150243123372394
2022-12-26,BTC,12,return,0.002652247746785482
2022-12-26,BTC,12,squared return,0.00016442934672037762
2022-12-26,BTC,12,squared down-return,0.0002044836680094401
2022-12-26,BTC,13,return,0.0006761550903320312
2022-12-26,BTC,13,squared return,0.00011984507242838543
2022-12-26,BTC,13,squared down-return,6.596247355143228e-05
2022-12-26,BTC,14,return,-0.0009566942850748699
2022-12-26,BTC,14,squared return,-0.00020853678385416668
2022-12-26,BTC,14,squared down-return,-0.00023436546325683594
2022-12-26,BTC,15,return,0.0022283395131429034
2022-12-26,BTC,15,squared return,-1.621246337890625e-05
2022-12-26,BTC,15,squared down-return,2.1060307820638023e-05
2022-12-26,BTC,16,return,0.001586755116780599
2022-12-26,BTC,16,squared return,0.00029540061950683594
2022-12-26,BTC,16,squared down-return,0.0003153483072916667
2022-12-26,BTC,17,return,-0.002495288848876953
2022-12-26,BTC,17,squared return,-1.136461893717448e-05
2022-12-26,BTC,17,squared down-return,-9.187062581380209e-05
2022-12-26,BTC,18,return,0.003509680430094401
2022-12-26,BTC,18,squared return,0.00022069613138834635
2022-12-26,BTC,18,squared down-return,-2.0424524943033845e-05
2022-12-26,BTC,19,return,0.004407962163289389
2022-12-26,BTC,19,squared return,0.0005469322204589844
2022-12-26,BTC,19,squared down-return,0.00028077761332194007
2022-12-26,BTC,20,return,0.0036983489990234375
2022-12-26,BTC,20,squared return,0.0002911090850830078
2022-12-26,BTC,20,squared down-return,0.0001674493153889974
2023-02-24,BTC,1,return,0.006656010945638021
2023-02-24,BTC,1,squared return,0.00041015942891438806
2023-02-24,BTC,1,squared down-return,0.000274499257405599
2023-02-24,BTC,2,return,0.0062843163808186855
2023-02-24,BTC,2,squared return,-0.0003002484639485677
2023-02-24,BTC,2,squared down-return,-7.549921671549477e-06
2023-02-24,BTC,3,return,0.003939231236775716
2023-02-24,BTC,3,squared return,-0.00017412503560384113
2023-02-24,BTC,3,squared down-return,0.0002018610636393229
2023-02-24,BTC,4,return,0.00205842653910319
2023-02-24,BTC,4,squared return,0.0004893143971761068
2023-02-24,BTC,4,squared down-return,4.919370015462239e-05
2023-02-24,BTC,5,return,0.0039424896240234375
2023-02-24,BTC,5,squared return,-7.049242655436198e-05
2023-02-24,BTC,5,squared down-return,-2.5828679402669273e-05
2023-02-24,BTC,6,return,0.0006173451741536457
2023-02-24,BTC,6,squared return,-0.0002295970916748047
2023-02-24,BTC,6,squared down-return,-9.886423746744793e-05
2023-02-24,BTC,7,return,0.0014509359995524087
2023-02-24,BTC,7,squared return,8.0108642578125e-05
2023-02-24,BTC,7,squared down-return,2.2093454996744796e-05
2023-02-24,BTC,8,return,0.0008729298909505208
2023-02-24,BTC,8,squared return,1.9709269205729168e-05
2023-02-24,BTC,8,squared down-return,-0.00011150042215983072
2023-02-24,BTC,9,return,-0.00046547253926595056
2023-02-24,BTC,9,squared return,6.97771708170573e-05
2023-02-24,BTC,9,squared down-return,4.537900288899739e-05
2023-02-24,BTC,10,return,-0.0003667672475179037
2023-02-24,BTC,10,squared return,-1.6212463378906247e-05
2023-02-24,BTC,10,squared down-return,-6.794929504394531e-05
2023-02-24,BTC,11,return,-0.0005854765574137369
2023-02-24,BTC,11,squared return,1.1046727498372395e-05
2023-02-24,BTC,11,squared down-return,3.830591837565104e-05
2023-02-24,BTC,12,return,0.0009517669677734377
2023-02-24,BTC,12,squared return,1.629193623860677e-05
2023-02-24,BTC,12,squared down-return,3.639856974283854e-05
2023-02-24,BTC,13,return,0.00046722094217936194
2023-02-24,BTC,13,squared return,2.4239222208658855e-05
2023-02-24,BTC,13,squared down-return,5.4200490315755204e-05
2023-02-24,BTC,14,return,0.003100474675496419
2023-02-24,BTC,14,squared return,-0.00018898646036783853
2023-02-24,BTC,14,squared down-return,-3.96569569905599e-05
2023-02-24,BTC,15,return,0.00046730041503906255
2023-02-24,BTC,15,squared return,4.6412150065104164e-05
2023-02-24,BTC,15,squared down-return,8.122126261393228e-05
2023-02-24,BTC,16,return,-5.602836608886716e-05
2023-02-24,BTC,16,squared return,8.916854858398439e-05
2023-02-24,BTC,16,squared down-return,9.123484293619792e-05
2023-02-24,BTC,17,return,-2.447764078776038e-05
2023-02-24,BTC,17,squared return,0.0
2023-02-24,BTC,17,squared down-return,1.0649363199869793e-05
2023-02-24,BTC,18,return,-0.00045649210611979163
2023-02-24,BTC,18,squared return,6.111462910970052e-05
2023-02-24,BTC,18,squared down-return,1.5179316202799477e-05
2023-02-24,BTC,19,return,0.00020766258239746094
2023-02-24,BTC,19,squared return,7.891654968261719e-05
2023-02-24,BTC,19,squared down-return,5.626678466796875e-05
2023-02-24,BTC,20,return,0.00016331672668457034
2023-02-24,BTC,20,squared return,1.5497207641601562e-05
2023-02-24,BTC,20,squared down-return,1.2238820393880209e-05
2023-04-25,BTC,1,return,0.008971373240152996
2023-04-25,BTC,1,squared return,0.0007297197977701824
2023-04-25,BTC,1,squared down-return,0.0006763935089111328
2023-04-25,BTC,2,return,0.007112820943196615
2023-04-25,BTC,2,squared return,8.233388264973958e-05
2023-04-25,BTC,2,squared down-return,0.0001663366953531901
2023-04-25,BTC,3,return,0.0041045347849528
2023-04-25,BTC,3,squared return,-9.862581888834635e-05
2023-04-25,BTC,3,squared down-return,0.0003135999043782552
2023-04-25,BTC,4,return,-0.0028994083404541016
2023-04-25,BTC,4,squared return,0.0003666083017985026
2023-04-25,BTC,4,squared down-return,-2.5828679402669273e-05
2023-04-25,BTC,5,return,0.0017916361490885417
2023-04-25,BTC,5,squared return,8.05060068766276e-05
2023-04-25,BTC,5,squared down-return,-0.0002004305521647136
2023-04-25,BTC,6,return,0.0028984546661376957
2023-04-25,BTC,6,squared return,2.686182657877604e-05
2023-04-25,BTC,6,squared down-return,1.3907750447591141e-05
2023-04-25,BTC,7,return,0.0038556257883707685
2023-04-25,BTC,7,squared return,-0.0001018842061360677
2023-04-25,BTC,7,squared down-return,-9.338061014811197e-05
2023-04-25,BTC,8,return,0.0010749499003092449
2023-04-25,BTC,8,squared return,-5.467732747395834e-05
2023-04-25,BTC,8,squared down-return,-4.879633585611979e-05
2023-04-25,BTC,9,return,0.0006044705708821614
2023-04-25,BTC,9,squared return,0.00018286705017089844
2023-04-25,BTC,9,squared down-return,-8.861223856608072e-05
2023-04-25,BTC,10,return,-0.00014313062032063795
2023-04-25,BTC,10,squared return,3.4809112548828125e-05
2023-04-25,BTC,10,squared down-return,3.695487976074219e-05
2023-04-25,BTC,11,return,-0.002269903818766276
2023-04-25,BTC,11,squared return,2.018610636393229e-05
2023-04-25,BTC,11,squared down-return,-0.00010975201924641927
2023-04-25,BTC,12,return,0.0023082097371419272
2023-04-25,BTC,12,squared return,2.2411346435546875e-05
2023-04-25,BTC,12,squared down-return,5.745887756347656e-05
2023-04-25,BTC,13,return,-0.0009864171346028645
2023-04-25,BTC,13,squared return,6.310145060221353e-05
2023-04-25,BTC,13,squared down-return,-0.00010887781778971353
2023-04-25,BTC,14,return,0.0015882651011149087
2023-04-25,BTC,14,squared return,0.0002251466115315755
2023-04-25,BTC,14,squared down-return,0.00010522206624348959
2023-04-25,BTC,15,return,0.0011640389760335288
2023-04-25,BTC,15,squared return,-8.098284403483073e-05
2023-04-25,BTC,15,squared down-return,-0.0001919269561767578
2023-04-25,BTC,16,return,0.0030403931935628252
2023-04-25,BTC,16,squared return,-0.000127712885538737
2023-04-25,BTC,16,squared down-return,-8.988380432128906e-05
2023-04-25,BTC,17,return,0.0017275810241699217
2023-04-25,BTC,17,squared return,-4.0531158447265625e-06
2023-04-25,BTC,17,squared down-return,-3.655751546223958e-06
2023-04-25,BTC,18,return,0.002405563990275065
2023-04-25,BTC,18,squared return,-5.4438908894856766e-05
2023-04-25,BTC,18,squared down-return,3.266334533691406e-05
2023-04-25,BTC,19,return,0.00011356671651204428
2023-04-25,BTC,19,squared return,-0.00018095970153808594
2023-04-25,BTC,19,squared down-return,-5.563100179036458e-07
2023-04-25,BTC,20,return,-0.0003699461619059245
2023-04-25,BTC,20,squared return,-0.00010498364766438802
2023-04-25,BTC,20,squared down-return,2.0742416381835938e-05
2023-06-24,BTC,1,return,0.0011432965596516929
2023-06-24,BTC,1,squared return,0.00011555353800455728
2023-06-24,BTC,1,squared down-return,0.00014098485310872394
2023-06-24,BTC,2,return,0.0010538101196289062
2023-06-24,BTC,2,squared return,1.7960866292317707e-05
2023-06-24,BTC,2,squared down-return,4.212061564127604e-05
2023-06-24,BTC,3,return,0.0006247361501057943
2023-06-24,BTC,3,squared return,3.09149424235026e-05
2023-06-24,BTC,3,squared down-return,5.499521891276041e-05
2023-06-24,BTC,4,return,-0.0002997716267903646
2023-06-24,BTC,4,squared return,3.3458073933919266e-05
2023-06-24,BTC,4,squared down-return,-4.76837158203125e-07
2023-06-24,BTC,5,return,0.00017317136128743488
2023-06-24,BTC,5,squared return,8.58306884765625e-06
2023-06-24,BTC,5,squared down-return,8.58306884765625e-06
2023-06-24,BTC,6,return,2.686182657877604e-05
2023-06-24,BTC,6,squared return,3.973642985026041e-07
2023-06-24,BTC,6,squared down-return,4.132588704427083e-06
2023-06-24,BTC,7,return,6.357828776041665e-07
2023-06-24,BTC,7,squared return,3.9736429850260413e-07
2023-06-24,BTC,7,squared down-return,-2.6469779601696886e-23
2023-06-24,BTC,8,return,6.9141387939453125e-06
2023-06-24,BTC,8,squared return,-2.384185791015625e-07
2023-06-24,BTC,8,squared down-return,3.178914388020833e-07
2023-06-24,BTC,9,return,2.622604370117187e-06
2023-06-24,BTC,9,squared return,-7.947285970052084e-07
2023-06-24,BTC,9,squared down-return,-7.947285970052087e-08
2023-06-24,BTC,10,return,-1.4146169026692709e-05
2023-06-24,BTC,10,squared return,-1.2715657552083335e-06
2023-06-24,BTC,10,squared down-return,-7.152557373046875e-07
2023-06-24,BTC,11,return,6.039937337239583e-06
2023-06-24,BTC,11,squared return,2.384185791015625e-07
2023-06-24,BTC,11,squared down-return,7.947285970052083e-08
2023-06-24,BTC,12,return,-1.700719197591146e-05
2023-06-24,BTC,12,squared return,-2.384185791015625e-07
2023-06-24,BTC,12,squared down-return,-7.947285970052083e-07
2023-06-24,BTC,13,return,2.5431315104166665e-06
2023-06-24,BTC,13,squared return,3.178914388020833e-07
2023-06-24,BTC,13,squared down-return,1.5894571940104166e-07
2023-06-24,BTC,14,return,4.291534423828125e-06
2023-06-24,BTC,14,squared return,7.947285970052087e-08
2023-06-24,BTC,14,squared down-return,-2.384185791015625e-07
2023-06-24,BTC,15,return,6.357828776041666e-07
2023-06-24,BTC,15,squared return,7.947285970052083e-08
2023-06-24,BTC,15,squared down-return,0.0
2023-06-24,BTC,16,return,7.947285970052083e-08
2023-06-24,BTC,16,squared return,0.0
2023-06-24,BTC,16,squared down-return,0.0
2023-06-24,BTC,17,return,7.947285970052083e-08
2023-06-24,BTC,17,squared return,0.0
2023-06-24,BTC,17,squared down-return,0.0
2023-06-24,BTC,18,return,2.384185791015625e-07
2023-06-24,BTC,18,squared return,0.0
2023-06-24,BTC,18,squared down-return,0.0
2023-06-24,BTC,19,return,3.178914388020833e-07
2023-06-24,BTC,19,squared return,0.0
2023-06-24,BTC,19,squared down-return,7.947285970052083e-08
2023-06-24,BTC,20,return,-2.384185791015625e-07
2023-06-24,BTC,20,squared return,0.0
2023-06-24,BTC,20,squared down-return,7.947285970052083e-08
2023-08-23,BTC,1,return,0.0038695335388183594
2023-08-23,BTC,1,squared return,0.0007081826527913412
2023-08-23,BTC,1,squared down-return,0.00044449170430501306
2023-08-23,BTC,2,return,0.005115588506062825
2023-08-23,BTC,2,squared return,0.0002059141794840495
2023-08-23,BTC,2,squared down-return,0.0002548694610595703
2023-08-23,BTC,3,return,0.005807161331176758
2023-08-23,BTC,3,squared return,0.00020011266072591144
2023-08-23,BTC,3,squared down-return,0.00022816658020019534
2023-08-23,BTC,4,return,-0.002429326375325521
2023-08-23,BTC,4,squared return,0.00028316179911295575
2023-08-23,BTC,4,squared down-return,1.5656153361002605e-05
2023-08-23,BTC,5,return,-0.0013887087504069011
2023-08-23,BTC,5,squared return,0.00012111663818359375
2023-08-23,BTC,5,squared down-return,2.304712931315102e-06
2023-08-23,BTC,6,return,0.0013155937194824219
2023-08-23,BTC,6,squared return,0.00020424524943033853
2023-08-23,BTC,6,squared down-return,-2.3365020751953125e-05
2023-08-23,BTC,7,return,0.0021104812622070312
2023-08-23,BTC,7,squared return,0.00014869372049967447
2023-08-23,BTC,7,squared down-return,0.0001006921132405599
2023-08-23,BTC,8,return,-0.0005737940470377605
2023-08-23,BTC,8,squared return,-2.4398167928059898e-05
2023-08-23,BTC,8,squared down-return,5.594889322916667e-05
2023-08-23,BTC,9,return,6.69161478678385e-05
2023-08-23,BTC,9,squared return,9.353955586751302e-05
2023-08-23,BTC,9,squared down-return,4.275639851888021e-05
2023-08-23,BTC,10,return,0.0035863717397054034
2023-08-23,BTC,10,squared return,-5.189577738444011e-05
2023-08-23,BTC,10,squared down-return,4.220008850097656e-05
2023-08-23,BTC,11,return,-0.0008887449900309244
2023-08-23,BTC,11,squared return,-5.761782328287761e-05
2023-08-23,BTC,11,squared down-return,-2.9246012369791668e-05
2023-08-23,BTC,12,return,0.0025993982950846353
2023-08-23,BTC,12,squared return,6.047884623209635e-05
2023-08-23,BTC,12,squared down-return,-0.0002606709798177083
2023-08-23,BTC,13,return,0.0013789335886637368
2023-08-23,BTC,13,squared return,-5.9604644775390625e-05
2023-08-23,BTC,13,squared down-return,3.536542256673177e-05
2023-08-23,BTC,14,return,-0.0006094773610432943
2023-08-23,BTC,14,squared return,0.00012191136678059897
2023-08-23,BTC,14,squared down-return,3.2504399617513016e-05
2023-08-23,BTC,15,return,-0.0005347728729248047
2023-08-23,BTC,15,squared return,2.6941299438476562e-05
2023-08-23,BTC,15,squared down-return,1.2874603271484375e-05
2023-08-23,BTC,16,return,1.3271967569986997e-05
2023-08-23,BTC,16,squared return,-8.344650268554688e-06
2023-08-23,BTC,16,squared down-return,7.788340250651043e-06
2023-08-23,BTC,17,return,1.7484029134114403e-06
2023-08-23,BTC,17,squared return,-4.649162292480469e-05
2023-08-23,BTC,17,squared down-return,-2.781550089518229e-05
2023-08-23,BTC,18,return,0.0008496443430582683
2023-08-23,BTC,18,squared return,-2.566973368326823e-05
2023-08-23,BTC,18,squared down-return,-2.813339233398437e-05
2023-08-23,BTC,19,return,0.0005714893341064453
2023-08-23,BTC,19,squared return,-7.224082946777344e-05
2023-08-23,BTC,19,squared down-return,-4.927317301432291e-06
2023-08-23,BTC,20,return,0.0002559820810953776
2023-08-23,BTC,20,squared return,-8.050600687662761e-05
2023-08-23,BTC,20,squared down-return,-2.2411346435546875e-05
2023-10-22,BTC,1,return,0.0015799204508463542
2023-10-22,BTC,1,squared return,0.0003399848937988281
2023-10-22,BTC,1,squared down-return,0.00029349327087402344
2023-10-22,BTC,2,return,0.0011898676554361978
2023-10-22,BTC,2,squared return,4.8478444417317704e-05
2023-10-22,BTC,2,squared down-return,5.181630452473958e-05
2023-10-22,BTC,3,return,4.792213439941407e-05
2023-10-22,BTC,3,squared return,-9.059906005859373e-06
2023-10-22,BTC,3,squared down-return,3.0199686686197915e-06
2023-10-22,BTC,4,return,-0.00020813941955566404
2023-10-22,BTC,4,squared return,1.3430913289388021e-05
2023-10-22,BTC,4,squared down-return,-1.5894571940104166e-07
2023-10-22,BTC,5,return,-7.01745351155599e-05
2023-10-22,BTC,5,squared return,9.536743164062499e-07
2023-10-22,BTC,5,squared down-return,-1.430511474609375e-06
2023-10-22,BTC,6,return,-6.278355916341146e-06
2023-10-22,BTC,6,squared return,2.384185791015625e-07
2023-10-22,BTC,6,squared down-return,0.0
2023-10-22,BTC,7,return,1.231829325358073e-05
2023-10-22,BTC,7,squared return,-2.384185791015625e-07
2023-10-22,BTC,7,squared down-return,1.5894571940104166e-07
2023-10-22,BTC,8,return,-1.5894571940104168e-07
2023-10-22,BTC,8,squared return,0.0
2023-10-22,BTC,8,squared down-return,1.5894571940104166e-07
2023-10-22,BTC,9,return,4.132588704427083e-06
2023-10-22,BTC,9,squared return,0.0
2023-10-22,BTC,9,squared down-return,3.973642985026042e-07
2023-10-22,BTC,10,return,-3.6557515462239585e-06
2023-10-22,BTC,10,squared return,7.947285970052083e-08
2023-10-22,BTC,10,squared down-return,-7.947285970052083e-08
2023-10-22,BTC,11,return,1.9073486328125e-06
2023-10-22,BTC,11,squared return,-1.5894571940104166e-07
2023-10-22,BTC,11,squared down-return,0.0
2023-10-22,BTC,12,return,7.947285970052087e-08
2023-10-22,BTC,12,squared return,7.947285970052083e-08
2023-10-22,BTC,12,squared down-return,0.0
2023-10-22,BTC,13,return,-1.5894571940104166e-07
2023-10-22,BTC,13,squared return,0.0
2023-10-22,BTC,13,squared down-return,0.0
2023-10-22,BTC,14,return,0.0
2023-10-22,BTC,14,squared return,0.0
2023-10-22,BTC,14,squared down-return,0.0
2023-10-22,BTC,15,return,2.384185791015625e-07
2023-10-22,BTC,15,squared return,0.0
2023-10-22,BTC,15,squared down-return,0.0
2023-10-22,BTC,16,return,-2.384185791015625e-07
2023-10-22,BTC,16,squared return,0.0
2023-10-22,BTC,16,squared down-return,0.0
2023-10-22,BTC,17,return,0.0
2023-10-22,BTC,17,squared return,0.0
2023-10-22,BTC,17,squared down-return,0.0
2023-10-22,BTC,18,return,0.0
2023-10-22,BTC,18,squared return,0.0
2023-10-22,BTC,18,squared down-return,0.0
2023-10-22,BTC,19,return,0.0
2023-10-22,BTC,19,squared return,0.0
2023-10-22,BTC,19,squared down-return,0.0
2023-10-22,BTC,20,return,0.0
2023-10-22,BTC,20,squared return,0.0
2023-10-22,BTC,20,squared down-return,0.0
2023-12-21,BTC,1,return,0.0023711522420247393
2023-12-21,BTC,1,squared return,0.0009713967641194661
2023-12-21,BTC,1,squared down-return,0.0008403460184733071
2023-12-21,BTC,2,return,0.0036351680755615234
2023-12-21,BTC,2,squared return,3.6319096883138016e-05
2023-12-21,BTC,2,squared down-return,0.00015743573506673178
2023-12-21,BTC,3,return,0.00034999847412109375
2023-12-21,BTC,3,squared return,-1.0569890340169273e-05
2023-12-21,BTC,3,squared down-return,6.59624735514323e-06
2023-12-21,BTC,4,return,0.0001461505889892578
2023-12-21,BTC,4,squared return,-2.090136210123698e-05
2023-12-21,BTC,4,squared down-return,2.4080276489257812e-05
2023-12-21,BTC,5,return,0.0010512669881184895
2023-12-21,BTC,5,squared return,-9.04401143391927e-05
2023-12-21,BTC,5,squared down-return,2.781550089518229e-05
2023-12-21,BTC,6,return,0.0019482771555582683
2023-12-21,BTC,6,squared return,-4.021326700846354e-05
2023-12-21,BTC,6,squared down-return,-3.751118977864583e-05
2023-12-21,BTC,7,return,-0.003265221913655599
2023-12-21,BTC,7,squared return,-9.417533874511719e-05
2023-12-21,BTC,7,squared down-return,-9.330113728841147e-05
2023-12-21,BTC,8,return,0.0002818107604980469
2023-12-21,BTC,8,squared return,2.8371810913085938e-05
2023-12-21,BTC,8,squared down-return,3.178914388020834e-06
2023-12-21,BTC,9,return,-0.0019375483194986978
2023-12-21,BTC,9,squared return,1.0013580322265623e-05
2023-12-21,BTC,9,squared down-return,-4.959106445312499e-05
2023-12-21,BTC,10,return,0.0022614796956380205
2023-12-21,BTC,10,squared return,2.757708231608073e-05
2023-12-21,BTC,10,squared down-return,5.809466044108073e-05
2023-12-21,BTC,11,return,-0.001630862553914388
2023-12-21,BTC,11,squared return,-0.00015441576639811197
2023-12-21,BTC,11,squared down-return,-2.3126602172851562e-05
2023-12-21,BTC,12,return,0.0016336441040039062
2023-12-21,BTC,12,squared return,-5.404154459635416e-05
2023-12-21,BTC,12,squared down-return,6.683667500813802e-05
2023-12-21,BTC,13,return,-0.0005339781443277994
2023-12-21,BTC,13,squared return,6.834665934244791e-06
2023-12-21,BTC,13,squared down-return,3.6557515462239585e-06
2023-12-21,BTC,14,return,-0.003175814946492513
2023-12-21,BTC,14,squared return,-0.00013478597005208334
2023-12-21,BTC,14,squared down-return,-0.00023070971171061197
2023-12-21,BTC,15,return,0.008075078328450521
2023-12-21,BTC,15,squared return,0.00031908353169759113
2023-12-21,BTC,15,squared down-return,0.0001986821492513021
2023-12-21,BTC,16,return,-0.0004935264587402345
2023-12-21,BTC,16,squared return,5.9604644775390625e-06
2023-12-21,BTC,16,squared down-return,-3.7749608357747405e-05
2023-12-21,BTC,17,return,0.0008208751678466796
2023-12-21,BTC,17,squared return,6.4849853515625e-05
2023-12-21,BTC,17,squared down-return,4.5935312906901046e-05
2023-12-21,BTC,18,return,0.0010390281677246094
2023-12-21,BTC,18,squared return,-1.0013580322265625e-05
2023-12-21,BTC,18,squared down-return,2.5113423665364582e-05
2023-12-21,BTC,19,return,-0.0006550947825113932
2023-12-21,BTC,19,squared return,-2.582867940266927e-05
2023-12-21,BTC,19,squared down-return,-8.408228556315103e-05
2023-12-21,BTC,20,return,0.0011164347330729167
2023-12-21,BTC,20,squared return,-7.311503092447916e-06
2023-12-21,BTC,20,squared down-return,-6.318092346191406e-05
2024-02-19,BTC,1,return,0.00634916623433431
2024-02-19,BTC,1,squared return,0.0008740425109863281
2024-02-19,BTC,1,squared down-return,0.0006268024444580078
2024-02-19,BTC,2,return,0.004113992055257161
2024-02-19,BTC,2,squared return,0.00015497207641601562
2024-02-19,BTC,2,squared down-return,0.0002067089080810547
2024-02-19,BTC,3,return,-0.0015473365783691406
2024-02-19,BTC,3,squared return,-0.00021147727966308594
2024-02-19,BTC,3,squared down-return,1.5815099080403648e-05
2024-02-19,BTC,4,return,0.00043932596842447913
2024-02-19,BTC,4,squared return,2.757708231608073e-05
2024-02-19,BTC,4,squared down-return,4.6888987223307294e-06
2024-02-19,BTC,5,return,0.0025138060251871748
2024-02-19,BTC,5,squared return,-2.9246012369791668e-05
2024-02-19,BTC,5,squared down-return,-1.2715657552083332e-05
2024-02-19,BTC,6,return,-0.003132343292236328
2024-02-19,BTC,6,squared return,-7.390975952148436e-05
2024-02-19,BTC,6,squared down-return,-5.435943603515625e-05
2024-02-19,BTC,7,return,0.0015912055969238281
2024-02-19,BTC,7,squared return,3.496805826822917e-05
2024-02-19,BTC,7,squared down-return,-4.371007283528646e-06
2024-02-19,BTC,8,return,0.0002869764963785807
2024-02-19,BTC,8,squared return,4.4345855712890625e-05
2024-02-19,BTC,8,squared down-return,0.0001186529795328776
2024-02-19,BTC,9,return,0.001016855239868164
2024-02-19,BTC,9,squared return,1.71661376953125e-05
2024-02-19,BTC,9,squared down-return,2.2411346435546875e-05
2024-02-19,BTC,10,return,0.0043791929880778
2024-02-19,BTC,10,squared return,-7.716814676920573e-05
2024-02-19,BTC,10,squared down-return,-6.953875223795572e-05
2024-02-19,BTC,11,return,-0.0017046133677164712
2024-02-19,BTC,11,squared return,-0.00022594134012858075
2024-02-19,BTC,11,squared down-return,-3.4173329671223954e-05
2024-02-19,BTC,12,return,0.0027946631113688154
2024-02-19,BTC,12,squared return,7.93933868408203e-05
2024-02-19,BTC,12,squared down-return,-2.9007593790690102e-05
2024-02-19,BTC,13,return,0.00046292940775553387
2024-02-19,BTC,13,squared return,-2.4477640787760414e-05
2024-02-19,BTC,13,squared down-return,3.20275624593099e-05
2024-02-19,BTC,14,return,-0.0018802483876546223
2024-02-19,BTC,14,squared return,2.8212865193684895e-05
2024-02-19,BTC,14,squared down-return,-8.81354014078776e-05
2024-02-19,BTC,15,return,0.0005480448404947916
2024-02-19,BTC,15,squared return,-4.959106445312499e-05
2024-02-19,BTC,15,squared down-return,-4.625320434570313e-05
2024-02-19,BTC,16,return,0.00028061866760253906
2024-02-19,BTC,16,squared return,-3.337860107421875e-06
2024-02-19,BTC,16,squared down-return,-4.57763671875e-05
2024-02-19,BTC,17,return,-0.00019359588623046867
2024-02-19,BTC,17,squared return,7.947285970052093e-07
2024-02-19,BTC,17,squared down-return,0.00026702880859375
2024-02-19,BTC,18,return,0.0004871686299641927
2024-02-19,BTC,18,squared return,7.947285970052084e-05
2024-02-19,BTC,18,squared down-return,5.435943603515625e-05
2024-02-19,BTC,19,return,0.0012938181559244792
2024-02-19,BTC,19,squared return,-3.846486409505208e-05
2024-02-19,BTC,19,squared down-return,1.7960866292317707e-05
2024-02-19,BTC,20,return,0.0026711622873942056
2024-02-19,BTC,20,squared return,-0.00015020370483398438
2024-02-19,BTC,20,squared down-return,-5.165735880533854e-05
2024-04-19,BTC,1,return,0.0007155736287434895
2024-04-19,BTC,1,squared return,0.00011444091796875
2024-04-19,BTC,1,squared down-return,4.7524770100911454e-05
2024-04-19,BTC,2,return,0.0009113152821858723
2024-04-19,BTC,2,squared return,1.4146169026692709e-05
2024-04-19,BTC,2,squared down-return,-1.629193623860677e-05
2024-04-19,BTC,3,return,-0.0004084904988606771
2024-04-19,BTC,3,squared return,5.960464477539062e-06
2024-04-19,BTC,3,squared down-return,1.7245610555013023e-05
2024-04-19,BTC,4,return,-0.00011126200358072918
2024-04-19,BTC,4,squared return,5.427996317545572e-05
2024-04-19,BTC,4,squared down-return,2.0821889241536457e-05
2024-04-19,BTC,5,return,-0.0006359418233235677
2024-04-19,BTC,5,squared return,2.3047129313151043e-05
2024-04-19,BTC,5,squared down-return,1.3113021850585938e-05
2024-04-19,BTC,6,return,0.00016204516092936197
2024-04-19,BTC,6,squared return,6.270408630371094e-05
2024-04-19,BTC,6,squared down-return,2.9007593790690102e-05
2024-04-19,BTC,7,return,0.0011548201243082683
2024-04-19,BTC,7,squared return,2.4398167928059898e-05
2024-04-19,BTC,7,squared down-return,-9.695688883463541e-06
2024-04-19,BTC,8,return,0.00023365020751953125
2024-04-19,BTC,8,squared return,-8.742014567057291e-06
2024-04-19,BTC,8,squared down-return,1.0251998901367188e-05
2024-04-19,BTC,9,return,4.291534423828125e-06
2024-04-19,BTC,9,squared return,-2.9802322387695312e-05
2024-04-19,BTC,9,squared down-return,-2.9404958089192722e-06
2024-04-19,BTC,10,return,-0.00017301241556803387
2024-04-19,BTC,10,squared return,-8.185704549153646e-06
2024-04-19,BTC,10,squared down-return,7.470448811848958e-06
2024-04-19,BTC,11,return,-0.0005185604095458984
2024-04-19,BTC,11,squared return,-3.258387247721354e-05
2024-04-19,BTC,11,squared down-return,8.742014567057293e-06
2024-04-19,BTC,12,return,0.0009018580118815105
2024-04-19,BTC,12,squared return,6.119410196940105e-06
2024-04-19,BTC,12,squared down-return,7.788340250651041e-06
2024-04-19,BTC,13,return,0.0003635883331298828
2024-04-19,BTC,13,squared return,-3.0199686686197914e-05
2024-04-19,BTC,13,squared down-return,-9.059906005859375e-06
2024-04-19,BTC,14,return,-0.0009534358978271484
2024-04-19,BTC,14,squared return,2.0265579223632812e-05
2024-04-19,BTC,14,squared down-return,4.331270853678385e-05
2024-04-19,BTC,15,return,-0.0005589326222737631
2024-04-19,BTC,15,squared return,2.9722849527994793e-05
2024-04-19,BTC,15,squared down-return,1.724561055501302e-05
2024-04-19,BTC,16,return,0.0003970464070638021
2024-04-19,BTC,16,squared return,3.7670135498046875e-05
2024-04-19,BTC,16,squared down-return,9.45727030436198e-06
2024-04-19,BTC,17,return,0.0003849665323893229
2024-04-19,BTC,17,squared return,1.71661376953125e-05
2024-04-19,BTC,17,squared down-return,5.086263020833333e-06
2024-04-19,BTC,18,return,9.584426879882812e-05
2024-04-19,BTC,18,squared return,-2.4080276489257812e-05
2024-04-19,BTC,18,squared down-return,6.596247355143229e-06
2024-04-19,BTC,19,return,0.0006091594696044922
2024-04-19,BTC,19,squared return,-5.483627319335938e-06
2024-04-19,BTC,19,squared down-return,-2.2570292154947914e-05
2024-04-19,BTC,20,return,0.00026837984720865887
2024-04-19,BTC,20,squared return,5.054473876953125e-05
2024-04-19,BTC,20,squared down-return,9.536743164062502e-07
2024-06-18,BTC,1,return,0.00040078163146972656
2024-06-18,BTC,1,squared return,0.00013645490010579425
2024-06-18,BTC,1,squared down-return,4.04516855875651e-05
2024-06-18,BTC,2,return,0.0005210240681966145
2024-06-18,BTC,2,squared return,1.6212463378906247e-05
2024-06-18,BTC,2,squared down-return,5.0067901611328125e-06
2024-06-18,BTC,3,return,9.258588155110675e-05
2024-06-18,BTC,3,squared return,-1.1920928955078127e-05
2024-06-18,BTC,3,squared down-return,1.4464060465494791e-05
2024-06-18,BTC,4,return,0.0004374186197916667
2024-06-18,BTC,4,squared return,3.3060709635416664e-05
2024-06-18,BTC,4,squared down-return,1.4940897623697918e-05
2024-06-18,BTC,5,return,0.00011698404947916667
2024-06-18,BTC,5,squared return,3.9339065551757806e-05
2024-06-18,BTC,5,squared down-return,3.258387247721354e-06
2024-06-18,BTC,6,return,-1.3748804728190105e-05
2024-06-18,BTC,6,squared return,2.3444493611653645e-05
2024-06-18,BTC,6,squared down-return,-2.940495808919271e-06
2024-06-18,BTC,7,return,0.00032242139180501306
2024-06-18,BTC,7,squared return,1.327196756998698e-05
2024-06-18,BTC,7,squared down-return,-1.0331471761067709e-05
2024-06-18,BTC,8,return,-8.980433146158859e-06
2024-06-18,BTC,8,squared return,-1.430511474609375e-06
2024-06-18,BTC,8,squared down-return,4.609425862630209e-06
2024-06-18,BTC,9,return,7.343292236328125e-05
2024-06-18,BTC,9,squared return,-1.3113021850585938e-05
2024-06-18,BTC,9,squared down-return,4.8478444417317706e-06
2024-06-18,BTC,10,return,5.030632019042969e-05
2024-06-18,BTC,10,squared return,-3.894170125325521e-06
2024-06-18,BTC,10,squared down-return,-2.384185791015626e-07
2024-06-18,BTC,11,return,-9.139378865559896e-06
2024-06-18,BTC,11,squared return,-3.814697265625e-06
2024-06-18,BTC,11,squared down-return,-1.748402913411458e-06
2024-06-18,BTC,12,return,9.481112162272136e-05
2024-06-18,BTC,12,squared return,4.212061564127604e-06
2024-06-18,BTC,12,squared down-return,7.947285970052083e-07
2024-06-18,BTC,13,return,7.645289103190103e-05
2024-06-18,BTC,13,squared return,-6.35782877604167e-07
2024-06-18,BTC,13,squared down-return,-1.1126200358072917e-06
2024-06-18,BTC,14,return,-0.00014861424763997394
2024-06-18,BTC,14,squared return,8.58306884765625e-06
2024-06-18,BTC,14,squared down-return,7.152557373046875e-06
2024-06-18,BTC,15,return,-5.435943603515625e-05
2024-06-18,BTC,15,squared return,3.8941701253255206e-06
2024-06-18,BTC,15,squared down-return,1.9073486328125e-06
2024-06-18,BTC,16,return,1.1444091796875e-05
2024-06-18,BTC,16,squared return,2.1457672119140625e-06
2024-06-18,BTC,16,squared down-return,-1.5894571940104168e-07
2024-06-18,BTC,17,return,-2.0901362101236977e-05
2024-06-18,BTC,17,squared return,1.827875773111979e-06
2024-06-18,BTC,17,squared down-return,-3.9736429850260413e-07
2024-06-18,BTC,18,return,3.910064697265625e-05
2024-06-18,BTC,18,squared return,-1.1920928955078125e-06
2024-06-18,BTC,18,squared down-return,-1.1920928955078125e-06
2024-06-18,BTC,19,return,2.018610636393229e-05
2024-06-18,BTC,19,squared return,-7.947285970052082e-08
2024-06-18,BTC,19,squared down-return,-4.7683715820312495e-07
2024-06-18,BTC,20,return,1.4702479044596355e-05
2024-06-18,BTC,20,squared return,2.7020772298177085e-06
2024-06-18,BTC,20,squared down-return,-3.178914388020833e-07
2024-08-17,BTC,1,return,0.0013821919759114583
2024-08-17,BTC,1,squared return,0.00012175242106119791
2024-08-17,BTC,1,squared down-return,0.00010259946187337239
2024-08-17,BTC,2,return,-0.0027058919270833335
2024-08-17,BTC,2,squared return,1.4464060465494794e-05
2024-08-17,BTC,2,squared down-return,1.1523564656575521e-05
2024-08-17,BTC,3,return,0.001817464828491211
2024-08-17,BTC,3,squared return,0.00017229715983072918
2024-08-17,BTC,3,squared down-return,0.0001838207244873047
2024-08-17,BTC,4,return,0.0015178521474202475
2024-08-17,BTC,4,squared return,9.425481160481772e-05
2024-08-17,BTC,4,squared down-return,4.410743713378907e-05
2024-08-17,BTC,5,return,-0.00026774406433105463
2024-08-17,BTC,5,squared return,0.00010657310485839844
2024-08-17,BTC,5,squared down-return,2.590815226236979e-05
2024-08-17,BTC,6,return,0.0013876756032307942
2024-08-17,BTC,6,squared return,8.908907572428386e-05
2024-08-17,BTC,6,squared down-return,0.00011245409647623697
2024-08-17,BTC,7,return,-0.0021832784016927085
2024-08-17,BTC,7,squared return,3.3855438232421875e-05
2024-08-17,BTC,7,squared down-return,-3.163019816080729e-05
2024-08-17,BTC,8,return,-0.0004811286926269531
2024-08-17,BTC,8,squared return,-1.8914540608723957e-05
2024-08-17,BTC,8,squared down-return,-3.0358632405598954e-05
2024-08-17,BTC,9,return,-0.00022379557291666668
2024-08-17,BTC,9,squared return,-7.788340250651043e-06
2024-08-17,BTC,9,squared down-return,6.834665934244791e-06
2024-08-17,BTC,10,return,6.14325205485026e-05
2024-08-17,BTC,10,squared return,-1.3192494710286459e-05
2024-08-17,BTC,10,squared down-return,-6.357828776041665e-07
2024-08-17,BTC,11,return,5.507469177246094e-05
2024-08-17,BTC,11,squared return,2.9404958089192706e-06
2024-08-17,BTC,11,squared down-return,-7.947285970052083e-07
2024-08-17,BTC,12,return,4.529953002929688e-05
2024-08-17,BTC,12,squared return,-6.67572021484375e-06
2024-08-17,BTC,12,squared down-return,-5.563100179036459e-06
2024-08-17,BTC,13,return,0.0005066394805908203
2024-08-17,BTC,13,squared return,-8.821487426757812e-06
2024-08-17,BTC,13,squared down-return,1.1126200358072915e-06
2024-08-17,BTC,14,return,-0.00011038780212402342
2024-08-17,BTC,14,squared return,-4.15643056233724e-05
2024-08-17,BTC,14,squared down-return,-1.9391377766927086e-05
2024-08-17,BTC,15,return,-2.4159749348958332e-05
2024-08-17,BTC,15,squared return,-1.7563501993815105e-05
2024-08-17,BTC,15,squared down-return,-2.384185791015625e-06
2024-08-17,BTC,16,return,0.00038305918375651043
2024-08-17,BTC,16,squared return,-9.775161743164064e-06
2024-08-17,BTC,16,squared down-return,3.4968058268229165e-06
2024-08-17,BTC,17,return,0.00010895729064941406
2024-08-17,BTC,17,squared return,-1.430511474609375e-06
2024-08-17,BTC,17,squared down-return,-9.5367431640625e-07
2024-08-17,BTC,18,return,0.00018866856892903647
2024-08-17,BTC,18,squared return,-2.463658650716146e-06
2024-08-17,BTC,18,squared down-return,5.6425730387369794e-06
2024-08-17,BTC,19,return,9.894371032714844e-05
2024-08-17,BTC,19,squared return,1.9073486328125004e-06
2024-08-17,BTC,19,squared down-return,-3.178914388020833e-06
2024-08-17,BTC,20,return,0.00012230873107910156
2024-08-17,BTC,20,squared return,-1.049041748046875e-05
2024-08-17,BTC,20,squared down-return,7.947285970052082e-08
2024-10-16,BTC,1,return,0.0014708836873372397
2024-10-16,BTC,1,squared return,6.715456644694011e-05
2024-10-16,BTC,1,squared down-return,4.8796335856119796e-05
2024-10-16,BTC,2,return,0.0002953211466471354
2024-10-16,BTC,2,squared return,-1.8835067749023438e-05
2024-10-16,BTC,2,squared down-return,1.5099843343098964e-06
2024-10-16,BTC,3,return,0.0016144911448160808
2024-10-16,BTC,3,squared return,5.817413330078125e-05
2024-10-16,BTC,3,squared down-return,0.00011150042215983072
2024-10-16,BTC,4,return,0.0005271434783935547
2024-10-16,BTC,4,squared return,8.082389831542967e-05
2024-10-16,BTC,4,squared down-return,3.5921732584635414e-05
2024-10-16,BTC,5,return,0.003127257029215495
2024-10-16,BTC,5,squared return,0.00015703837076822918
2024-10-16,BTC,5,squared down-return,-5.324681599934895e-06
2024-10-16,BTC,6,return,0.00227204958597819
2024-10-16,BTC,6,squared return,0.0001174608866373698
2024-10-16,BTC,6,squared down-return,0.00014408429463704428
2024-10-16,BTC,7,return,-0.004416306813557942
2024-10-16,BTC,7,squared return,3.854433695475261e-05
2024-10-16,BTC,7,squared down-return,-6.516774495442709e-05
2024-10-16,BTC,8,return,-0.0022008419036865234
2024-10-16,BTC,8,squared return,-5.2611033121744796e-05
2024-10-16,BTC,8,squared down-return,-5.8650970458984375e-05
2024-10-16,BTC,9,return,0.0017068386077880862
2024-10-16,BTC,9,squared return,3.107388814290364e-05
2024-10-16,BTC,9,squared down-return,-2.6146570841471352e-05
2024-10-16,BTC,10,return,0.00047787030537923186
2024-10-16,BTC,10,squared return,-1.1603037516276043e-05
2024-10-16,BTC,10,squared down-return,2.0742416381835938e-05
2024-10-16,BTC,11,return,0.0006624062856038412
2024-10-16,BTC,11,squared return,-5.880991617838542e-06
2024-10-16,BTC,11,squared down-return,7.867813110351562e-06
2024-10-16,BTC,12,return,0.0003616015116373698
2024-10-16,BTC,12,squared return,2.7100245157877602e-05
2024-10-16,BTC,12,squared down-return,2.09808349609375e-05
2024-10-16,BTC,13,return,0.0010229746500651042
2024-10-16,BTC,13,squared return,6.516774495442709e-06
2024-10-16,BTC,13,squared down-return,0.0
2024-10-16,BTC,14,return,-0.000139315923055013
2024-10-16,BTC,14,squared return,-0.0001300970713297526
2024-10-16,BTC,14,squared down-return,-4.0372212727864586e-05
2024-10-16,BTC,15,return,-0.0006870428721110027
2024-10-16,BTC,15,squared return,-6.413459777832031e-05
2024-10-16,BTC,15,squared down-return,-8.447964986165364e-05
2024-10-16,BTC,16,return,-0.0004144509633382163
2024-10-16,BTC,16,squared return,8.718172709147135e-05
2024-10-16,BTC,16,squared down-return,-3.035863240559896e-05
2024-10-16,BTC,17,return,-0.002186934153238932
2024-10-16,BTC,17,squared return,8.511543273925781e-05
2024-10-16,BTC,17,squared down-return,5.165735880533853e-05
2024-10-16,BTC,18,return,0.0025428930918375654
2024-10-16,BTC,18,squared return,0.00024565060933430993
2024-10-16,BTC,18,squared down-return,6.850560506184895e-05
2024-10-16,BTC,19,return,0.002922534942626953
2024-10-16,BTC,19,squared return,-0.000184933344523112
2024-10-16,BTC,19,squared down-return,-5.9048334757486984e-05
2024-10-16,BTC,20,return,0.00557406743367513
2024-10-16,BTC,20,squared return,-0.00028149286905924476
2024-10-16,BTC,20,squared down-return,-5.014737447102864e-05
2024-12-15,BTC,1,return,0.0011521180470784504
2024-12-15,BTC,1,squared return,4.728635152180989e-05
2024-12-15,BTC,1,squared down-return,3.941853841145833e-05
2024-12-15,BTC,2,return,-0.0006620089213053385
2024-12-15,BTC,2,squared return,3.2583872477213553e-06
2024-12-15,BTC,2,squared down-return,-3.7352244059244794e-06
2024-12-15,BTC,3,return,0.0005871454874674479
2024-12-15,BTC,3,squared return,2.6146570841471352e-05
2024-12-15,BTC,3,squared down-return,3.186861673990885e-05
2024-12-15,BTC,4,return,0.00035007794698079425
2024-12-15,BTC,4,squared return,2.3523966471354168e-05
2024-12-15,BTC,4,squared down-return,1.3907750447591145e-05
2024-12-15,BTC,5,return,0.00013685226440429688
2024-12-15,BTC,5,squared return,1.796086629231771e-05
2024-12-15,BTC,5,squared down-return,3.5762786865234375e-06
2024-12-15,BTC,6,return,0.0002506573994954427
2024-12-15,BTC,6,squared return,5.8015187581380206e-06
2024-12-15,BTC,6,squared down-return,1.0251998901367188e-05
2024-12-15,BTC,7,return,5.817413330078125e-05
2024-12-15,BTC,7,squared return,4.76837158203125e-07
2024-12-15,BTC,7,squared down-return,1.5894571940104166e-07
2024-12-15,BTC,8,return,0.00010458628336588541
2024-12-15,BTC,8,squared return,3.1789143880208335e-06
2024-12-15,BTC,8,squared down-return,2.3047129313151044e-06
2024-12-15,BTC,9,return,6.14325205485026e-05
2024-12-15,BTC,9,squared return,2.1457672119140625e-06
2024-12-15,BTC,9,squared down-return,5.563100179036458e-07
2024-12-15,BTC,10,return,-9.49700673421224e-05
2024-12-15,BTC,10,squared return,1.0331471761067708e-06
2024-12-15,BTC,10,squared down-return,4.450480143229167e-06
2024-12-15,BTC,11,return,-0.00014122327168782553
2024-12-15,BTC,11,squared return,5.0067901611328125e-06
2024-12-15,BTC,11,squared down-return,2.5431315104166665e-06
2024-12-15,BTC,12,return,-5.364418029785156e-05
2024-12-15,BTC,12,squared return,-7.947285970052097e-08
2024-12-15,BTC,12,squared down-return,-1.1920928955078125e-06
2024-12-15,BTC,13,return,0.00012493133544921875
2024-12-15,BTC,13,squared return,1.0331471761067708e-06
2024-12-15,BTC,13,squared down-return,1.2715657552083335e-06
2024-12-15,BTC,14,return,-7.565816243489584e-05
2024-12-15,BTC,14,squared return,-2.304712931315104e-06
2024-12-15,BTC,14,squared down-return,-2.1457672119140625e-06
2024-12-15,BTC,15,return,1.4543533325195312e-05
2024-12-15,BTC,15,squared return,-7.152557373046875e-07
2024-12-15,BTC,15,squared down-return,-7.947285970052083e-08
2024-12-15,BTC,16,return,1.3828277587890627e-05
2024-12-15,BTC,16,squared return,2.384185791015625e-07
2024-12-15,BTC,16,squared down-return,-1.5894571940104166e-07
2024-12-15,BTC,17,return,-5.2769978841145836e-05
2024-12-15,BTC,17,squared return,-4.609425862630209e-06
2024-12-15,BTC,17,squared down-return,-5.563100179036458e-07
2024-12-15,BTC,18,return,-3.035863240559896e-05
2024-12-15,BTC,18,squared return,-1.6689300537109373e-06
2024-12-15,BTC,18,squared down-return,3.9736429850260413e-07
2024-12-15,BTC,19,return,-3.814697265625001e-05
2024-12-15,BTC,19,squared return,2.463658650716146e-06
2024-12-15,BTC,19,squared down-return,-5.563100179036459e-07
2024-12-15,BTC,20,return,-2.6067097981770836e-05
2024-12-15,BTC,20,squared return,3.1789143880208335e-06
2024-12-15,BTC,20,squared down-return,1.5894571940104168e-07
2025-02-13,BTC,1,return,9.504954020182291e-05
2025-02-13,BTC,1,squared return,6.302197774251303e-05
2025-02-13,BTC,1,squared down-return,2.7338663736979164e-05
2025-02-13,BTC,2,return,-0.0003343423207600912
2025-02-13,BTC,2,squared return,1.9073486328125e-05
2025-02-13,BTC,2,squared down-return,-8.900960286458334e-06
2025-02-13,BTC,3,return,0.0011822382609049478
2025-02-13,BTC,3,squared return,6.119410196940105e-05
2025-02-13,BTC,3,squared down-return,9.202957153320312e-05
2025-02-13,BTC,4,return,0.0004983743031819661
2025-02-13,BTC,4,squared return,5.586942036946615e-05
2025-02-13,BTC,4,squared down-return,1.1523564656575523e-05
2025-02-13,BTC,5,return,0.0007154146830240885
2025-02-13,BTC,5,squared return,0.00010625521341959635
2025-02-13,BTC,5,squared down-return,-3.814697265625e-06
2025-02-13,BTC,6,return,0.0010228157043457031
2025-02-13,BTC,6,squared return,5.91278076171875e-05
2025-02-13,BTC,6,squared down-return,5.984306335449219e-05
2025-02-13,BTC,7,return,-0.001177231470743815
2025-02-13,BTC,7,squared return,-3.496805826822917e-05
2025-02-13,BTC,7,squared down-return,-3.949801127115885e-05
2025-02-13,BTC,8,return,-1.780192057291667e-05
2025-02-13,BTC,8,squared return,-2.209345499674479e-05
2025-02-13,BTC,8,squared down-return,-4.8478444417317706e-06
2025-02-13,BTC,9,return,-5.3326288859049484e-05
2025-02-13,BTC,9,squared return,-2.6226043701171875e-06
2025-02-13,BTC,9,squared down-return,-3.337860107421875e-06
2025-02-13,BTC,10,return,7.565816243489583e-05
2025-02-13,BTC,10,squared return,7.3909759521484375e-06
2025-02-13,BTC,10,squared down-return,-2.7815500895182294e-06
2025-02-13,BTC,11,return,-0.00023372968037923175
2025-02-13,BTC,11,squared return,7.3909759521484375e-06
2025-02-13,BTC,11,squared down-return,1.5099843343098958e-06
2025-02-13,BTC,12,return,-0.00021036465962727865
2025-02-13,BTC,12,squared return,1.5735626220703125e-05
2025-02-13,BTC,12,squared down-return,4.688898722330729e-06
2025-02-13,BTC,13,return,0.0006652673085530598
2025-02-13,BTC,13,squared return,5.245208740234376e-06
2025-02-13,BTC,13,squared down-return,8.900960286458332e-06
2025-02-13,BTC,14,return,0.0004812081654866537
2025-02-13,BTC,14,squared return,-5.1021575927734375e-05
2025-02-13,BTC,14,squared down-return,-1.5656153361002605e-05
2025-02-13,BTC,15,return,0.00041961669921875
2025-02-13,BTC,15,squared return,-4.100799560546876e-05
2025-02-13,BTC,15,squared down-return,-1.3987223307291668e-05
2025-02-13,BTC,16,return,8.432070414225261e-05
2025-02-13,BTC,16,squared return,-2.2570292154947918e-05
2025-02-13,BTC,16,squared down-return,7.311503092447918e-06
2025-02-13,BTC,17,return,-3.751118977864583e-05
2025-02-13,BTC,17,squared return,-6.198883056640626e-06
2025-02-13,BTC,17,squared down-return,1.3113021850585938e-05
2025-02-13,BTC,18,return,0.0002415180206298828
2025-02-13,BTC,18,squared return,1.4702479044596355e-05
2025-02-13,BTC,18,squared down-return,6.516774495442708e-06
2025-02-13,BTC,19,return,-0.0002491474151611328
2025-02-13,BTC,19,squared return,7.70886739095052e-06
2025-02-13,BTC,19,squared down-return,-3.0199686686197915e-06
2025-02-13,BTC,20,return,0.00018556912740071615
2025-02-13,BTC,20,squared return,-1.1444091796875e-05
2025-02-13,BTC,20,squared down-return,2.543131510416667e-06
2025-04-14,BTC,1,return,0.0004438559214274088
2025-04-14,BTC,1,squared return,6.993611653645833e-05
2025-04-14,BTC,1,squared down-return,4.601478576660156e-05
2025-04-14,BTC,2,return,0.0012811819712320962
2025-04-14,BTC,2,squared return,1.2079874674479168e-05
2025-04-14,BTC,2,squared down-return,1.0251998901367188e-05
2025-04-14,BTC,3,return,0.004639784495035808
2025-04-14,BTC,3,squared return,0.0001220703125
2025-04-14,BTC,3,squared down-return,0.00021847089131673175
2025-04-14,BTC,4,return,0.002354860305786133
2025-04-14,BTC,4,squared return,0.0001609325408935547
2025-04-14,BTC,4,squared down-return,0.00014170010884602863
2025-04-14,BTC,5,return,-0.0002965132395426433
2025-04-14,BTC,5,squared return,0.00048089027404785156
2025-04-14,BTC,5,squared down-return,0.00011666615804036459
2025-04-14,BTC,6,return,0.009490251541137695
2025-04-14,BTC,6,squared return,0.0003807544708251953
2025-04-14,BTC,6,squared down-return,0.00016403198242187503
2025-04-14,BTC,7,return,-0.001945813496907552
2025-04-14,BTC,7,squared return,0.00018866856892903644
2025-04-14,BTC,7,squared down-return,-0.00015290578206380207
2025-04-14,BTC,8,return,-0.0008713404337565106
2025-04-14,BTC,8,squared return,-8.368492126464844e-05
2025-04-14,BTC,8,squared down-return,-6.270408630371094e-05
2025-04-14,BTC,9,return,0.0020012855529785156
2025-04-14,BTC,9,squared return,1.899401346842448e-05
2025-04-14,BTC,9,squared down-return,-5.348523457845053e-05
2025-04-14,BTC,10,return,0.0014971892038981118
2025-04-14,BTC,10,squared return,6.914138793945311e-06
2025-04-14,BTC,10,squared down-return,-1.0013580322265625e-05
2025-04-14,BTC,11,return,-0.000545501708984375
2025-04-14,BTC,11,squared return,-2.201398213704427e-05
2025-04-14,BTC,11,squared down-return,1.8517176310221355e-05
2025-04-14,BTC,12,return,0.0006179014841715494
2025-04-14,BTC,12,squared return,-2.702077229817708e-06
2025-04-14,BTC,12,squared down-return,4.307428995768229e-05
2025-04-14,BTC,13,return,0.0014822483062744143
2025-04-14,BTC,13,squared return,0.00010474522908528647
2025-04-14,BTC,13,squared down-return,6.477038065592447e-05
2025-04-14,BTC,14,return,0.003267685572306315
2025-04-14,BTC,14,squared return,-3.8226445515950516e-05
2025-04-14,BTC,14,squared down-return,-8.257230122884114e-05
2025-04-14,BTC,15,return,0.0016592343648274739
2025-04-14,BTC,15,squared return,3.1948089599609375e-05
2025-04-14,BTC,15,squared down-return,2.3206075032552082e-05
2025-04-14,BTC,16,return,0.004888137181599935
2025-04-14,BTC,16,squared return,-0.00019137064615885418
2025-04-14,BTC,16,squared down-return,-1.3987223307291658e-05
2025-04-14,BTC,17,return,0.0007358392079671223
2025-04-14,BTC,17,squared return,3.2981236775716155e-05
2025-04-14,BTC,17,squared down-return,-3.727277119954426e-05
2025-04-14,BTC,18,return,0.008361101150512695
2025-04-14,BTC,18,squared return,7.812182108561198e-05
2025-04-14,BTC,18,squared down-return,0.00015346209208170575
2025-04-14,BTC,19,return,0.004025856653849283
2025-04-14,BTC,19,squared return,0.00020853678385416668
2025-04-14,BTC,19,squared down-return,-0.00011229515075683594
2025-04-14,BTC,20,return,0.003378629684448242
2025-04-14,BTC,20,squared return,-0.0001087188720703125
2025-04-14,BTC,20,squared down-return,-8.543332417805989e-05
2025-06-13,BTC,1,return,-8.837381998697916e-05
2025-06-13,BTC,1,squared return,0.00010371208190917969
2025-06-13,BTC,1,squared down-return,4.299481709798177e-05
2025-06-13,BTC,2,return,0.00036652882893880207
2025-06-13,BTC,2,squared return,-3.0994415283203125e-06
2025-06-13,BTC,2,squared down-return,3.4809112548828125e-05
2025-06-13,BTC,3,return,0.0031965573628743487
2025-06-13,BTC,3,squared return,0.00014130274454752603
2025-06-13,BTC,3,squared down-return,0.00013645490010579428
2025-06-13,BTC,4,return,0.0019377867380777996
2025-06-13,BTC,4,squared return,7.708867390950522e-05
2025-06-13,BTC,4,squared down-return,6.628036499023438e-05
2025-06-13,BTC,5,return,0.0006820360819498698
2025-06-13,BTC,5,squared return,7.343292236328125e-05
2025-06-13,BTC,5,squared down-return,-4.76837158203125e-06
2025-06-13,BTC,6,return,0.0036149024963378906
2025-06-13,BTC,6,squared return,0.00010943412780761719
2025-06-13,BTC,6,squared down-return,0.00011642773946126302
2025-06-13,BTC,7,return,0.00021084149678548178
2025-06-13,BTC,7,squared return,-1.7007191975911457e-05
2025-06-13,BTC,7,squared down-return,-7.311503092447915e-06
2025-06-13,BTC,8,return,-0.00014479955037434894
2025-06-13,BTC,8,squared return,-1.5656153361002605e-05
2025-06-13,BTC,8,squared down-return,-6.755193074544271e-06
2025-06-13,BTC,9,return,0.00020662943522135416
2025-06-13,BTC,9,squared return,-2.702077229817708e-06
2025-06-13,BTC,9,squared down-return,-4.768371582031249e-07
2025-06-13,BTC,10,return,-3.774960835774739e-05
2025-06-13,BTC,10,squared return,2.1775563557942707e-05
2025-06-13,BTC,10,squared down-return,-3.1789143880208335e-06
2025-06-13,BTC,11,return,-0.00021990140279134113
2025-06-13,BTC,11,squared return,7.947285970052082e-06
2025-06-13,BTC,11,squared down-return,-1.1920928955078125e-05
2025-06-13,BTC,12,return,-1.9868214925130028e-06
2025-06-13,BTC,12,squared return,5.245208740234375e-06
2025-06-13,BTC,12,squared down-return,-4.847844441731771e-06
2025-06-13,BTC,13,return,0.0010179678599039714
2025-06-13,BTC,13,squared return,-4.1802724202473954e-05
2025-06-13,BTC,13,squared down-return,1.7007191975911457e-05
2025-06-13,BTC,14,return,-0.0009311040242513021
2025-06-13,BTC,14,squared return,-2.304712931315104e-05
2025-06-13,BTC,14,squared down-return,-1.9311904907226562e-05
2025-06-13,BTC,15,return,0.000496069590250651
2025-06-13,BTC,15,squared return,-2.2649765014648438e-05
2025-06-13,BTC,15,squared down-return,-9.139378865559896e-06
2025-06-13,BTC,16,return,0.00012453397115071615
2025-06-13,BTC,16,squared return,-2.9007593790690105e-05
2025-06-13,BTC,16,squared down-return,-9.616216023763021e-06
2025-06-13,BTC,17,return,0.0004958311716715496
2025-06-13,BTC,17,squared return,1.4464060465494793e-05
2025-06-13,BTC,17,squared down-return,7.470448811848958e-06
2025-06-13,BTC,18,return,0.0005026658376057942
2025-06-13,BTC,18,squared return,4.688898722330729e-06
2025-06-13,BTC,18,squared down-return,2.86102294921875e-06
2025-06-13,BTC,19,return,7.462501525878906e-05
2025-06-13,BTC,19,squared return,-4.76837158203125e-07
2025-06-13,BTC,19,squared down-return,1.5894571940104168e-07
2025-06-13,BTC,20,return,0.0
2025-06-13,BTC,20,squared return,-1.5894571940104174e-07
2025-06-13,BTC,20,squared down-return,1.5894571940104153e-07
2025-08-12,BTC,1,return,-0.00024779637654622394
2025-08-12,BTC,1,squared return,5.4438908894856766e-05
2025-08-12,BTC,1,squared down-return,1.0013580322265625e-05
2025-08-12,BTC,2,return,0.0006167888641357423
2025-08-12,BTC,2,squared return,1.6927719116210938e-05
2025-08-12,BTC,2,squared down-return,4.752477010091146e-05
2025-08-12,BTC,3,return,0.001677433649698893
2025-08-12,BTC,3,squared return,3.616015116373698e-05
2025-08-12,BTC,3,squared down-return,0.00010736783345540364
2025-08-12,BTC,4,return,0.0014426708221435547
2025-08-12,BTC,4,squared return,6.588300069173178e-05
2025-08-12,BTC,4,squared down-return,3.6160151163736984e-05
2025-08-12,BTC,5,return,4.6730041503906196e-05
2025-08-12,BTC,5,squared return,0.00010919570922851562
2025-08-12,BTC,5,squared down-return,1.1205673217773438e-05
2025-08-12,BTC,6,return,0.002972682317097982
2025-08-12,BTC,6,squared return,4.784266153971354e-05
2025-08-12,BTC,6,squared down-return,0.00010212262471516928
2025-08-12,BTC,7,return,0.0026047229766845703
2025-08-12,BTC,7,squared return,-8.265177408854168e-06
2025-08-12,BTC,7,squared down-return,2.4557113647460938e-05
2025-08-12,BTC,8,return,-0.000652154286702474
2025-08-12,BTC,8,squared return,1.4623006184895832e-05
2025-08-12,BTC,8,squared down-return,-1.0649363199869791e-05
2025-08-12,BTC,9,return,0.0019568602244059243
2025-08-12,BTC,9,squared return,3.242492675781251e-05
2025-08-12,BTC,9,squared down-return,-1.5974044799804688e-05
2025-08-12,BTC,10,return,0.002049763997395833
2025-08-12,BTC,10,squared return,-2.4875005086263016e-05
2025-08-12,BTC,10,squared down-return,6.198883056640625e-06
2025-08-12,BTC,11,return,0.0014191468556722004
2025-08-12,BTC,11,squared return,1.1603037516276041e-05
2025-08-12,BTC,11,squared down-return,2.288818359375e-05
2025-08-12,BTC,12,return,0.0008273124694824219
2025-08-12,BTC,12,squared return,-3.472963968912761e-05
2025-08-12,BTC,12,squared down-return,9.854634602864584e-06
2025-08-12,BTC,13,return,-0.0015068848927815754
2025-08-12,BTC,13,squared return,0.0001053015391031901
2025-08-12,BTC,13,squared down-return,-3.6557515462239585e-06
2025-08-12,BTC,14,return,-0.0005532105763753254
2025-08-12,BTC,14,squared return,2.86102294921875e-05
2025-08-12,BTC,14,squared down-return,-5.4836273193359375e-06
2025-08-12,BTC,15,return,-0.0006466706593831381
2025-08-12,BTC,15,squared return,4.474322001139323e-05
2025-08-12,BTC,15,squared down-return,6.67572021484375e-06
2025-08-12,BTC,16,return,0.0011522769927978516
2025-08-12,BTC,16,squared return,-4.9750010172526046e-05
2025-08-12,BTC,16,squared down-return,2.1616617838541668e-05
2025-08-12,BTC,17,return,-9.997685750325524e-05
2025-08-12,BTC,17,squared return,2.2331873575846355e-05
2025-08-12,BTC,17,squared down-return,-3.7511189778645836e-05
2025-08-12,BTC,18,return,-0.0010942618052164712
2025-08-12,BTC,18,squared return,-9.783109029134115e-05
2025-08-12,BTC,18,squared down-return,-1.3192494710286459e-05
2025-08-12,BTC,19,return,0.0008153120676676432
2025-08-12,BTC,19,squared return,2.3047129313151053e-06
2025-08-12,BTC,19,squared down-return,-1.8358230590820312e-05
2025-08-12,BTC,20,return,0.0006708304087320963
2025-08-12,BTC,20,squared return,3.20275624593099e-05
2025-08-12,BTC,20,squared down-return,-3.7670135498046875e-05
2025-10-11,BTC,1,return,-0.00017682711283365885
2025-10-11,BTC,1,squared return,3.814697265625e-05
2025-10-11,BTC,1,squared down-return,5.1657358805338544e-06
2025-10-11,BTC,2,return,0.0003436406453450521
2025-10-11,BTC,2,squared return,1.5576680501302082e-05
2025-10-11,BTC,2,squared down-return,5.563100179036458e-06
2025-10-11,BTC,3,return,0.0013672510782877603
2025-10-11,BTC,3,squared return,4.72863515218099e-05
2025-10-11,BTC,3,squared down-return,6.59624735514323e-05
2025-10-11,BTC,4,return,0.0012502670288085938
2025-10-11,BTC,4,squared return,5.284945170084636e-05
2025-10-11,BTC,4,squared down-return,4.9750010172526046e-05
2025-10-11,BTC,5,return,9.61621602376301e-06
2025-10-11,BTC,5,squared return,4.9432118733723954e-05
2025-10-11,BTC,5,squared down-return,1.8437703450520832e-05
2025-10-11,BTC,6,return,0.002911885579427083
2025-10-11,BTC,6,squared return,7.208188374837239e-05
2025-10-11,BTC,6,squared down-return,8.05060068766276e-05
2025-10-11,BTC,7,return,-0.00022180875142415363
2025-10-11,BTC,7,squared return,-5.9604644775390625e-06
2025-10-11,BTC,7,squared down-return,-1.827875773111979e-06
2025-10-11,BTC,8,return,0.000532070795694987
2025-10-11,BTC,8,squared return,1.7563501993815105e-05
2025-10-11,BTC,8,squared down-return,1.2556711832682293e-05
2025-10-11,BTC,9,return,0.0003263950347900391
2025-10-11,BTC,9,squared return,3.4968058268229174e-06
2025-10-11,BTC,9,squared down-return,9.298324584960938e-06
2025-10-11,BTC,10,return,0.00028435389200846356
2025-10-11,BTC,10,squared return,1.430511474609375e-06
2025-10-11,BTC,10,squared down-return,-6.357828776041666e-06
2025-10-11,BTC,11,return,0.0007716814676920574
2025-10-11,BTC,11,squared return,2.384185791015625e-06
2025-10-11,BTC,11,squared down-return,8.424123128255207e-06
2025-10-11,BTC,12,return,0.0006020069122314453
2025-10-11,BTC,12,squared return,-7.0730845133463544e-06
2025-10-11,BTC,12,squared down-return,8.026758829752605e-06
2025-10-11,BTC,13,return,-0.0004990895589192708
2025-10-11,BTC,13,squared return,3.20275624593099e-05
2025-10-11,BTC,13,squared down-return,5.642573038736979e-06
2025-10-11,BTC,14,return,0.0001083215077718099
2025-10-11,BTC,14,squared return,-6.993611653645832e-06
2025-10-11,BTC,14,squared down-return,-4.5299530029296875e-06
2025-10-11,BTC,15,return,-7.406870524088541e-05
2025-10-11,BTC,15,squared return,1.231829325358073e-05
2025-10-11,BTC,15,squared down-return,-8.503595987955729e-06
2025-10-11,BTC,16,return,0.0001293818155924479
2025-10-11,BTC,16,squared return,1.0251998901367188e-05
2025-10-11,BTC,16,squared down-return,1.4702479044596354e-05
2025-10-11,BTC,17,return,-0.00022443135579427082
2025-10-11,BTC,17,squared return,5.165735880533854e-06
2025-10-11,BTC,17,squared down-return,-4.371007283528646e-06
2025-10-11,BTC,18,return,-0.0005253950754801432
2025-10-11,BTC,18,squared return,-1.4558378780933287e-22
2025-10-11,BTC,18,squared down-return,-3.8941701253255206e-06
2025-10-11,BTC,19,return,5.030632019042969e-05
2025-10-11,BTC,19,squared return,4.0531158447265625e-06
2025-10-11,BTC,19,squared down-return,-9.5367431640625e-07
2025-10-11,BTC,20,return,-6.969769795735678e-05
2025-10-11,BTC,20,squared return,3.814697265625e-06
2025-10-11,BTC,20,squared down-return,-3.178914388020833e-07
2025-12-10,BTC,1,return,0.00012644131978352863
2025-12-10,BTC,1,squared return,1.422564188639323e-05
2025-12-10,BTC,1,squared down-return,1.351038614908854e-06
2025-12-10,BTC,2,return,-1.4225641886393229e-05
2025-12-10,BTC,2,squared return,9.5367431640625e-07
2025-12-10,BTC,2,squared down-return,7.947285970052083e-07
2025-12-10,BTC,3,return,7.549921671549479e-06
2025-12-10,BTC,3,squared return,-1.5894571940104166e-07
2025-12-10,BTC,3,squared down-return,1.5894571940104166e-07
2025-12-10,BTC,4,return,3.496805826822917e-06
2025-12-10,BTC,4,squared return,1.5894571940104166e-07
2025-12-10,BTC,4,squared down-return,2.384185791015625e-07
2025-12-10,BTC,5,return,-4.212061564127604e-06
2025-12-10,BTC,5,squared return,0.0
2025-12-10,BTC,5,squared down-return,0.0
2025-12-10,BTC,6,return,6.9141387939453125e-06
2025-12-10,BTC,6,squared return,0.0
2025-12-10,BTC,6,squared down-return,0.0
2025-12-10,BTC,7,return,-2.384185791015624e-07
2025-12-10,BTC,7,squared return,0.0
2025-12-10,BTC,7,squared down-return,0.0
2025-12-10,BTC,8,return,-2.384185791015625e-07
2025-12-10,BTC,8,squared return,0.0
2025-12-10,BTC,8,squared down-return,0.0
2025-12-10,BTC,9,return,7.947285970052083e-08
2025-12-10,BTC,9,squared return,0.0
2025-12-10,BTC,9,squared down-return,0.0
2025-12-10,BTC,10,return,3.178914388020833e-07
2025-12-10,BTC,10,squared return,0.0
2025-12-10,BTC,10,squared down-return,0.0
2025-12-10,BTC,11,return,1.5894571940104166e-07
2025-12-10,BTC,11,squared return,0.0
2025-12-10,BTC,11,squared down-return,0.0
2025-12-10,BTC,12,return,7.947285970052083e-08
2025-12-10,BTC,12,squared return,0.0
2025-12-10,BTC,12,squared down-return,0.0
2025-12-10,BTC,13,return,0.0
2025-12-10,BTC,13,squared return,0.0
2025-12-10,BTC,13,squared down-return,0.0
2025-12-10,BTC,14,return,0.0
2025-12-10,BTC,14,squared return,0.0
2025-12-10,BTC,14,squared down-return,0.0
2025-12-10,BTC,15,return,0.0
2025-12-10,BTC,15,squared return,0.0
2025-12-10,BTC,15,squared down-return,0.0
2025-12-10,BTC,16,return,0.0
2025-12-10,BTC,16,squared return,0.0
2025-12-10,BTC,16,squared down-return,0.0
2025-12-10,BTC,17,return,0.0
2025-12-10,BTC,17,squared return,0.0
2025-12-10,BTC,17,squared down-return,0.0
2025-12-10,BTC,18,return,0.0
2025-12-10,BTC,18,squared return,0.0
2025-12-10,BTC,18,squared down-return,0.0
2025-12-10,BTC,19,return,0.0
2025-12-10,BTC,19,squared return,0.0
2025-12-10,BTC,19,squared down-return,0.0
2025-12-10,BTC,20,return,0.0
2025-12-10,BTC,20,squared return,0.0
2025-12-10,BTC,20,squared down-return,0.0
2026-02-08,BTC,1,return,0.0001923243204752604
2026-02-08,BTC,1,squared return,0.00017015139261881512
2026-02-08,BTC,1,squared down-return,0.00011189778645833334
2026-02-08,BTC,2,return,0.00347137451171875
2026-02-08,BTC,2,squared return,2.717971801757813e-05
2026-02-08,BTC,2,squared down-return,3.9577484130859375e-05
2026-02-08,BTC,3,return,0.00017436345418294277
2026-02-08,BTC,3,squared return,-1.71661376953125e-05
2026-02-08,BTC,3,squared down-return,4.927317301432292e-06
2026-02-08,BTC,4,return,0.0015788078308105469
2026-02-08,BTC,4,squared return,8.31286112467448e-05
2026-02-08,BTC,4,squared down-return,5.022684733072917e-05
2026-02-08,BTC,5,return,0.000613848368326823
2026-02-08,BTC,5,squared return,0.00017380714416503906
2026-02-08,BTC,5,squared down-return,0.00013550122578938803
2026-02-08,BTC,6,return,0.004944960276285807
2026-02-08,BTC,6,squared return,0.00011126200358072916
2026-02-08,BTC,6,squared down-return,0.00015576680501302082
2026-02-08,BTC,7,return,0.005415519078572592
2026-02-08,BTC,7,squared return,2.129872639973958e-05
2026-02-08,BTC,7,squared down-return,9.1552734375e-05
2026-02-08,BTC,8,return,0.0021125475565592446
2026-02-08,BTC,8,squared return,3.512700398763021e-05
2026-02-08,BTC,8,squared down-return,-3.377596537272135e-05
2026-02-08,BTC,9,return,-0.002243677775065104
2026-02-08,BTC,9,squared return,-8.66254170735677e-06
2026-02-08,BTC,9,squared down-return,-9.5367431640625e-07
2026-02-08,BTC,10,return,-0.0003947416941324871
2026-02-08,BTC,10,squared return,-1.7404556274414062e-05
2026-02-08,BTC,10,squared down-return,-4.967053731282552e-05
2026-02-08,BTC,11,return,0.005541245142618815
2026-02-08,BTC,11,squared return,7.526079813639323e-05
2026-02-08,BTC,11,squared down-return,2.0503997802734375e-05
2026-02-08,BTC,12,return,0.00597373644510905
2026-02-08,BTC,12,squared return,4.1643778483072914e-05
2026-02-08,BTC,12,squared down-return,-2.384185791015591e-07
2026-02-08,BTC,13,return,0.0014675458272298176
2026-02-08,BTC,13,squared return,-3.107388814290364e-05
2026-02-08,BTC,13,squared down-return,-2.3047129313151043e-05
2026-02-08,BTC,14,return,-0.0014440218607584636
2026-02-08,BTC,14,squared return,-0.0001595020294189453
2026-02-08,BTC,14,squared down-return,-4.5855840047200516e-05
2026-02-08,BTC,15,return,0.0012486775716145835
2026-02-08,BTC,15,squared return,-0.00021680196126302082
2026-02-08,BTC,15,squared down-return,-0.00011499722798665365
2026-02-08,BTC,16,return,0.009299437204996746
2026-02-08,BTC,16,squared return,0.0001827081044514974
2026-02-08,BTC,16,squared down-return,0.0003045399983723958
2026-02-08,BTC,17,return,0.004903634389241536
2026-02-08,BTC,17,squared return,2.6146570841471355e-05
2026-02-08,BTC,17,squared down-return,-3.6716461181640625e-05
2026-02-08,BTC,18,return,-0.0019435882568359377
2026-02-08,BTC,18,squared return,-0.00010180473327636719
2026-02-08,BTC,18,squared down-return,-0.0001930395762125651
2026-02-08,BTC,19,return,0.00013796488444010402
2026-02-08,BTC,19,squared return,-7.557868957519531e-05
2026-02-08,BTC,19,squared down-return,-0.00011881192525227865
2026-02-08,BTC,20,return,0.0010995070139567058
2026-02-08,BTC,20,squared return,-0.0002024968465169271
2026-02-08,BTC,20,squared down-return,-0.00016538302103678387
2026-04-09,BTC,1,return,0.0019170443216959634
2026-04-09,BTC,1,squared return,0.0001140435536702474
2026-04-09,BTC,1,squared down-return,0.00011006991068522135
2026-04-09,BTC,2,return,0.0011472702026367188
2026-04-09,BTC,2,squared return,3.353754679361979e-05
2026-04-09,BTC,2,squared down-return,2.487500508626302e-05
2026-04-09,BTC,3,return,0.0005710919698079426
2026-04-09,BTC,3,squared return,-4.76837158203125e-06
2026-04-09,BTC,3,squared down-return,1.8914540608723957e-05
2026-04-09,BTC,4,return,0.0002530415852864583
2026-04-09,BTC,4,squared return,1.9073486328124992e-06
2026-04-09,BTC,4,squared down-return,1.71661376953125e-05
2026-04-09,BTC,5,return,0.0010979970296223958
2026-04-09,BTC,5,squared return,4.863739013671876e-05
2026-04-09,BTC,5,squared down-return,6.318092346191406e-05
2026-04-09,BTC,6,return,0.001514275868733724
2026-04-09,BTC,6,squared return,3.218650817871094e-05
2026-04-09,BTC,6,squared down-return,5.6346257527669266e-05
2026-04-09,BTC,7,return,0.0009001096089680989
2026-04-09,BTC,7,squared return,6.262461344401042e-05
2026-04-09,BTC,7,squared down-return,3.838539123535156e-05
2026-04-09,BTC,8,return,0.00012540817260742188
2026-04-09,BTC,8,squared return,2.1219253540039062e-05
2026-04-09,BTC,8,squared down-return,2.9166539510091148e-05
2026-04-09,BTC,9,return,0.0005772908528645834
2026-04-09,BTC,9,squared return,1.71661376953125e-05
2026-04-09,BTC,9,squared down-return,-8.900960286458332e-06
2026-04-09,BTC,10,return,-3.409385681152345e-05
2026-04-09,BTC,10,squared return,-3.178914388020835e-07
2026-04-09,BTC,10,squared down-return,1.4464060465494793e-05
2026-04-09,BTC,11,return,0.00136717160542806
2026-04-09,BTC,11,squared return,1.2715657552083336e-05
2026-04-09,BTC,11,squared down-return,2.6305516560872395e-05
2026-04-09,BTC,12,return,0.0007223288218180338
2026-04-09,BTC,12,squared return,-6.834665934244791e-06
2026-04-09,BTC,12,squared down-return,-1.1126200358072928e-06
2026-04-09,BTC,13,return,0.00028880437215169274
2026-04-09,BTC,13,squared return,1.6371409098307293e-05
2026-04-09,BTC,13,squared down-return,-1.3510386149088543e-05
2026-04-09,BTC,14,return,-4.9273173014322914e-05
2026-04-09,BTC,14,squared return,-1.2954076131184896e-05
2026-04-09,BTC,14,squared down-return,2.384185791015625e-07
2026-04-09,BTC,15,return,0.0007995764414469401
2026-04-09,BTC,15,squared return,-1.0093053181966146e-05
2026-04-09,BTC,15,squared down-return,-3.8941701253255206e-06
2026-04-09,BTC,16,return,0.0014972686767578125
2026-04-09,BTC,16,squared return,2.2967656453450523e-05
2026-04-09,BTC,16,squared down-return,5.515416463216146e-05
2026-04-09,BTC,17,return,-0.0003643035888671875
2026-04-09,BTC,17,squared return,3.457069396972656e-05
2026-04-09,BTC,17,squared down-return,1.8676122029622398e-05
2026-04-09,BTC,18,return,-0.0007886091868082682
2026-04-09,BTC,18,squared return,-1.041094462076823e-05
2026-04-09,BTC,18,squared down-return,-6.643931070963542e-05
2026-04-09,BTC,19,return,-0.0011401971181233723
2026-04-09,BTC,19,squared return,2.5669733683268227e-05
2026-04-09,BTC,19,squared down-return,-2.7577082316080727e-05
2026-04-09,BTC,20,return,0.0029579798380533853
2026-04-09,BTC,20,squared return,5.221366882324219e-05
2026-04-09,BTC,20,squared down-return,6.826718648274739e-05
2026-06-08,BTC,1,return,0.002186695734659831
2026-06-08,BTC,1,squared return,0.00016268094380696615
2026-06-08,BTC,1,squared down-return,0.00012477238972981772
2026-06-08,BTC,2,return,0.0010501543680826821
2026-06-08,BTC,2,squared return,5.91278076171875e-05
2026-06-08,BTC,2,squared down-return,1.8517176310221355e-05
2026-06-08,BTC,3,return,0.0002848307291666666
2026-06-08,BTC,3,squared return,1.3510386149088543e-05
2026-06-08,BTC,3,squared down-return,-9.61621602376302e-06
2026-06-08,BTC,4,return,0.0024879773457845054
2026-06-08,BTC,4,squared return,2.384185791015625e-05
2026-06-08,BTC,4,squared down-return,6.477038065592447e-05
2026-06-08,BTC,5,return,0.003403425216674805
2026-06-08,BTC,5,squared return,8.908907572428385e-05
2026-06-08,BTC,5,squared down-return,0.00012731552124023438
2026-06-08,BTC,6,return,0.0052106380462646484
2026-06-08,BTC,6,squared return,6.993611653645834e-05
2026-06-08,BTC,6,squared down-return,0.00012334187825520832
2026-06-08,BTC,7,return,0.0003813902537027995
2026-06-08,BTC,7,squared return,5.6187311808268234e-05
2026-06-08,BTC,7,squared down-return,1.9629796346028645e-05
2026-06-08,BTC,8,return,-0.0021508534749348955
2026-06-08,BTC,8,squared return,4.212061564127604e-05
2026-06-08,BTC,8,squared down-return,2.2172927856445312e-05
2026-06-08,BTC,9,return,0.0028731028238932295
2026-06-08,BTC,9,squared return,-7.232030232747395e-06
2026-06-08,BTC,9,squared down-return,1.7881393432617188e-05
2026-06-08,BTC,10,return,0.0008582274119059246
2026-06-08,BTC,10,squared return,-1.8755594889322918e-05
2026-06-08,BTC,10,squared down-return,5.8015187581380204e-05
2026-06-08,BTC,11,return,0.0065135955810546875
2026-06-08,BTC,11,squared return,-4.1802724202473954e-05
2026-06-08,BTC,11,squared down-return,0.0001308123270670573
2026-06-08,BTC,12,return,0.004986683527628581
2026-06-08,BTC,12,squared return,-9.19500986735026e-05
2026-06-08,BTC,12,squared down-return,2.47955322265625e-05
2026-06-08,BTC,13,return,0.005497535069783528
2026-06-08,BTC,13,squared return,5.658467610677083e-05
2026-06-08,BTC,13,squared down-return,-0.00017460187276204425
2026-06-08,BTC,14,return,0.00542608896891276
2026-06-08,BTC,14,squared return,-8.122126261393228e-05
2026-06-08,BTC,14,squared down-return,9.139378865559895e-06
2026-06-08,BTC,15,return,0.003196318944295247
2026-06-08,BTC,15,squared return,-0.00010418891906738281
2026-06-08,BTC,15,squared down-return,-0.00018135706583658853
2026-06-08,BTC,16,return,0.011763970057169596
2026-06-08,BTC,16,squared return,0.00032750765482584637
2026-06-08,BTC,16,squared down-return,0.0002823670705159505
2026-06-08,BTC,17,return,0.012029488881429037
2026-06-08,BTC,17,squared return,6.810824076334635e-05
2026-06-08,BTC,17,squared down-return,9.727478027343749e-05
2026-06-08,BTC,18,return,0.005320946375528972
2026-06-08,BTC,18,squared return,8.257230122884115e-05
2026-06-08,BTC,18,squared down-return,-5.626678466796875e-05
2026-06-08,BTC,19,return,0.01061542828877767
2026-06-08,BTC,19,squared return,-0.0001858075459798177
2026-06-08,BTC,19,squared down-return,-0.00012286504109700522
2026-06-08,BTC,20,return,0.029318650563557945
2026-06-08,BTC,20,squared return,-0.00033283233642578125
2026-06-08,BTC,20,squared down-return,-0.00020472208658854166
2026-08-07,BTC,1,return,0.0010186036427815754
2026-08-07,BTC,1,squared return,5.873044331868489e-05
2026-08-07,BTC,1,squared down-return,7.009506225585938e-05
2026-08-07,BTC,2,return,0.0002464453379313151
2026-08-07,BTC,2,squared return,9.059906005859375e-06
2026-08-07,BTC,2,squared down-return,1.1682510375976562e-05
2026-08-07,BTC,3,return,5.364418029785156e-05
2026-08-07,BTC,3,squared return,3.337860107421875e-06
2026-08-07,BTC,3,squared down-return,4.371007283528646e-06
2026-08-07,BTC,4,return,7.987022399902344e-05
2026-08-07,BTC,4,squared return,-1.1920928955078125e-06
2026-08-07,BTC,4,squared down-return,3.973642985026042e-07
2026-08-07,BTC,5,return,0.0001408259073893229
2026-08-07,BTC,5,squared return,5.880991617838542e-06
2026-08-07,BTC,5,squared down-return,4.5299530029296875e-06
2026-08-07,BTC,6,return,0.00010069211324055989
2026-08-07,BTC,6,squared return,2.5431315104166665e-06
2026-08-07,BTC,6,squared down-return,3.337860107421875e-06
2026-08-07,BTC,7,return,2.0345052083333332e-05
2026-08-07,BTC,7,squared return,2.2252400716145835e-06
2026-08-07,BTC,7,squared down-return,1.509984334309896e-06
2026-08-07,BTC,8,return,1.9470850626627605e-05
2026-08-07,BTC,8,squared return,4.76837158203125e-07
2026-08-07,BTC,8,squared down-return,1.1920928955078125e-06
2026-08-07,BTC,9,return,-1.4305114746093752e-06
2026-08-07,BTC,9,squared return,2.384185791015625e-07
2026-08-07,BTC,9,squared down-return,7.947285970052083e-08
2026-08-07,BTC,10,return,-4.76837158203125e-07
2026-08-07,BTC,10,squared return,-3.178914388020833e-07
2026-08-07,BTC,10,squared down-return,-1.5894571940104166e-07
2026-08-07,BTC,11,return,9.616216023763021e-06
2026-08-07,BTC,11,squared return,1.5894571940104166e-07
2026-08-07,BTC,11,squared down-return,1.5894571940104166e-07
2026-08-07,BTC,12,return,4.688898722330729e-06
2026-08-07,BTC,12,squared return,1.5894571940104166e-07
2026-08-07,BTC,12,squared down-return,1.5894571940104166e-07
2026-08-07,BTC,13,return,-2.781550089518229e-06
2026-08-07,BTC,13,squared return,-7.947285970052083e-08
2026-08-07,BTC,13,squared down-return,-2.384185791015625e-07
2026-08-07,BTC,14,return,1.1920928955078125e-06
2026-08-07,BTC,14,squared return,-1.5894571940104166e-07
2026-08-07,BTC,14,squared down-return,-7.947285970052083e-08
2026-08-07,BTC,15,return,7.947285970052082e-08
2026-08-07,BTC,15,squared return,-1.5894571940104166e-07
2026-08-07,BTC,15,squared down-return,-1.5894571940104166e-07
2026-08-07,BTC,16,return,3.4173329671223956e-06
2026-08-07,BTC,16,squared return,1.5894571940104166e-07
2026-08-07,BTC,16,squared down-return,0.0
2026-08-07,BTC,17,return,1.1126200358072915e-06
2026-08-07,BTC,17,squared return,-1.5894571940104166e-07
2026-08-07,BTC,17,squared down-return,-7.947285970052083e-08
2026-08-07,BTC,18,return,9.5367431640625e-07
2026-08-07,BTC,18,squared return,0.0
2026-08-07,BTC,18,squared down-return,0.0
2026-08-07,BTC,19,return,-7.947285970052083e-08
2026-08-07,BTC,19,squared return,-7.947285970052083e-08
2026-08-07,BTC,19,squared down-return,0.0
2026-08-07,BTC,20,return,6.357828776041666e-07
2026-08-07,BTC,20,squared return,0.0
2026-08-07,BTC,20,squared down-return,0.0
2026-09-10,BTC,1,return,0.0025054613749186196
2026-09-10,BTC,1,squared return,0.00011610984802246094
2026-09-10,BTC,1,squared down-return,0.00013073285420735678
2026-09-10,BTC,2,return,-0.00012246767679850262
2026-09-10,BTC,2,squared return,4.760424296061198e-05
2026-09-10,BTC,2,squared down-return,3.925959269205729e-05
2026-09-10,BTC,3,return,0.0003976027170817058
2026-09-10,BTC,3,squared return,-4.6888987223307294e-06
2026-09-10,BTC,3,squared down-return,6.9141387939453125e-06
2026-09-10,BTC,4,return,-7.033348083496091e-05
2026-09-10,BTC,4,squared return,-7.708867390950521e-06
2026-09-10,BTC,4,squared down-return,9.5367431640625e-07
2026-09-10,BTC,5,return,0.0015423297882080078
2026-09-10,BTC,5,squared return,7.422765096028645e-05
2026-09-10,BTC,5,squared down-return,6.802876790364583e-05
2026-09-10,BTC,6,return,0.0029584566752115884
2026-09-10,BTC,6,squared return,7.62939453125e-06
2026-09-10,BTC,6,squared down-return,4.673004150390625e-05
2026-09-10,BTC,7,return,6.643931070963538e-05
2026-09-10,BTC,7,squared return,8.487701416015625e-05
2026-09-10,BTC,7,squared down-return,3.719329833984375e-05
2026-09-10,BTC,8,return,0.001493056615193685
2026-09-10,BTC,8,squared return,-2.6305516560872398e-05
2026-09-10,BTC,8,squared down-return,2.463658650716146e-05
2026-09-10,BTC,9,return,-0.00043678283691406255
2026-09-10,BTC,9,squared return,-1.6291936238606773e-05
2026-09-10,BTC,9,squared down-return,2.6226043701171883e-06
2026-09-10,BTC,10,return,0.000346819559733073
2026-09-10,BTC,10,squared return,-9.854634602864582e-06
2026-09-10,BTC,10,squared down-return,-3.226598103841146e-05
2026-09-10,BTC,11,return,0.002587238947550456
2026-09-10,BTC,11,squared return,2.177556355794271e-05
2026-09-10,BTC,11,squared down-return,1.247723897298177e-05
2026-09-10,BTC,12,return,-0.0002647240956624349
2026-09-10,BTC,12,squared return,6.993611653645833e-05
2026-09-10,BTC,12,squared down-return,-1.0331471761067706e-06
2026-09-10,BTC,13,return,0.0004030863444010416
2026-09-10,BTC,13,squared return,-0.00011396408081054688
2026-09-10,BTC,13,squared down-return,-1.9073486328124996e-06
2026-09-10,BTC,14,return,0.0007981459299723307
2026-09-10,BTC,14,squared return,4.80810801188151e-05
2026-09-10,BTC,14,squared down-return,-0.0001060167948404948
2026-09-10,BTC,15,return,0.0011254151662190754
2026-09-10,BTC,15,squared return,0.00013017654418945312
2026-09-10,BTC,15,squared down-return,-6.492932637532553e-05
2026-09-10,BTC,16,return,0.004821379979451497
2026-09-10,BTC,16,squared return,4.8478444417317704e-05
2026-09-10,BTC,16,squared down-return,0.0001300175984700521
2026-09-10,BTC,17,return,0.005312760670979817
2026-09-10,BTC,17,squared return,0.00021616617838541666
2026-09-10,BTC,17,squared down-return,2.201398213704427e-05
2026-09-10,BTC,18,return,0.0035895506540934248
2026-09-10,BTC,18,squared return,9.290377298990885e-05
2026-09-10,BTC,18,squared down-return,2.415974934895833e-05
2026-09-10,BTC,19,return,0.005869547526041666
2026-09-10,BTC,19,squared return,0.00016951560974121094
2026-09-10,BTC,19,squared down-return,-0.00017340977986653644
2026-09-10,BTC,20,return,0.027984539667765297
2026-09-10,BTC,20,squared return,-2.4000803629557283e-05
2026-09-10,BTC,20,squared down-return,5.364418029785156e-05
2019-05-16,ETH,1,return,-0.00032560030619303376
2019-05-16,ETH,1,squared return,0.00020599365234375
2019-05-16,ETH,1,squared down-return,0.0002513726552327474
2019-05-16,ETH,2,return,0.001570304234822591
2019-05-16,ETH,2,squared return,2.2172927856445312e-05
2019-05-16,ETH,2,squared down-return,-1.9073486328125e-06
2019-05-16,ETH,3,return,0.0001992384592692057
2019-05-16,ETH,3,squared return,0.00021513303120930988
2019-05-16,ETH,3,squared down-return,8.495648701985678e-05
2019-05-16,ETH,4,return,-0.0003708203633626302
2019-05-16,ETH,4,squared return,0.0001370112101236979
2019-05-16,ETH,4,squared down-return,6.0160954793294266e-05
2019-05-16,ETH,5,return,-4.4266382853190115e-05
2019-05-16,ETH,5,squared return,0.0002429485321044922
2019-05-16,ETH,5,squared down-return,9.536743164062499e-05
2019-05-16,ETH,6,return,-0.0002609093983968099
2019-05-16,ETH,6,squared return,3.8941701253255204e-05
2019-05-16,ETH,6,squared down-return,3.4332275390625e-05
2019-05-16,ETH,7,return,-0.0003592967987060547
2019-05-16,ETH,7,squared return,-6.890296936035156e-05
2019-05-16,ETH,7,squared down-return,-5.53131103515625e-05
2019-05-16,ETH,8,return,0.001497824986775716
2019-05-16,ETH,8,squared return,-0.00021791458129882812
2019-05-16,ETH,8,squared down-return,-7.994969685872395e-05
2019-05-16,ETH,9,return,0.0029002825419108076
2019-05-16,ETH,9,squared return,2.471605936686198e-05
2019-05-16,ETH,9,squared down-return,9.147326151529948e-05
2019-05-16,ETH,10,return,-0.00041778882344563806
2019-05-16,ETH,10,squared return,9.926160176595052e-05
2019-05-16,ETH,10,squared down-return,-2.0265579223632812e-05
2019-05-16,ETH,11,return,-0.00010061264038085938
2019-05-16,ETH,11,squared return,0.00029746691385904944
2019-05-16,ETH,11,squared down-return,0.00012636184692382812
2019-05-16,ETH,12,return,-0.00019137064615885416
2019-05-16,ETH,12,squared return,-5.586942036946614e-05
2019-05-16,ETH,12,squared down-return,-0.00012636184692382812
2019-05-16,ETH,13,return,-0.00023078918457031247
2019-05-16,ETH,13,squared return,1.2079874674479168e-05
2019-05-16,ETH,13,squared down-return,8.821487426757812e-06
2019-05-16,ETH,14,return,0.0007836023966471354
2019-05-16,ETH,14,squared return,3.186861673990886e-05
2019-05-16,ETH,14,squared down-return,3.496805826822917e-05
2019-05-16,ETH,15,return,-0.00046674410502115887
2019-05-16,ETH,15,squared return,-0.000146786371866862
2019-05-16,ETH,15,squared down-return,-5.237261454264323e-05
2019-05-16,ETH,16,return,0.0016252994537353516
2019-05-16,ETH,16,squared return,0.0003325939178466797
2019-05-16,ETH,16,squared down-return,0.00018382072448730471
2019-05-16,ETH,17,return,-0.0006086031595865885
2019-05-16,ETH,17,squared return,-7.899602254231772e-05
2019-05-16,ETH,17,squared down-return,2.5351842244466145e-05
2019-05-16,ETH,18,return,0.0013931592305501301
2019-05-16,ETH,18,squared return,-0.00015457471211751303
2019-05-16,ETH,18,squared down-return,7.836023966471353e-05
2019-05-16,ETH,19,return,0.00040499369303385413
2019-05-16,ETH,19,squared return,-9.5367431640625e-07
2019-05-16,ETH,19,squared down-return,5.348523457845052e-05
2019-05-16,ETH,20,return,7.613499959309895e-05
2019-05-16,ETH,20,squared return,-5.0067901611328125e-06
2019-05-16,ETH,20,squared down-return,2.400080362955729e-05
2019-07-15,ETH,1,return,0.00032901763916015625
2019-07-15,ETH,1,squared return,4.6094258626302086e-05
2019-07-15,ETH,1,squared down-return,-1.8278757731119799e-06
2019-07-15,ETH,2,return,-0.00035452842712402344
2019-07-15,ETH,2,squared return,-6.469090779622397e-05
2019-07-15,ETH,2,squared down-return,4.943211873372396e-05
2019-07-15,ETH,3,return,-0.0013839403788248699
2019-07-15,ETH,3,squared return,0.0002209345499674479
2019-07-15,ETH,3,squared down-return,9.028116861979167e-05
2019-07-15,ETH,4,return,0.004309813181559244
2019-07-15,ETH,4,squared return,7.534027099609375e-05
2019-07-15,ETH,4,squared down-return,2.9881795247395836e-05
2019-07-15,ETH,5,return,0.0044324398040771484
2019-07-15,ETH,5,squared return,0.00012969970703125
2019-07-15,ETH,5,squared down-return,5.4200490315755204e-05
2019-07-15,ETH,6,return,0.0040018558502197266
2019-07-15,ETH,6,squared return,3.457069396972656e-05
2019-07-15,ETH,6,squared down-return,2.7815500895182303e-06
2019-07-15,ETH,7,return,0.0007081031799316406
2019-07-15,ETH,7,squared return,0.00020813941955566406
2019-07-15,ETH,7,squared down-return,-4.545847574869792e-05
2019-07-15,ETH,8,return,0.008506298065185547
2019-07-15,ETH,8,squared return,0.0005965232849121094
2019-07-15,ETH,8,squared down-return,8.893013000488281e-05
2019-07-15,ETH,9,return,0.006066640218098958
2019-07-15,ETH,9,squared return,-0.00010879834493001303
2019-07-15,ETH,9,squared down-return,-6.175041198730469e-05
2019-07-15,ETH,10,return,-0.0006014506022135417
2019-07-15,ETH,10,squared return,-0.0003174940745035807
2019-07-15,ETH,10,squared down-return,1.1523564656575523e-05
2019-07-15,ETH,11,return,0.002431790033976237
2019-07-15,ETH,11,squared return,-0.00010085105895996094
2019-07-15,ETH,11,squared down-return,-3.3537546793619796e-05
2019-07-15,ETH,12,return,0.0016915003458658853
2019-07-15,ETH,12,squared return,-4.227956136067709e-05
2019-07-15,ETH,12,squared down-return,1.2874603271484372e-05
2019-07-15,ETH,13,return,0.00898583730061849
2019-07-15,ETH,13,squared return,0.000566403071085612
2019-07-15,ETH,13,squared down-return,3.5365422566731766e-05
2019-07-15,ETH,14,return,0.007179419199625652
2019-07-15,ETH,14,squared return,0.0002992947896321615
2019-07-15,ETH,14,squared down-return,0.00021370251973470053
2019-07-15,ETH,15,return,0.002525170644124349
2019-07-15,ETH,15,squared return,0.00017515818277994793
2019-07-15,ETH,15,squared down-return,7.629394531249999e-06
2019-07-15,ETH,16,return,0.012836535771687824
2019-07-15,ETH,16,squared return,7.915496826171875e-05
2019-07-15,ETH,16,squared down-return,5.857149759928386e-05
2019-07-15,ETH,17,return,0.008028586705525717
2019-07-15,ETH,17,squared return,0.0004598299662272135
2019-07-15,ETH,17,squared down-return,-7.565816243489583e-05
2019-07-15,ETH,18,return,0.009854634602864584
2019-07-15,ETH,18,squared return,0.00019558270772298178
2019-07-15,ETH,18,squared down-return,-6.906191507975261e-05
2019-07-15,ETH,19,return,0.01006460189819336
2019-07-15,ETH,19,squared return,0.0004266103108723958
2019-07-15,ETH,19,squared down-return,-0.00012079874674479166
2019-07-15,ETH,20,return,0.017737785975138344
2019-07-15,ETH,20,squared return,0.00031654040018717444
2019-07-15,ETH,20,squared down-return,-2.6384989420572918e-05
2019-09-13,ETH,1,return,5.165735880533899e-06
2019-09-13,ETH,1,squared return,6.381670633951822e-05
2019-09-13,ETH,1,squared down-return,5.968411763509115e-05
2019-09-13,ETH,2,return,0.00038822491963704425
2019-09-13,ETH,2,squared return,5.2611033121744796e-05
2019-09-13,ETH,2,squared down-return,5.904833475748698e-05
2019-09-13,ETH,3,return,-0.0007741451263427734
2019-09-13,ETH,3,squared return,0.0005241235097249348
2019-09-13,ETH,3,squared down-return,5.7458877563476556e-05
2019-09-13,ETH,4,return,-6.937980651855466e-05
2019-09-13,ETH,4,squared return,0.0006384054819742838
2019-09-13,ETH,4,squared down-return,1.5656153361002605e-05
2019-09-13,ETH,5,return,0.0016459623972574868
2019-09-13,ETH,5,squared return,0.0008640289306640626
2019-09-13,ETH,5,squared down-return,-2.0503997802734375e-05
2019-09-13,ETH,6,return,0.0015756289164225261
2019-09-13,ETH,6,squared return,0.0008298556009928385
2019-09-13,ETH,6,squared down-return,0.0006189346313476562
2019-09-13,ETH,7,return,-0.002167860666910807
2019-09-13,ETH,7,squared return,5.5154164632161454e-05
2019-09-13,ETH,7,squared down-return,0.00011126200358072917
2019-09-13,ETH,8,return,0.005886157353719076
2019-09-13,ETH,8,squared return,0.0010151863098144531
2019-09-13,ETH,8,squared down-return,0.0007285277048746744
2019-09-13,ETH,9,return,0.008523782094319662
2019-09-13,ETH,9,squared return,8.678436279296875e-05
2019-09-13,ETH,9,squared down-return,0.0002795855204264323
2019-09-13,ETH,10,return,-0.00268093744913737
2019-09-13,ETH,10,squared return,-8.122126261393228e-05
2019-09-13,ETH,10,squared down-return,-0.00027680397033691406
2019-09-13,ETH,11,return,0.001134951909383138
2019-09-13,ETH,11,squared return,0.0004621346791585287
2019-09-13,ETH,11,squared down-return,0.000412146250406901
2019-09-13,ETH,12,return,-0.00015234947204589844
2019-09-13,ETH,12,squared return,-0.00015242894490559897
2019-09-13,ETH,12,squared down-return,-8.114178975423178e-05
2019-09-13,ETH,13,return,-0.0007323424021402994
2019-09-13,ETH,13,squared return,0.00019176801045735675
2019-09-13,ETH,13,squared down-return,3.20275624593099e-05
2019-09-13,ETH,14,return,0.0021791458129882812
2019-09-13,ETH,14,squared return,-7.200241088867188e-05
2019-09-13,ETH,14,squared down-return,-8.193651835123697e-05
2019-09-13,ETH,15,return,-0.003101825714111328
2019-09-13,ETH,15,squared return,-7.716814676920572e-05
2019-09-13,ETH,15,squared down-return,-0.0001273949940999349
2019-09-13,ETH,16,return,0.0006437301635742188
2019-09-13,ETH,16,squared return,0.00013327598571777344
2019-09-13,ETH,16,squared down-return,3.5762786865234375e-06
2019-09-13,ETH,17,return,0.0013170242309570312
2019-09-13,ETH,17,squared return,0.00036915143330891925
2019-09-13,ETH,17,squared down-return,0.00012254714965820312
2019-09-13,ETH,18,return,0.002682765324910482
2019-09-13,ETH,18,squared return,0.0005673567454020183
2019-09-13,ETH,18,squared down-return,0.00021092096964518228
2019-09-13,ETH,19,return,0.0008080800374348959
2019-09-13,ETH,19,squared return,-0.0004732608795166016
2019-09-13,ETH,19,squared down-return,4.5299530029296875e-05
2019-09-13,ETH,20,return,0.0008399486541748047
2019-09-13,ETH,20,squared return,-0.0006349086761474608
2019-09-13,ETH,20,squared down-return,-0.0005506674448649088
2019-11-12,ETH,1,return,-0.0011130968729654949
2019-11-12,ETH,1,squared return,0.00021958351135253906
2019-11-12,ETH,1,squared down-return,-2.2808710734049484e-05
2019-11-12,ETH,2,return,0.002620220184326172
2019-11-12,ETH,2,squared return,0.00021076202392578125
2019-11-12,ETH,2,squared down-return,-3.0438105265299484e-05
2019-11-12,ETH,3,return,0.000358740488688151
2019-11-12,ETH,3,squared return,0.0005089441935221355
2019-11-12,ETH,3,squared down-return,-3.560384114583333e-05
2019-11-12,ETH,4,return,1.064936319986981e-05
2019-11-12,ETH,4,squared return,0.0012448628743489583
2019-11-12,ETH,4,squared down-return,-8.28107198079427e-05
2019-11-12,ETH,5,return,0.0015585422515869143
2019-11-12,ETH,5,squared return,0.0006291866302490234
2019-11-12,ETH,5,squared down-return,0.000667889912923177
2019-11-12,ETH,6,return,0.001360495885213216
2019-11-12,ETH,6,squared return,0.0007080237070719402
2019-11-12,ETH,6,squared down-return,0.00039275487263997394
2019-11-12,ETH,7,return,-0.0009710788726806641
2019-11-12,ETH,7,squared return,0.00020511945088704428
2019-11-12,ETH,7,squared down-return,-2.3047129313151033e-05
2019-11-12,ETH,8,return,0.007030646006266276
2019-11-12,ETH,8,squared return,0.0011469523111979167
2019-11-12,ETH,8,squared down-return,0.0011896292368570964
2019-11-12,ETH,9,return,-0.0024588902791341147
2019-11-12,ETH,9,squared return,0.00011459986368815103
2019-11-12,ETH,9,squared down-return,0.00021227200826009115
2019-11-12,ETH,10,return,0.0017524560292561848
2019-11-12,ETH,10,squared return,-0.00021187464396158853
2019-11-12,ETH,10,squared down-return,4.53790028889974e-05
2019-11-12,ETH,11,return,0.002286116282145182
2019-11-12,ETH,11,squared return,0.0002291997273763021
2019-11-12,ETH,11,squared down-return,0.0003439585367838542
2019-11-12,ETH,12,return,-0.0008083184560139974
2019-11-12,ETH,12,squared return,0.00010021527608235678
2019-11-12,ETH,12,squared down-return,-0.0001159509023030599
2019-11-12,ETH,13,return,0.0002408822377522786
2019-11-12,ETH,13,squared return,-0.00012032190958658853
2019-11-12,ETH,13,squared down-return,0.0001742839813232422
2019-11-12,ETH,14,return,0.003126064936319987
2019-11-12,ETH,14,squared return,-8.114178975423177e-05
2019-11-12,ETH,14,squared down-return,-9.361902872721353e-05
2019-11-12,ETH,15,return,-0.0034221013387044272
2019-11-12,ETH,15,squared return,-0.00013796488444010418
2019-11-12,ETH,15,squared down-return,-9.449323018391927e-05
2019-11-12,ETH,16,return,0.0017743905385335284
2019-11-12,ETH,16,squared return,0.00026003519694010413
2019-11-12,ETH,16,squared down-return,0.00025828679402669274
2019-11-12,ETH,17,return,0.0013439655303955078
2019-11-12,ETH,17,squared return,-0.00011324882507324221
2019-11-12,ETH,17,squared down-return,0.00011658668518066404
2019-11-12,ETH,18,return,-0.0007579326629638672
2019-11-12,ETH,18,squared return,0.0001605351765950521
2019-11-12,ETH,18,squared down-return,2.3444493611653655e-05
2019-11-12,ETH,19,return,0.0013428529103597007
2019-11-12,ETH,19,squared return,-0.00014758110046386716
2019-11-12,ETH,19,squared down-return,-0.00024994214375813806
2019-11-12,ETH,20,return,0.001251538594563802
2019-11-12,ETH,20,squared return,-0.0006980895996093751
2019-11-12,ETH,20,squared down-return,-0.0006264050801595052
2020-01-11,ETH,1,return,0.002204736073811849
2020-01-11,ETH,1,squared return,0.00016411145528157553
2020-01-11,ETH,1,squared down-return,5.57104746500651e-05
2020-01-11,ETH,2,return,0.003157774607340495
2020-01-11,ETH,2,squared return,0.00021163622538248694
2020-01-11,ETH,2,squared down-return,0.00020805994669596353
2020-01-11,ETH,3,return,-0.00020798047383626306
2020-01-11,ETH,3,squared return,0.0004818439483642578
2020-01-11,ETH,3,squared down-return,0.00011555353800455728
2020-01-11,ETH,4,return,-0.00030016899108886713
2020-01-11,ETH,4,squared return,0.00027998288472493493
2020-01-11,ETH,4,squared down-return,0.00023778279622395834
2020-01-11,ETH,5,return,0.00035468737284342444
2020-01-11,ETH,5,squared return,0.00041667620340983075
2020-01-11,ETH,5,squared down-return,0.00026003519694010413
2020-01-11,ETH,6,return,0.00026472409566243493
2020-01-11,ETH,6,squared return,0.00026305516560872394
2020-01-11,ETH,6,squared down-return,0.00013208389282226562
2020-01-11,ETH,7,return,-0.00024573008219401043
2020-01-11,ETH,7,squared return,-1.049041748046875e-05
2020-01-11,ETH,7,squared down-return,6.516774495442708e-06
2020-01-11,ETH,8,return,0.0038634141286214194
2020-01-11,ETH,8,squared return,-0.00013621648152669272
2020-01-11,ETH,8,squared down-return,4.7365824381510414e-05
2020-01-11,ETH,9,return,0.0037704308827718105
2020-01-11,ETH,9,squared return,-0.00010347366333007812
2020-01-11,ETH,9,squared down-return,1.1920928955078127e-05
2020-01-11,ETH,10,return,-0.00042200088500976557
2020-01-11,ETH,10,squared return,-7.661183675130208e-05
2020-01-11,ETH,10,squared down-return,0.00013820330301920572
2020-01-11,ETH,11,return,0.0018526713053385417
2020-01-11,ETH,11,squared return,8.511543273925781e-05
2020-01-11,ETH,11,squared down-return,0.00031638145446777344
2020-01-11,ETH,12,return,0.0002750555674235026
2020-01-11,ETH,12,squared return,0.0003592967987060547
2020-01-11,ETH,12,squared down-return,0.0002415180206298828
2020-01-11,ETH,13,return,-0.00041023890177408856
2020-01-11,ETH,13,squared return,-0.0002446969350179037
2020-01-11,ETH,13,squared down-return,2.845128377278646e-05
2020-01-11,ETH,14,return,0.002574443817138672
2020-01-11,ETH,14,squared return,-0.00019160906473795575
2020-01-11,ETH,14,squared down-return,-0.00015131632486979166
2020-01-11,ETH,15,return,-0.001567840576171875
2020-01-11,ETH,15,squared return,-0.00016125043233235678
2020-01-11,ETH,15,squared down-return,-3.1550725301106766e-05
2020-01-11,ETH,16,return,-0.002705256144205729
2020-01-11,ETH,16,squared return,0.0004589557647705078
2020-01-11,ETH,16,squared down-return,-0.00022546450297037757
2020-01-11,ETH,17,return,0.005593140920003255
2020-01-11,ETH,17,squared return,4.3710072835286345e-06
2020-01-11,ETH,17,squared down-return,0.0007722377777099609
2020-01-11,ETH,18,return,-0.003609498341878255
2020-01-11,ETH,18,squared return,-0.00026535987854003906
2020-01-11,ETH,18,squared down-return,-0.000783999760945638
2020-01-11,ETH,19,return,-0.0015311241149902342
2020-01-11,ETH,19,squared return,-6.008148193359375e-05
2020-01-11,ETH,19,squared down-return,0.00024207433064778647
2020-01-11,ETH,20,return,0.00011269251505533856
2020-01-11,ETH,20,squared return,-0.00045736630757649743
2020-01-11,ETH,20,squared down-return,0.00010911623636881511
2020-03-11,ETH,1,return,0.0007905960083007812
2020-03-11,ETH,1,squared return,0.00017722447713216147
2020-03-11,ETH,1,squared down-return,0.00020686785380045575
2020-03-11,ETH,2,return,0.0011363029479980469
2020-03-11,ETH,2,squared return,0.00017269452412923178
2020-03-11,ETH,2,squared down-return,0.00025780995686848957
2020-03-11,ETH,3,return,0.0003663698832194011
2020-03-11,ETH,3,squared return,0.00010816256205240885
2020-03-11,ETH,3,squared down-return,0.00017595291137695312
2020-03-11,ETH,4,return,-0.00014702479044596356
2020-03-11,ETH,4,squared return,0.0004267692565917969
2020-03-11,ETH,4,squared down-return,9.552637736002603e-05
2020-03-11,ETH,5,return,-0.0010631879170735676
2020-03-11,ETH,5,squared return,0.0009442965189615885
2020-03-11,ETH,5,squared down-return,0.000421285629272461
2020-03-11,ETH,6,return,0.002385218938191732
2020-03-11,ETH,6,squared return,0.0005772908528645833
2020-03-11,ETH,6,squared down-return,0.00020313262939453125
2020-03-11,ETH,7,return,0.0018912951151529946
2020-03-11,ETH,7,squared return,0.00010315577189127603
2020-03-11,ETH,7,squared down-return,1.8437703450520832e-05
2020-03-11,ETH,8,return,0.011067867279052734
2020-03-11,ETH,8,squared return,5.276997884114584e-05
2020-03-11,ETH,8,squared down-return,-6.461143493652344e-05
2020-03-11,ETH,9,return,0.008612473805745443
2020-03-11,ETH,9,squared return,-0.00016490618387858075
2020-03-11,ETH,9,squared down-return,-0.00016800562540690103
2020-03-11,ETH,10,return,-0.001438140869140625
2020-03-11,ETH,10,squared return,7.653236389160156e-05
2020-03-11,ETH,10,squared down-return,0.00024779637654622394
2020-03-11,ETH,11,return,0.00044544537862141925
2020-03-11,ETH,11,squared return,0.00021457672119140625
2020-03-11,ETH,11,squared down-return,-9.957949320475261e-05
2020-03-11,ETH,12,return,-0.0005363623301188151
2020-03-11,ETH,12,squared return,0.000152587890625
2020-03-11,ETH,12,squared down-return,0.00025121370951334637
2020-03-11,ETH,13,return,0.0003550052642822265
2020-03-11,ETH,13,squared return,-2.4716059366861984e-05
2020-03-11,ETH,13,squared down-return,2.622604370117186e-06
2020-03-11,ETH,14,return,0.004260619481404623
2020-03-11,ETH,14,squared return,-6.890296936035156e-05
2020-03-11,ETH,14,squared down-return,-1.239776611328125e-05
2020-03-11,ETH,15,return,-0.0013422966003417969
2020-03-11,ETH,15,squared return,-2.2013982137044273e-05
2020-03-11,ETH,15,squared down-return,-7.255872090657552e-05
2020-03-11,ETH,16,return,-0.0014986197153727212
2020-03-11,ETH,16,squared return,9.23474629720052e-05
2020-03-11,ETH,16,squared down-return,4.8160552978515625e-05
2020-03-11,ETH,17,return,0.0019640127817789716
2020-03-11,ETH,17,squared return,-5.372365315755208e-05
2020-03-11,ETH,17,squared down-return,0.00011269251505533853
2020-03-11,ETH,18,return,0.0021118323008219404
2020-03-11,ETH,18,squared return,2.765655517578126e-05
2020-03-11,ETH,18,squared down-return,-6.651878356933594e-05
2020-03-11,ETH,19,return,2.4954477945963533e-05
2020-03-11,ETH,19,squared return,-3.2424926757812486e-05
2020-03-11,ETH,19,squared down-return,-0.00011086463928222656
2020-03-11,ETH,20,return,-0.0007104078928629558
2020-03-11,ETH,20,squared return,-0.00029571851094563806
2020-03-11,ETH,20,squared down-return,-0.0001445611317952474
2020-05-10,ETH,1,return,0.004134654998779297
2020-05-10,ETH,1,squared return,0.0007831255594889324
2020-05-10,ETH,1,squared down-return,0.0007144610087076824
2020-05-10,ETH,2,return,-0.002309719721476237
2020-05-10,ETH,2,squared return,-0.00015282630920410156
2020-05-10,ETH,2,squared down-return,0.00022737185160319012
2020-05-10,ETH,3,return,-0.00027497609456380207
2020-05-10,ETH,3,squared return,-0.0008073647816975911
2020-05-10,ETH,3,squared down-return,-0.0005663235982259114
2020-05-10,ETH,4,return,0.008160750071207682
2020-05-10,ETH,4,squared return,0.002034346262613932
2020-05-10,ETH,4,squared down-return,0.0018947124481201172
2020-05-10,ETH,5,return,0.003094116846720378
2020-05-10,ETH,5,squared return,-7.28766123453776e-05
2020-05-10,ETH,5,squared down-return,-6.540616353352865e-05
2020-05-10,ETH,6,return,-0.007055759429931641
2020-05-10,ETH,6,squared return,0.0003317991892496745
2020-05-10,ETH,6,squared down-return,-3.178914388020833e-05
2020-05-10,ETH,7,return,-0.004294951756795247
2020-05-10,ETH,7,squared return,-0.0007679462432861328
2020-05-10,ETH,7,squared down-return,0.0004740556081136067
2020-05-10,ETH,8,return,-0.0030349095662434897
2020-05-10,ETH,8,squared return,-0.0001723766326904297
2020-05-10,ETH,8,squared down-return,7.263819376627605e-05
2020-05-10,ETH,9,return,-0.0031234423319498696
2020-05-10,ETH,9,squared return,9.592374165852864e-05
2020-05-10,ETH,9,squared down-return,8.098284403483073e-05
2020-05-10,ETH,10,return,-0.00692280133565267
2020-05-10,ETH,10,squared return,-0.000425259272257487
2020-05-10,ETH,10,squared down-return,-0.00022943814595540363
2020-05-10,ETH,11,return,-0.0015680789947509766
2020-05-10,ETH,11,squared return,0.0004026095072428385
2020-05-10,ETH,11,squared down-return,0.0003159046173095703
2020-05-10,ETH,12,return,0.007432301839192709
2020-05-10,ETH,12,squared return,-0.0005960464477539062
2020-05-10,ETH,12,squared down-return,-0.0003499190012613932
2020-05-10,ETH,13,return,-0.009657700856526693
2020-05-10,ETH,13,squared return,-0.00016450881958007812
2020-05-10,ETH,13,squared down-return,0.0003807544708251953
2020-05-10,ETH,14,return,-0.0030770301818847656
2020-05-10,ETH,14,squared return,6.119410196940105e-05
2020-05-10,ETH,14,squared down-return,0.0003870328267415365
2020-05-10,ETH,15,return,0.01144997278849284
2020-05-10,ETH,15,squared return,0.0013964176177978516
2020-05-10,ETH,15,squared down-return,0.0009676615397135415
2020-05-10,ETH,16,return,0.01925969123840332
2020-05-10,ETH,16,squared return,4.132588704427087e-05
2020-05-10,ETH,16,squared down-return,0.0008353392283121744
2020-05-10,ETH,17,return,0.01785691579182943
2020-05-10,ETH,17,squared return,0.00011984507242838543
2020-05-10,ETH,17,squared down-return,0.0010479291280110676
2020-05-10,ETH,18,return,-0.0038911501566569013
2020-05-10,ETH,18,squared return,0.000810543696085612
2020-05-10,ETH,18,squared down-return,0.0005202293395996094
2020-05-10,ETH,19,return,0.0036446253458658853
2020-05-10,ETH,19,squared return,-9.743372599283856e-05
2020-05-10,ETH,19,squared down-return,0.00020543734232584637
2020-05-10,ETH,20,return,-0.0034209092458089194
2020-05-10,ETH,20,squared return,-0.0009928544362386067
2020-05-10,ETH,20,squared down-return,0.0003932317097981771
2020-07-09,ETH,1,return,0.003182570139567057
2020-07-09,ETH,1,squared return,0.001016855239868164
2020-07-09,ETH,1,squared down-return,0.0011969407399495442
2020-07-09,ETH,2,return,-0.0004407564798990885
2020-07-09,ETH,2,squared return,9.600321451822918e-05
2020-07-09,ETH,2,squared down-return,0.00021759668986002606
2020-07-09,ETH,3,return,0.00015314420064290368
2020-07-09,ETH,3,squared return,7.120768229166667e-05
2020-07-09,ETH,3,squared down-return,-7.637341817220053e-05
2020-07-09,ETH,4,return,0.007934331893920898
2020-07-09,ETH,4,squared return,0.001492182413736979
2020-07-09,ETH,4,squared down-return,0.001546939214070638
2020-07-09,ETH,5,return,0.005239089330037435
2020-07-09,ETH,5,squared return,0.00020003318786621094
2020-07-09,ETH,5,squared down-return,-0.0004264513651529948
2020-07-09,ETH,6,return,-0.00613109270731608
2020-07-09,ETH,6,squared return,1.3113021850585938e-05
2020-07-09,ETH,6,squared down-return,-0.0004954338073730469
2020-07-09,ETH,7,return,0.0016206900278727212
2020-07-09,ETH,7,squared return,0.0013696352640787761
2020-07-09,ETH,7,squared down-return,0.001326481501261393
2020-07-09,ETH,8,return,6.715456644694012e-05
2020-07-09,ETH,8,squared return,-0.001017173131306966
2020-07-09,ETH,8,squared down-return,-0.000957489013671875
2020-07-09,ETH,9,return,0.0024178028106689453
2020-07-09,ETH,9,squared return,-0.00046261151631673175
2020-07-09,ETH,9,squared down-return,-0.0001105467478434245
2020-07-09,ETH,10,return,-0.019735018412272133
2020-07-09,ETH,10,squared return,0.00013820330301920575
2020-07-09,ETH,10,squared down-return,-0.000272830327351888
2020-07-09,ETH,11,return,0.0012421607971191406
2020-07-09,ETH,11,squared return,0.0003214677174886068
2020-07-09,ETH,11,squared down-return,8.718172709147136e-05
2020-07-09,ETH,12,return,0.0034099419911702475
2020-07-09,ETH,12,squared return,-6.031990051269531e-05
2020-07-09,ETH,12,squared down-return,-6.59624735514322e-06
2020-07-09,ETH,13,return,-0.03847742080688477
2020-07-09,ETH,13,squared return,0.000274817148844401
2020-07-09,ETH,13,squared down-return,-0.00028816858927408856
2020-07-09,ETH,14,return,0.0071973005930582685
2020-07-09,ETH,14,squared return,-0.0024110476175944013
2020-07-09,ETH,14,squared down-return,0.0003960132598876953
2020-07-09,ETH,15,return,0.01447621981302897
2020-07-09,ETH,15,squared return,0.002752860387166341
2020-07-09,ETH,15,squared down-return,0.003344615300496419
2020-07-09,ETH,16,return,0.0024997393290201817
2020-07-09,ETH,16,squared return,0.0011533896128336587
2020-07-09,ETH,16,squared down-return,0.0021522045135498047
2020-07-09,ETH,17,return,0.016711314519246418
2020-07-09,ETH,17,squared return,-0.0024213790893554688
2020-07-09,ETH,17,squared down-return,0.0008649031321207682
2020-07-09,ETH,18,return,-0.025071223576863606
2020-07-09,ETH,18,squared return,0.0011816819508870444
2020-07-09,ETH,18,squared down-return,5.7856241861979185e-05
2020-07-09,ETH,19,return,-0.003703117370605468
2020-07-09,ETH,19,squared return,0.0008092721303304036
2020-07-09,ETH,19,squared down-return,0.0009308656056722004
2020-07-09,ETH,20,return,-0.001132885615030924
2020-07-09,ETH,20,squared return,0.00012214978535970053
2020-07-09,ETH,20,squared down-return,0.00038965543111165363
2020-09-07,ETH,1,return,0.0034416516621907554
2020-09-07,ETH,1,squared return,0.00021425882975260418
2020-09-07,ETH,1,squared down-return,0.0003120104471842448
2020-09-07,ETH,2,return,-0.0007178783416748047
2020-09-07,ETH,2,squared return,0.00011459986368815105
2020-09-07,ETH,2,squared down-return,0.00024708112080891925
2020-09-07,ETH,3,return,0.0024663607279459634
2020-09-07,ETH,3,squared return,9.195009867350261e-05
2020-09-07,ETH,3,squared down-return,-0.00025780995686848957
2020-09-07,ETH,4,return,0.00439763069152832
2020-09-07,ETH,4,squared return,0.0015790462493896484
2020-09-07,ETH,4,squared down-return,0.0013713836669921875
2020-09-07,ETH,5,return,0.0027971267700195312
2020-09-07,ETH,5,squared return,-0.00011134147644042973
2020-09-07,ETH,5,squared down-return,0.00012946128845214846
2020-09-07,ETH,6,return,-0.008035580317179363
2020-09-07,ETH,6,squared return,1.1126200358072908e-05
2020-09-07,ETH,6,squared down-return,2.3603439331054688e-05
2020-09-07,ETH,7,return,-0.0004951953887939452
2020-09-07,ETH,7,squared return,0.0002926190694173177
2020-09-07,ETH,7,squared down-return,7.073084513346353e-05
2020-09-07,ETH,8,return,-0.002351045608520508
2020-09-07,ETH,8,squared return,0.0001427332560221354
2020-09-07,ETH,8,squared down-return,-6.937980651855469e-05
2020-09-07,ETH,9,return,0.007004896799723308
2020-09-07,ETH,9,squared return,-7.994969685872395e-05
2020-09-07,ETH,9,squared down-return,0.0003234545389811198
2020-09-07,ETH,10,return,-0.007039308547973633
2020-09-07,ETH,10,squared return,0.0002102057139078776
2020-09-07,ETH,10,squared down-return,-0.0004324118296305338
2020-09-07,ETH,11,return,0.0038239955902099605
2020-09-07,ETH,11,squared return,0.00017261505126953125
2020-09-07,ETH,11,squared down-return,0.00017984708150227863
2020-09-07,ETH,12,return,0.004900693893432618
2020-09-07,ETH,12,squared return,0.0004185835520426432
2020-09-07,ETH,12,squared down-return,6.373723347981772e-05
2020-09-07,ETH,13,return,0.008561531702677408
2020-09-07,ETH,13,squared return,-9.449323018391925e-05
2020-09-07,ETH,13,squared down-return,-0.00035397211710611976
2020-09-07,ETH,14,return,-0.00033434232076009097
2020-09-07,ETH,14,squared return,0.00022713343302408856
2020-09-07,ETH,14,squared down-return,-0.0005505084991455078
2020-09-07,ETH,15,return,0.03966959317525228
2020-09-07,ETH,15,squared return,0.0025243759155273438
2020-09-07,ETH,15,squared down-return,0.0012269814809163413
2020-09-07,ETH,16,return,0.03972935676574707
2020-09-07,ETH,16,squared return,0.0008995532989501953
2020-09-07,ETH,16,squared down-return,0.001352548599243164
2020-09-07,ETH,17,return,0.04245710372924805
2020-09-07,ETH,17,squared return,0.0008933544158935547
2020-09-07,ETH,17,squared down-return,0.0014259815216064453
2020-09-07,ETH,18,return,-0.01798733075459798
2020-09-07,ETH,18,squared return,0.00022172927856445318
2020-09-07,ETH,18,squared down-return,0.00038274129231770837
2020-09-07,ETH,19,return,0.010686397552490234
2020-09-07,ETH,19,squared return,-0.0006333986918131511
2020-09-07,ETH,19,squared down-return,0.0004950364430745442
2020-09-07,ETH,20,return,0.02375006675720215
2020-09-07,ETH,20,squared return,-0.00015528996785481777
2020-09-07,ETH,20,squared down-return,-0.0006397565205891929
2020-11-06,ETH,1,return,0.003641049067179362
2020-11-06,ETH,1,squared return,0.00040078163146972656
2020-11-06,ETH,1,squared down-return,0.00043948491414388024
2020-11-06,ETH,2,return,4.45048014322917e-05
2020-11-06,ETH,2,squared return,8.344650268554701e-06
2020-11-06,ETH,2,squared down-return,0.0001491705576578776
2020-11-06,ETH,3,return,-0.0006701946258544922
2020-11-06,ETH,3,squared return,1.064936319986979e-05
2020-11-06,ETH,3,squared down-return,1.2715657552083314e-06
2020-11-06,ETH,4,return,0.001991748809814453
2020-11-06,ETH,4,squared return,0.0006167888641357422
2020-11-06,ETH,4,squared down-return,0.0004185835520426433
2020-11-06,ETH,5,return,0.000759124755859375
2020-11-06,ETH,5,squared return,1.5179316202799477e-05
2020-11-06,ETH,5,squared down-return,-1.9550323486328125e-05
2020-11-06,ETH,6,return,-0.0012538433074951172
2020-11-06,ETH,6,squared return,0.00019121170043945312
2020-11-06,ETH,6,squared down-return,0.0001579125722249349
2020-11-06,ETH,7,return,-0.0006709893544514973
2020-11-06,ETH,7,squared return,0.0001675287882486979
2020-11-06,ETH,7,squared down-return,2.9087066650390625e-05
2020-11-06,ETH,8,return,0.00013526280721028647
2020-11-06,ETH,8,squared return,-0.00018707911173502603
2020-11-06,ETH,8,squared down-return,0.0001296202341715495
2020-11-06,ETH,9,return,0.0006810824076334635
2020-11-06,ETH,9,squared return,-0.0002647240956624349
2020-11-06,ETH,9,squared down-return,-7.232030232747398e-06
2020-11-06,ETH,10,return,-0.0034073193868001304
2020-11-06,ETH,10,squared return,0.0003047784169514974
2020-11-06,ETH,10,squared down-return,-0.00021545092264811202
2020-11-06,ETH,11,return,0.0022795995076497397
2020-11-06,ETH,11,squared return,-3.457069396972656e-05
2020-11-06,ETH,11,squared down-return,0.00041119257609049476
2020-11-06,ETH,12,return,0.005483865737915039
2020-11-06,ETH,12,squared return,0.0005547205607096354
2020-11-06,ETH,12,squared down-return,0.0003908475240071615
2020-11-06,ETH,13,return,0.005822579065958658
2020-11-06,ETH,13,squared return,-0.0004093647003173828
2020-11-06,ETH,13,squared down-return,0.0003018379211425781
2020-11-06,ETH,14,return,-0.0031954447428385415
2020-11-06,ETH,14,squared return,0.0007964769999186198
2020-11-06,ETH,14,squared down-return,0.00038234392801920575
2020-11-06,ETH,15,return,0.06896670659383138
2020-11-06,ETH,15,squared return,0.0013190110524495444
2020-11-06,ETH,15,squared down-return,0.0012767314910888672
2020-11-06,ETH,16,return,0.02035204569498698
2020-11-06,ETH,16,squared return,-0.0005548795064290364
2020-11-06,ETH,16,squared down-return,0.0004500548044840495
2020-11-06,ETH,17,return,0.006153504053751627
2020-11-06,ETH,17,squared return,6.588300069173181e-05
2020-11-06,ETH,17,squared down-return,-0.0002343654632568359
2020-11-06,ETH,18,return,0.011029799779256185
2020-11-06,ETH,18,squared return,0.0008606910705566406
2020-11-06,ETH,18,squared down-return,0.001512289047241211
2020-11-06,ETH,19,return,0.01249400774637858
2020-11-06,ETH,19,squared return,0.0007929801940917969
2020-11-06,ETH,19,squared down-return,-0.00015242894490559894
2020-11-06,ETH,20,return,0.001550912857055664
2020-11-06,ETH,20,squared return,0.0008422533671061199
2020-11-06,ETH,20,squared down-return,0.0005007584889729817
2021-01-05,ETH,1,return,0.0009594758351643881
2021-01-05,ETH,1,squared return,5.928675333658854e-05
2021-01-05,ETH,1,squared down-return,0.000244140625
2021-01-05,ETH,2,return,-0.0009519259134928386
2021-01-05,ETH,2,squared return,0.00013208389282226562
2021-01-05,ETH,2,squared down-return,-0.0003466606140136719
2021-01-05,ETH,3,return,0.0006970564524332682
2021-01-05,ETH,3,squared return,-2.7497609456380204e-05
2021-01-05,ETH,3,squared down-return,2.0424524943033855e-05
2021-01-05,ETH,4,return,0.002125978469848633
2021-01-05,ETH,4,squared return,0.0004028479258219401
2021-01-05,ETH,4,squared down-return,0.00036390622456868493
2021-01-05,ETH,5,return,-8.30491383870443e-05
2021-01-05,ETH,5,squared return,0.0001049041748046875
2021-01-05,ETH,5,squared down-return,6.024042765299479e-05
2021-01-05,ETH,6,return,-0.002897977828979492
2021-01-05,ETH,6,squared return,7.303555806477865e-05
2021-01-05,ETH,6,squared down-return,-0.0001392364501953125
2021-01-05,ETH,7,return,0.0012894471486409504
2021-01-05,ETH,7,squared return,0.00020392735799153647
2021-01-05,ETH,7,squared down-return,0.0001125335693359375
2021-01-05,ETH,8,return,0.0002981026967366537
2021-01-05,ETH,8,squared return,-0.00010553995768229167
2021-01-05,ETH,8,squared down-return,-2.8689702351888023e-05
2021-01-05,ETH,9,return,0.003673553466796875
2021-01-05,ETH,9,squared return,0.0003500779469807943
2021-01-05,ETH,9,squared down-return,4.1166941324869796e-05
2021-01-05,ETH,10,return,-0.000248273213704427
2021-01-05,ETH,10,squared return,0.00028777122497558594
2021-01-05,ETH,10,squared down-return,0.0004033247629801432
2021-01-05,ETH,11,return,0.0035492579142252603
2021-01-05,ETH,11,squared return,0.00027815500895182293
2021-01-05,ETH,11,squared down-return,0.0005702972412109375
2021-01-05,ETH,12,return,0.00845646858215332
2021-01-05,ETH,12,squared return,-0.0004379749298095703
2021-01-05,ETH,12,squared down-return,0.00044496854146321613
2021-01-05,ETH,13,return,0.0013501644134521487
2021-01-05,ETH,13,squared return,1.1920928955078396e-06
2021-01-05,ETH,13,squared down-return,1.4066696166992242e-05
2021-01-05,ETH,14,return,-0.009429295857747396
2021-01-05,ETH,14,squared return,-0.0021903514862060547
2021-01-05,ETH,14,squared down-return,-0.00020949045817057293
2021-01-05,ETH,15,return,0.07953405380249023
2021-01-05,ETH,15,squared return,0.001006762186686198
2021-01-05,ETH,15,squared down-return,0.0029821395874023438
2021-01-05,ETH,16,return,0.04493967692057292
2021-01-05,ETH,16,squared return,-0.00017420450846354168
2021-01-05,ETH,16,squared down-return,0.0012996991475423179
2021-01-05,ETH,17,return,0.05750211079915365
2021-01-05,ETH,17,squared return,0.0004699230194091797
2021-01-05,ETH,17,squared down-return,0.0007297992706298828
2021-01-05,ETH,18,return,-0.005996227264404297
2021-01-05,ETH,18,squared return,0.0015857219696044922
2021-01-05,ETH,18,squared down-return,0.0002590020497639974
2021-01-05,ETH,19,return,0.049820661544799805
2021-01-05,ETH,19,squared return,-0.000383456548055013
2021-01-05,ETH,19,squared down-return,-0.0001484553019205729
2021-01-05,ETH,20,return,0.0030490557352701826
2021-01-05,ETH,20,squared return,-0.0015349388122558594
2021-01-05,ETH,20,squared down-return,0.0007321039835611979
2021-03-06,ETH,1,return,0.0029287338256835938
2021-03-06,ETH,1,squared return,0.00025153160095214844
2021-03-06,ETH,1,squared down-return,0.0005005200703938802
2021-03-06,ETH,2,return,-6.135304768880207e-05
2021-03-06,ETH,2,squared return,0.00013558069864908853
2021-03-06,ETH,2,squared down-return,0.00018334388732910156
2021-03-06,ETH,3,return,0.0015502770741780598
2021-03-06,ETH,3,squared return,0.00023492177327473957
2021-03-06,ETH,3,squared down-return,-7.422765096028645e-05
2021-03-06,ETH,4,return,0.011389652887980143
2021-03-06,ETH,4,squared return,0.0013914903004964192
2021-03-06,ETH,4,squared down-return,0.0010232130686442058
2021-03-06,ETH,5,return,0.00015966097513834632
2021-03-06,ETH,5,squared return,-9.965896606445312e-05
2021-03-06,ETH,5,squared down-return,5.825360616048177e-05
2021-03-06,ETH,6,return,-0.007245937983194986
2021-03-06,ETH,6,squared return,0.0005822976430257161
2021-03-06,ETH,6,squared down-return,8.408228556315105e-05
2021-03-06,ETH,7,return,0.0025848547617594404
2021-03-06,ETH,7,squared return,-3.0517578124999973e-05
2021-03-06,ETH,7,squared down-return,0.00029754638671875
2021-03-06,ETH,8,return,0.004929780960083008
2021-03-06,ETH,8,squared return,5.6584676106770836e-05
2021-03-06,ETH,8,squared down-return,1.4940897623697918e-05
2021-03-06,ETH,9,return,0.003181854883829752
2021-03-06,ETH,9,squared return,2.9246012369791658e-05
2021-03-06,ETH,9,squared down-return,-1.4940897623697913e-05
2021-03-06,ETH,10,return,-0.004992087682088217
2021-03-06,ETH,10,squared return,0.0007487138112386067
2021-03-06,ETH,10,squared down-return,-5.475680033365886e-05
2021-03-06,ETH,11,return,0.00470884641011556
2021-03-06,ETH,11,squared return,0.00011499722798665365
2021-03-06,ETH,11,squared down-return,0.00028395652770996094
2021-03-06,ETH,12,return,0.007664124170939128
2021-03-06,ETH,12,squared return,0.0007955233256022136
2021-03-06,ETH,12,squared down-return,0.0006209214528401693
2021-03-06,ETH,13,return,0.0050364335378011065
2021-03-06,ETH,13,squared return,0.000339508056640625
2021-03-06,ETH,13,squared down-return,0.0002485116322835287
2021-03-06,ETH,14,return,0.006391445795694987
2021-03-06,ETH,14,squared return,9.926160176595053e-05
2021-03-06,ETH,14,squared down-return,-0.0007479190826416015
2021-03-06,ETH,15,return,0.05109612147013347
2021-03-06,ETH,15,squared return,0.003846963246663411
2021-03-06,ETH,15,squared down-return,0.0032252470652262364
2021-03-06,ETH,16,return,0.0395811398824056
2021-03-06,ETH,16,squared return,7.796287536621088e-05
2021-03-06,ETH,16,squared down-return,0.00216976801554362
2021-03-06,ETH,17,return,0.02263482411702474
2021-03-06,ETH,17,squared return,0.0005964438120524088
2021-03-06,ETH,17,squared down-return,0.0005688667297363281
2021-03-06,ETH,18,return,-0.011722405751546225
2021-03-06,ETH,18,squared return,0.001400629679361979
2021-03-06,ETH,18,squared down-return,0.0004076957702636718
2021-03-06,ETH,19,return,0.002775828043619791
2021-03-06,ETH,19,squared return,0.00034912427266438806
2021-03-06,ETH,19,squared down-return,0.0005819797515869141
2021-03-06,ETH,20,return,-0.011010805765787762
2021-03-06,ETH,20,squared return,0.0008723735809326172
2021-03-06,ETH,20,squared down-return,-0.0003944238026936849
2021-05-05,ETH,1,return,0.0019510587056477866
2021-05-05,ETH,1,squared return,7.311503092447914e-06
2021-05-05,ETH,1,squared down-return,0.000192562739054362
2021-05-05,ETH,2,return,-0.0004220803578694661
2021-05-05,ETH,2,squared return,0.00012079874674479166
2021-05-05,ETH,2,squared down-return,1.8835067749023438e-05
2021-05-05,ETH,3,return,0.0017927487691243489
2021-05-05,ETH,3,squared return,0.00014257431030273438
2021-05-05,ETH,3,squared down-return,0.0001296202341715495
2021-05-05,ETH,4,return,0.0062253475189208984
2021-05-05,ETH,4,squared return,0.0007319450378417969
2021-05-05,ETH,4,squared down-return,0.0008100668589274089
2021-05-05,ETH,5,return,0.0012729167938232422
2021-05-05,ETH,5,squared return,1.8278757731119803e-06
2021-05-05,ETH,5,squared down-return,-8.781750996907553e-05
2021-05-05,ETH,6,return,-0.0028777122497558594
2021-05-05,ETH,6,squared return,0.00010744730631510416
2021-05-05,ETH,6,squared down-return,-0.0002453327178955078
2021-05-05,ETH,7,return,-0.004532814025878906
2021-05-05,ETH,7,squared return,0.00013407071431477863
2021-05-05,ETH,7,squared down-return,0.00011324882507324219
2021-05-05,ETH,8,return,-0.0005795955657958983
2021-05-05,ETH,8,squared return,-0.00024207433064778644
2021-05-05,ETH,8,squared down-return,-0.0007549126942952473
2021-05-05,ETH,9,return,0.0035581588745117188
2021-05-05,ETH,9,squared return,0.0001624425252278646
2021-05-05,ETH,9,squared down-return,0.000280459721883138
2021-05-05,ETH,10,return,-0.0038715998331705723
2021-05-05,ETH,10,squared return,-0.0006347497304280598
2021-05-05,ETH,10,squared down-return,-0.00012334187825520834
2021-05-05,ETH,11,return,0.027660210927327473
2021-05-05,ETH,11,squared return,0.0003162225087483724
2021-05-05,ETH,11,squared down-return,0.0005163351694742838
2021-05-05,ETH,12,return,0.012925465901692709
2021-05-05,ETH,12,squared return,0.00014201800028483072
2021-05-05,ETH,12,squared down-return,0.0003223419189453125
2021-05-05,ETH,13,return,0.021095832188924152
2021-05-05,ETH,13,squared return,-0.0008935928344726562
2021-05-05,ETH,13,squared down-return,-5.245208740234348e-06
2021-05-05,ETH,14,return,0.04570873578389486
2021-05-05,ETH,14,squared return,-0.0020604928334554034
2021-05-05,ETH,14,squared down-return,0.0003685951232910157
2021-05-05,ETH,15,return,0.08874853452046713
2021-05-05,ETH,15,squared return,0.0034008026123046875
2021-05-05,ETH,15,squared down-return,0.004396835962931315
2021-05-05,ETH,16,return,0.0655531088511149
2021-05-05,ETH,16,squared return,0.0007394154866536459
2021-05-05,ETH,16,squared down-return,0.0022975603739420576
2021-05-05,ETH,17,return,0.054310242335001625
2021-05-05,ETH,17,squared return,-0.0017561912536621094
2021-05-05,ETH,17,squared down-return,0.0006741682688395183
2021-05-05,ETH,18,return,-0.004859050114949545
2021-05-05,ETH,18,squared return,-0.0057108402252197266
2021-05-05,ETH,18,squared down-return,0.001188834508260091
2021-05-05,ETH,19,return,0.007584889729817708
2021-05-05,ETH,19,squared return,-0.001548131306966146
2021-05-05,ETH,19,squared down-return,-0.00033362706502278644
2021-05-05,ETH,20,return,0.021677811940511067
2021-05-05,ETH,20,squared return,0.001235802968343099
2021-05-05,ETH,20,squared down-return,-0.0008991559346516927
2021-07-04,ETH,1,return,0.013044039408365887
2021-07-04,ETH,1,squared return,0.0005493958791097004
2021-07-04,ETH,1,squared down-return,0.0009466807047526041
2021-07-04,ETH,2,return,-0.008380413055419922
2021-07-04,ETH,2,squared return,-0.0007195472717285154
2021-07-04,ETH,2,squared down-return,0.00040539105733235675
2021-07-04,ETH,3,return,0.029065132141113278
2021-07-04,ETH,3,squared return,-0.001970370610555013
2021-07-04,ETH,3,squared down-return,-6.254514058430988e-05
2021-07-04,ETH,4,return,0.03058513005574545
2021-07-04,ETH,4,squared return,0.007745186487833659
2021-07-04,ETH,4,squared down-return,0.00819245974222819
2021-07-04,ETH,5,return,0.006285985310872396
2021-07-04,ETH,5,squared return,-0.000595251719156901
2021-07-04,ETH,5,squared down-return,0.0004279613494873047
2021-07-04,ETH,6,return,-0.026880105336507164
2021-07-04,ETH,6,squared return,0.0011753241221110025
2021-07-04,ETH,6,squared down-return,0.00014225641886393228
2021-07-04,ETH,7,return,-0.010248422622680664
2021-07-04,ETH,7,squared return,-0.0006276766459147136
2021-07-04,ETH,7,squared down-return,5.563100179036278e-07
2021-07-04,ETH,8,return,-0.01258540153503418
2021-07-04,ETH,8,squared return,-0.0003303686777750651
2021-07-04,ETH,8,squared down-return,-0.00016085306803385416
2021-07-04,ETH,9,return,0.030222654342651367
2021-07-04,ETH,9,squared return,-0.0007005532582600912
2021-07-04,ETH,9,squared down-return,0.0002455711364746094
2021-07-04,ETH,10,return,-0.021291255950927734
2021-07-04,ETH,10,squared return,0.0012746651967366536
2021-07-04,ETH,10,squared down-return,0.00017968813578287762
2021-07-04,ETH,11,return,-0.004458268483479818
2021-07-04,ETH,11,squared return,-0.0007975896199544271
2021-07-04,ETH,11,squared down-return,-0.0009076595306396484
2021-07-04,ETH,12,return,0.01755046844482422
2021-07-04,ETH,12,squared return,-5.030632019042968e-05
2021-07-04,ETH,12,squared down-return,-0.0031709671020507812
2021-07-04,ETH,13,return,0.012478828430175781
2021-07-04,ETH,13,squared return,-0.002904256184895833
2021-07-04,ETH,13,squared down-return,-0.0005396207173665364
2021-07-04,ETH,14,return,0.010469992955525717
2021-07-04,ETH,14,squared return,-0.002298831939697265
2021-07-04,ETH,14,squared down-return,-8.988380432128908e-05
2021-07-04,ETH,15,return,0.021098057428995766
2021-07-04,ETH,15,squared return,0.0027053356170654297
2021-07-04,ETH,15,squared down-return,-0.0004394054412841799
2021-07-04,ETH,16,return,0.025179386138916016
2021-07-04,ETH,16,squared return,-5.5631001790364945e-06
2021-07-04,ETH,16,squared down-return,0.0010940233866373699
2021-07-04,ETH,17,return,0.01295161247253418
2021-07-04,ETH,17,squared return,0.0007278124491373699
2021-07-04,ETH,17,squared down-return,0.00015799204508463543
2021-07-04,ETH,18,return,0.017808914184570312
2021-07-04,ETH,18,squared return,-0.0007816950480143229
2021-07-04,ETH,18,squared down-return,0.0019258658091227212
2021-07-04,ETH,19,return,-0.0015494823455810551
2021-07-04,ETH,19,squared return,0.0002167224884033203
2021-07-04,ETH,19,squared down-return,-0.0007890860239664714
2021-07-04,ETH,20,return,0.011944770812988281
2021-07-04,ETH,20,squared return,-0.0002672672271728515
2021-07-04,ETH,20,squared down-return,0.00013518333435058594
2021-09-02,ETH,1,return,7.247924804687497e-05
2021-09-02,ETH,1,squared return,0.00012159347534179688
2021-09-02,ETH,1,squared down-return,-0.00016991297403971353
2021-09-02,ETH,2,return,0.0025069713592529297
2021-09-02,ETH,2,squared return,0.0002540747324625651
2021-09-02,ETH,2,squared down-return,0.00029071172078450524
2021-09-02,ETH,3,return,0.004790544509887695
2021-09-02,ETH,3,squared return,0.00018310546875
2021-09-02,ETH,3,squared down-return,0.0002170403798421224
2021-09-02,ETH,4,return,0.004700501759847005
2021-09-02,ETH,4,squared return,0.00019939740498860678
2021-09-02,ETH,4,squared down-return,0.000192721684773763
2021-09-02,ETH,5,return,-0.003079652786254883
2021-09-02,ETH,5,squared return,0.0008111794789632163
2021-09-02,ETH,5,squared down-return,-3.6716461181640625e-05
2021-09-02,ETH,6,return,0.004959901173909505
2021-09-02,ETH,6,squared return,-1.2238820393880207e-05
2021-09-02,ETH,6,squared down-return,-0.00024286905924479168
2021-09-02,ETH,7,return,0.002462148666381836
2021-09-02,ETH,7,squared return,7.573763529459636e-05
2021-09-02,ETH,7,squared down-return,5.340576171875e-05
2021-09-02,ETH,8,return,0.0006276766459147135
2021-09-02,ETH,8,squared return,-0.0002129077911376953
2021-09-02,ETH,8,squared down-return,-3.4332275390625e-05
2021-09-02,ETH,9,return,0.0025026798248291016
2021-09-02,ETH,9,squared return,0.0001517931620279948
2021-09-02,ETH,9,squared down-return,5.245208740234375e-06
2021-09-02,ETH,10,return,0.0004890759785970051
2021-09-02,ETH,10,squared return,3.8782755533854164e-05
2021-09-02,ETH,10,squared down-return,2.018610636393229e-05
2021-09-02,ETH,11,return,-0.001135428746541341
2021-09-02,ETH,11,squared return,-8.50359598795572e-06
2021-09-02,ETH,11,squared down-return,-0.0002059141794840495
2021-09-02,ETH,12,return,0.0009288787841796874
2021-09-02,ETH,12,squared return,0.0002888043721516927
2021-09-02,ETH,12,squared down-return,0.0003421306610107422
2021-09-02,ETH,13,return,-0.0024385452270507812
2021-09-02,ETH,13,squared return,6.90619150797526e-05
2021-09-02,ETH,13,squared down-return,-6.127357482910158e-05
2021-09-02,ETH,14,return,0.006924072901407878
2021-09-02,ETH,14,squared return,-0.00028745333353678387
2021-09-02,ETH,14,squared down-return,-7.232030232747391e-06
2021-09-02,ETH,15,return,-0.0051813920338948565
2021-09-02,ETH,15,squared return,0.0002086957295735677
2021-09-02,ETH,15,squared down-return,-0.00038520495096842444
2021-09-02,ETH,16,return,0.022881189982096355
2021-09-02,ETH,16,squared return,-0.0018679300944010417
2021-09-02,ETH,16,squared down-return,6.516774495442707e-06
2021-09-02,ETH,17,return,-0.00035881996154785156
2021-09-02,ETH,17,squared return,0.0011316140492757163
2021-09-02,ETH,17,squared down-return,-2.9722849527994783e-05
2021-09-02,ETH,18,return,0.018839438756306965
2021-09-02,ETH,18,squared return,-0.0008550484975179036
2021-09-02,ETH,18,squared down-return,0.0002578099568684896
2021-09-02,ETH,19,return,0.009838501612345377
2021-09-02,ETH,19,squared return,0.0016394456227620444
2021-09-02,ETH,19,squared down-return,-0.0003163019816080729
2021-09-02,ETH,20,return,0.0007310708363850912
2021-09-02,ETH,20,squared return,0.0002865791320800781
2021-09-02,ETH,20,squared down-return,-0.00018525123596191406
2021-11-01,ETH,1,return,0.0017158190409342449
2021-11-01,ETH,1,squared return,-1.811981201171875e-05
2021-11-01,ETH,1,squared down-return,6.477038065592448e-05
2021-11-01,ETH,2,return,0.0034613609313964844
2021-11-01,ETH,2,squared return,0.0003800392150878907
2021-11-01,ETH,2,squared down-return,0.00040396054585774743
2021-11-01,ETH,3,return,0.0040056705474853516
2021-11-01,ETH,3,squared return,7.502237955729166e-05
2021-11-01,ETH,3,squared down-return,0.00028745333353678387
2021-11-01,ETH,4,return,0.001697540283203125
2021-11-01,ETH,4,squared return,0.0004066626230875651
2021-11-01,ETH,4,squared down-return,0.0002067089080810547
2021-11-01,ETH,5,return,0.0006525516510009766
2021-11-01,ETH,5,squared return,0.0009582042694091797
2021-11-01,ETH,5,squared down-return,0.0005155404408772787
2021-11-01,ETH,6,return,0.0016283988952636719
2021-11-01,ETH,6,squared return,0.0002033710479736328
2021-11-01,ETH,6,squared down-return,0.00017635027567545572
2021-11-01,ETH,7,return,4.331270853678382e-05
2021-11-01,ETH,7,squared return,4.935264587402344e-05
2021-11-01,ETH,7,squared down-return,0.00010196367899576823
2021-11-01,ETH,8,return,-0.002686182657877604
2021-11-01,ETH,8,squared return,0.0001408259073893229
2021-11-01,ETH,8,squared down-return,3.314018249511719e-05
2021-11-01,ETH,9,return,-0.00016427040100097656
2021-11-01,ETH,9,squared return,5.7697296142578125e-05
2021-11-01,ETH,9,squared down-return,2.908706665039063e-05
2021-11-01,ETH,10,return,0.003292481104532878
2021-11-01,ETH,10,squared return,0.0003617604573567708
2021-11-01,ETH,10,squared down-return,0.0002857049306233724
2021-11-01,ETH,11,return,-0.0015890598297119143
2021-11-01,ETH,11,squared return,-0.00012763341267903647
2021-11-01,ETH,11,squared down-return,-9.433428446451822e-05
2021-11-01,ETH,12,return,0.0005951722462972006
2021-11-01,ETH,12,squared return,0.00016013781229654947
2021-11-01,ETH,12,squared down-return,0.00014321009318033853
2021-11-01,ETH,13,return,-0.0010431607564290364
2021-11-01,ETH,13,squared return,-0.00014583269755045572
2021-11-01,ETH,13,squared down-return,-0.00011809666951497397
2021-11-01,ETH,14,return,0.002431233723958333
2021-11-01,ETH,14,squared return,-0.00017499923706054685
2021-11-01,ETH,14,squared down-return,3.695487976074219e-05
2021-11-01,ETH,15,return,-0.0019878546396891275
2021-11-01,ETH,15,squared return,0.0007909138997395834
2021-11-01,ETH,15,squared down-return,7.311503092447915e-06
2021-11-01,ETH,16,return,0.009895563125610352
2021-11-01,ETH,16,squared return,-0.0008501211802164712
2021-11-01,ETH,16,squared down-return,-2.0980834960937493e-05
2021-11-01,ETH,17,return,0.0020363330841064453
2021-11-01,ETH,17,squared return,0.000356594721476237
2021-11-01,ETH,17,squared down-return,0.00022013982137044266
2021-11-01,ETH,18,return,0.015374581019083657
2021-11-01,ETH,18,squared return,-0.0005708535512288411
2021-11-01,ETH,18,squared down-return,9.997685750325522e-05
2021-11-01,ETH,19,return,0.004903952280680338
2021-11-01,ETH,19,squared return,-0.00011245409647623698
2021-11-01,ETH,19,squared down-return,-3.3299128214518234e-05
2021-11-01,ETH,20,return,0.005482355753580729
2021-11-01,ETH,20,squared return,0.0001114209493001302
2021-11-01,ETH,20,squared down-return,-1.9550323486328125e-05
2021-12-31,ETH,1,return,0.0011136531829833984
2021-12-31,ETH,1,squared return,-6.715456644694011e-05
2021-12-31,ETH,1,squared down-return,2.4080276489257812e-05
2021-12-31,ETH,2,return,0.0023316542307535806
2021-12-31,ETH,2,squared return,-0.0001107056935628255
2021-12-31,ETH,2,squared down-return,0.0002665519714355469
2021-12-31,ETH,3,return,0.002870400746663411
2021-12-31,ETH,3,squared return,0.0004366238911946615
2021-12-31,ETH,3,squared down-return,6.039937337239582e-06
2021-12-31,ETH,4,return,0.0032972494761149087
2021-12-31,ETH,4,squared return,0.000335693359375
2021-12-31,ETH,4,squared down-return,0.00045800209045410156
2021-12-31,ETH,5,return,-0.0010328292846679688
2021-12-31,ETH,5,squared return,0.001264333724975586
2021-12-31,ETH,5,squared down-return,0.0008498032887776692
2021-12-31,ETH,6,return,-0.0001369317372639974
2021-12-31,ETH,6,squared return,-0.0002491474151611328
2021-12-31,ETH,6,squared down-return,0.00018254915873209637
2021-12-31,ETH,7,return,0.000123898188273112
2021-12-31,ETH,7,squared return,0.0014200210571289062
2021-12-31,ETH,7,squared down-return,0.0003241697947184245
2021-12-31,ETH,8,return,-0.002688964207967122
2021-12-31,ETH,8,squared return,0.0009365081787109375
2021-12-31,ETH,8,squared down-return,-3.5444895426432296e-05
2021-12-31,ETH,9,return,0.00012652079264322918
2021-12-31,ETH,9,squared return,0.00039458274841308594
2021-12-31,ETH,9,squared down-return,6.349881490071615e-05
2021-12-31,ETH,10,return,-1.6450881958007758e-05
2021-12-31,ETH,10,squared return,0.0006333192189534506
2021-12-31,ETH,10,squared down-return,0.00014774004618326822
2021-12-31,ETH,11,return,-1.867612202962239e-05
2021-12-31,ETH,11,squared return,0.0007998943328857423
2021-12-31,ETH,11,squared down-return,0.00019772847493489582
2021-12-31,ETH,12,return,-0.0006115436553955078
2021-12-31,ETH,12,squared return,0.00022729237874348957
2021-12-31,ETH,12,squared down-return,0.00029595692952473957
2021-12-31,ETH,13,return,-0.0013821919759114583
2021-12-31,ETH,13,squared return,5.118052164713541e-05
2021-12-31,ETH,13,squared down-return,0.00026607513427734375
2021-12-31,ETH,14,return,0.0027720133463541665
2021-12-31,ETH,14,squared return,-0.0005679925282796224
2021-12-31,ETH,14,squared down-return,-8.376439412434897e-05
2021-12-31,ETH,15,return,-0.003357966740926107
2021-12-31,ETH,15,squared return,-0.0001117388407389323
2021-12-31,ETH,15,squared down-return,-6.190935770670572e-05
2021-12-31,ETH,16,return,0.009641249974568684
2021-12-31,ETH,16,squared return,-0.0004958311716715496
2021-12-31,ETH,16,squared down-return,0.0005310376485188802
2021-12-31,ETH,17,return,0.0033563772837320966
2021-12-31,ETH,17,squared return,-0.0001544952392578125
2021-12-31,ETH,17,squared down-return,4.990895589192708e-05
2021-12-31,ETH,18,return,0.027713139851888023
2021-12-31,ETH,18,squared return,-0.0008716583251953125
2021-12-31,ETH,18,squared down-return,0.0006287892659505209
2021-12-31,ETH,19,return,0.005231777826944986
2021-12-31,ETH,19,squared return,0.0012873013814290366
2021-12-31,ETH,19,squared down-return,0.0006887118021647135
2021-12-31,ETH,20,return,0.00474238395690918
2021-12-31,ETH,20,squared return,7.955233256022137e-05
2021-12-31,ETH,20,squared down-return,0.0005946954091389973
2022-03-01,ETH,1,return,0.0018895467122395833
2022-03-01,ETH,1,squared return,-5.086263020833333e-06
2022-03-01,ETH,1,squared down-return,-9.481112162272136e-05
2022-03-01,ETH,2,return,0.00279847780863444
2022-03-01,ETH,2,squared return,0.00011213620503743489
2022-03-01,ETH,2,squared down-return,7.041295369466145e-05
2022-03-01,ETH,3,return,0.0032722949981689453
2022-03-01,ETH,3,squared return,8.400281270345053e-05
2022-03-01,ETH,3,squared down-return,0.000131527582804362
2022-03-01,ETH,4,return,0.002951701482137044
2022-03-01,ETH,4,squared return,5.7379404703776046e-05
2022-03-01,ETH,4,squared down-return,0.00010466575622558594
2022-03-01,ETH,5,return,0.0005658467610677083
2022-03-01,ETH,5,squared return,0.0005880991617838542
2022-03-01,ETH,5,squared down-return,0.0005156199137369792
2022-03-01,ETH,6,return,-0.0023703575134277344
2022-03-01,ETH,6,squared return,0.00011674563090006511
2022-03-01,ETH,6,squared down-return,-4.7842661539713546e-05
2022-03-01,ETH,7,return,-0.0008529822031656901
2022-03-01,ETH,7,squared return,0.0003127257029215495
2022-03-01,ETH,7,squared down-return,5.245208740234377e-06
2022-03-01,ETH,8,return,-0.000541051228841146
2022-03-01,ETH,8,squared return,-0.0001486937204996745
2022-03-01,ETH,8,squared down-return,-0.00048597653706868493
2022-03-01,ETH,9,return,0.0009840329488118489
2022-03-01,ETH,9,squared return,0.0002137025197347005
2022-03-01,ETH,9,squared down-return,0.0001380443572998047
2022-03-01,ETH,10,return,-0.0020345052083333335
2022-03-01,ETH,10,squared return,8.535385131835935e-05
2022-03-01,ETH,10,squared down-return,-7.685025533040365e-05
2022-03-01,ETH,11,return,0.0043824513753255205
2022-03-01,ETH,11,squared return,-0.00012969970703125
2022-03-01,ETH,11,squared down-return,-0.00011118253072102865
2022-03-01,ETH,12,return,-0.0025521914164225263
2022-03-01,ETH,12,squared return,0.00041953722635904955
2022-03-01,ETH,12,squared down-return,0.00028133392333984375
2022-03-01,ETH,13,return,0.0016400019327799478
2022-03-01,ETH,13,squared return,0.0002987384796142578
2022-03-01,ETH,13,squared down-return,4.482269287109375e-05
2022-03-01,ETH,14,return,0.007201512654622396
2022-03-01,ETH,14,squared return,-0.00019733111063639322
2022-03-01,ETH,14,squared down-return,8.694330851236978e-05
2022-03-01,ETH,15,return,-0.003564596176147461
2022-03-01,ETH,15,squared return,0.00023468335469563803
2022-03-01,ETH,15,squared down-return,-0.0004256566365559896
2022-03-01,ETH,16,return,0.026221831639607746
2022-03-01,ETH,16,squared return,-0.0017348925272623696
2022-03-01,ETH,16,squared down-return,-0.0002675056457519531
2022-03-01,ETH,17,return,-0.0004604657491048177
2022-03-01,ETH,17,squared return,0.0003551642100016276
2022-03-01,ETH,17,squared down-return,-0.00031391779581705726
2022-03-01,ETH,18,return,0.03072047233581543
2022-03-01,ETH,18,squared return,-0.0009145736694335938
2022-03-01,ETH,18,squared down-return,0.000594774881998698
2022-03-01,ETH,19,return,0.017119248708089195
2022-03-01,ETH,19,squared return,0.0012084643046061199
2022-03-01,ETH,19,squared down-return,9.77516174316406e-05
2022-03-01,ETH,20,return,0.0090485413869222
2022-03-01,ETH,20,squared return,0.0008451938629150391
2022-03-01,ETH,20,squared down-return,-0.0003639856974283854
2022-04-30,ETH,1,return,0.0031823317209879556
2022-04-30,ETH,1,squared return,-5.2769978841145836e-05
2022-04-30,ETH,1,squared down-return,0.00012350082397460938
2022-04-30,ETH,2,return,0.003086487452189128
2022-04-30,ETH,2,squared return,0.00010919570922851562
2022-04-30,ETH,2,squared down-return,0.0002899169921875
2022-04-30,ETH,3,return,0.004363457361857096
2022-04-30,ETH,3,squared return,0.00014162063598632812
2022-04-30,ETH,3,squared down-return,0.00021640459696451825
2022-04-30,ETH,4,return,0.005401452382405599
2022-04-30,ETH,4,squared return,-7.804234822591147e-05
2022-04-30,ETH,4,squared down-return,0.0003339449564615885
2022-04-30,ETH,5,return,-0.0016303062438964842
2022-04-30,ETH,5,squared return,0.0005464553833007812
2022-04-30,ETH,5,squared down-return,0.0006492932637532551
2022-04-30,ETH,6,return,0.0013706684112548828
2022-04-30,ETH,6,squared return,0.00042804082234700524
2022-04-30,ETH,6,squared down-return,0.0002684593200683594
2022-04-30,ETH,7,return,0.0009313424428304037
2022-04-30,ETH,7,squared return,0.00036255518595377606
2022-04-30,ETH,7,squared down-return,0.00010307629903157552
2022-04-30,ETH,8,return,0.0016678969065348306
2022-04-30,ETH,8,squared return,-7.20818837483724e-05
2022-04-30,ETH,8,squared down-return,-0.00016339619954427084
2022-04-30,ETH,9,return,0.0025525093078613286
2022-04-30,ETH,9,squared return,9.059906005859375e-06
2022-04-30,ETH,9,squared down-return,4.665056864420573e-05
2022-04-30,ETH,10,return,0.0008499622344970704
2022-04-30,ETH,10,squared return,0.0003726482391357422
2022-04-30,ETH,10,squared down-return,-3.083546956380208e-05
2022-04-30,ETH,11,return,0.005246480305989584
2022-04-30,ETH,11,squared return,-0.00016800562540690106
2022-04-30,ETH,11,squared down-return,0.00012914339701334637
2022-04-30,ETH,12,return,-0.0010555585225423176
2022-04-30,ETH,12,squared return,0.0002075036366780599
2022-04-30,ETH,12,squared down-return,0.00024596850077311194
2022-04-30,ETH,13,return,-0.002018213272094727
2022-04-30,ETH,13,squared return,0.001058657964070638
2022-04-30,ETH,13,squared down-return,-4.927317301432288e-05
2022-04-30,ETH,14,return,0.013199726740519205
2022-04-30,ETH,14,squared return,-0.00011897087097167967
2022-04-30,ETH,14,squared down-return,0.0001610120137532552
2022-04-30,ETH,15,return,0.00026702880859375
2022-04-30,ETH,15,squared return,0.0004827181498209635
2022-04-30,ETH,15,squared down-return,6.866455078125e-05
2022-04-30,ETH,16,return,0.03316887219746908
2022-04-30,ETH,16,squared return,-0.003589232762654622
2022-04-30,ETH,16,squared down-return,0.0016811688741048176
2022-04-30,ETH,17,return,0.008942921956380207
2022-04-30,ETH,17,squared return,0.0014948844909667967
2022-04-30,ETH,17,squared down-return,0.0001629988352457682
2022-04-30,ETH,18,return,0.026543378829956055
2022-04-30,ETH,18,squared return,-0.0004286766052246093
2022-04-30,ETH,18,squared down-return,0.0022323131561279297
2022-04-30,ETH,19,return,0.006071011225382486
2022-04-30,ETH,19,squared return,-1.1920928955078125e-06
2022-04-30,ETH,19,squared down-return,0.0003913243611653646
2022-04-30,ETH,20,return,0.01435073216756185
2022-04-30,ETH,20,squared return,-0.0001442432403564453
2022-04-30,ETH,20,squared down-return,-0.00023166338602701822
2022-06-29,ETH,1,return,0.002703269322713216
2022-06-29,ETH,1,squared return,-0.0001823902130126953
2022-06-29,ETH,1,squared down-return,-7.716814676920572e-05
2022-06-29,ETH,2,return,0.014848391215006512
2022-06-29,ETH,2,squared return,0.0007484753926595052
2022-06-29,ETH,2,squared down-return,0.0006043910980224609
2022-06-29,ETH,3,return,0.012950738271077475
2022-06-29,ETH,3,squared return,0.00011420249938964845
2022-06-29,ETH,3,squared down-return,0.00017873446146647135
2022-06-29,ETH,4,return,0.0077648162841796875
2022-06-29,ETH,4,squared return,0.0007367928822835286
2022-06-29,ETH,4,squared down-return,0.00027902921040852863
2022-06-29,ETH,5,return,-0.0015467007954915364
2022-06-29,ETH,5,squared return,0.001208623250325521
2022-06-29,ETH,5,squared down-return,0.0005667209625244141
2022-06-29,ETH,6,return,0.006983041763305663
2022-06-29,ETH,6,squared return,7.963180541992188e-05
2022-06-29,ETH,6,squared down-return,-2.5431315104166675e-05
2022-06-29,ETH,7,return,0.0030712286631266275
2022-06-29,ETH,7,squared return,0.0007754961649576824
2022-06-29,ETH,7,squared down-return,-7.200241088867189e-05
2022-06-29,ETH,8,return,0.0008604526519775391
2022-06-29,ETH,8,squared return,-0.0007168451944986979
2022-06-29,ETH,8,squared down-return,-0.00040324529012044274
2022-06-29,ETH,9,return,0.00698542594909668
2022-06-29,ETH,9,squared return,0.001102606455485026
2022-06-29,ETH,9,squared down-return,0.001251538594563802
2022-06-29,ETH,10,return,0.0003267129262288412
2022-06-29,ETH,10,squared return,0.00037034352620442707
2022-06-29,ETH,10,squared down-return,0.0003108978271484375
2022-06-29,ETH,11,return,0.004828612009684244
2022-06-29,ETH,11,squared return,0.0003284613291422526
2022-06-29,ETH,11,squared down-return,-7.661183675130209e-05
2022-06-29,ETH,12,return,0.006519317626953125
2022-06-29,ETH,12,squared return,0.0014201800028483074
2022-06-29,ETH,12,squared down-return,0.001433293024698893
2022-06-29,ETH,13,return,0.0007625420888264975
2022-06-29,ETH,13,squared return,-0.00017746289571126303
2022-06-29,ETH,13,squared down-return,-0.00023794174194335938
2022-06-29,ETH,14,return,0.002855936686197917
2022-06-29,ETH,14,squared return,-0.000249942143758138
2022-06-29,ETH,14,squared down-return,-7.589658101399739e-05
2022-06-29,ETH,15,return,-0.0007107257843017578
2022-06-29,ETH,15,squared return,4.7763188680013016e-05
2022-06-29,ETH,15,squared down-return,6.969769795735677e-05
2022-06-29,ETH,16,return,0.002940734227498372
2022-06-29,ETH,16,squared return,0.0004956722259521484
2022-06-29,ETH,16,squared down-return,0.0007300376892089844
2022-06-29,ETH,17,return,-5.912780761718749e-05
2022-06-29,ETH,17,squared return,-4.7842661539713546e-05
2022-06-29,ETH,17,squared down-return,-0.0001399517059326172
2022-06-29,ETH,18,return,0.00108186403910319
2022-06-29,ETH,18,squared return,5.8492024739583336e-05
2022-06-29,ETH,18,squared down-return,5.205472310384115e-05
2022-06-29,ETH,19,return,-0.00033362706502278644
2022-06-29,ETH,19,squared return,-2.3523966471354168e-05
2022-06-29,ETH,19,squared down-return,-1.5099843343098957e-05
2022-06-29,ETH,20,return,0.0013627211252848306
2022-06-29,ETH,20,squared return,4.7206878662109375e-05
2022-06-29,ETH,20,squared down-return,0.00010466575622558594
2022-08-28,ETH,1,return,0.003963311513264974
2022-08-28,ETH,1,squared return,-0.00015894571940104166
2022-08-28,ETH,1,squared down-return,-0.00019852320353190103
2022-08-28,ETH,2,return,0.01753417650858561
2022-08-28,ETH,2,squared return,0.0004906654357910156
2022-08-28,ETH,2,squared down-return,0.0006225109100341798
2022-08-28,ETH,3,return,0.010809183120727539
2022-08-28,ETH,3,squared return,-0.00015846888224283853
2022-08-28,ETH,3,squared down-return,-0.0005188783009847004
2022-08-28,ETH,4,return,0.009856939315795898
2022-08-28,ETH,4,squared return,-0.00038735071818033856
2022-08-28,ETH,4,squared down-return,-0.00037288665771484375
2022-08-28,ETH,5,return,-0.004176934560139974
2022-08-28,ETH,5,squared return,0.0010068416595458984
2022-08-28,ETH,5,squared down-return,0.0003958543141682943
2022-08-28,ETH,6,return,0.00877237319946289
2022-08-28,ETH,6,squared return,-0.0002791881561279297
2022-08-28,ETH,6,squared down-return,0.0002652804056803385
2022-08-28,ETH,7,return,0.007348537445068359
2022-08-28,ETH,7,squared return,0.00034634272257486976
2022-08-28,ETH,7,squared down-return,0.0006846586863199869
2022-08-28,ETH,8,return,-0.00018533070882161462
2022-08-28,ETH,8,squared return,-0.000438690185546875
2022-08-28,ETH,8,squared down-return,-0.0004711151123046875
2022-08-28,ETH,9,return,0.009295066197713217
2022-08-28,ETH,9,squared return,0.0004317760467529297
2022-08-28,ETH,9,squared down-return,0.0005760987599690754
2022-08-28,ETH,10,return,0.003089427947998047
2022-08-28,ETH,10,squared return,0.00017635027567545572
2022-08-28,ETH,10,squared down-return,-3.4809112548828125e-05
2022-08-28,ETH,11,return,0.003595193227132161
2022-08-28,ETH,11,squared return,-0.0003095467885335287
2022-08-28,ETH,11,squared down-return,-0.00037733713785807293
2022-08-28,ETH,12,return,0.0048983097076416016
2022-08-28,ETH,12,squared return,0.000184933344523112
2022-08-28,ETH,12,squared down-return,0.000545819600423177
2022-08-28,ETH,13,return,-0.0008741219838460288
2022-08-28,ETH,13,squared return,-0.0002551078796386719
2022-08-28,ETH,13,squared down-return,6.930033365885417e-05
2022-08-28,ETH,14,return,0.003273487091064453
2022-08-28,ETH,14,squared return,-0.0005660057067871094
2022-08-28,ETH,14,squared down-return,-0.0001937548319498698
2022-08-28,ETH,15,return,-0.0014101664225260415
2022-08-28,ETH,15,squared return,-0.0001761913299560547
2022-08-28,ETH,15,squared down-return,-0.00012485186258951822
2022-08-28,ETH,16,return,-0.00033887227376302087
2022-08-28,ETH,16,squared return,0.00017762184143066406
2022-08-28,ETH,16,squared down-return,7.319450378417967e-05
2022-08-28,ETH,17,return,0.0011241436004638672
2022-08-28,ETH,17,squared return,-2.3047129313151053e-05
2022-08-28,ETH,17,squared down-return,-0.000202178955078125
2022-08-28,ETH,18,return,-2.2570292154947935e-05
2022-08-28,ETH,18,squared return,0.00015536944071451825
2022-08-28,ETH,18,squared down-return,-5.4677327473958336e-05
2022-08-28,ETH,19,return,0.000679175059000651
2022-08-28,ETH,19,squared return,3.62396240234375e-05
2022-08-28,ETH,19,squared down-return,8.551279703776041e-05
2022-08-28,ETH,20,return,0.0004587968190511068
2022-08-28,ETH,20,squared return,-2.3762385050455727e-05
2022-08-28,ETH,20,squared down-return,0.0001002947489420573
2022-10-27,ETH,1,return,0.0024091402689615884
2022-10-27,ETH,1,squared return,-3.973642985026053e-07
2022-10-27,ETH,1,squared down-return,-5.292892456054688e-05
2022-10-27,ETH,2,return,0.002301454544067383
2022-10-27,ETH,2,squared return,9.250640869140625e-05
2022-10-27,ETH,2,squared down-return,0.00013375282287597656
2022-10-27,ETH,3,return,0.0023565292358398438
2022-10-27,ETH,3,squared return,0.00020917256673177084
2022-10-27,ETH,3,squared down-return,0.0001877148946126302
2022-10-27,ETH,4,return,0.00010140736897786457
2022-10-27,ETH,4,squared return,-3.131230672200521e-05
2022-10-27,ETH,4,squared down-return,9.377797444661459e-06
2022-10-27,ETH,5,return,0.0017599264780680337
2022-10-27,ETH,5,squared return,2.1537144978841148e-05
2022-10-27,ETH,5,squared down-return,-9.377797444661457e-06
2022-10-27,ETH,6,return,0.0005419254302978516
2022-10-27,ETH,6,squared return,1.811981201171875e-05
2022-10-27,ETH,6,squared down-return,1.5099843343098957e-05
2022-10-27,ETH,7,return,0.0007700125376383463
2022-10-27,ETH,7,squared return,0.00013367335001627606
2022-10-27,ETH,7,squared down-return,0.00012056032816569012
2022-10-27,ETH,8,return,-0.0006113847096761068
2022-10-27,ETH,8,squared return,-9.099642435709636e-05
2022-10-27,ETH,8,squared down-return,-3.488858540852865e-05
2022-10-27,ETH,9,return,-0.003094593683878581
2022-10-27,ETH,9,squared return,0.00019097328186035156
2022-10-27,ETH,9,squared down-return,-0.00013264020284016925
2022-10-27,ETH,10,return,0.0006972948710123698
2022-10-27,ETH,10,squared return,-6.302197774251302e-05
2022-10-27,ETH,10,squared down-return,6.127357482910156e-05
2022-10-27,ETH,11,return,-0.0015241305033365884
2022-10-27,ETH,11,squared return,2.4159749348958332e-05
2022-10-27,ETH,11,squared down-return,1.3828277587890625e-05
2022-10-27,ETH,12,return,-0.0005807081858317057
2022-10-27,ETH,12,squared return,-3.504753112792969e-05
2022-10-27,ETH,12,squared down-return,-7.200241088867188e-05
2022-10-27,ETH,13,return,-0.0002379417419433594
2022-10-27,ETH,13,squared return,4.8955281575520836e-05
2022-10-27,ETH,13,squared down-return,3.0199686686197918e-05
2022-10-27,ETH,14,return,-0.0006146430969238281
2022-10-27,ETH,14,squared return,6.238619486490886e-05
2022-10-27,ETH,14,squared down-return,5.777676900227865e-05
2022-10-27,ETH,15,return,0.0013158321380615234
2022-10-27,ETH,15,squared return,-6.373723347981772e-05
2022-10-27,ETH,15,squared down-return,-5.324681599934898e-06
2022-10-27,ETH,16,return,0.0016454855600992837
2022-10-27,ETH,16,squared return,-7.32739766438802e-05
2022-10-27,ETH,16,squared down-return,-3.488858540852865e-05
2022-10-27,ETH,17,return,0.0008369286855061849
2022-10-27,ETH,17,squared return,9.377797444661459e-06
2022-10-27,ETH,17,squared down-return,-1.4384587605794271e-05
2022-10-27,ETH,18,return,0.00041445096333821613
2022-10-27,ETH,18,squared return,-1.4543533325195309e-05
2022-10-27,ETH,18,squared down-return,1.605351765950521e-05
2022-10-27,ETH,19,return,0.00021131833394368488
2022-10-27,ETH,19,squared return,-7.367134094238281e-05
2022-10-27,ETH,19,squared down-return,-9.322166442871094e-05
2022-10-27,ETH,20,return,-0.00022125244140625
2022-10-27,ETH,20,squared return,-6.779034932454428e-05
2022-10-27,ETH,20,squared down-return,1.2795130411783854e-05
2022-12-26,ETH,1,return,0.015917857487996418
2022-12-26,ETH,1,squared return,0.0004463990529378255
2022-12-26,ETH,1,squared down-return,0.0007302761077880859
2022-12-26,ETH,2,return,0.010636488596598307
2022-12-26,ETH,2,squared return,0.0001514752705891927
2022-12-26,ETH,2,squared down-return,0.00039450327555338543
2022-12-26,ETH,3,return,0.0019800662994384766
2022-12-26,ETH,3,squared return,0.00036644935607910156
2022-12-26,ETH,3,squared down-return,0.0003056526184082031
2022-12-26,ETH,4,return,0.0011188189188639321
2022-12-26,ETH,4,squared return,9.61621602376303e-06
2022-12-26,ETH,4,squared down-return,-0.0005179246266682943
2022-12-26,ETH,5,return,-0.004186868667602539
2022-12-26,ETH,5,squared return,-0.0005780855814615885
2022-12-26,ETH,5,squared down-return,-0.00029333432515462243
2022-12-26,ETH,6,return,0.005799134572347006
2022-12-26,ETH,6,squared return,-7.232030232747397e-05
2022-12-26,ETH,6,squared down-return,3.679593404134115e-05
2022-12-26,ETH,7,return,0.003696123758951823
2022-12-26,ETH,7,squared return,-1.756350199381511e-05
2022-12-26,ETH,7,squared down-return,8.400281270345053e-05
2022-12-26,ETH,8,return,-0.0014885266621907554
2022-12-26,ETH,8,squared return,-0.00012286504109700522
2022-12-26,ETH,8,squared down-return,-8.098284403483073e-05
2022-12-26,ETH,9,return,4.529953002929682e-05
2022-12-26,ETH,9,squared return,-0.0002485116322835287
2022-12-26,ETH,9,squared down-return,-0.00010999043782552082
2022-12-26,ETH,10,return,-0.001740137736002604
2022-12-26,ETH,10,squared return,0.0002024968465169271
2022-12-26,ETH,10,squared down-return,3.3696492513020836e-05
2022-12-26,ETH,11,return,0.005731105804443359
2022-12-26,ETH,11,squared return,0.00013049443562825522
2022-12-26,ETH,11,squared down-return,0.00010752677917480469
2022-12-26,ETH,12,return,-0.0015242894490559897
2022-12-26,ETH,12,squared return,9.059906005859376e-05
2022-12-26,ETH,12,squared down-return,-6.302197774251302e-05
2022-12-26,ETH,13,return,0.0027374426523844404
2022-12-26,ETH,13,squared return,8.908907572428385e-05
2022-12-26,ETH,13,squared down-return,-6.59624735514323e-05
2022-12-26,ETH,14,return,0.0035309791564941406
2022-12-26,ETH,14,squared return,-0.00025010108947753906
2022-12-26,ETH,14,squared down-return,-0.00022904078165690103
2022-12-26,ETH,15,return,-0.00019756952921549476
2022-12-26,ETH,15,squared return,1.8596649169921875e-05
2022-12-26,ETH,15,squared down-return,-3.1630198160807296e-05
2022-12-26,ETH,16,return,0.0010708173116048176
2022-12-26,ETH,16,squared return,0.00013097127278645832
2022-12-26,ETH,16,squared down-return,0.00015433629353841147
2022-12-26,ETH,17,return,-0.0006657441457112631
2022-12-26,ETH,17,squared return,0.0001010894775390625
2022-12-26,ETH,17,squared down-return,5.427996317545573e-05
2022-12-26,ETH,18,return,-0.0005458990732828777
2022-12-26,ETH,18,squared return,6.167093912760416e-05
2022-12-26,ETH,18,squared down-return,3.345807393391927e-05
2022-12-26,ETH,19,return,0.00036342938741048175
2022-12-26,ETH,19,squared return,-4.2120615641276044e-06
2022-12-26,ETH,19,squared down-return,1.041094462076823e-05
2022-12-26,ETH,20,return,0.0004130204518636068
2022-12-26,ETH,20,squared return,-1.6927719116210938e-05
2022-12-26,ETH,20,squared down-return,2.3285547892252605e-05
2023-02-24,ETH,1,return,0.013138055801391602
2023-02-24,ETH,1,squared return,0.00044035911560058594
2023-02-24,ETH,1,squared down-return,0.0004958311716715494
2023-02-24,ETH,2,return,0.013344605763753254
2023-02-24,ETH,2,squared return,7.0492426554362e-05
2023-02-24,ETH,2,squared down-return,0.00013709068298339844
2023-02-24,ETH,3,return,0.011592547098795572
2023-02-24,ETH,3,squared return,0.00013566017150878906
2023-02-24,ETH,3,squared down-return,0.0001984437306722005
2023-02-24,ETH,4,return,0.007056077321370442
2023-02-24,ETH,4,squared return,-0.00012302398681640625
2023-02-24,ETH,4,squared down-return,-8.408228556315103e-05
2023-02-24,ETH,5,return,-5.324681599934878e-06
2023-02-24,ETH,5,squared return,-0.00015052159627278644
2023-02-24,ETH,5,squared down-return,-0.0002487500508626302
2023-02-24,ETH,6,return,0.008238871892293295
2023-02-24,ETH,6,squared return,-0.00015807151794433594
2023-02-24,ETH,6,squared down-return,-5.221366882324219e-05
2023-02-24,ETH,7,return,0.001918156941731771
2023-02-24,ETH,7,squared return,0.0004196961720784505
2023-02-24,ETH,7,squared down-return,0.00028864542643229163
2023-02-24,ETH,8,return,0.0012059211730957031
2023-02-24,ETH,8,squared return,-0.00021195411682128906
2023-02-24,ETH,8,squared down-return,-0.00013939539591471356
2023-02-24,ETH,9,return,-0.0009019374847412108
2023-02-24,ETH,9,squared return,-0.0001370112101236979
2023-02-24,ETH,9,squared down-return,-0.0002051989237467448
2023-02-24,ETH,10,return,0.002959569295247396
2023-02-24,ETH,10,squared return,0.0001068115234375
2023-02-24,ETH,10,squared down-return,0.0001037915547688802
2023-02-24,ETH,11,return,0.008357763290405273
2023-02-24,ETH,11,squared return,-0.00013812383015950522
2023-02-24,ETH,11,squared down-return,0.00043503443400065106
2023-02-24,ETH,12,return,0.002224286397298177
2023-02-24,ETH,12,squared return,0.00017642974853515625
2023-02-24,ETH,12,squared down-return,-0.00023484230041503906
2023-02-24,ETH,13,return,0.004768292109171549
2023-02-24,ETH,13,squared return,7.494290669759114e-05
2023-02-24,ETH,13,squared down-return,0.00017642974853515625
2023-02-24,ETH,14,return,0.030256827672322593
2023-02-24,ETH,14,squared return,-0.0010615984598795574
2023-02-24,ETH,14,squared down-return,-3.7352244059244837e-06
2023-02-24,ETH,15,return,0.0040590763092041016
2023-02-24,ETH,15,squared return,1.4146169026692717e-05
2023-02-24,ETH,15,squared down-return,-3.663698832194011e-05
2023-02-24,ETH,16,return,0.00012930234273274732
2023-02-24,ETH,16,squared return,-1.5974044799804688e-05
2023-02-24,ETH,16,squared down-return,-9.147326151529947e-05
2023-02-24,ETH,17,return,-0.0005430380503336588
2023-02-24,ETH,17,squared return,0.00019391377766927082
2023-02-24,ETH,17,squared down-return,5.626678466796875e-05
2023-02-24,ETH,18,return,0.0043290456136067705
2023-02-24,ETH,18,squared return,-5.880991617838541e-06
2023-02-24,ETH,18,squared down-return,0.0001347064971923828
2023-02-24,ETH,19,return,0.00026448567708333326
2023-02-24,ETH,19,squared return,-0.0003108978271484375
2023-02-24,ETH,19,squared down-return,-0.00014440218607584635
2023-02-24,ETH,20,return,0.0022308826446533203
2023-02-24,ETH,20,squared return,8.662541707356772e-05
2023-02-24,ETH,20,squared down-return,-2.193450927734375e-05
2023-04-25,ETH,1,return,0.013674020767211914
2023-04-25,ETH,1,squared return,0.0010240872701009114
2023-04-25,ETH,1,squared down-return,0.0008749167124430339
2023-04-25,ETH,2,return,0.012192010879516602
2023-04-25,ETH,2,squared return,0.0005535284678141277
2023-04-25,ETH,2,squared down-return,0.00041850407918294274
2023-04-25,ETH,3,return,0.005933284759521484
2023-04-25,ETH,3,squared return,0.0002465248107910156
2023-04-25,ETH,3,squared down-return,0.0005950927734375
2023-04-25,ETH,4,return,-0.0029931068420410156
2023-04-25,ETH,4,squared return,6.63598378499349e-05
2023-04-25,ETH,4,squared down-return,-0.00028244654337565106
2023-04-25,ETH,5,return,-0.004181782404581706
2023-04-25,ETH,5,squared return,0.00012977917989095053
2023-04-25,ETH,5,squared down-return,-0.00021489461263020834
2023-04-25,ETH,6,return,0.004308382670084636
2023-04-25,ETH,6,squared return,0.000202337900797526
2023-04-25,ETH,6,squared down-return,0.0001407464345296224
2023-04-25,ETH,7,return,-0.00021616617838541666
2023-04-25,ETH,7,squared return,3.4809112548828125e-05
2023-04-25,ETH,7,squared down-return,1.5815099080403645e-05
2023-04-25,ETH,8,return,-0.00033076604207356774
2023-04-25,ETH,8,squared return,9.536743164062517e-07
2023-04-25,ETH,8,squared down-return,-1.915295918782552e-05
2023-04-25,ETH,9,return,-0.0006841023763020834
2023-04-25,ETH,9,squared return,-3.488858540852865e-05
2023-04-25,ETH,9,squared down-return,-2.415974934895833e-05
2023-04-25,ETH,10,return,0.0007526079813639323
2023-04-25,ETH,10,squared return,-0.00021974245707194007
2023-04-25,ETH,10,squared down-return,-0.000259240468343099
2023-04-25,ETH,11,return,0.001087506612141927
2023-04-25,ETH,11,squared return,-0.0002547899881998698
2023-04-25,ETH,11,squared down-return,-0.0001652240753173828
2023-04-25,ETH,12,return,0.0013880729675292969
2023-04-25,ETH,12,squared return,-0.00019288063049316406
2023-04-25,ETH,12,squared down-return,-5.30083974202474e-05
2023-04-25,ETH,13,return,0.002705812454223633
2023-04-25,ETH,13,squared return,8.034706115722656e-05
2023-04-25,ETH,13,squared down-return,7.120768229166667e-05
2023-04-25,ETH,14,return,0.002022822697957357
2023-04-25,ETH,14,squared return,-0.0002833207448323568
2023-04-25,ETH,14,squared down-return,-0.00012032190958658855
2023-04-25,ETH,15,return,-0.0007828871409098307
2023-04-25,ETH,15,squared return,4.0690104166666664e-05
2023-04-25,ETH,15,squared down-return,0.0001354217529296875
2023-04-25,ETH,16,return,7.549921671549484e-06
2023-04-25,ETH,16,squared return,3.425280253092448e-05
2023-04-25,ETH,16,squared down-return,3.067652384440104e-05
2023-04-25,ETH,17,return,0.0002609093983968099
2023-04-25,ETH,17,squared return,2.757708231608073e-05
2023-04-25,ETH,17,squared down-return,2.463658650716146e-05
2023-04-25,ETH,18,return,0.003034114837646485
2023-04-25,ETH,18,squared return,-1.239776611328125e-05
2023-04-25,ETH,18,squared down-return,6.993611653645833e-05
2023-04-25,ETH,19,return,0.00027736028035481774
2023-04-25,ETH,19,squared return,-0.000268856684366862
2023-04-25,ETH,19,squared down-return,2.86102294921875e-06
2023-04-25,ETH,20,return,0.00027426083882649743
2023-04-25,ETH,20,squared return,-0.00013756752014160156
2023-04-25,ETH,20,squared down-return,2.0583470662434895e-05
2023-06-24,ETH,1,return,0.010014931360880533
2023-06-24,ETH,1,squared return,0.0005101362864176432
2023-06-24,ETH,1,squared down-return,0.0008314450581868491
2023-06-24,ETH,2,return,0.018349488576253258
2023-06-24,ETH,2,squared return,0.0003014405568440755
2023-06-24,ETH,2,squared down-return,0.0007611115773518881
2023-06-24,ETH,3,return,0.014390627543131508
2023-06-24,ETH,3,squared return,0.00041762987772623694
2023-06-24,ETH,3,squared down-return,0.000953833262125651
2023-06-24,ETH,4,return,-0.0040073394775390625
2023-06-24,ETH,4,squared return,-0.00016466776529947918
2023-06-24,ETH,4,squared down-return,-0.00041294097900390625
2023-06-24,ETH,5,return,0.0037511984507242837
2023-06-24,ETH,5,squared return,0.00027020772298177087
2023-06-24,ETH,5,squared down-return,-0.00032536188761393226
2023-06-24,ETH,6,return,0.01022203763326009
2023-06-24,ETH,6,squared return,-0.00034117698669433594
2023-06-24,ETH,6,squared down-return,0.0001663366953531901
2023-06-24,ETH,7,return,0.00904536247253418
2023-06-24,ETH,7,squared return,0.00018215179443359375
2023-06-24,ETH,7,squared down-return,0.0003623167673746745
2023-06-24,ETH,8,return,-0.0014562606811523438
2023-06-24,ETH,8,squared return,-0.0006499290466308594
2023-06-24,ETH,8,squared down-return,-0.0005185604095458984
2023-06-24,ETH,9,return,0.0011681715647379556
2023-06-24,ETH,9,squared return,-0.00039267539978027344
2023-06-24,ETH,9,squared down-return,-0.0004998842875162761
2023-06-24,ETH,10,return,-0.003361622492472331
2023-06-24,ETH,10,squared return,-2.3921330769856766e-05
2023-06-24,ETH,10,squared down-return,-3.0199686686197826e-06
2023-06-24,ETH,11,return,0.012164672215779621
2023-06-24,ETH,11,squared return,0.0003412564595540365
2023-06-24,ETH,11,squared down-return,6.127357482910156e-05
2023-06-24,ETH,12,return,-0.0010509490966796875
2023-06-24,ETH,12,squared return,-0.0002693335215250651
2023-06-24,ETH,12,squared down-return,-0.00046904881795247394
2023-06-24,ETH,13,return,0.00870029131571452
2023-06-24,ETH,13,squared return,7.804234822591147e-05
2023-06-24,ETH,13,squared down-return,-6.421407063802084e-05
2023-06-24,ETH,14,return,0.030829429626464844
2023-06-24,ETH,14,squared return,-0.0012311935424804688
2023-06-24,ETH,14,squared down-return,-0.0004130999247233073
2023-06-24,ETH,15,return,0.010236740112304688
2023-06-24,ETH,15,squared return,-8.62280527750651e-05
2023-06-24,ETH,15,squared down-return,-0.00016880035400390625
2023-06-24,ETH,16,return,0.004507621129353841
2023-06-24,ETH,16,squared return,-0.0001235802968343099
2023-06-24,ETH,16,squared down-return,0.0002843538920084635
2023-06-24,ETH,17,return,0.0004994074503580728
2023-06-24,ETH,17,squared return,0.0001358191172281901
2023-06-24,ETH,17,squared down-return,0.00038409233093261713
2023-06-24,ETH,18,return,0.017068465550740562
2023-06-24,ETH,18,squared return,9.568532307942709e-05
2023-06-24,ETH,18,squared down-return,0.0001132488250732422
2023-06-24,ETH,19,return,0.006502230962117514
2023-06-24,ETH,19,squared return,-0.0009073416392008463
2023-06-24,ETH,19,squared down-return,2.7179718017578125e-05
2023-06-24,ETH,20,return,0.003802935282389323
2023-06-24,ETH,20,squared return,-7.772445678710938e-05
2023-06-24,ETH,20,squared down-return,0.00019129117329915363
2023-08-23,ETH,1,return,0.006020863850911458
2023-08-23,ETH,1,squared return,0.0005664030710856119
2023-08-23,ETH,1,squared down-return,0.0008380413055419922
2023-08-23,ETH,2,return,0.017172813415527344
2023-08-23,ETH,2,squared return,0.00045283635457356774
2023-08-23,ETH,2,squared down-return,0.0007351239522298176
2023-08-23,ETH,3,return,0.01793328921000163
2023-08-23,ETH,3,squared return,0.0006903012593587239
2023-08-23,ETH,3,squared down-return,0.0009289582570393881
2023-08-23,ETH,4,return,-0.004006306330362956
2023-08-23,ETH,4,squared return,-0.00038933753967285156
2023-08-23,ETH,4,squared down-return,-0.0005905628204345703
2023-08-23,ETH,5,return,-0.00343473752339681
2023-08-23,ETH,5,squared return,7.383028666178386e-05
2023-08-23,ETH,5,squared down-return,-0.000124057133992513
2023-08-23,ETH,6,return,0.016086657842000328
2023-08-23,ETH,6,squared return,0.00036851565043131507
2023-08-23,ETH,6,squared down-return,0.00013343493143717447
2023-08-23,ETH,7,return,0.01878507932027181
2023-08-23,ETH,7,squared return,0.00022824605305989582
2023-08-23,ETH,7,squared down-return,0.0004161198933919271
2023-08-23,ETH,8,return,0.0026187896728515625
2023-08-23,ETH,8,squared return,-0.0008218288421630859
2023-08-23,ETH,8,squared down-return,-0.0005102157592773438
2023-08-23,ETH,9,return,0.012370983759562174
2023-08-23,ETH,9,squared return,-0.0006693204243977864
2023-08-23,ETH,9,squared down-return,-0.0003426074981689453
2023-08-23,ETH,10,return,-0.0018993218739827475
2023-08-23,ETH,10,squared return,0.0003368854522705078
2023-08-23,ETH,10,squared down-return,-0.00019900004069010418
2023-08-23,ETH,11,return,0.02826197942097982
2023-08-23,ETH,11,squared return,0.000553131103515625
2023-08-23,ETH,11,squared down-return,0.0011998017628987632
2023-08-23,ETH,12,return,0.0026181538899739585
2023-08-23,ETH,12,squared return,0.0003770987192789713
2023-08-23,ETH,12,squared down-return,0.001405636469523112
2023-08-23,ETH,13,return,0.0060015519460042315
2023-08-23,ETH,13,squared return,1.9788742065429688e-05
2023-08-23,ETH,13,squared down-return,-0.0002404054005940755
2023-08-23,ETH,14,return,0.04467050234476726
2023-08-23,ETH,14,squared return,-0.0018158753712972007
2023-08-23,ETH,14,squared down-return,0.00067901611328125
2023-08-23,ETH,15,return,0.010085026423136393
2023-08-23,ETH,15,squared return,-0.00015552838643391925
2023-08-23,ETH,15,squared down-return,9.218851725260435e-06
2023-08-23,ETH,16,return,0.011152187983194986
2023-08-23,ETH,16,squared return,-1.0331471761067663e-06
2023-08-23,ETH,16,squared down-return,0.00012906392415364582
2023-08-23,ETH,17,return,0.008358319600423178
2023-08-23,ETH,17,squared return,-0.00010085105895996095
2023-08-23,ETH,17,squared down-return,-0.0002434253692626953
2023-08-23,ETH,18,return,0.020749886830647785
2023-08-23,ETH,18,squared return,6.461143493652344e-05
2023-08-23,ETH,18,squared down-return,0.0002990563710530599
2023-08-23,ETH,19,return,0.01639572779337565
2023-08-23,ETH,19,squared return,-0.0004004637400309245
2023-08-23,ETH,19,squared down-return,-0.00031375885009765625
2023-08-23,ETH,20,return,0.01713856061299642
2023-08-23,ETH,20,squared return,0.00019852320353190103
2023-08-23,ETH,20,squared down-return,-0.0006212393442789713
2023-10-22,ETH,1,return,0.008068005243937174
2023-10-22,ETH,1,squared return,0.0012532869974772136
2023-10-22,ETH,1,squared down-return,0.0011919339497884114
2023-10-22,ETH,2,return,0.005963961283365886
2023-10-22,ETH,2,squared return,0.0006303787231445312
2023-10-22,ETH,2,squared down-return,0.000454107920328776
2023-10-22,ETH,3,return,-6.866455078125e-05
2023-10-22,ETH,3,squared return,0.00013820330301920572
2023-10-22,ETH,3,squared down-return,0.00014034907023111978
2023-10-22,ETH,4,return,-0.0007734298706054688
2023-10-22,ETH,4,squared return,5.7856241861979164e-05
2023-10-22,ETH,4,squared down-return,-2.0186106363932293e-05
2023-10-22,ETH,5,return,-0.0006156762440999349
2023-10-22,ETH,5,squared return,6.699562072753906e-05
2023-10-22,ETH,5,squared down-return,-3.0358632405598957e-05
2023-10-22,ETH,6,return,0.00016347567240397135
2023-10-22,ETH,6,squared return,-6.5962473551432294e-06
2023-10-22,ETH,6,squared down-return,-3.89417012532552e-06
2023-10-22,ETH,7,return,-0.0006016095479329426
2023-10-22,ETH,7,squared return,-2.0186106363932293e-05
2023-10-22,ETH,7,squared down-return,-1.9470850626627602e-05
2023-10-22,ETH,8,return,-0.000686327616373698
2023-10-22,ETH,8,squared return,3.528594970703125e-05
2023-10-22,ETH,8,squared down-return,3.472963968912761e-05
2023-10-22,ETH,9,return,0.004362662633260091
2023-10-22,ETH,9,squared return,-0.0003101030985514323
2023-10-22,ETH,9,squared down-return,0.00022578239440917966
2023-10-22,ETH,10,return,0.0005661646525065104
2023-10-22,ETH,10,squared return,-0.00013097127278645834
2023-10-22,ETH,10,squared down-return,0.00011539459228515625
2023-10-22,ETH,11,return,0.0035674571990966797
2023-10-22,ETH,11,squared return,-0.00032941500345865887
2023-10-22,ETH,11,squared down-return,4.609425862630204e-06
2023-10-22,ETH,12,return,0.002681891123453776
2023-10-22,ETH,12,squared return,4.092852274576825e-05
2023-10-22,ETH,12,squared down-return,-0.00015552838643391928
2023-10-22,ETH,13,return,0.0018900235493977866
2023-10-22,ETH,13,squared return,-8.471806844075522e-05
2023-10-22,ETH,13,squared down-return,5.650520324707031e-05
2023-10-22,ETH,14,return,0.0026764869689941406
2023-10-22,ETH,14,squared return,-0.00026154518127441406
2023-10-22,ETH,14,squared down-return,-4.935264587402344e-05
2023-10-22,ETH,15,return,8.153915405273438e-05
2023-10-22,ETH,15,squared return,-3.1789143880208305e-07
2023-10-22,ETH,15,squared down-return,5.9604644775390625e-06
2023-10-22,ETH,16,return,0.0005445480346679688
2023-10-22,ETH,16,squared return,1.986821492513023e-06
2023-10-22,ETH,16,squared down-return,3.337860107421875e-05
2023-10-22,ETH,17,return,-0.0020515124003092446
2023-10-22,ETH,17,squared return,-3.3219655354817704e-05
2023-10-22,ETH,17,squared down-return,-0.00013907750447591147
2023-10-22,ETH,18,return,0.0008951028188069662
2023-10-22,ETH,18,squared return,0.00022395451863606772
2023-10-22,ETH,18,squared down-return,6.151199340820311e-05
2023-10-22,ETH,19,return,0.0004092057545979818
2023-10-22,ETH,19,squared return,-2.7894973754882812e-05
2023-10-22,ETH,19,squared down-return,5.563100179036413e-07
2023-10-22,ETH,20,return,0.0013052622477213542
2023-10-22,ETH,20,squared return,0.00016228357950846356
2023-10-22,ETH,20,squared down-return,8.43207041422526e-05
2023-12-21,ETH,1,return,0.0010930697123209634
2023-12-21,ETH,1,squared return,0.0004813671112060547
2023-12-21,ETH,1,squared down-return,0.00044814745585123694
2023-12-21,ETH,2,return,0.004095315933227539
2023-12-21,ETH,2,squared return,6.222724914550781e-05
2023-12-21,ETH,2,squared down-return,0.0001418590545654297
2023-12-21,ETH,3,return,0.002668539683024089
2023-12-21,ETH,3,squared return,0.00021576881408691406
2023-12-21,ETH,3,squared down-return,0.00025526682535807293
2023-12-21,ETH,4,return,-0.001053889592488607
2023-12-21,ETH,4,squared return,5.284945170084636e-05
2023-12-21,ETH,4,squared down-return,-0.00019248326619466147
2023-12-21,ETH,5,return,0.00019017855326334637
2023-12-21,ETH,5,squared return,5.0624211629231766e-05
2023-12-21,ETH,5,squared down-return,-9.751319885253906e-05
2023-12-21,ETH,6,return,-0.0023432572682698565
2023-12-21,ETH,6,squared return,5.467732747395833e-05
2023-12-21,ETH,6,squared down-return,-1.557668050130208e-05
2023-12-21,ETH,7,return,0.0010905265808105469
2023-12-21,ETH,7,squared return,-6.143252054850261e-05
2023-12-21,ETH,7,squared down-return,-0.00015187263488769534
2023-12-21,ETH,8,return,0.0017409324645996094
2023-12-21,ETH,8,squared return,-7.136662801106772e-05
2023-12-21,ETH,8,squared down-return,-8.74201456705729e-06
2023-12-21,ETH,9,return,0.0035111109415690107
2023-12-21,ETH,9,squared return,-0.00017269452412923175
2023-12-21,ETH,9,squared down-return,0.0001708666483561198
2023-12-21,ETH,10,return,0.0037577152252197266
2023-12-21,ETH,10,squared return,-9.520848592122395e-05
2023-12-21,ETH,10,squared down-return,-7.39892323811849e-05
2023-12-21,ETH,11,return,0.0065344174702962245
2023-12-21,ETH,11,squared return,0.0002647240956624349
2023-12-21,ETH,11,squared down-return,1.0569890340169266e-05
2023-12-21,ETH,12,return,-0.0019447008768717446
2023-12-21,ETH,12,squared return,0.00015997886657714844
2023-12-21,ETH,12,squared down-return,-0.00011316935221354166
2023-12-21,ETH,13,return,0.006150484085083008
2023-12-21,ETH,13,squared return,-0.00024358431498209637
2023-12-21,ETH,13,squared down-return,-0.00036422411600748694
2023-12-21,ETH,14,return,0.016941070556640625
2023-12-21,ETH,14,squared return,-0.000787814458211263
2023-12-21,ETH,14,squared down-return,-0.0006048679351806641
2023-12-21,ETH,15,return,0.020439624786376953
2023-12-21,ETH,15,squared return,0.0003256797790527343
2023-12-21,ETH,15,squared down-return,1.4861424763997405e-05
2023-12-21,ETH,16,return,0.01132822036743164
2023-12-21,ETH,16,squared return,-0.0002679030100504557
2023-12-21,ETH,16,squared down-return,-0.0003227392832438151
2023-12-21,ETH,17,return,0.02108605702718099
2023-12-21,ETH,17,squared return,-9.775161743164062e-05
2023-12-21,ETH,17,squared down-return,-8.082389831542969e-05
2023-12-21,ETH,18,return,-0.00020098686218261708
2023-12-21,ETH,18,squared return,-6.628036499023438e-05
2023-12-21,ETH,18,squared down-return,-0.00021680196126302082
2023-12-21,ETH,19,return,0.0009032090504964192
2023-12-21,ETH,19,squared return,-0.00010204315185546875
2023-12-21,ETH,19,squared down-return,2.1616617838541664e-05
2023-12-21,ETH,20,return,-0.0026722749074300127
2023-12-21,ETH,20,squared return,0.00033561388651529944
2023-12-21,ETH,20,squared down-return,-4.450480143229168e-06
2024-02-19,ETH,1,return,0.0020552476247151694
2024-02-19,ETH,1,squared return,9.640057881673178e-05
2024-02-19,ETH,1,squared down-return,0.0002733071645100912
2024-02-19,ETH,2,return,0.0014843940734863281
2024-02-19,ETH,2,squared return,9.5367431640625e-06
2024-02-19,ETH,2,squared down-return,0.00011563301086425781
2024-02-19,ETH,3,return,-0.0005103747049967446
2024-02-19,ETH,3,squared return,-5.475680033365886e-05
2024-02-19,ETH,3,squared down-return,-3.496805826822917e-06
2024-02-19,ETH,4,return,-0.0004895528157552084
2024-02-19,ETH,4,squared return,1.811981201171875e-05
2024-02-19,ETH,4,squared down-return,-3.9418538411458336e-05
2024-02-19,ETH,5,return,-0.002210378646850586
2024-02-19,ETH,5,squared return,1.4225641886393229e-05
2024-02-19,ETH,5,squared down-return,-8.400281270345053e-05
2024-02-19,ETH,6,return,-0.0008176167805989584
2024-02-19,ETH,6,squared return,-2.4636586507161456e-06
2024-02-19,ETH,6,squared down-return,-6.651878356933595e-05
2024-02-19,ETH,7,return,0.0009244283040364584
2024-02-19,ETH,7,squared return,2.1457672119140625e-06
2024-02-19,ETH,7,squared down-return,3.989537556966146e-05
2024-02-19,ETH,8,return,-0.0008099873860677084
2024-02-19,ETH,8,squared return,-2.574920654296875e-05
2024-02-19,ETH,8,squared down-return,-7.367134094238281e-05
2024-02-19,ETH,9,return,0.0006040732065836588
2024-02-19,ETH,9,squared return,-5.324681599934896e-05
2024-02-19,ETH,9,squared down-return,-0.00010140736897786459
2024-02-19,ETH,10,return,-0.0013876756032307944
2024-02-19,ETH,10,squared return,6.0558319091796875e-05
2024-02-19,ETH,10,squared down-return,-6.779034932454427e-05
2024-02-19,ETH,11,return,0.004464387893676758
2024-02-19,ETH,11,squared return,0.00011038780212402344
2024-02-19,ETH,11,squared down-return,0.00030048688252766925
2024-02-19,ETH,12,return,0.002637624740600586
2024-02-19,ETH,12,squared return,1.8517176310221352e-05
2024-02-19,ETH,12,squared down-return,0.00015997886657714844
2024-02-19,ETH,13,return,0.010135412216186523
2024-02-19,ETH,13,squared return,-0.0001498858133951823
2024-02-19,ETH,13,squared down-return,-0.00016450881958007812
2024-02-19,ETH,14,return,0.027433713277180992
2024-02-19,ETH,14,squared return,-0.00020813941955566406
2024-02-19,ETH,14,squared down-return,-2.2570292154947914e-05
2024-02-19,ETH,15,return,0.024536450703938804
2024-02-19,ETH,15,squared return,-0.0003227392832438151
2024-02-19,ETH,15,squared down-return,0.00014901161193847656
2024-02-19,ETH,16,return,0.016231377919514973
2024-02-19,ETH,16,squared return,-0.0002675056457519531
2024-02-19,ETH,16,squared down-return,-0.00017340977986653647
2024-02-19,ETH,17,return,0.013698895772298176
2024-02-19,ETH,17,squared return,-0.00010569890340169272
2024-02-19,ETH,17,squared down-return,9.854634602864582e-05
2024-02-19,ETH,18,return,0.011113961537679035
2024-02-19,ETH,18,squared return,7.43865966796875e-05
2024-02-19,ETH,18,squared down-return,-3.329912821451823e-05
2024-02-19,ETH,19,return,0.0027105013529459634
2024-02-19,ETH,19,squared return,0.00018509229024251303
2024-02-19,ETH,19,squared down-return,7.343292236328125e-05
2024-02-19,ETH,20,return,-0.0003263155619303384
2024-02-19,ETH,20,squared return,-1.6291936238606766e-05
2024-02-19,ETH,20,squared down-return,-1.3907750447591148e-05
2024-04-19,ETH,1,return,0.00191497802734375
2024-04-19,ETH,1,squared return,9.568532307942709e-05
2024-04-19,ETH,1,squared down-return,8.845329284667969e-05
2024-04-19,ETH,2,return,-0.0008821487426757812
2024-04-19,ETH,2,squared return,-2.5828679402669273e-05
2024-04-19,ETH,2,squared down-return,-4.315376281738281e-05
2024-04-19,ETH,3,return,0.0028897126515706377
2024-04-19,ETH,3,squared return,3.5762786865234375e-06
2024-04-19,ETH,3,squared down-return,7.486343383789062e-05
2024-04-19,ETH,4,return,0.000385443369547526
2024-04-19,ETH,4,squared return,2.5113423665364586e-05
2024-04-19,ETH,4,squared down-return,3.0517578125e-05
2024-04-19,ETH,5,return,0.00032122929890950524
2024-04-19,ETH,5,squared return,9.091695149739584e-05
2024-04-19,ETH,5,squared down-return,-2.6702880859375e-05
2024-04-19,ETH,6,return,-1.0093053181966155e-05
2024-04-19,ETH,6,squared return,8.519490559895833e-05
2024-04-19,ETH,6,squared down-return,7.486343383789062e-05
2024-04-19,ETH,7,return,0.0006980101267496744
2024-04-19,ETH,7,squared return,6.540616353352864e-05
2024-04-19,ETH,7,squared down-return,4.4743220011393234e-05
2024-04-19,ETH,8,return,-0.00043551127115885413
2024-04-19,ETH,8,squared return,-2.2649765014648438e-05
2024-04-19,ETH,8,squared down-return,6.357828776041665e-07
2024-04-19,ETH,9,return,0.0005104541778564453
2024-04-19,ETH,9,squared return,-3.2583872477213546e-05
2024-04-19,ETH,9,squared down-return,-1.1205673217773438e-05
2024-04-19,ETH,10,return,5.761782328287761e-05
2024-04-19,ETH,10,squared return,-4.291534423828125e-06
2024-04-19,ETH,10,squared down-return,1.4305114746093746e-06
2024-04-19,ETH,11,return,-0.0005537668863932292
2024-04-19,ETH,11,squared return,0.0
2024-04-19,ETH,11,squared down-return,-3.4968058268229164e-05
2024-04-19,ETH,12,return,0.0008460680643717448
2024-04-19,ETH,12,squared return,-1.8596649169921875e-05
2024-04-19,ETH,12,squared down-return,-6.985664367675781e-05
2024-04-19,ETH,13,return,0.005496660868326823
2024-04-19,ETH,13,squared return,-0.00012214978535970053
2024-04-19,ETH,13,squared down-return,0.00010307629903157552
2024-04-19,ETH,14,return,0.004991451899210612
2024-04-19,ETH,14,squared return,-0.00018938382466634115
2024-04-19,ETH,14,squared down-return,-9.218851725260418e-06
2024-04-19,ETH,15,return,0.0014147758483886719
2024-04-19,ETH,15,squared return,5.7061513264973954e-05
2024-04-19,ETH,15,squared down-return,8.893013000488281e-05
2024-04-19,ETH,16,return,0.004821221033732097
2024-04-19,ETH,16,squared return,-0.00015497207641601562
2024-04-19,ETH,16,squared down-return,-0.00019653638203938803
2024-04-19,ETH,17,return,0.0030159155527750654
2024-04-19,ETH,17,squared return,-0.00013653437296549478
2024-04-19,ETH,17,squared down-return,-1.843770345052083e-05
2024-04-19,ETH,18,return,0.0022658507029215498
2024-04-19,ETH,18,squared return,0.00028459231058756507
2024-04-19,ETH,18,squared down-return,-4.2597452799479164e-05
2024-04-19,ETH,19,return,0.003801902135213216
2024-04-19,ETH,19,squared return,-8.519490559895834e-05
2024-04-19,ETH,19,squared down-return,1.3033548990885418e-05
2024-04-19,ETH,20,return,-8.114178975423178e-05
2024-04-19,ETH,20,squared return,-0.00016204516092936197
2024-04-19,ETH,20,squared down-return,-4.927317301432289e-06
2024-06-18,ETH,1,return,0.006940603256225586
2024-06-18,ETH,1,squared return,0.0007846355438232422
2024-06-18,ETH,1,squared down-return,0.00034809112548828125
2024-06-18,ETH,2,return,0.002543767293294271
2024-06-18,ETH,2,squared return,-0.0001418590545654297
2024-06-18,ETH,2,squared down-return,-4.569689432779948e-05
2024-06-18,ETH,3,return,0.00014479955037434897
2024-06-18,ETH,3,squared return,-1.4623006184895832e-05
2024-06-18,ETH,3,squared down-return,-1.4702479044596355e-05
2024-06-18,ETH,4,return,6.779034932454442e-05
2024-06-18,ETH,4,squared return,0.00018684069315592447
2024-06-18,ETH,4,squared down-return,8.074442545572916e-05
2024-06-18,ETH,5,return,0.005903402964274088
2024-06-18,ETH,5,squared return,-0.00019947687784830728
2024-06-18,ETH,5,squared down-return,-1.7086664835611974e-05
2024-06-18,ETH,6,return,-0.00027330716451009113
2024-06-18,ETH,6,squared return,-3.059705098470052e-05
2024-06-18,ETH,6,squared down-return,-1.7881393432617188e-05
2024-06-18,ETH,7,return,0.0014383792877197266
2024-06-18,ETH,7,squared return,0.00010188420613606772
2024-06-18,ETH,7,squared down-return,-2.5590260823567704e-05
2024-06-18,ETH,8,return,0.003888527552286784
2024-06-18,ETH,8,squared return,-0.00011865297953287761
2024-06-18,ETH,8,squared down-return,-3.8623809814453125e-05
2024-06-18,ETH,9,return,-0.0008281866709391276
2024-06-18,ETH,9,squared return,-3.7670135498046875e-05
2024-06-18,ETH,9,squared down-return,-1.2397766113281248e-05
2024-06-18,ETH,10,return,0.0013244946797688801
2024-06-18,ETH,10,squared return,6.0399373372395836e-05
2024-06-18,ETH,10,squared down-return,9.942054748535156e-05
2024-06-18,ETH,11,return,-0.003688812255859375
2024-06-18,ETH,11,squared return,-3.584225972493489e-05
2024-06-18,ETH,11,squared down-return,3.099441528320313e-05
2024-06-18,ETH,12,return,-0.0012866655985514324
2024-06-18,ETH,12,squared return,3.09149424235026e-05
2024-06-18,ETH,12,squared down-return,-9.61621602376302e-06
2024-06-18,ETH,13,return,-0.0020991961161295576
2024-06-18,ETH,13,squared return,3.4173329671223913e-06
2024-06-18,ETH,13,squared down-return,-3.5127003987630204e-05
2024-06-18,ETH,14,return,0.0008117357889811198
2024-06-18,ETH,14,squared return,-0.00015878677368164062
2024-06-18,ETH,14,squared down-return,-4.140535990397136e-05
2024-06-18,ETH,15,return,0.00048216183980305993
2024-06-18,ETH,15,squared return,-1.0013580322265625e-05
2024-06-18,ETH,15,squared down-return,1.0172526041666666e-05
2024-06-18,ETH,16,return,-8.31286112467448e-05
2024-06-18,ETH,16,squared return,2.1457672119140625e-05
2024-06-18,ETH,16,squared down-return,-6.993611653645833e-06
2024-06-18,ETH,17,return,0.0002680619557698568
2024-06-18,ETH,17,squared return,-6.302197774251303e-05
2024-06-18,ETH,17,squared down-return,-1.6450881958007812e-05
2024-06-18,ETH,18,return,-2.074241638183595e-05
2024-06-18,ETH,18,squared return,1.5179316202799479e-05
2024-06-18,ETH,18,squared down-return,-8.980433146158855e-06
2024-06-18,ETH,19,return,-0.0005253156026204427
2024-06-18,ETH,19,squared return,1.5099843343098959e-05
2024-06-18,ETH,19,squared down-return,-1.2715657552083333e-06
2024-06-18,ETH,20,return,-0.00012652079264322918
2024-06-18,ETH,20,squared return,-1.9232432047526043e-05
2024-06-18,ETH,20,squared down-return,-1.239776611328125e-05
2024-08-17,ETH,1,return,0.00777888298034668
2024-08-17,ETH,1,squared return,-0.0001755555470784505
2024-08-17,ETH,1,squared down-return,0.00030032793680826825
2024-08-17,ETH,2,return,-0.0026862621307373047
2024-08-17,ETH,2,squared return,-1.589457194010394e-07
2024-08-17,ETH,2,squared down-return,-6.278355916341145e-05
2024-08-17,ETH,3,return,0.002546389897664388
2024-08-17,ETH,3,squared return,0.00041190783182779944
2024-08-17,ETH,3,squared down-return,0.0003510316212972005
2024-08-17,ETH,4,return,0.003025372823079427
2024-08-17,ETH,4,squared return,0.0002075831095377604
2024-08-17,ETH,4,squared down-return,0.00012079874674479168
2024-08-17,ETH,5,return,-0.0009826819101969402
2024-08-17,ETH,5,squared return,2.0424524943033852e-05
2024-08-17,ETH,5,squared down-return,1.4702479044596354e-05
2024-08-17,ETH,6,return,0.0007016658782958984
2024-08-17,ETH,6,squared return,3.663698832194011e-05
2024-08-17,ETH,6,squared down-return,5.4836273193359375e-05
2024-08-17,ETH,7,return,-0.00016260147094726562
2024-08-17,ETH,7,squared return,-1.1126200358072915e-06
2024-08-17,ETH,7,squared down-return,-2.384185791015625e-07
2024-08-17,ETH,8,return,0.00030533472696940106
2024-08-17,ETH,8,squared return,-5.880991617838541e-06
2024-08-17,ETH,8,squared down-return,-5.0067901611328125e-06
2024-08-17,ETH,9,return,0.0005597273508707682
2024-08-17,ETH,9,squared return,1.0808308919270832e-05
2024-08-17,ETH,9,squared down-return,2.3285547892252602e-05
2024-08-17,ETH,10,return,-0.00036652882893880207
2024-08-17,ETH,10,squared return,-7.947285970052082e-06
2024-08-17,ETH,10,squared down-return,-3.719329833984375e-05
2024-08-17,ETH,11,return,-0.0007425944010416667
2024-08-17,ETH,11,squared return,1.4543533325195312e-05
2024-08-17,ETH,11,squared down-return,-1.811981201171875e-05
2024-08-17,ETH,12,return,0.00013081232706705728
2024-08-17,ETH,12,squared return,-1.5099843343098959e-05
2024-08-17,ETH,12,squared down-return,-7.073084513346354e-06
2024-08-17,ETH,13,return,0.0008602937062581381
2024-08-17,ETH,13,squared return,-1.4305114746093748e-05
2024-08-17,ETH,13,squared down-return,8.66254170735677e-06
2024-08-17,ETH,14,return,0.00013009707132975262
2024-08-17,ETH,14,squared return,-1.4861424763997396e-05
2024-08-17,ETH,14,squared down-return,-1.5656153361002605e-05
2024-08-17,ETH,15,return,-5.245208740234375e-05
2024-08-17,ETH,15,squared return,1.430511474609375e-06
2024-08-17,ETH,15,squared down-return,1.0331471761067708e-06
2024-08-17,ETH,16,return,2.6384989420572918e-05
2024-08-17,ETH,16,squared return,1.1126200358072917e-06
2024-08-17,ETH,16,squared down-return,1.6689300537109375e-06
2024-08-17,ETH,17,return,4.609425862630209e-06
2024-08-17,ETH,17,squared return,1.033147176106771e-06
2024-08-17,ETH,17,squared down-return,4.7683715820312495e-07
2024-08-17,ETH,18,return,-5.8968861897786454e-05
2024-08-17,ETH,18,squared return,2.1457672119140625e-06
2024-08-17,ETH,18,squared down-return,7.947285970052084e-07
2024-08-17,ETH,19,return,-0.00011960665384928385
2024-08-17,ETH,19,squared return,3.655751546223958e-06
2024-08-17,ETH,19,squared down-return,-3.814697265625e-06
2024-08-17,ETH,20,return,1.1761983235677086e-05
2024-08-17,ETH,20,squared return,1.0172526041666668e-05
2024-08-17,ETH,20,squared down-return,1.2000401814778645e-05
2024-10-16,ETH,1,return,0.008959770202636719
2024-10-16,ETH,1,squared return,0.00017913182576497394
2024-10-16,ETH,1,squared down-return,0.00021831194559733075
2024-10-16,ETH,2,return,0.0030230681101481123
2024-10-16,ETH,2,squared return,-0.0005909601847330729
2024-10-16,ETH,2,squared down-return,-4.3074289957682296e-05
2024-10-16,ETH,3,return,0.002602815628051758
2024-10-16,ETH,3,squared return,0.00038846333821614587
2024-10-16,ETH,3,squared down-return,0.00031065940856933594
2024-10-16,ETH,4,return,0.0014389355977376304
2024-10-16,ETH,4,squared return,0.00030883153279622394
2024-10-16,ETH,4,squared down-return,0.00015131632486979166
2024-10-16,ETH,5,return,0.0019050439198811848
2024-10-16,ETH,5,squared return,9.322166442871094e-05
2024-10-16,ETH,5,squared down-return,-2.320607503255208e-05
2024-10-16,ETH,6,return,0.0054772694905598955
2024-10-16,ETH,6,squared return,-1.4623006184895836e-05
2024-10-16,ETH,6,squared down-return,0.00018835067749023438
2024-10-16,ETH,7,return,-0.0026284853617350263
2024-10-16,ETH,7,squared return,8.265177408854167e-05
2024-10-16,ETH,7,squared down-return,6.508827209472656e-05
2024-10-16,ETH,8,return,-0.00026353200276692707
2024-10-16,ETH,8,squared return,-0.00027219454447428387
2024-10-16,ETH,8,squared down-return,-0.00010744730631510416
2024-10-16,ETH,9,return,-0.0017410119374593098
2024-10-16,ETH,9,squared return,4.7604242960611984e-05
2024-10-16,ETH,9,squared down-return,-4.2597452799479164e-05
2024-10-16,ETH,10,return,0.0005795955657958984
2024-10-16,ETH,10,squared return,1.343091328938802e-05
2024-10-16,ETH,10,squared down-return,5.729993184407552e-05
2024-10-16,ETH,11,return,0.0014788309733072917
2024-10-16,ETH,11,squared return,-1.3748804728190105e-05
2024-10-16,ETH,11,squared down-return,1.71661376953125e-05
2024-10-16,ETH,12,return,0.0008209546407063801
2024-10-16,ETH,12,squared return,-2.86102294921875e-05
2024-10-16,ETH,12,squared down-return,2.2172927856445312e-05
2024-10-16,ETH,13,return,0.0021029313405354815
2024-10-16,ETH,13,squared return,-9.878476460774739e-05
2024-10-16,ETH,13,squared down-return,5.086263020833332e-06
2024-10-16,ETH,14,return,-0.0011932055155436199
2024-10-16,ETH,14,squared return,-9.361902872721355e-05
2024-10-16,ETH,14,squared down-return,-0.00015624364217122397
2024-10-16,ETH,15,return,0.0020446777343749996
2024-10-16,ETH,15,squared return,-5.2134195963541664e-05
2024-10-16,ETH,15,squared down-return,-1.5179316202799477e-05
2024-10-16,ETH,16,return,0.00011022885640462232
2024-10-16,ETH,16,squared return,0.00012914339701334635
2024-10-16,ETH,16,squared down-return,2.2808710734049477e-05
2024-10-16,ETH,17,return,0.0015984376271565757
2024-10-16,ETH,17,squared return,-5.269050598144531e-05
2024-10-16,ETH,17,squared down-return,-3.96569569905599e-05
2024-10-16,ETH,18,return,0.0010441144307454429
2024-10-16,ETH,18,squared return,2.7815500895182296e-05
2024-10-16,ETH,18,squared down-return,-9.80695088704427e-05
2024-10-16,ETH,19,return,0.0019129117329915364
2024-10-16,ETH,19,squared return,-0.00021155675252278647
2024-10-16,ETH,19,squared down-return,1.430511474609375e-06
2024-10-16,ETH,20,return,-0.001476287841796875
2024-10-16,ETH,20,squared return,-0.00010959307352701822
2024-10-16,ETH,20,squared down-return,-0.00019375483194986978
2024-12-15,ETH,1,return,0.0070265134175618495
2024-12-15,ETH,1,squared return,0.00017531712849934894
2024-12-15,ETH,1,squared down-return,0.00017301241556803385
2024-12-15,ETH,2,return,-0.0017192363739013672
2024-12-15,ETH,2,squared return,-6.310145060221353e-05
2024-12-15,ETH,2,squared down-return,-4.0531158447265625e-05
2024-12-15,ETH,3,return,0.0015316009521484375
2024-12-15,ETH,3,squared return,0.00021457672119140625
2024-12-15,ETH,3,squared down-return,0.00017801920572916666
2024-12-15,ETH,4,return,0.0034571488698323565
2024-12-15,ETH,4,squared return,0.00014559427897135418
2024-12-15,ETH,4,squared down-return,6.469090779622395e-05
2024-12-15,ETH,5,return,-0.0006183783213297526
2024-12-15,ETH,5,squared return,3.8464864095052086e-05
2024-12-15,ETH,5,squared down-return,-4.609425862630209e-06
2024-12-15,ETH,6,return,0.0018201669057210286
2024-12-15,ETH,6,squared return,3.878275553385417e-05
2024-12-15,ETH,6,squared down-return,6.44524892171224e-05
2024-12-15,ETH,7,return,0.0002455711364746094
2024-12-15,ETH,7,squared return,2.559026082356771e-05
2024-12-15,ETH,7,squared down-return,2.1934509277343747e-05
2024-12-15,ETH,8,return,-8.400281270345053e-05
2024-12-15,ETH,8,squared return,-5.563100179036458e-07
2024-12-15,ETH,8,squared down-return,-3.4173329671223956e-06
2024-12-15,ETH,9,return,3.4888585408528655e-05
2024-12-15,ETH,9,squared return,4.2120615641276044e-06
2024-12-15,ETH,9,squared down-return,2.543131510416667e-06
2024-12-15,ETH,10,return,-0.00015584627787272137
2024-12-15,ETH,10,squared return,-4.609425862630208e-06
2024-12-15,ETH,10,squared down-return,-4.6888987223307294e-06
2024-12-15,ETH,11,return,0.0002526442209879557
2024-12-15,ETH,11,squared return,8.34465026855469e-06
2024-12-15,ETH,11,squared down-return,-1.7484029134114585e-06
2024-12-15,ETH,12,return,-0.00019939740498860678
2024-12-15,ETH,12,squared return,-9.934107462565104e-06
2024-12-15,ETH,12,squared down-return,-1.5894571940104168e-07
2024-12-15,ETH,13,return,0.00021131833394368488
2024-12-15,ETH,13,squared return,4.633267720540364e-05
2024-12-15,ETH,13,squared down-return,7.073084513346354e-06
2024-12-15,ETH,14,return,-0.00026488304138183594
2024-12-15,ETH,14,squared return,-4.76837158203125e-07
2024-12-15,ETH,14,squared down-return,-5.3246815999348956e-06
2024-12-15,ETH,15,return,1.6927719116210938e-05
2024-12-15,ETH,15,squared return,-7.073084513346354e-06
2024-12-15,ETH,15,squared down-return,4.132588704427084e-06
2024-12-15,ETH,16,return,-1.9073486328125e-05
2024-12-15,ETH,16,squared return,8.66254170735677e-06
2024-12-15,ETH,16,squared down-return,4.6888987223307294e-06
2024-12-15,ETH,17,return,0.00022792816162109375
2024-12-15,ETH,17,squared return,5.563100179036459e-06
2024-12-15,ETH,17,squared down-return,3.019968668619792e-06
2024-12-15,ETH,18,return,2.574920654296875e-05
2024-12-15,ETH,18,squared return,-7.947285970052087e-08
2024-12-15,ETH,18,squared down-return,-1.5099843343098958e-06
2024-12-15,ETH,19,return,2.4318695068359375e-05
2024-12-15,ETH,19,squared return,5.563100179036458e-07
2024-12-15,ETH,19,squared down-return,7.947285970052083e-07
2024-12-15,ETH,20,return,1.732508341471354e-05
2024-12-15,ETH,20,squared return,1.9868214925130206e-06
2024-12-15,ETH,20,squared down-return,3.9736429850260413e-07
2025-02-13,ETH,1,return,0.006981929143269857
2025-02-13,ETH,1,squared return,0.00011928876241048178
2025-02-13,ETH,1,squared down-return,0.00019168853759765625
2025-02-13,ETH,2,return,0.0006705919901529949
2025-02-13,ETH,2,squared return,1.1761983235677082e-05
2025-02-13,ETH,2,squared down-return,-6.683667500813803e-05
2025-02-13,ETH,3,return,-9.775161743164062e-05
2025-02-13,ETH,3,squared return,0.00012485186258951822
2025-02-13,ETH,3,squared down-return,0.00010156631469726562
2025-02-13,ETH,4,return,0.0032342274983723955
2025-02-13,ETH,4,squared return,-2.0424524943033852e-05
2025-02-13,ETH,4,squared down-return,3.472963968912761e-05
2025-02-13,ETH,5,return,7.677078247070312e-05
2025-02-13,ETH,5,squared return,5.5631001790364586e-05
2025-02-13,ETH,5,squared down-return,-6.135304768880209e-05
2025-02-13,ETH,6,return,0.002541780471801758
2025-02-13,ETH,6,squared return,-2.2729237874348957e-05
2025-02-13,ETH,6,squared down-return,5.6743621826171875e-05
2025-02-13,ETH,7,return,0.001258214314778646
2025-02-13,ETH,7,squared return,1.1920928955078125e-05
2025-02-13,ETH,7,squared down-return,-7.311503092447916e-06
2025-02-13,ETH,8,return,0.0006655851999918619
2025-02-13,ETH,8,squared return,-3.85443369547526e-05
2025-02-13,ETH,8,squared down-return,-1.2636184692382814e-05
2025-02-13,ETH,9,return,0.00015672047932942707
2025-02-13,ETH,9,squared return,-1.9868214925130207e-05
2025-02-13,ETH,9,squared down-return,-4.6650568644205734e-05
2025-02-13,ETH,10,return,0.0005622704823811848
2025-02-13,ETH,10,squared return,1.52587890625e-05
2025-02-13,ETH,10,squared down-return,1.0887781778971354e-05
2025-02-13,ETH,11,return,-5.801518758138028e-06
2025-02-13,ETH,11,squared return,-1.8278757731119793e-05
2025-02-13,ETH,11,squared down-return,-4.6888987223307294e-06
2025-02-13,ETH,12,return,-7.152557373046873e-06
2025-02-13,ETH,12,squared return,-5.4836273193359375e-06
2025-02-13,ETH,12,squared down-return,-7.311503092447917e-06
2025-02-13,ETH,13,return,-0.00012509028116861978
2025-02-13,ETH,13,squared return,-8.265177408854166e-06
2025-02-13,ETH,13,squared down-return,-5.642573038736979e-06
2025-02-13,ETH,14,return,-5.038579305013021e-05
2025-02-13,ETH,14,squared return,9.5367431640625e-06
2025-02-13,ETH,14,squared down-return,-4.847844441731771e-06
2025-02-13,ETH,15,return,0.000469048817952474
2025-02-13,ETH,15,squared return,-8.503595987955729e-06
2025-02-13,ETH,15,squared down-return,1.0331471761067706e-06
2025-02-13,ETH,16,return,7.54992167154947e-06
2025-02-13,ETH,16,squared return,2.749760945638021e-05
2025-02-13,ETH,16,squared down-return,1.3907750447591146e-05
2025-02-13,ETH,17,return,0.00032711029052734375
2025-02-13,ETH,17,squared return,3.9736429850260445e-07
2025-02-13,ETH,17,squared down-return,1.9073486328125e-06
2025-02-13,ETH,18,return,0.0008649826049804688
2025-02-13,ETH,18,squared return,8.344650268554688e-06
2025-02-13,ETH,18,squared down-return,7.390975952148438e-06
2025-02-13,ETH,19,return,0.00046896934509277344
2025-02-13,ETH,19,squared return,-3.2583872477213544e-06
2025-02-13,ETH,19,squared down-return,-1.8278757731119792e-06
2025-02-13,ETH,20,return,-0.0003366470336914062
2025-02-13,ETH,20,squared return,-1.613299051920573e-05
2025-02-13,ETH,20,squared down-return,-1.5894571940104164e-05
2025-04-14,ETH,1,return,0.0024391810099283853
2025-04-14,ETH,1,squared return,-5.626678466796876e-05
2025-04-14,ETH,1,squared down-return,-3.838539123535156e-05
2025-04-14,ETH,2,return,0.002412001291910807
2025-04-14,ETH,2,squared return,-8.145968119303386e-05
2025-04-14,ETH,2,squared down-return,4.609425862630204e-06
2025-04-14,ETH,3,return,0.003991285959879558
2025-04-14,ETH,3,squared return,0.00036414464314778644
2025-04-14,ETH,3,squared down-return,0.0004269282023111979
2025-04-14,ETH,4,return,0.011956532796223957
2025-04-14,ETH,4,squared return,5.420049031575521e-05
2025-04-14,ETH,4,squared down-return,0.0002086162567138672
2025-04-14,ETH,5,return,-0.0033189455668131513
2025-04-14,ETH,5,squared return,3.417332967122397e-05
2025-04-14,ETH,5,squared down-return,-8.718172709147135e-05
2025-04-14,ETH,6,return,0.011712869008382162
2025-04-14,ETH,6,squared return,0.00045530001322428387
2025-04-14,ETH,6,squared down-return,0.00026949246724446613
2025-04-14,ETH,7,return,0.00420840581258138
2025-04-14,ETH,7,squared return,0.0004429817199707031
2025-04-14,ETH,7,squared down-return,0.0004040400187174479
2025-04-14,ETH,8,return,0.0014107227325439453
2025-04-14,ETH,8,squared return,-9.083747863769531e-05
2025-04-14,ETH,8,squared down-return,-5.920728047688803e-05
2025-04-14,ETH,9,return,-2.7974446614583315e-05
2025-04-14,ETH,9,squared return,7.470448811848959e-05
2025-04-14,ETH,9,squared down-return,3.3617019653320306e-05
2025-04-14,ETH,10,return,-0.00115203857421875
2025-04-14,ETH,10,squared return,-2.702077229817709e-06
2025-04-14,ETH,10,squared down-return,5.722045898437499e-06
2025-04-14,ETH,11,return,-0.0002403259277343749
2025-04-14,ETH,11,squared return,0.0002876917521158854
2025-04-14,ETH,11,squared down-return,-1.5576680501302082e-05
2025-04-14,ETH,12,return,0.0037151972452799478
2025-04-14,ETH,12,squared return,-3.0517578124999997e-05
2025-04-14,ETH,12,squared down-return,-8.670488993326822e-05
2025-04-14,ETH,13,return,0.0016992886861165366
2025-04-14,ETH,13,squared return,-0.00018405914306640622
2025-04-14,ETH,13,squared down-return,-4.7445297241210924e-05
2025-04-14,ETH,14,return,0.0024423599243164062
2025-04-14,ETH,14,squared return,-8.400281270345053e-05
2025-04-14,ETH,14,squared down-return,-8.893013000488281e-05
2025-04-14,ETH,15,return,0.004451831181844075
2025-04-14,ETH,15,squared return,0.00032623608907063806
2025-04-14,ETH,15,squared down-return,0.00023643175760904947
2025-04-14,ETH,16,return,0.0038487116495768228
2025-04-14,ETH,16,squared return,6.20683034261068e-05
2025-04-14,ETH,16,squared down-return,7.422765096028645e-05
2025-04-14,ETH,17,return,-0.0006063779195149741
2025-04-14,ETH,17,squared return,-8.662541707356773e-06
2025-04-14,ETH,17,squared down-return,-2.5590260823567704e-05
2025-04-14,ETH,18,return,0.005555550257364908
2025-04-14,ETH,18,squared return,4.013379414876302e-05
2025-04-14,ETH,18,squared down-return,9.989738464355469e-05
2025-04-14,ETH,19,return,0.001907189687093099
2025-04-14,ETH,19,squared return,1.8437703450520832e-05
2025-04-14,ETH,19,squared down-return,5.2372614542643234e-05
2025-04-14,ETH,20,return,2.7020772298177086e-05
2025-04-14,ETH,20,squared return,1.4464060465494793e-05
2025-04-14,ETH,20,squared down-return,-2.805391947428386e-05
2025-06-13,ETH,1,return,0.0016227563222249348
2025-06-13,ETH,1,squared return,0.000219424565633138
2025-06-13,ETH,1,squared down-return,-7.486343383789062e-05
2025-06-13,ETH,2,return,0.0014023780822753906
2025-06-13,ETH,2,squared return,-0.00018866856892903647
2025-06-13,ETH,2,squared down-return,2.455711364746094e-05
2025-06-13,ETH,3,return,0.0036589304606119795
2025-06-13,ETH,3,squared return,0.0002323786417643229
2025-06-13,ETH,3,squared down-return,5.3326288859049484e-05
2025-06-13,ETH,4,return,0.008235136667887371
2025-06-13,ETH,4,squared return,-1.430511474609375e-06
2025-06-13,ETH,4,squared down-return,-3.0199686686197826e-06
2025-06-13,ETH,5,return,-0.005127429962158204
2025-06-13,ETH,5,squared return,-0.0001243750254313151
2025-06-13,ETH,5,squared down-return,-0.00013756752014160156
2025-06-13,ETH,6,return,0.018006563186645508
2025-06-13,ETH,6,squared return,0.00026337305704752606
2025-06-13,ETH,6,squared down-return,0.0005156199137369792
2025-06-13,ETH,7,return,0.008931159973144531
2025-06-13,ETH,7,squared return,7.971127827962239e-05
2025-06-13,ETH,7,squared down-return,0.0004558563232421875
2025-06-13,ETH,8,return,0.0008028348286946614
2025-06-13,ETH,8,squared return,-0.00011054674784342447
2025-06-13,ETH,8,squared down-return,-0.00013701121012369793
2025-06-13,ETH,9,return,-0.0027306874593098955
2025-06-13,ETH,9,squared return,-1.1126200358072918e-05
2025-06-13,ETH,9,squared down-return,-0.00016808509826660156
2025-06-13,ETH,10,return,0.002461989720662435
2025-06-13,ETH,10,squared return,7.557868957519531e-05
2025-06-13,ETH,10,squared down-return,2.0583470662434898e-05
2025-06-13,ETH,11,return,0.0001228650410970052
2025-06-13,ETH,11,squared return,3.0438105265299477e-05
2025-06-13,ETH,11,squared down-return,-1.4623006184895832e-05
2025-06-13,ETH,12,return,-0.002426783243815104
2025-06-13,ETH,12,squared return,-6.810824076334635e-05
2025-06-13,ETH,12,squared down-return,-0.0001537005106608073
2025-06-13,ETH,13,return,0.006328503290812175
2025-06-13,ETH,13,squared return,-0.00031940142313639325
2025-06-13,ETH,13,squared down-return,1.3748804728190105e-05
2025-06-13,ETH,14,return,-0.0054738521575927734
2025-06-13,ETH,14,squared return,-5.7220458984375e-05
2025-06-13,ETH,14,squared down-return,-0.0001502831776936849
2025-06-13,ETH,15,return,0.0056256453196207685
2025-06-13,ETH,15,squared return,0.00016037623087565103
2025-06-13,ETH,15,squared down-return,0.00010124842325846353
2025-06-13,ETH,16,return,0.008968591690063477
2025-06-13,ETH,16,squared return,-0.00019447008768717447
2025-06-13,ETH,16,squared down-return,-0.00017277399698893228
2025-06-13,ETH,17,return,0.004357496897379557
2025-06-13,ETH,17,squared return,-0.00013947486877441406
2025-06-13,ETH,17,squared down-return,6.651878356933592e-05
2025-06-13,ETH,18,return,0.006223281224568685
2025-06-13,ETH,18,squared return,-3.107388814290364e-05
2025-06-13,ETH,18,squared down-return,0.0002505779266357422
2025-06-13,ETH,19,return,0.002599954605102539
2025-06-13,ETH,19,squared return,0.00010943412780761719
2025-06-13,ETH,19,squared down-return,5.555152893066406e-05
2025-06-13,ETH,20,return,-0.002306858698527018
2025-06-13,ETH,20,squared return,-4.291534423828125e-06
2025-06-13,ETH,20,squared down-return,-0.000120242436726888
2025-08-12,ETH,1,return,-0.0004985332489013672
2025-08-12,ETH,1,squared return,0.00011452039082845053
2025-08-12,ETH,1,squared down-return,-2.177556355794271e-05
2025-08-12,ETH,2,return,0.0016218821207682292
2025-08-12,ETH,2,squared return,4.0531158447265625e-05
2025-08-12,ETH,2,squared down-return,3.298123677571615e-05
2025-08-12,ETH,3,return,-0.00044504801432291663
2025-08-12,ETH,3,squared return,4.132588704427083e-05
2025-08-12,ETH,3,squared down-return,0.00010116895039876302
2025-08-12,ETH,4,return,0.004348913828531901
2025-08-12,ETH,4,squared return,-7.788340250651041e-06
2025-08-12,ETH,4,squared down-return,1.2636184692382812e-05
2025-08-12,ETH,5,return,-0.0010647773742675781
2025-08-12,ETH,5,squared return,1.7484029134114586e-05
2025-08-12,ETH,5,squared down-return,-5.340576171875e-05
2025-08-12,ETH,6,return,0.0027166207631429034
2025-08-12,ETH,6,squared return,2.384185791015625e-07
2025-08-12,ETH,6,squared down-return,7.454554239908853e-05
2025-08-12,ETH,7,return,0.001851797103881836
2025-08-12,ETH,7,squared return,-2.9404958089192706e-06
2025-08-12,ETH,7,squared down-return,5.753835042317708e-05
2025-08-12,ETH,8,return,0.0003905296325683594
2025-08-12,ETH,8,squared return,-4.609425862630209e-06
2025-08-12,ETH,8,squared down-return,-3.0438105265299477e-05
2025-08-12,ETH,9,return,0.0010174115498860676
2025-08-12,ETH,9,squared return,-1.1126200358072917e-06
2025-08-12,ETH,9,squared down-return,-1.9073486328125e-05
2025-08-12,ETH,10,return,0.0006680488586425781
2025-08-12,ETH,10,squared return,-1.2715657552083335e-06
2025-08-12,ETH,10,squared down-return,6.039937337239584e-06
2025-08-12,ETH,11,return,0.00040785471598307293
2025-08-12,ETH,11,squared return,-3.9736429850260413e-07
2025-08-12,ETH,11,squared down-return,5.1657358805338544e-06
2025-08-12,ETH,12,return,0.00029317537943522137
2025-08-12,ETH,12,squared return,9.5367431640625e-07
2025-08-12,ETH,12,squared down-return,4.0531158447265625e-06
2025-08-12,ETH,13,return,-3.6398569742838546e-05
2025-08-12,ETH,13,squared return,-1.5894571940104166e-07
2025-08-12,ETH,13,squared down-return,1.033147176106771e-06
2025-08-12,ETH,14,return,2.3523966471354164e-05
2025-08-12,ETH,14,squared return,1.5894571940104168e-07
2025-08-12,ETH,14,squared down-return,6.357828776041667e-07
2025-08-12,ETH,15,return,-3.9418538411458336e-05
2025-08-12,ETH,15,squared return,7.947285970052085e-07
2025-08-12,ETH,15,squared down-return,-1.589457194010417e-06
2025-08-12,ETH,16,return,-2.0424524943033855e-05
2025-08-12,ETH,16,squared return,-1.509984334309896e-06
2025-08-12,ETH,16,squared down-return,7.947285970052085e-07
2025-08-12,ETH,17,return,2.6305516560872398e-05
2025-08-12,ETH,17,squared return,3.1789143880208337e-07
2025-08-12,ETH,17,squared down-return,1.0331471761067708e-06
2025-08-12,ETH,18,return,-1.351038614908854e-06
2025-08-12,ETH,18,squared return,2.384185791015625e-07
2025-08-12,ETH,18,squared down-return,7.947285970052083e-07
2025-08-12,ETH,19,return,5.404154459635417e-06
2025-08-12,ETH,19,squared return,5.563100179036458e-07
2025-08-12,ETH,19,squared down-return,1.033147176106771e-06
2025-08-12,ETH,20,return,-9.139378865559896e-06
2025-08-12,ETH,20,squared return,4.76837158203125e-07
2025-08-12,ETH,20,squared down-return,1.5894571940104168e-07
2025-10-11,ETH,1,return,0.00013303756713867188
2025-10-11,ETH,1,squared return,0.00016379356384277344
2025-10-11,ETH,1,squared down-return,-3.0994415283203125e-05
2025-10-11,ETH,2,return,0.0008786519368489584
2025-10-11,ETH,2,squared return,0.00016172726949055988
2025-10-11,ETH,2,squared down-return,-6.747245788574219e-05
2025-10-11,ETH,3,return,0.007737874984741211
2025-10-11,ETH,3,squared return,0.0005182425181070963
2025-10-11,ETH,3,squared down-return,0.00030628840128580726
2025-10-11,ETH,4,return,0.005951642990112305
2025-10-11,ETH,4,squared return,3.568331400553385e-05
2025-10-11,ETH,4,squared down-return,0.0001450379689534505
2025-10-11,ETH,5,return,-0.004599094390869141
2025-10-11,ETH,5,squared return,-3.1153361002604164e-05
2025-10-11,ETH,5,squared down-return,-0.00027998288472493493
2025-10-11,ETH,6,return,0.012329657872517902
2025-10-11,ETH,6,squared return,0.0001972516377766927
2025-10-11,ETH,6,squared down-return,0.0005093415578206381
2025-10-11,ETH,7,return,0.0015042622884114583
2025-10-11,ETH,7,squared return,0.00028522809346516925
2025-10-11,ETH,7,squared down-return,0.0001647472381591797
2025-10-11,ETH,8,return,-3.7670135498046834e-05
2025-10-11,ETH,8,squared return,5.3246815999348956e-06
2025-10-11,ETH,8,squared down-return,-4.704793294270833e-05
2025-10-11,ETH,9,return,-0.0004111925760904948
2025-10-11,ETH,9,squared return,-4.887580871582032e-05
2025-10-11,ETH,9,squared down-return,-4.140535990397135e-05
2025-10-11,ETH,10,return,-0.0007608731587727865
2025-10-11,ETH,10,squared return,8.7738037109375e-05
2025-10-11,ETH,10,squared down-return,-1.8914540608723957e-05
2025-10-11,ETH,11,return,-0.0013662179311116536
2025-10-11,ETH,11,squared return,0.00012524922688802084
2025-10-11,ETH,11,squared down-return,-2.7179718017578125e-05
2025-10-11,ETH,12,return,-0.0014641284942626953
2025-10-11,ETH,12,squared return,-1.6689300537109375e-06
2025-10-11,ETH,12,squared down-return,-0.00018350283304850262
2025-10-11,ETH,13,return,0.0072392622629801435
2025-10-11,ETH,13,squared return,-0.00011960665384928387
2025-10-11,ETH,13,squared down-return,-5.316734313964844e-05
2025-10-11,ETH,14,return,0.0021161238352457685
2025-10-11,ETH,14,squared return,0.0003275076548258463
2025-10-11,ETH,14,squared down-return,-0.00013939539591471353
2025-10-11,ETH,15,return,0.0021367867787679034
2025-10-11,ETH,15,squared return,-0.00013454755147298175
2025-10-11,ETH,15,squared down-return,0.00014321009318033853
2025-10-11,ETH,16,return,0.007441123326619466
2025-10-11,ETH,16,squared return,-0.0005106131235758463
2025-10-11,ETH,16,squared down-return,-0.0005025068918863933
2025-10-11,ETH,17,return,0.0032385985056559243
2025-10-11,ETH,17,squared return,5.308787027994792e-05
2025-10-11,ETH,17,squared down-return,5.841255187988281e-05
2025-10-11,ETH,18,return,0.007274627685546875
2025-10-11,ETH,18,squared return,-7.263819376627603e-05
2025-10-11,ETH,18,squared down-return,-1.827875773111979e-05
2025-10-11,ETH,19,return,0.0015153090159098308
2025-10-11,ETH,19,squared return,3.655751546223958e-06
2025-10-11,ETH,19,squared down-return,8.503595987955728e-05
2025-10-11,ETH,20,return,-0.00023730595906575522
2025-10-11,ETH,20,squared return,3.4968058268229165e-06
2025-10-11,ETH,20,squared down-return,-1.152356465657552e-05
2025-12-10,ETH,1,return,-5.435943603515625e-05
2025-12-10,ETH,1,squared return,0.00010744730631510416
2025-12-10,ETH,1,squared down-return,-6.67572021484375e-06
2025-12-10,ETH,2,return,0.0003938674926757813
2025-12-10,ETH,2,squared return,7.295608520507812e-05
2025-12-10,ETH,2,squared down-return,2.4159749348958336e-05
2025-12-10,ETH,3,return,0.00013279914855957029
2025-12-10,ETH,3,squared return,1.541773478190104e-05
2025-12-10,ETH,3,squared down-return,4.72863515218099e-05
2025-12-10,ETH,4,return,0.0017055670420328775
2025-12-10,ETH,4,squared return,-1.33514404296875e-05
2025-12-10,ETH,4,squared down-return,7.510185241699219e-05
2025-12-10,ETH,5,return,-0.0009973843892415364
2025-12-10,ETH,5,squared return,-6.1194101969401044e-06
2025-12-10,ETH,5,squared down-return,1.438458760579427e-05
2025-12-10,ETH,6,return,0.0016452471415201826
2025-12-10,ETH,6,squared return,4.5299530029296875e-06
2025-12-10,ETH,6,squared down-return,7.828076680501302e-05
2025-12-10,ETH,7,return,0.000557104746500651
2025-12-10,ETH,7,squared return,-2.384185791015625e-06
2025-12-10,ETH,7,squared down-return,3.2504399617513016e-05
2025-12-10,ETH,8,return,-0.00025534629821777344
2025-12-10,ETH,8,squared return,9.934107462565105e-06
2025-12-10,ETH,8,squared down-return,-7.311503092447918e-06
2025-12-10,ETH,9,return,-1.3033548990885418e-05
2025-12-10,ETH,9,squared return,1.7960866292317707e-05
2025-12-10,ETH,9,squared down-return,5.880991617838541e-06
2025-12-10,ETH,10,return,-8.646647135416666e-05
2025-12-10,ETH,10,squared return,5.2372614542643234e-05
2025-12-10,ETH,10,squared down-return,7.70886739095052e-06
2025-12-10,ETH,11,return,-0.00044639905293782556
2025-12-10,ETH,11,squared return,2.9881795247395836e-05
2025-12-10,ETH,11,squared down-return,8.900960286458332e-06
2025-12-10,ETH,12,return,-0.00014289220174153647
2025-12-10,ETH,12,squared return,1.1920928955078125e-05
2025-12-10,ETH,12,squared down-return,-3.97364298502604e-07
2025-12-10,ETH,13,return,0.000515143076578776
2025-12-10,ETH,13,squared return,-6.596247355143229e-06
2025-12-10,ETH,13,squared down-return,3.910064697265626e-05
2025-12-10,ETH,14,return,0.0003308455149332682
2025-12-10,ETH,14,squared return,7.152557373046875e-07
2025-12-10,ETH,14,squared down-return,1.71661376953125e-05
2025-12-10,ETH,15,return,0.00036366780598958337
2025-12-10,ETH,15,squared return,4.2120615641276044e-06
2025-12-10,ETH,15,squared down-return,2.4318695068359375e-05
2025-12-10,ETH,16,return,8.400281270345053e-05
2025-12-10,ETH,16,squared return,1.9709269205729168e-05
2025-12-10,ETH,16,squared down-return,-3.973642985026041e-06
2025-12-10,ETH,17,return,5.6584676106770836e-05
2025-12-10,ETH,17,squared return,-8.58306884765625e-06
2025-12-10,ETH,17,squared down-return,1.3510386149088542e-06
2025-12-10,ETH,18,return,-0.0002281665802001953
2025-12-10,ETH,18,squared return,-1.0490417480468748e-05
2025-12-10,ETH,18,squared down-return,-2.4636586507161464e-06
2025-12-10,ETH,19,return,-0.0001708666483561198
2025-12-10,ETH,19,squared return,-1.2079874674479168e-05
2025-12-10,ETH,19,squared down-return,-3.0835469563802086e-05
2025-12-10,ETH,20,return,0.0008857250213623047
2025-12-10,ETH,20,squared return,-1.4464060465494791e-05
2025-12-10,ETH,20,squared down-return,2.066294352213541e-06
2026-02-08,ETH,1,return,-0.0001269976298014323
2026-02-08,ETH,1,squared return,0.0002989768981933594
2026-02-08,ETH,1,squared down-return,5.650520324707031e-05
2026-02-08,ETH,2,return,0.007732947667439779
2026-02-08,ETH,2,squared return,0.0002327760060628255
2026-02-08,ETH,2,squared down-return,6.413459777832031e-05
2026-02-08,ETH,3,return,0.003520409266153971
2026-02-08,ETH,3,squared return,4.3710072835286454e-05
2026-02-08,ETH,3,squared down-return,-2.8769175211588536e-05
2026-02-08,ETH,4,return,0.011335452397664387
2026-02-08,ETH,4,squared return,0.0003104209899902344
2026-02-08,ETH,4,squared down-return,0.00025780995686848957
2026-02-08,ETH,5,return,0.0014003912607828775
2026-02-08,ETH,5,squared return,2.956390380859375e-05
2026-02-08,ETH,5,squared down-return,0.00016045570373535156
2026-02-08,ETH,6,return,0.005461454391479492
2026-02-08,ETH,6,squared return,0.00018930435180664062
2026-02-08,ETH,6,squared down-return,0.00047294298807779944
2026-02-08,ETH,7,return,0.006191809972127279
2026-02-08,ETH,7,squared return,0.0001255671183268229
2026-02-08,ETH,7,squared down-return,0.0002867380777994792
2026-02-08,ETH,8,return,0.00012095769246419274
2026-02-08,ETH,8,squared return,-2.471605936686198e-05
2026-02-08,ETH,8,squared down-return,-0.0001644293467203776
2026-02-08,ETH,9,return,-0.0004439353942871094
2026-02-08,ETH,9,squared return,2.527236938476563e-05
2026-02-08,ETH,9,squared down-return,6.5962473551432294e-06
2026-02-08,ETH,10,return,0.0002056757609049479
2026-02-08,ETH,10,squared return,0.0002758502960205078
2026-02-08,ETH,10,squared down-return,4.339218139648437e-05
2026-02-08,ETH,11,return,-0.001403490702311198
2026-02-08,ETH,11,squared return,-4.1643778483072914e-05
2026-02-08,ETH,11,squared down-return,6.469090779622395e-05
2026-02-08,ETH,12,return,-0.001543442408243815
2026-02-08,ETH,12,squared return,-3.2583872477213553e-06
2026-02-08,ETH,12,squared down-return,-0.0001121362050374349
2026-02-08,ETH,13,return,0.00482948621114095
2026-02-08,ETH,13,squared return,-0.00016268094380696613
2026-02-08,ETH,13,squared down-return,-3.0835469563802086e-05
2026-02-08,ETH,14,return,0.00442957878112793
2026-02-08,ETH,14,squared return,0.0002323786417643229
2026-02-08,ETH,14,squared down-return,-3.6080678304036454e-05
2026-02-08,ETH,15,return,0.0010817050933837888
2026-02-08,ETH,15,squared return,0.00020114580790201822
2026-02-08,ETH,15,squared down-return,0.00017714500427246094
2026-02-08,ETH,16,return,0.001388231913248698
2026-02-08,ETH,16,squared return,-0.0002129077911376953
2026-02-08,ETH,16,squared down-return,-0.00048319498697916663
2026-02-08,ETH,17,return,-0.00027179718017578125
2026-02-08,ETH,17,squared return,-4.76837158203125e-07
2026-02-08,ETH,17,squared down-return,0.00016911824544270832
2026-02-08,ETH,18,return,0.0012396971384684246
2026-02-08,ETH,18,squared return,-6.016095479329427e-05
2026-02-08,ETH,18,squared down-return,-1.0331471761067709e-05
2026-02-08,ETH,19,return,0.0005667209625244141
2026-02-08,ETH,19,squared return,1.5894571940104153e-07
2026-02-08,ETH,19,squared down-return,3.910064697265625e-05
2026-02-08,ETH,20,return,0.00016872088114420572
2026-02-08,ETH,20,squared return,-3.5603841145833336e-05
2026-02-08,ETH,20,squared down-return,-1.4146169026692709e-05
2026-04-09,ETH,1,return,0.0019369920094807944
2026-04-09,ETH,1,squared return,0.00023269653320312503
2026-04-09,ETH,1,squared down-return,4.704793294270833e-05
2026-04-09,ETH,2,return,0.004166920979817709
2026-04-09,ETH,2,squared return,0.000440518061319987
2026-04-09,ETH,2,squared down-return,7.28766123453776e-05
2026-04-09,ETH,3,return,0.0026992162068684893
2026-04-09,ETH,3,squared return,0.00022633870442708332
2026-04-09,ETH,3,squared down-return,0.00012143452962239584
2026-04-09,ETH,4,return,0.005143404006958008
2026-04-09,ETH,4,squared return,-0.0001751581827799479
2026-04-09,ETH,4,squared down-return,3.774960835774739e-05
2026-04-09,ETH,5,return,0.0040620168050130205
2026-04-09,ETH,5,squared return,0.00035881996154785156
2026-04-09,ETH,5,squared down-return,3.0597050984700516e-05
2026-04-09,ETH,6,return,0.0068399906158447266
2026-04-09,ETH,6,squared return,8.980433146158855e-05
2026-04-09,ETH,6,squared down-return,0.00020186106363932293
2026-04-09,ETH,7,return,0.003745953241984049
2026-04-09,ETH,7,squared return,0.00012683868408203125
2026-04-09,ETH,7,squared down-return,0.00026154518127441406
2026-04-09,ETH,8,return,0.0018421014149983725
2026-04-09,ETH,8,squared return,-9.600321451822917e-05
2026-04-09,ETH,8,squared down-return,-9.00427500406901e-05
2026-04-09,ETH,9,return,0.0007995764414469402
2026-04-09,ETH,9,squared return,-0.0001819133758544922
2026-04-09,ETH,9,squared down-return,1.056989034016927e-05
2026-04-09,ETH,10,return,0.001285870869954427
2026-04-09,ETH,10,squared return,-2.5272369384765625e-05
2026-04-09,ETH,10,squared down-return,1.6689300537109375e-05
2026-04-09,ETH,11,return,-0.00444785753885905
2026-04-09,ETH,11,squared return,0.0001250902811686198
2026-04-09,ETH,11,squared down-return,-0.00013383229573567707
2026-04-09,ETH,12,return,0.0014105637868245442
2026-04-09,ETH,12,squared return,3.123283386230469e-05
2026-04-09,ETH,12,squared down-return,-9.369850158691406e-05
2026-04-09,ETH,13,return,0.00593868891398112
2026-04-09,ETH,13,squared return,9.22679901123047e-05
2026-04-09,ETH,13,squared down-return,3.226598103841146e-05
2026-04-09,ETH,14,return,0.008922656377156574
2026-04-09,ETH,14,squared return,0.00015338261922200522
2026-04-09,ETH,14,squared down-return,-5.2611033121744796e-05
2026-04-09,ETH,15,return,0.0025524298350016275
2026-04-09,ETH,15,squared return,8.106231689453125e-05
2026-04-09,ETH,15,squared down-return,-0.00012103716532389323
2026-04-09,ETH,16,return,0.0075973669687906895
2026-04-09,ETH,16,squared return,-0.00018787384033203128
2026-04-09,ETH,16,squared down-return,0.00013844172159830728
2026-04-09,ETH,17,return,0.0010625521341959636
2026-04-09,ETH,17,squared return,0.00019137064615885418
2026-04-09,ETH,17,squared down-return,-0.0002966721852620443
2026-04-09,ETH,18,return,0.00022101402282714844
2026-04-09,ETH,18,squared return,-4.8796335856119796e-05
2026-04-09,ETH,18,squared down-return,-9.489059448242188e-05
2026-04-09,ETH,19,return,0.0014667510986328125
2026-04-09,ETH,19,squared return,-1.8994013468424484e-05
2026-04-09,ETH,19,squared down-return,6.667772928873698e-05
2026-04-09,ETH,20,return,0.0022352536519368487
2026-04-09,ETH,20,squared return,-3.973642985026019e-07
2026-04-09,ETH,20,squared down-return,1.4940897623697916e-05
2026-06-08,ETH,1,return,0.0028745333353678384
2026-06-08,ETH,1,squared return,0.00045220057169596356
2026-06-08,ETH,1,squared down-return,-3.0040740966796868e-05
2026-06-08,ETH,2,return,0.0009542306264241535
2026-06-08,ETH,2,squared return,0.0009602705637613933
2026-06-08,ETH,2,squared down-return,5.165735880533859e-06
2026-06-08,ETH,3,return,0.008452177047729492
2026-06-08,ETH,3,squared return,0.00026726722717285156
2026-06-08,ETH,3,squared down-return,0.000267187754313151
2026-06-08,ETH,4,return,0.01330717404683431
2026-06-08,ETH,4,squared return,-5.3405761718749986e-05
2026-06-08,ETH,4,squared down-return,0.0002303918202718099
2026-06-08,ETH,5,return,-0.00016490618387858075
2026-06-08,ETH,5,squared return,0.00041786829630533856
2026-06-08,ETH,5,squared down-return,0.00016705195109049478
2026-06-08,ETH,6,return,0.017767667770385742
2026-06-08,ETH,6,squared return,6.381670633951823e-05
2026-06-08,ETH,6,squared down-return,0.0004998048146565756
2026-06-08,ETH,7,return,0.008580843607584635
2026-06-08,ETH,7,squared return,0.00024183591206868488
2026-06-08,ETH,7,squared down-return,0.00020750363667805988
2026-06-08,ETH,8,return,-0.0025556087493896484
2026-06-08,ETH,8,squared return,8.73406728108724e-05
2026-06-08,ETH,8,squared down-return,-7.62939453125e-05
2026-06-08,ETH,9,return,-0.001053174336751302
2026-06-08,ETH,9,squared return,-0.00020241737365722656
2026-06-08,ETH,9,squared down-return,-3.170967102050781e-05
2026-06-08,ETH,10,return,0.001626888910929362
2026-06-08,ETH,10,squared return,0.0002526442209879557
2026-06-08,ETH,10,squared down-return,9.051958719889322e-05
2026-06-08,ETH,11,return,-0.0007787545522054036
2026-06-08,ETH,11,squared return,-0.00023778279622395837
2026-06-08,ETH,11,squared down-return,-0.00016482671101888022
2026-06-08,ETH,12,return,-0.0005865891774495442
2026-06-08,ETH,12,squared return,0.00014432271321614584
2026-06-08,ETH,12,squared down-return,-1.955032348632813e-05
2026-06-08,ETH,13,return,0.0016016165415445964
2026-06-08,ETH,13,squared return,-0.00018040339152018228
2026-06-08,ETH,13,squared down-return,0.00010673205057779947
2026-06-08,ETH,14,return,0.0025635560353597007
2026-06-08,ETH,14,squared return,0.00015211105346679688
2026-06-08,ETH,14,squared down-return,0.00029794375101725257
2026-06-08,ETH,15,return,0.00475303332010905
2026-06-08,ETH,15,squared return,0.0005877017974853516
2026-06-08,ETH,15,squared down-return,0.0004149278004964193
2026-06-08,ETH,16,return,0.002846797307332357
2026-06-08,ETH,16,squared return,-0.000574032465616862
2026-06-08,ETH,16,squared down-return,-0.000349124272664388
2026-06-08,ETH,17,return,0.002508799235026042
2026-06-08,ETH,17,squared return,0.00011308987935384114
2026-06-08,ETH,17,squared down-return,5.944569905598959e-05
2026-06-08,ETH,18,return,0.0005950133005777996
2026-06-08,ETH,18,squared return,2.0583470662434898e-05
2026-06-08,ETH,18,squared down-return,-9.179115295410156e-05
2026-06-08,ETH,19,return,0.001976569493611654
2026-06-08,ETH,19,squared return,3.647804260253906e-05
2026-06-08,ETH,19,squared down-return,7.534027099609375e-05
2026-06-08,ETH,20,return,0.005505164464314778
2026-06-08,ETH,20,squared return,-0.00022212664286295572
2026-06-08,ETH,20,squared down-return,7.716814676920573e-05
2026-08-07,ETH,1,return,0.0036287307739257812
2026-08-07,ETH,1,squared return,0.00021529197692871094
2026-08-07,ETH,1,squared down-return,0.00018016497294108075
2026-08-07,ETH,2,return,-0.000732262929280599
2026-08-07,ETH,2,squared return,0.00022037823994954425
2026-08-07,ETH,2,squared down-return,0.00012548764546712238
2026-08-07,ETH,3,return,0.0005914370218912761
2026-08-07,ETH,3,squared return,9.11553700764974e-05
2026-08-07,ETH,3,squared down-return,0.00010116895039876302
2026-08-07,ETH,4,return,0.0013803641001383464
2026-08-07,ETH,4,squared return,-1.5576680501302086e-05
2026-08-07,ETH,4,squared down-return,2.1060307820638023e-05
2026-08-07,ETH,5,return,0.0014438629150390625
2026-08-07,ETH,5,squared return,0.00011897087097167969
2026-08-07,ETH,5,squared down-return,8.749961853027344e-05
2026-08-07,ETH,6,return,0.0009550253550211588
2026-08-07,ETH,6,squared return,-3.337860107421874e-06
2026-08-07,ETH,6,squared down-return,6.826718648274739e-05
2026-08-07,ETH,7,return,-0.0005033016204833984
2026-08-07,ETH,7,squared return,-3.1312306722005204e-05
2026-08-07,ETH,7,squared down-return,-1.52587890625e-05
2026-08-07,ETH,8,return,4.792213439941406e-05
2026-08-07,ETH,8,squared return,-5.698204040527344e-05
2026-08-07,ETH,8,squared down-return,1.271565755208334e-06
2026-08-07,ETH,9,return,-0.001100619633992513
2026-08-07,ETH,9,squared return,-1.5099843343098956e-06
2026-08-07,ETH,9,squared down-return,-1.5656153361002602e-05
2026-08-07,ETH,10,return,-9.489059448242188e-05
2026-08-07,ETH,10,squared return,7.54992167154948e-06
2026-08-07,ETH,10,squared down-return,1.5338261922200523e-05
2026-08-07,ETH,11,return,0.0007325013478597006
2026-08-07,ETH,11,squared return,-3.09149424235026e-05
2026-08-07,ETH,11,squared down-return,6.357828776041666e-06
2026-08-07,ETH,12,return,0.00045164426167805993
2026-08-07,ETH,12,squared return,-1.422564188639323e-05
2026-08-07,ETH,12,squared down-return,-1.430511474609375e-06
2026-08-07,ETH,13,return,-0.0007255077362060547
2026-08-07,ETH,13,squared return,-2.0583470662434895e-05
2026-08-07,ETH,13,squared down-return,-2.9484430948893227e-05
2026-08-07,ETH,14,return,-0.0006204446156819662
2026-08-07,ETH,14,squared return,-5.563100179036464e-07
2026-08-07,ETH,14,squared down-return,-7.62939453125e-06
2026-08-07,ETH,15,return,-0.00019860267639160156
2026-08-07,ETH,15,squared return,-1.708666483561198e-05
2026-08-07,ETH,15,squared down-return,-8.185704549153646e-06
2026-08-07,ETH,16,return,-0.0003497600555419922
2026-08-07,ETH,16,squared return,5.5392583211263016e-05
2026-08-07,ETH,16,squared down-return,1.0331471761067707e-05
2026-08-07,ETH,17,return,-9.695688883463533e-06
2026-08-07,ETH,17,squared return,-7.073084513346354e-06
2026-08-07,ETH,17,squared down-return,-1.4305114746093746e-06
2026-08-07,ETH,18,return,-3.933906555175781e-05
2026-08-07,ETH,18,squared return,4.609425862630207e-06
2026-08-07,ETH,18,squared down-return,5.563100179036459e-06
2026-08-07,ETH,19,return,-5.634625752766927e-05
2026-08-07,ETH,19,squared return,-2.9404958089192706e-06
2026-08-07,ETH,19,squared down-return,-7.232030232747396e-06
2026-08-07,ETH,20,return,0.00015393892923990887
2026-08-07,ETH,20,squared return,-2.384185791015625e-05
2026-08-07,ETH,20,squared down-return,1.0728836059570312e-05
2026-09-10,ETH,1,return,0.002650737762451172
2026-09-10,ETH,1,squared return,2.3762385050455734e-05
2026-09-10,ETH,1,squared down-return,0.00011984507242838543
2026-09-10,ETH,2,return,-0.000192721684773763
2026-09-10,ETH,2,squared return,9.115537007649739e-05
2026-09-10,ETH,2,squared down-return,9.012222290039062e-05
2026-09-10,ETH,3,return,0.0013108253479003906
2026-09-10,ETH,3,squared return,8.241335550944011e-05
2026-09-10,ETH,3,squared down-return,6.230672200520833e-05
2026-09-10,ETH,4,return,0.001007397969563802
2026-09-10,ETH,4,squared return,-3.719329833984375e-05
2026-09-10,ETH,4,squared down-return,2.185503641764323e-05
2026-09-10,ETH,5,return,0.0009903113047281902
2026-09-10,ETH,5,squared return,5.356470743815104e-05
2026-09-10,ETH,5,squared down-return,8.153915405273438e-05
2026-09-10,ETH,6,return,0.0005311965942382814
2026-09-10,ETH,6,squared return,-1.7484029134114586e-05
2026-09-10,ETH,6,squared down-return,2.7179718017578125e-05
2026-09-10,ETH,7,return,0.0008556842803955078
2026-09-10,ETH,7,squared return,1.0967254638671875e-05
2026-09-10,ETH,7,squared down-return,3.512700398763021e-05
2026-09-10,ETH,8,return,0.0005857944488525391
2026-09-10,ETH,8,squared return,-4.696846008300781e-05
2026-09-10,ETH,8,squared down-return,1.4066696166992188e-05
2026-09-10,ETH,9,return,-0.001428524653116862
2026-09-10,ETH,9,squared return,-3.0835469563802086e-05
2026-09-10,ETH,9,squared down-return,-2.0503997802734375e-05
2026-09-10,ETH,10,return,-0.0009105205535888672
2026-09-10,ETH,10,squared return,5.4836273193359375e-05
2026-09-10,ETH,10,squared down-return,1.502037048339844e-05
2026-09-10,ETH,11,return,-0.00025780995686848957
2026-09-10,ETH,11,squared return,5.8015187581380206e-06
2026-09-10,ETH,11,squared down-return,-1.2954076131184896e-05
2026-09-10,ETH,12,return,0.0009405612945556641
2026-09-10,ETH,12,squared return,-1.9709269205729164e-05
2026-09-10,ETH,12,squared down-return,2.4080276489257812e-05
2026-09-10,ETH,13,return,-0.0004161198933919271
2026-09-10,ETH,13,squared return,1.6689300537109375e-05
2026-09-10,ETH,13,squared down-return,-1.1603037516276041e-05
2026-09-10,ETH,14,return,-0.0013521512349446614
2026-09-10,ETH,14,squared return,4.442532857259114e-05
2026-09-10,ETH,14,squared down-return,-4.609425862630208e-06
2026-09-10,ETH,15,return,-0.0008922417958577474
2026-09-10,ETH,15,squared return,7.160504659016927e-05
2026-09-10,ETH,15,squared down-return,-8.670488993326823e-05
2026-09-10,ETH,16,return,9.52879587809245e-05
2026-09-10,ETH,16,squared return,-5.952517191569011e-05
2026-09-10,ETH,16,squared down-return,8.66254170735677e-06
2026-09-10,ETH,17,return,0.0011142889658610027
2026-09-10,ETH,17,squared return,-1.5815099080403648e-05
2026-09-10,ETH,17,squared down-return,4.371007283528648e-06
2026-09-10,ETH,18,return,0.0011402765909830728
2026-09-10,ETH,18,squared return,1.2795130411783855e-05
2026-09-10,ETH,18,squared down-return,1.541773478190104e-05
2026-09-10,ETH,19,return,0.00027004877726236976
2026-09-10,ETH,19,squared return,-1.7404556274414062e-05
2026-09-10,ETH,19,squared down-return,-1.1364618937174479e-05
2026-09-10,ETH,20,return,0.0034407774607340493
2026-09-10,ETH,20,squared return,-5.49157460530599e-05
2026-09-10,ETH,20,squared down-return,2.2331873575846352e-05
