asset,date,log_return
BTC,2018-01-01,
BTC,2018-01-02,0.0914680698577861
BTC,2018-01-03,0.017199639359599672
BTC,2018-01-04,0.003990262478172468
BTC,2018-01-05,0.1203242645691116
BTC,2018-01-06,0.006238103773279491
BTC,2018-01-07,-0.052322528611586705
BTC,2018-01-08,-0.08309666698123763
BTC,2018-01-09,-0.038129113721716124
BTC,2018-01-10,0.020002409078006878
BTC,2018-01-11,-0.10652952823563666
BTC,2018-01-12,0.044690435143682095
BTC,2018-01-13,0.03153515111930716
BTC,2018-01-14,-0.03942570492165487
BTC,2018-01-15,-0.006553761255799984
BTC,2018-01-16,-0.17312656099448276
BTC,2018-01-17,-0.024031587686721423
BTC,2018-01-18,0.007715158889503471
BTC,2018-01-19,0.017122282308198677
BTC,2018-01-20,0.10983540266778213
BTC,2018-01-21,-0.11139789052644389
BTC,2018-01-22,-0.0618474658902084
BTC,2018-01-23,0.010380659166697725
BTC,2018-01-24,0.03411423740994657
BTC,2018-01-25,-0.008537329171197428
BTC,2018-01-26,-0.008563641054655236
BTC,2018-01-27,0.025534476905258785
BTC,2018-01-28,0.025723129091185015
BTC,2018-01-29,-0.042506266549766636
BTC,2018-01-30,-0.11134207700069254
BTC,2018-01-31,0.009050606462853494
BTC,2018-02-01,-0.10593791754666348
BTC,2018-02-02,-0.028475896276063395
BTC,2018-02-03,0.038627361711171204
BTC,2018-02-04,-0.10151864992218051
BTC,2018-02-05,-0.18609519410182784
BTC,2018-02-06,0.12204460286054619
BTC,2018-02-07,-0.014847215825364302
BTC,2018-02-08,0.07501829098322332
BTC,2018-02-09,0.05236953629541752
BTC,2018-02-10,-0.015143397312229467
BTC,2018-02-11,-0.052163598490315266
BTC,2018-02-12,0.09545263457209785
BTC,2018-02-13,-0.044030888647551336
BTC,2018-02-14,0.1049620299344518
BTC,2018-02-15,0.06535797892495765
BTC,2018-02-16,0.00813792410745684
BTC,2018-02-17,0.08430705798198801
BTC,2018-02-18,-0.058844678185955956
BTC,2018-02-19,0.06368225136382755
BTC,2018-02-20,0.00952209258337433
BTC,2018-02-21,-0.07255653889016145
BTC,2018-02-22,-0.057123800072638176
BTC,2018-02-23,0.02804031808180163
BTC,2018-02-24,-0.04762279975613204
BTC,2018-02-25,-0.008644433346564284
BTC,2018-02-26,0.07124449226406071
BTC,2018-02-27,0.03260174948651162
BTC,2018-02-28,-0.0331197809688053
BTC,2018-03-01,0.058102713224492675
BTC,2018-03-02,0.008244087724662563
BTC,2018-03-03,0.03669100382242618
BTC,2018-03-04,0.0032245926947300774
BTC,2018-03-05,0.006788557103293513
BTC,2018-03-06,-0.07778145800967806
BTC,2018-03-07,-0.07524886516979734
BTC,2018-03-08,-0.059560356569013706
BTC,2018-03-09,-0.005624965379810831
BTC,2018-03-10,-0.05443767832337443
BTC,2018-03-11,0.07949223404965089
BTC,2018-03-12,-0.03919229215098419
BTC,2018-03-13,0.0013821777240750066
BTC,2018-03-14,-0.10807648527516811
BTC,2018-03-15,0.005634928807552342
BTC,2018-03-16,0.013014562034445731
BTC,2018-03-17,-0.06093966938344053
BTC,2018-03-18,0.03825504669664781
BTC,2018-03-19,0.04161765614995083
BTC,2018-03-20,0.04113934648877127
BTC,2018-03-21,-0.0017949704536377453
BTC,2018-03-22,-0.01920773460665437
BTC,2018-03-23,0.006987781720873443
BTC,2018-03-24,-0.018496789134790248
BTC,2018-03-25,-0.019984431934656044
BTC,2018-03-26,-0.03244082798460113
BTC,2018-03-27,-0.04172389998024251
BTC,2018-03-28,0.012222328576667607
BTC,2018-03-29,-0.10981107797212175
BTC,2018-03-30,-0.03966193772626525
BTC,2018-03-31,0.013106107392463429
BTC,2018-04-01,-0.017157568169670512
BTC,2018-04-02,0.0330624553954042
BTC,2018-04-03,0.05363666783490828
BTC,2018-04-04,-0.09022966160804025
BTC,2018-04-05,0.0026333411896839465
BTC,2018-04-06,-0.028032480439435403
BTC,2018-04-07,0.04090040364991587
BTC,2018-04-08,0.017778604978753165
BTC,2018-04-09,-0.039738332059480186
BTC,2018-04-10,0.01177940138131639
BTC,2018-04-11,0.018612926983138323
BTC,2018-04-12,0.1294196037921278
BTC,2018-04-13,0.0018623593270792327
BTC,2018-04-14,0.010970358229071664
BTC,2018-04-15,0.041092030648217204
BTC,2018-04-16,-0.036038362717683015
BTC,2018-04-17,-0.01998773449541069
BTC,2018-04-18,0.03428212177114354
BTC,2018-04-19,0.013401731330104028
BTC,2018-04-20,0.06623719253039617
BTC,2018-04-21,0.0027158848507600197
BTC,2018-04-22,-0.0070856241719408075
BTC,2018-04-23,0.01464355321338573
BTC,2018-04-24,0.07768304127091952
BTC,2018-04-25,-0.08614755312768452
BTC,2018-04-26,0.04517469558391696
BTC,2018-04-27,-0.031066373422605764
BTC,2018-04-28,0.03935352931421754
BTC,2018-04-29,0.005888641619772983
BTC,2018-04-30,-0.018069173941595906
BTC,2018-05-01,-0.01710971440014397
BTC,2018-05-02,0.01444069119718705
BTC,2018-05-03,0.057687052297854535
BTC,2018-05-04,-0.005559358466719289
BTC,2018-05-05,0.01018682783655045
BTC,2018-05-06,-0.02071538386979732
BTC,2018-05-07,-0.026997298773871137
BTC,2018-05-08,-0.013706772542859014
BTC,2018-05-09,0.008718871026442088
BTC,2018-05-10,-0.027880014220372118
BTC,2018-05-11,-0.07080480679851142
BTC,2018-05-12,0.007810107100889141
BTC,2018-05-13,0.024452692578945445
BTC,2018-05-14,-0.002851277483554071
BTC,2018-05-15,-0.02128468164303321
BTC,2018-05-16,-0.01911394075367312
BTC,2018-05-17,-0.03385783782567309
BTC,2018-05-18,0.02242475084465667
BTC,2018-05-19,-0.0004377833801232356
BTC,2018-05-20,0.03368899246492418
BTC,2018-05-21,-0.013344399507378313
BTC,2018-05-22,-0.047685862998664064
BTC,2018-05-23,-0.06270040173812674
BTC,2018-05-24,0.007254274220546364
BTC,2018-05-25,-0.020032509094281892
BTC,2018-05-26,-0.013432230804793832
BTC,2018-05-27,0.0016215845939751006
BTC,2018-05-28,-0.03147451952034075
BTC,2018-05-29,0.047083548240566486
BTC,2018-05-30,-0.010650635285147203
BTC,2018-05-31,0.014013551725360784
BTC,2018-06-01,0.005479716032210646
BTC,2018-06-02,0.015519254821647621
BTC,2018-06-03,0.008436991546910022
BTC,2018-06-04,-0.02837867881342504
BTC,2018-06-05,0.016492396224515815
BTC,2018-06-06,0.005192797336199817
BTC,2018-06-07,0.001981114810881479
BTC,2018-06-08,-0.005670345656229259
BTC,2018-06-09,-0.008753151789740343
BTC,2018-06-10,-0.11360235347371095
BTC,2018-06-11,0.01540643013578702
BTC,2018-06-12,-0.0482673427743574
BTC,2018-06-13,-0.034318471093740754
BTC,2018-06-14,0.04998719597758061
BTC,2018-06-15,-0.03532307270112334
BTC,2018-06-16,0.014834136562985378
BTC,2018-06-17,-0.006893477685906646
BTC,2018-06-18,0.03848869008832345
BTC,2018-06-19,0.004271446364104037
BTC,2018-06-20,0.0030696232175611016
BTC,2018-06-21,-0.004873783554735667
BTC,2018-06-22,-0.10350388642900477
BTC,2018-06-23,0.01874368740205057
BTC,2018-06-24,-0.004502763984159941
BTC,2018-06-25,0.0156658682058346
BTC,2018-06-26,-0.023892657787088822
BTC,2018-06-27,0.007038818805252589
BTC,2018-06-28,-0.046775985902584694
BTC,2018-06-29,0.06000002136150151
BTC,2018-06-30,0.02455219099796757
BTC,2018-07-01,-0.0022201084718194153
BTC,2018-07-02,0.03808771918919973
BTC,2018-07-03,-0.016794783560152737
BTC,2018-07-04,0.012391615977669801
BTC,2018-07-05,-0.006715421359583473
BTC,2018-07-06,0.00961814318218046
BTC,2018-07-07,0.020905633907940313
BTC,2018-07-08,-0.004900203051908747
BTC,2018-07-09,-0.006118061973191757
BTC,2018-07-10,-0.0547330200696976
BTC,2018-07-11,0.010860385565990782
BTC,2018-07-12,-0.03486069056697616
BTC,2018-07-13,0.008007333377959114
BTC,2018-07-14,0.007401597319869779
BTC,2018-07-15,0.014678336044536167
BTC,2018-07-16,0.05564181519341993
BTC,2018-07-17,0.08697230811470114
BTC,2018-07-18,0.007545098770908254
BTC,2018-07-19,0.01226122124785789
BTC,2018-07-20,-0.018896718291861347
BTC,2018-07-21,0.011305581394504216
BTC,2018-07-22,-0.0014965345839446087
BTC,2018-07-23,0.04190641922783733
BTC,2018-07-24,0.08463126508354257
BTC,2018-07-25,-0.02348206337373071
BTC,2018-07-26,-0.03584125861362253
BTC,2018-07-27,0.03230621473811368
BTC,2018-07-28,0.002027048954200694
BTC,2018-07-29,0.004780260444180229
BTC,2018-07-30,-0.007044081421140547
BTC,2018-07-31,-0.056214994770797944
BTC,2018-08-01,-0.016765363342722495
BTC,2018-08-02,-0.007134180386147548
BTC,2018-08-03,-0.017567667256791708
BTC,2018-08-04,-0.056786212008987036
BTC,2018-08-05,0.004186912829753808
BTC,2018-08-06,-0.014554034717335185
BTC,2018-08-07,-0.030386722936547983
BTC,2018-08-08,-0.0701119878973877
BTC,2018-08-09,0.04534066697084782
BTC,2018-08-10,-0.06656783238477892
BTC,2018-08-11,0.02859706281403085
BTC,2018-08-12,0.00014924153426143505
BTC,2018-08-13,-0.007764986003426344
BTC,2018-08-14,-0.01301456955986069
BTC,2018-08-15,0.013711240445006823
BTC,2018-08-16,0.003269760645697062
BTC,2018-08-17,0.04237937135875569
BTC,2018-08-18,-0.025273096489232927
BTC,2018-08-19,0.01418622005815351
BTC,2018-08-20,-0.034125694362613146
BTC,2018-08-21,0.03140425323973517
BTC,2018-08-22,-0.016835650012286152
BTC,2018-08-23,0.023507684586046906
BTC,2018-08-24,0.027445482279803812
BTC,2018-08-25,0.0070976202581896075
BTC,2018-08-26,-0.008272221498087262
BTC,2018-08-27,0.022070421612969682
BTC,2018-08-28,0.036439925706611476
BTC,2018-08-29,-0.008430468480872477
BTC,2018-08-30,-0.009494709087411124
BTC,2018-08-31,0.008315742879300814
BTC,2018-09-01,0.023523060430710174
BTC,2018-09-02,0.013028033045985765
BTC,2018-09-03,-0.004015035660579258
BTC,2018-09-04,0.013867123136140691
BTC,2018-09-05,-0.08031534861208733
BTC,2018-09-06,-0.045617066302623854
BTC,2018-09-07,-0.01231681537938023
BTC,2018-09-08,-0.03507112890429731
BTC,2018-09-09,0.00988278946640797
BTC,2018-09-10,0.007356531400565913
BTC,2018-09-11,-0.0026983020747994857
BTC,2018-09-12,0.007791864820010375
BTC,2018-09-13,0.02549213320632404
BTC,2018-09-14,0.0005826700828652775
BTC,2018-09-15,0.004527314408123928
BTC,2018-09-16,-0.004110257521825034
BTC,2018-09-17,-0.03744712141054407
BTC,2018-09-18,0.012977924397421958
BTC,2018-09-19,0.006853698427756072
BTC,2018-09-20,0.017800541462014152
BTC,2018-09-21,0.036641616787305153
BTC,2018-09-22,-0.005304966479535267
BTC,2018-09-23,-0.0003489103127289894
BTC,2018-09-24,-0.01906607138734273
BTC,2018-09-25,-0.02464545840240362
BTC,2018-09-26,0.007268276164273502
BTC,2018-09-27,0.03267129033388727
BTC,2018-09-28,-0.00823615196534
BTC,2018-09-29,-0.005849215359191362
BTC,2018-09-30,0.003030695283671392
BTC,2018-10-01,-0.00648190443474661
BTC,2018-10-02,-0.008124103041740938
BTC,2018-10-03,-0.0068239667235161505
BTC,2018-10-04,0.012426051330225008
BTC,2018-10-05,0.006072005042875972
BTC,2018-10-06,-0.005278977856740141
BTC,2018-10-07,0.0021486693964671844
BTC,2018-10-08,0.006092545490901102
BTC,2018-10-09,-0.002160899499255464
BTC,2018-10-10,-0.009348906229266873
BTC,2018-10-11,-0.058314197892087805
BTC,2018-10-12,0.005250723326922113
BTC,2018-10-13,0.0009699406862431204
BTC,2018-10-14,-0.002391871315028382
BTC,2018-10-15,0.041166023123912154
BTC,2018-10-16,0.002979043300021189
BTC,2018-10-17,-0.0029766706867828674
BTC,2018-10-18,-0.007204662326463662
BTC,2018-10-19,-0.002097408568277004
BTC,2018-10-20,0.003936250186029611
BTC,2018-10-21,0.0011054245341490798
BTC,2018-10-22,-0.0011396170837603137
BTC,2018-10-23,-0.0018815920406769493
BTC,2018-10-24,0.0027816199878856196
BTC,2018-10-25,-0.0017913030550467113
BTC,2018-10-26,0.0002785620501999375
BTC,2018-10-27,0.0008267483266450881
BTC,2018-10-28,-0.0004325946030228067
BTC,2018-10-29,-0.022667932212550923
BTC,2018-10-30,0.0014560578680971048
BTC,2018-10-31,0.0054297934803120285
BTC,2018-11-01,0.005796476965890918
BTC,2018-11-02,0.0008180636124048846
BTC,2018-11-03,-0.002481657720066366
BTC,2018-11-04,0.013799146261810336
BTC,2018-11-05,-0.0027255196892497224
BTC,2018-11-06,0.005948025339751695
BTC,2018-11-07,0.009229630791034893
BTC,2018-11-08,-0.01458340354737686
BTC,2018-11-09,-0.011834553423614835
BTC,2018-11-10,0.0034268599960078916
BTC,2018-11-11,-0.002789692083853268
BTC,2018-11-12,-0.0023321863095340234
BTC,2018-11-13,-0.008375577213785235
BTC,2018-11-14,-0.11728815462111797
BTC,2018-11-15,-0.006424627992913656
BTC,2018-11-16,-0.007711140737754363
BTC,2018-11-17,0.000923171690134339
BTC,2018-11-18,0.009819488611254812
BTC,2018-11-19,-0.14777656737472356
BTC,2018-11-20,-0.10430596642960666
BTC,2018-11-21,0.05229457837559792
BTC,2018-11-22,-0.055522718415801364
BTC,2018-11-23,-0.0031937379310242875
BTC,2018-11-24,-0.11959972149033504
BTC,2018-11-25,0.03625597872328079
BTC,2018-11-26,-0.06450790195488487
BTC,2018-11-27,0.02040234614968206
BTC,2018-11-28,0.10828795510963474
BTC,2018-11-29,0.007236294559879397
BTC,2018-11-30,-0.06473115388581085
BTC,2018-12-01,0.043038510060368296
BTC,2018-12-02,-0.011962804341271394
BTC,2018-12-03,-0.06417383879198901
BTC,2018-12-04,0.012660227203966201
BTC,2018-12-05,-0.04826492848565067
BTC,2018-12-06,-0.054725875952163605
BTC,2018-12-07,-0.04037556456389879
BTC,2018-12-08,0.010310008989362629
BTC,2018-12-09,0.03813960540413497
BTC,2018-12-10,-0.036485612992061434
BTC,2018-12-11,-0.01803979451923965
BTC,2018-12-12,0.02079564745889506
BTC,2018-12-13,-0.04868916362035236
BTC,2018-12-14,-0.019010128536752546
BTC,2018-12-15,-0.004346304807079093
BTC,2018-12-16,0.0032412942330033445
BTC,2018-12-17,0.09080510361386729
BTC,2018-12-18,0.04481207346677074
BTC,2018-12-19,0.010383839971147779
BTC,2018-12-20,0.09536915144873426
BTC,2018-12-21,-0.057852913962774366
BTC,2018-12-22,0.032258179963735145
BTC,2018-12-23,-0.005634868330380627
BTC,2018-12-24,0.024398629137825978
BTC,2018-12-25,-0.07141587780752268
BTC,2018-12-26,0.012174010294486948
BTC,2018-12-27,-0.06012723074429438
BTC,2018-12-28,0.07922006651500624
BTC,2018-12-29,-0.01503535755355756
BTC,2018-12-30,0.0005933511784572687
BTC,2018-12-31,-0.03679764167298849
BTC,2019-01-01,0.03226771346596635
BTC,2019-01-02,0.023379204094034378
BTC,2019-01-03,-0.029629913086335335
BTC,2019-01-04,0.011333923584258443
BTC,2019-01-05,-0.00758202272455577
BTC,2019-01-06,0.06309094867378029
BTC,2019-01-07,-0.011178301911629163
BTC,2019-01-08,-0.002100542646690684
BTC,2019-01-09,0.0029101979532519806
BTC,2019-01-10,-0.09870363413092065
BTC,2019-01-11,-0.00103199001361709
BTC,2019-01-12,-0.001971872442092959
BTC,2019-01-13,-0.030413977884728993
BTC,2019-01-14,0.044121864068388916
BTC,2019-01-15,-0.023635030461788276
BTC,2019-01-16,0.007148767460948946
BTC,2019-01-17,0.009146476290656125
BTC,2019-01-18,-0.008470195589961094
BTC,2019-01-19,0.021346053892541406
BTC,2019-01-20,-0.041244750557050125
BTC,2019-01-21,-0.0007606316000892122
BTC,2019-01-22,0.011721027415513063
BTC,2019-01-23,-0.007129728035987881
BTC,2019-01-24,0.0044090669150289585
BTC,2019-01-25,-0.0017501726203068557
BTC,2019-01-26,-0.001211111775793583
BTC,2019-01-27,-0.00547618898661284
BTC,2019-01-28,-0.029420312039452057
BTC,2019-01-29,-0.011485841759276028
BTC,2019-01-30,0.012313245702438635
BTC,2019-01-31,-0.008108729804790826
BTC,2019-02-01,0.010187498971312436
BTC,2019-02-02,0.0048893286432800664
BTC,2019-02-03,-0.01422971181149002
BTC,2019-02-04,-0.0004787680459337196
BTC,2019-02-05,0.0044098854337892845
BTC,2019-02-06,-0.017356601388900827
BTC,2019-02-07,-0.0025668400275797865
BTC,2019-02-08,0.0727887322899683
BTC,2019-02-09,0.002429862470492594
BTC,2019-02-10,0.005714846378998217
BTC,2019-02-11,-0.014214653310158809
BTC,2019-02-12,-0.0007567068410203603
BTC,2019-02-13,-0.003299029592067626
BTC,2019-02-14,-0.003970020821466136
BTC,2019-02-15,0.0008672860329284049
BTC,2019-02-16,0.005518835902034169
BTC,2019-02-17,0.01055062468453194
BTC,2019-02-18,0.06501834762131864
BTC,2019-02-19,0.00755160468055216
BTC,2019-02-20,0.009244576220959644
BTC,2019-02-21,-0.010059558336694252
BTC,2019-02-22,0.014294809050506174
BTC,2019-02-23,0.04017456117112417
BTC,2019-02-24,-0.09058890161798772
BTC,2019-02-25,0.017907842280164843
BTC,2019-02-26,-0.006784738803483847
BTC,2019-02-27,0.0008444210703526522
BTC,2019-02-28,-0.001694939818124297
BTC,2019-03-01,0.004651756286401465
BTC,2019-03-02,-0.0002596498008013981
BTC,2019-03-03,-0.007181651003563161
BTC,2019-03-04,-0.022518035316329232
BTC,2019-03-05,0.037669811886667404
BTC,2019-03-06,0.0030863730205457074
BTC,2019-03-07,0.0010183661397853427
BTC,2019-03-08,-0.0043377002452409386
BTC,2019-03-09,0.018356988620983117
BTC,2019-03-10,-0.0016506249604226753
BTC,2019-03-11,-0.013498537322879756
BTC,2019-03-12,0.0019054328026797407
BTC,2019-03-13,-0.0018045582962660234
BTC,2019-03-14,0.0004738801248453939
BTC,2019-03-15,0.012411922956959032
BTC,2019-03-16,0.02227286603529066
BTC,2019-03-17,-0.005693808129020539
BTC,2019-03-18,0.0005787506417558319
BTC,2019-03-19,0.006710814261845499
BTC,2019-03-20,0.008593084397444883
BTC,2019-03-21,-0.01358380001114945
BTC,2019-03-22,0.0019129757754985377
BTC,2019-03-23,-0.0005301787607727704
BTC,2019-03-24,-0.0027938715687021443
BTC,2019-03-25,-0.015847240006845453
BTC,2019-03-26,0.0024340826446795916
BTC,2019-03-27,0.027502717783674413
BTC,2019-03-28,-0.003998653020657272
BTC,2019-03-29,0.0193881912731122
BTC,2019-03-30,0.0005940334441696393
BTC,2019-03-31,0.000592893854218346
BTC,2019-04-01,0.010713429123853757
BTC,2019-04-02,0.16968044831602214
BTC,2019-04-03,0.011457636277292238
BTC,2019-04-04,-0.009919123753542536
BTC,2019-04-05,0.024528524261416607
BTC,2019-04-06,0.002209134375132038
BTC,2019-04-07,0.02829241349535927
BTC,2019-04-08,0.018011612108372432
BTC,2019-04-09,-0.0167663261800044
BTC,2019-04-10,0.022111905387451003
BTC,2019-04-11,-0.05039964954791998
BTC,2019-04-12,0.006354259551510921
BTC,2019-04-13,-0.0015890957969375563
BTC,2019-04-14,0.016031734394992725
BTC,2019-04-15,-0.022336150659954868
BTC,2019-04-16,0.03182382621962532
BTC,2019-04-17,0.003908870345201265
BTC,2019-04-18,0.009928848138013535
BTC,2019-04-19,0.0021666148143992814
BTC,2019-04-20,0.0045307912466014955
BTC,2019-04-21,-0.0034382573938778194
BTC,2019-04-22,0.016492881628330736
BTC,2019-04-23,0.029477421620706323
BTC,2019-04-24,-0.020574059074638384
BTC,2019-04-25,-0.05764581983648043
BTC,2019-04-26,0.004376704431052758
BTC,2019-04-27,0.006125297400462415
BTC,2019-04-28,-0.00641563030749559
BTC,2019-04-29,2.541941813660742e-05
BTC,2019-04-30,0.02262467564747439
BTC,2019-05-01,0.009177549573045951
BTC,2019-05-02,0.014559806914416384
BTC,2019-05-03,0.04802073145776653
BTC,2019-05-04,0.020341922058083384
BTC,2019-05-05,-0.008060630970515348
BTC,2019-05-06,-0.0064208976305621945
BTC,2019-05-07,0.023279939240079983
BTC,2019-05-08,0.01804093865769474
BTC,2019-05-09,0.036147109537486344
BTC,2019-05-10,0.03315455793041089
BTC,2019-05-11,0.14167499079171542
BTC,2019-05-12,-0.05362478468784637
BTC,2019-05-13,0.11630375145805338
BTC,2019-05-14,0.01988733036694157
BTC,2019-05-15,0.03211616534487227
BTC,2019-05-16,-0.04393679495666625
BTC,2019-05-17,-0.07049480469001956
BTC,2019-05-18,-0.006700939266266914
BTC,2019-05-19,0.12168452705853916
BTC,2019-05-20,-0.02945773686726305
BTC,2019-05-21,0.0003343698295630304
BTC,2019-05-22,-0.04037249072444382
BTC,2019-05-23,0.029499559133737918
BTC,2019-05-24,0.011285167402478535
BTC,2019-05-25,0.009283239714518388
BTC,2019-05-26,0.07982900859263786
BTC,2019-05-27,0.009717450321716115
BTC,2019-05-28,-0.01113849871298811
BTC,2019-05-29,-0.007325357037400337
BTC,2019-05-30,-0.04536301316221447
BTC,2019-05-31,0.033828143329646565
BTC,2019-06-01,-0.00016537356027335193
BTC,2019-06-02,0.021914820135858548
BTC,2019-06-03,-0.06752307142874159
BTC,2019-06-04,-0.06618741707656106
BTC,2019-06-05,0.019239392064234195
BTC,2019-06-06,-0.0028033121321566767
BTC,2019-06-07,0.0312970336524625
BTC,2019-06-08,-0.010542095659740625
BTC,2019-06-09,-0.03926816810375122
BTC,2019-06-10,0.04598344120189246
BTC,2019-06-11,-0.008899262418299969
BTC,2019-06-12,0.027915080607627374
BTC,2019-06-13,0.01050359674070478
BTC,2019-06-14,0.05497024445469911
BTC,2019-06-15,0.017389869988951645
BTC,2019-06-16,0.018907247972016705
BTC,2019-06-17,0.034976726832002925
BTC,2019-06-18,-0.031919628848291026
BTC,2019-06-19,0.02595830748768968
BTC,2019-06-20,0.027791425582234908
BTC,2019-06-21,0.054701450530119544
BTC,2019-06-22,0.05796945167527845
BTC,2019-06-23,0.010161527967682105
BTC,2019-06-24,0.01924759905883633
BTC,2019-06-25,0.06355345193109052
BTC,2019-06-26,0.09255968926281177
BTC,2019-06-27,-0.14656337976099998
BTC,2019-06-28,0.10649304688557137
BTC,2019-06-29,-0.034061961548863096
BTC,2019-06-30,-0.09677413188610196
BTC,2019-07-01,-0.025506971717879523
BTC,2019-07-02,0.018423369771150888
BTC,2019-07-03,0.10449995224235664
BTC,2019-07-04,-0.06704168719432424
BTC,2019-07-05,-0.016109298098708535
BTC,2019-07-06,0.018898211472912152
BTC,2019-07-07,0.02188169960926878
BTC,2019-07-08,0.07266370993864157
BTC,2019-07-09,0.020843965125690644
BTC,2019-07-10,-0.038271443654965154
BTC,2019-07-11,-0.06943422454354042
BTC,2019-07-12,0.04489637911756361
BTC,2019-07-13,-0.04028898321881158
BTC,2019-07-14,-0.09843962318016253
BTC,2019-07-15,0.06068065732842953
BTC,2019-07-16,-0.14293070247564899
BTC,2019-07-17,0.021283718716849975
BTC,2019-07-18,0.09882950830662551
BTC,2019-07-19,-0.013925108109191342
BTC,2019-07-20,0.030892675476598797
BTC,2019-07-21,-0.02544772226413805
BTC,2019-07-22,-0.02593813843543913
BTC,2019-07-23,-0.04478402901872336
BTC,2019-07-24,-0.007514127017289596
BTC,2019-07-25,0.010604404670988998
BTC,2019-07-26,-0.006130591287206499
BTC,2019-07-27,-0.040457446764447624
BTC,2019-07-28,0.008760039299422928
BTC,2019-07-29,-0.0026930715438169273
BTC,2019-07-30,0.008898513347871173
BTC,2019-07-31,0.04784015891100424
BTC,2019-08-01,0.033367170630540954
BTC,2019-08-02,0.012363982725092981
BTC,2019-08-03,0.02631132911284162
BTC,2019-08-04,0.016157420926424138
BTC,2019-08-05,0.07058568578715274
BTC,2019-08-06,-0.03158137020702334
BTC,2019-08-07,0.04650334513333121
BTC,2019-08-08,-0.0024294778057765143
BTC,2019-08-09,-0.0067147318631093356
BTC,2019-08-10,-0.04789870067843083
BTC,2019-08-11,0.019836458095619847
BTC,2019-08-12,-0.01269924853338722
BTC,2019-08-13,-0.04653430599951669
BTC,2019-08-14,-0.0807156278550778
BTC,2019-08-15,0.02810254160588599
BTC,2019-08-16,0.006114681957967605
BTC,2019-08-17,-0.016148308737779615
BTC,2019-08-18,0.012090087884374157
BTC,2019-08-19,0.0521725937772235
BTC,2019-08-20,-0.010457915703241838
BTC,2019-08-21,-0.06467223058122329
BTC,2019-08-22,0.002263919087283739
BTC,2019-08-23,0.028679444304060553
BTC,2019-08-24,-0.02597821427107405
BTC,2019-08-25,-0.0046159366715325945
BTC,2019-08-26,0.025636617892535796
BTC,2019-08-27,-0.01894004098238966
BTC,2019-08-28,-0.04458800323845047
BTC,2019-08-29,-0.02525118104949975
BTC,2019-08-30,0.010007128189290171
BTC,2019-08-31,0.00285107432966214
BTC,2019-09-01,0.016306888945811338
BTC,2019-09-02,0.0610311952837872
BTC,2019-09-03,0.022999846249286193
BTC,2019-09-04,-0.003919648125057407
BTC,2019-09-05,0.0002782583961327134
BTC,2019-09-06,-0.023848345369941626
BTC,2019-09-07,0.0157174357418004
BTC,2019-09-08,-0.00834779094934035
BTC,2019-09-09,-0.007213357063278636
BTC,2019-09-10,-0.02414726899820785
BTC,2019-09-11,0.005556258934575453
BTC,2019-09-12,0.025429012081691127
BTC,2019-09-13,-0.005592772430953019
BTC,2019-09-14,0.0017494168001839228
BTC,2019-09-15,-0.005542759704557199
BTC,2019-09-16,-0.0047021020016462245
BTC,2019-09-17,-0.006083259406402419
BTC,2019-09-18,-0.0033691079239659416
BTC,2019-09-19,0.010482256996269257
BTC,2019-09-20,-0.009615987956378191
BTC,2019-09-21,-0.018229733457131303
BTC,2019-09-22,0.0060506446638228795
BTC,2019-09-23,-0.0358981638782776
BTC,2019-09-24,-0.11802663866942176
BTC,2019-09-25,-0.022247132497517086
BTC,2019-09-26,-0.04026522458824999
BTC,2019-09-27,0.011682350072261372
BTC,2019-09-28,0.0018548541530201135
BTC,2019-09-29,-0.01690275514499362
BTC,2019-09-30,0.026655897352982905
BTC,2019-10-01,0.0038785488476573704
BTC,2019-10-02,0.00575394115344352
BTC,2019-10-03,-0.013021988700854692
BTC,2019-10-04,-0.010798353199637845
BTC,2019-10-05,-0.0029498967462853187
BTC,2019-10-06,-0.035890265057100024
BTC,2019-10-07,0.04620212124311429
BTC,2019-10-08,-0.004374763979118512
BTC,2019-10-09,0.048640267718964125
BTC,2019-10-10,-0.002356899528232148
BTC,2019-10-11,-0.03417896131255915
BTC,2019-10-12,0.004080530848971975
BTC,2019-10-13,-0.003912071324508659
BTC,2019-10-14,0.0066257060583350125
BTC,2019-10-15,-0.022495029516873544
BTC,2019-10-16,-0.019408081014864464
BTC,2019-10-17,0.008538492402838216
BTC,2019-10-18,-0.014116832426536163
BTC,2019-10-19,-0.0013646955152939455
BTC,2019-10-20,0.032824211955436056
BTC,2019-10-21,-0.0002501595214194907
BTC,2019-10-22,-0.02246886708572937
BTC,2019-10-23,-0.07379347618533671
BTC,2019-10-24,-0.0004914992890263647
BTC,2019-10-25,0.1495278195200278
BTC,2019-10-26,0.0662569529828847
BTC,2019-10-27,0.032809463242633896
BTC,2019-10-28,-0.02532038344816634
BTC,2019-10-29,0.011949654765368578
BTC,2019-10-30,-0.02668593179406109
BTC,2019-10-31,-0.003007698563433081
BTC,2019-11-01,0.010442402404923001
BTC,2019-11-02,0.0052620507143892326
BTC,2019-11-03,-0.009784300138582225
BTC,2019-11-04,0.022410369662457796
BTC,2019-11-05,-0.009341602884154199
BTC,2019-11-06,0.0025844518680617767
BTC,2019-11-07,-0.015532751437216774
BTC,2019-11-08,-0.04660463103252965
BTC,2019-11-09,0.0022100334027381763
BTC,2019-11-10,0.026002404001170376
BTC,2019-11-11,-0.037138866298191076
BTC,2019-11-12,0.008656149879927355
BTC,2019-11-13,-0.002532367272431557
BTC,2019-11-14,-0.013932280937765995
BTC,2019-11-15,-0.020987810679654828
BTC,2019-11-16,0.0013943174327692986
BTC,2019-11-17,0.003235146280976764
BTC,2019-11-18,-0.0385491669713911
BTC,2019-11-19,-0.008185480272400625
BTC,2019-11-20,-0.004973156574125781
BTC,2019-11-21,-0.059202975350082454
BTC,2019-11-22,-0.04497167077925823
BTC,2019-11-23,0.006480057937404027
BTC,2019-11-24,-0.05348200780693979
BTC,2019-11-25,0.02779018777395237
BTC,2019-11-26,0.0036901823476078732
BTC,2019-11-27,0.04920931096297565
BTC,2019-11-28,-0.01210015747570381
BTC,2019-11-29,0.04102262947430546
BTC,2019-11-30,-0.02503334785108713
BTC,2019-12-01,-0.018494883583596078
BTC,2019-12-02,-0.013492932203144292
BTC,2019-12-03,-0.0016227674300832717
BTC,2019-12-04,-0.012591992140547958
BTC,2019-12-05,0.02586710533865677
BTC,2019-12-06,0.017421646950730008
BTC,2019-12-07,-0.0029438484955779387
BTC,2019-12-08,0.002244381625148506
BTC,2019-12-09,-0.02538446631386293
BTC,2019-12-10,-0.014841516776119335
BTC,2019-12-11,-0.004382784016794261
BTC,2019-12-12,-0.0010581889247429643
BTC,2019-12-13,0.0072109451206365804
BTC,2019-12-14,-0.024281229018003003
BTC,2019-12-15,0.005666136173854142
BTC,2019-12-16,-0.03271637628849078
BTC,2019-12-17,-0.04054021370759564
BTC,2019-12-18,0.09733942539300422
BTC,2019-12-19,-0.01918981080506832
BTC,2019-12-20,0.005310620621649775
BTC,2019-12-21,-0.006132325140228545
BTC,2019-12-22,0.04639838304657218
BTC,2019-12-23,-0.02130370065937015
BTC,2019-12-24,-0.011831889761182879
BTC,2019-12-25,-0.0061628425994708635
BTC,2019-12-26,0.0004818069691747695
BTC,2019-12-27,0.0058912735426464025
BTC,2019-12-28,0.009556432256392355
BTC,2019-12-29,0.011557337953950864
BTC,2019-12-30,-0.022185670379483824
BTC,2019-12-31,-0.008613367291182783
BTC,2020-01-01,0.000451500644549796
BTC,2020-01-02,-0.031709018070932515
BTC,2020-01-03,0.05168456539684385
BTC,2020-01-04,0.003800514084554507
BTC,2020-01-05,0.0003222202472308311
BTC,2020-01-06,0.05563712685152389
BTC,2020-01-07,0.04658014648634001
BTC,2020-01-08,-0.009433055945764934
BTC,2020-01-09,-0.030558017536629123
BTC,2020-01-10,0.03922026824559666
BTC,2020-01-11,-0.012104280144749069
BTC,2020-01-12,0.0163673636860846
BTC,2020-01-13,-0.005234333535097946
BTC,2020-01-14,0.08360674891010511
BTC,2020-01-15,-0.002122218043727031
BTC,2020-01-16,-0.010583155147788403
BTC,2020-01-17,0.021990834496063982
BTC,2020-01-18,0.0017531640089352152
BTC,2020-01-19,-0.027344150165765413
BTC,2020-01-20,-0.005899023116390012
BTC,2020-01-21,0.010895263614106199
BTC,2020-01-22,-0.009548170085269092
BTC,2020-01-23,-0.03309472628933818
BTC,2020-01-24,0.0067906283796403955
BTC,2020-01-25,-0.009376930958902463
BTC,2020-01-26,0.027084224056880046
BTC,2020-01-27,0.03755162997534356
BTC,2020-01-28,0.04346213778463337
BTC,2020-01-29,0.0015647231013939944
BTC,2020-01-30,0.020932149153663815
BTC,2020-01-31,-0.016075245859711984
BTC,2020-02-01,0.002625650901189047
BTC,2020-02-02,-0.004540186803810187
BTC,2020-02-03,-0.006399281090576636
BTC,2020-02-04,-0.012817539481067897
BTC,2020-02-05,0.04966592128905489
BTC,2020-02-06,0.011477511895007453
BTC,2020-02-07,0.006243657690063742
BTC,2020-02-08,0.01126395985012607
BTC,2020-02-09,0.023905563963943166
BTC,2020-02-10,-0.027841296270194604
BTC,2020-02-11,0.03970428997768494
BTC,2020-02-12,0.00852187617278588
BTC,2020-02-13,-0.012103480830147006
BTC,2020-02-14,0.01224637100186321
BTC,2020-02-15,-0.04438984742811947
BTC,2020-02-16,0.004059887730289091
BTC,2020-02-17,-0.027398225575161916
BTC,2020-02-18,0.05154720751969144
BTC,2020-02-19,-0.056420878267722685
BTC,2020-02-20,-0.0022828206492331304
BTC,2020-02-21,0.009087675245043059
BTC,2020-02-22,-0.00274019692828098
BTC,2020-02-23,0.030294659973668203
BTC,2020-02-24,-0.03311418388618925
BTC,2020-02-25,-0.031986301552493046
BTC,2020-02-26,-0.06013969783517581
BTC,2020-02-27,-0.0022595935024440905
BTC,2020-02-28,-0.003244343696954033
BTC,2020-02-29,-0.019444011973332564
BTC,2020-03-01,-0.004708806349551509
BTC,2020-03-02,0.04178061814508638
BTC,2020-03-03,-0.015548142921904429
BTC,2020-03-04,-0.0014197907216679795
BTC,2020-03-05,0.03437641168537908
BTC,2020-03-06,0.009277457409027079
BTC,2020-03-07,-0.027574226678773073
BTC,2020-03-08,-0.09281069090108218
BTC,2020-03-09,-0.02664523784612527
BTC,2020-03-10,0.0017135632741069884
BTC,2020-03-11,0.003711652909601071
BTC,2020-03-12,-0.4705630098654261
BTC,2020-03-13,0.12643217376223248
BTC,2020-03-14,-0.08964058272657383
BTC,2020-03-15,0.04064583921511655
BTC,2020-03-16,-0.06668468349151979
BTC,2020-03-17,0.07747682086390384
BTC,2020-03-18,-0.004490030715103899
BTC,2020-03-19,0.1401151283808595
BTC,2020-03-20,-0.004750835570169087
BTC,2020-03-21,0.00027231560122054077
BTC,2020-03-22,-0.05753023330492546
BTC,2020-03-23,0.10659579331524505
BTC,2020-03-24,0.04353885940473212
BTC,2020-03-25,-0.012638629100026222
BTC,2020-03-26,0.009593834916413968
BTC,2020-03-27,-0.03981799388430396
BTC,2020-03-28,-0.04071667594686801
BTC,2020-03-29,-0.05389307538986721
BTC,2020-03-30,0.0862726113438903
BTC,2020-03-31,-0.0007028295413480379
BTC,2020-04-01,0.03223511487304265
BTC,2020-04-02,0.02227449326904285
BTC,2020-04-03,-0.00603039721676879
BTC,2020-04-04,0.01588153813309745
BTC,2020-04-05,-0.01013527117546964
BTC,2020-04-06,0.07205355331226926
BTC,2020-04-07,-0.015267752955562486
BTC,2020-04-08,0.025359066875937586
BTC,2020-04-09,-0.009898757883245679
BTC,2020-04-10,-0.062135108757750857
BTC,2020-04-11,0.0033994860466037835
BTC,2020-04-12,0.01377674381208216
BTC,2020-04-13,-0.016629301396504204
BTC,2020-04-14,0.0017414475551618125
BTC,2020-04-15,-0.037047783855987504
BTC,2020-04-16,0.0730793642394918
BTC,2020-04-17,-0.006530598427488599
BTC,2020-04-18,0.025293425004390357
BTC,2020-04-19,-0.015617863089039119
BTC,2020-04-20,-0.04242010322880141
BTC,2020-04-21,0.0024993691794943373
BTC,2020-04-22,0.036195427838379146
BTC,2020-04-23,0.04996134800306429
BTC,2020-04-24,0.002379206660707567
BTC,2020-04-25,0.0041604041699176975
BTC,2020-04-26,0.019226997562615367
BTC,2020-04-27,0.01208469696633685
BTC,2020-04-28,-0.0009766038123153464
BTC,2020-04-29,0.12014835004073099
BTC,2020-04-30,-0.012567596094221756
BTC,2020-05-01,0.023204707000806124
BTC,2020-05-02,0.013654414657434444
BTC,2020-05-03,-0.009005959796450469
BTC,2020-05-04,-0.0016695591527415843
BTC,2020-05-05,0.011632799740791455
BTC,2020-05-06,0.030785119287813245
BTC,2020-05-07,0.07552068432992165
BTC,2020-05-08,-0.013542649160264375
BTC,2020-05-09,-0.029017787209067336
BTC,2020-05-10,-0.0943502799299516
BTC,2020-05-11,-0.014258362102332
BTC,2020-05-12,0.025918970184552137
BTC,2020-05-13,0.05577405793415835
BTC,2020-05-14,0.05002775164951245
BTC,2020-05-15,-0.049611807057228674
BTC,2020-05-16,0.00732812203687061
BTC,2020-05-17,0.030095255198057558
BTC,2020-05-18,0.004566618017936008
BTC,2020-05-19,0.0028080063247539755
BTC,2020-05-20,-0.024754777272967488
BTC,2020-05-21,-0.04810324746716077
BTC,2020-05-22,0.010204220231660344
BTC,2020-05-23,0.0023817425203045417
BTC,2020-05-24,-0.04196654921075549
BTC,2020-05-25,0.011624117847379267
BTC,2020-05-26,-0.008346977183657955
BTC,2020-05-27,0.03709785271380461
BTC,2020-05-28,0.0426170708643383
BTC,2020-05-29,-0.014299579680637109
BTC,2020-05-30,0.027115851434452054
BTC,2020-05-31,-0.026953603556137296
BTC,2020-06-01,0.0779886854784948
BTC,2020-06-02,-0.06971232822366424
BTC,2020-06-03,0.013566320864077497
BTC,2020-06-04,0.017587881054474508
BTC,2020-06-05,-0.017627476006122578
BTC,2020-06-06,0.0027735011499459006
BTC,2020-06-07,0.008128243536592805
BTC,2020-06-08,0.0022300912951997987
BTC,2020-06-09,0.001031247274797309
BTC,2020-06-10,0.011086421250510625
BTC,2020-06-11,-0.0637799696925434
BTC,2020-06-12,0.01907969255038644
BTC,2020-06-13,0.0005468234964549623
BTC,2020-06-14,-0.012590715283575804
BTC,2020-06-15,0.010479844685104212
BTC,2020-06-16,0.008302011146897215
BTC,2020-06-17,-0.007528022795119327
BTC,2020-06-18,-0.006232174518792988
BTC,2020-06-19,-0.01113732670311407
BTC,2020-06-20,0.007648998854936195
BTC,2020-06-21,-0.007780626321292061
BTC,2020-06-22,0.042163723527970376
BTC,2020-06-23,-0.007555267982182201
BTC,2020-06-24,-0.03372845785423273
BTC,2020-06-25,-0.0049430467914444165
BTC,2020-06-26,-0.00952750839913108
BTC,2020-06-27,-0.01731962568425338
BTC,2020-06-28,0.011695186300554994
BTC,2020-06-29,0.008329414872999763
BTC,2020-06-30,-0.004395392124232345
BTC,2020-07-01,0.01059247326934809
BTC,2020-07-02,-0.01602941327752383
BTC,2020-07-03,-0.0030501065717150055
BTC,2020-07-04,0.006544205402752468
BTC,2020-07-05,-0.005119857705883746
BTC,2020-07-06,0.02816135020674615
BTC,2020-07-07,-0.009336132100434824
BTC,2020-07-08,0.019523485398766027
BTC,2020-07-09,-0.021758583045953017
BTC,2020-07-10,0.005802194866316057
BTC,2020-07-11,-0.005188327185068786
BTC,2020-07-12,0.005605781148512179
BTC,2020-07-13,-0.005665163322868594
BTC,2020-07-14,0.0025663107560269793
BTC,2020-07-15,-0.006895096212442553
BTC,2020-07-16,-0.006997915475695393
BTC,2020-07-17,0.002611004599758715
BTC,2020-07-18,0.0021204679867974363
BTC,2020-07-19,0.004668406557144067
BTC,2020-07-20,-0.005618599676301628
BTC,2020-07-21,0.02386258807059427
BTC,2020-07-22,0.015083198104409945
BTC,2020-07-23,0.00814085569864531
BTC,2020-07-24,-0.006375251097153978
BTC,2020-07-25,0.01603646057521857
BTC,2020-07-26,0.02357509143905645
BTC,2020-07-27,0.1061605797690639
BTC,2020-07-28,-0.009267019939073862
BTC,2020-07-29,0.015517566291041618
BTC,2020-07-30,0.0017634539051769593
BTC,2020-07-31,0.01804893099995475
BTC,2020-08-01,0.03971728493796611
BTC,2020-08-02,-0.0614883198703815
BTC,2020-08-03,0.012725138665098612
BTC,2020-08-04,-0.002980896871322969
BTC,2020-08-05,0.04526898523341494
BTC,2020-08-06,0.004075707052940913
BTC,2020-08-07,-0.014579000258713393
BTC,2020-08-08,0.012341833819256465
BTC,2020-08-09,-0.005335782248071297
BTC,2020-08-10,0.016123069333001894
BTC,2020-08-11,-0.04107744906752231
BTC,2020-08-12,0.015923981445416402
BTC,2020-08-13,0.016954963180793925
BTC,2020-08-14,8.154766519297141e-05
BTC,2020-08-15,0.007825501020473524
BTC,2020-08-16,0.002754493916105716
BTC,2020-08-17,0.03437156029023214
BTC,2020-08-18,-0.026582141754053268
BTC,2020-08-19,-0.021564412261696475
BTC,2020-08-20,0.01107190046438511
BTC,2020-08-21,-0.029312818706419108
BTC,2020-08-22,0.01358148010620397
BTC,2020-08-23,-0.0014288120832475215
BTC,2020-08-24,0.009028409835206475
BTC,2020-08-25,-0.035711204171155586
BTC,2020-08-26,0.009951224937308822
BTC,2020-08-27,-0.01381312114733646
BTC,2020-08-28,0.018668267769900382
BTC,2020-08-29,-0.003225273776850557
BTC,2020-08-30,0.01795786386509235
BTC,2020-08-31,-0.00176475385967656
BTC,2020-09-01,0.024697451519660518
BTC,2020-09-02,-0.04754768902850692
BTC,2020-09-03,-0.10648782787347066
BTC,2020-09-04,0.020303338232716683
BTC,2020-09-05,-0.033334412705830374
BTC,2020-09-06,0.01223218642903312
BTC,2020-09-07,0.011112811701464054
BTC,2020-09-08,-0.025322353132350983
BTC,2020-09-09,0.011260927993214764
BTC,2020-09-10,0.010849480868452943
BTC,2020-09-11,0.005056558686643342
BTC,2020-09-12,0.004798039719334568
BTC,2020-09-13,-0.01102679439727261
BTC,2020-09-14,0.03242527096132797
BTC,2020-09-15,0.01088160755428369
BTC,2020-09-16,0.01737602245410308
BTC,2020-09-17,-0.0029242989515605444
BTC,2020-09-18,-0.0014805645411328783
BTC,2020-09-19,0.013973807056862242
BTC,2020-09-20,-0.01387259931658491
BTC,2020-09-21,-0.04359083683841902
BTC,2020-09-22,0.00614624375006656
BTC,2020-09-23,-0.027615852163302534
BTC,2020-09-24,0.048238885458916414
BTC,2020-09-25,-0.0051732341323305064
BTC,2020-09-26,0.0054514056011054635
BTC,2020-09-27,0.0015621586552629907
BTC,2020-09-28,-0.0029273914648548782
BTC,2020-09-29,0.010549519122243112
BTC,2020-09-30,-0.006365579608193173
BTC,2020-10-01,-0.01550474708481886
BTC,2020-10-02,-0.003448285263443651
BTC,2020-10-03,-0.0013632845610729305
BTC,2020-10-04,0.010358841988452383
BTC,2020-10-05,0.009983822839597423
BTC,2020-10-06,-0.01649735339810121
BTC,2020-10-07,0.006661262759985576
BTC,2020-10-08,0.021821726671479524
BTC,2020-10-09,0.015614566776189776
BTC,2020-10-10,0.020445904735248988
BTC,2020-10-11,0.006649453859511212
BTC,2020-10-12,0.014842294628254038
BTC,2020-10-13,-0.009870936343439496
BTC,2020-10-14,-0.0015631554827155725
BTC,2020-10-15,0.007458523547244411
BTC,2020-10-16,-0.014324485676826981
BTC,2020-10-17,0.002098076867509846
BTC,2020-10-18,0.011099185383988797
BTC,2020-10-19,0.022052506435660035
BTC,2020-10-20,0.015513991822629691
BTC,2020-10-21,0.07421560220511658
BTC,2020-10-22,0.011530637844606062
BTC,2020-10-23,-0.0033963860889407727
BTC,2020-10-24,0.012309619550816109
BTC,2020-10-25,-0.005522819084447406
BTC,2020-10-26,0.0029871156491037
BTC,2020-10-27,0.04447314971237226
BTC,2020-10-28,-0.028571043801060014
BTC,2020-10-29,0.013815626304458206
BTC,2020-10-30,0.009459880124737197
BTC,2020-10-31,0.014880506543704541
BTC,2020-11-01,-0.005107029695148313
BTC,2020-11-02,-0.01034198085752358
BTC,2020-11-03,0.029093357675305853
BTC,2020-11-04,0.009402934807482666
BTC,2020-11-05,0.09944545750533962
BTC,2020-11-06,0.0008009903838512855
BTC,2020-11-07,-0.049385665603292495
BTC,2020-11-08,0.04173937578919151
BTC,2020-11-09,-0.01169265644717754
BTC,2020-11-10,-3.5529528954469924e-05
BTC,2020-11-11,0.026536730942106956
BTC,2020-11-12,0.034891445093951035
BTC,2020-11-13,0.0024676910862702073
BTC,2020-11-14,-0.014063640725407112
BTC,2020-11-15,-0.007183543645862045
BTC,2020-11-16,0.046222915777006435
BTC,2020-11-17,0.0545732591551058
BTC,2020-11-18,0.006905165827056692
BTC,2020-11-19,0.0007848018522835787
BTC,2020-11-20,0.046338137604797325
BTC,2020-11-21,0.002290986129006356
BTC,2020-11-22,-0.012041071890386945
BTC,2020-11-23,-0.005938535970242853
BTC,2020-11-24,0.04141960031363823
BTC,2020-11-25,-0.021207745015043855
BTC,2020-11-26,-0.09122778193176728
BTC,2020-11-27,-0.0007080953155433889
BTC,2020-11-28,0.036952846040243514
BTC,2020-11-29,0.024794599470615353
BTC,2020-11-30,0.07789063281003372
BTC,2020-12-01,-0.043857852668631736
BTC,2020-12-02,0.02073214593915651
BTC,2020-12-03,0.013206228782538076
BTC,2020-12-04,-0.038605885497171144
BTC,2020-12-05,0.020169256493755228
BTC,2020-12-06,0.012564480230285113
BTC,2020-12-07,-0.009037096512079401
BTC,2020-12-08,-0.0448437589724513
BTC,2020-12-09,0.012662464992056144
BTC,2020-12-10,-0.015180831125508831
BTC,2020-12-11,-0.012822435244906671
BTC,2020-12-12,0.040766206158153295
BTC,2020-12-13,0.018057085748349522
BTC,2020-12-14,0.0067981095036611094
BTC,2020-12-15,0.007533075479145168
BTC,2020-12-16,0.09507030127715588
BTC,2020-12-17,0.06426792200272757
BTC,2020-12-18,0.01132247201998915
BTC,2020-12-19,0.03445601222342809
BTC,2020-12-20,-0.013853578553383983
BTC,2020-12-21,-0.025445037604407972
BTC,2020-12-22,0.03510297598232093
BTC,2020-12-23,-0.019107174072093613
BTC,2020-12-24,0.017031697893729714
BTC,2020-12-25,0.039756990050829444
BTC,2020-12-26,0.07076271594647032
BTC,2020-12-27,-0.0017846335302760252
BTC,2020-12-28,0.02276103805553653
BTC,2020-12-29,0.007070325462905203
BTC,2020-12-30,0.05755977295108039
BTC,2020-12-31,0.006154022815987759
BTC,2021-01-01,0.012260485472795679
BTC,2021-01-02,0.08610665190663802
BTC,2021-01-03,0.038447134128372085
BTC,2021-01-04,-0.045357774692972086
BTC,2021-01-05,0.06721413100088824
BTC,2021-01-06,0.07448206806742519
BTC,2021-01-07,0.06784593782425397
BTC,2021-01-08,0.039003139189588865
BTC,2021-01-09,-0.009975233194879252
BTC,2021-01-10,-0.05188817241111643
BTC,2021-01-11,-0.08319670796809397
BTC,2021-01-12,-0.04515120129580019
BTC,2021-01-13,0.10103300735096532
BTC,2021-01-14,0.04582733969338726
BTC,2021-01-15,-0.06167025818676386
BTC,2021-01-16,-0.01462706932116653
BTC,2021-01-17,-0.0029709582743446816
BTC,2021-01-18,0.014432575548015691
BTC,2021-01-19,-0.009448978144993347
BTC,2021-01-20,-0.02047475596606141
BTC,2021-01-21,-0.13524137183580187
BTC,2021-01-22,0.06136915299595458
BTC,2021-01-23,-0.02922735777541874
BTC,2021-01-24,0.005597379248696299
BTC,2021-01-25,0.006299985361680527
BTC,2021-01-26,0.006791665347538611
BTC,2021-01-27,-0.07246724772432422
BTC,2021-01-28,0.09879146146237971
BTC,2021-01-29,0.019353045825862836
BTC,2021-01-30,0.005364234092999354
BTC,2021-01-31,-0.035320639655452624
BTC,2021-02-01,0.012361943389567642
BTC,2021-02-02,0.05859654643430545
BTC,2021-02-03,0.05419124894385874
BTC,2021-02-04,-0.012024903090280148
BTC,2021-02-05,0.024376739969113714
BTC,2021-02-06,0.03350517227423744
BTC,2021-02-07,-0.008646834824400429
BTC,2021-02-08,0.16764975160094409
BTC,2021-02-09,0.009198888151896512
BTC,2021-02-10,-0.032090348426073945
BTC,2021-02-11,0.06056886443226972
BTC,2021-02-12,-0.007705745272851061
BTC,2021-02-13,-0.006683679541291454
BTC,2021-02-14,0.03376473607856312
BTC,2021-02-15,-0.01484626530208466
BTC,2021-02-16,0.021186073858389776
BTC,2021-02-17,0.060878987444450416
BTC,2021-02-18,-0.011068591756382418
BTC,2021-02-19,0.07764971447935132
BTC,2021-02-20,0.0007398872674535539
BTC,2021-02-21,0.028916250226037832
BTC,2021-02-22,-0.06369979731169728
BTC,2021-02-23,-0.10528738706684315
BTC,2021-02-24,0.020522046439275243
BTC,2021-02-25,-0.04116924009881906
BTC,2021-02-26,-0.028495852063231908
BTC,2021-02-27,-0.008629797546904072
BTC,2021-02-28,-0.010418527777607878
BTC,2021-03-01,0.09006624445799005
BTC,2021-03-02,-0.02715611282678232
BTC,2021-03-03,0.04820889090161984
BTC,2021-03-04,-0.04473514639255072
BTC,2021-03-05,0.006744339355526208
BTC,2021-03-06,0.0034715141398358185
BTC,2021-03-07,0.042301075534920685
BTC,2021-03-08,0.01942406603807001
BTC,2021-03-09,0.04963518855875115
BTC,2021-03-10,0.024842799764163814
BTC,2021-03-11,0.030384295176597576
BTC,2021-03-12,-0.008900995747969986
BTC,2021-03-13,0.06669201708901973
BTC,2021-03-14,-0.02282672421443621
BTC,2021-03-15,-0.06525805167363607
BTC,2021-03-16,0.006736285828711885
BTC,2021-03-17,0.03790266871809855
BTC,2021-03-18,-0.016348598524084323
BTC,2021-03-19,0.007534868806635231
BTC,2021-03-20,0.0013703063543832883
BTC,2021-03-21,-0.013828752855594928
BTC,2021-03-22,-0.053538558230068034
BTC,2021-03-23,0.002026746045956429
BTC,2021-03-24,-0.03673833394909565
BTC,2021-03-25,-0.020132442965788755
BTC,2021-03-26,0.06151956480304399
BTC,2021-03-27,0.021689865021793153
BTC,2021-03-28,-0.005491668153945639
BTC,2021-03-29,0.032808824450579976
BTC,2021-03-30,0.019153440162932966
BTC,2021-03-31,0.001832642999724854
BTC,2021-04-01,0.00045543754110255463
BTC,2021-04-02,0.0036072334196930456
BTC,2021-04-03,-0.0300785359351341
BTC,2021-04-04,0.015929904171862574
BTC,2021-04-05,0.00946762132264034
BTC,2021-04-06,-0.0114993833481698
BTC,2021-04-07,-0.03178610279732297
BTC,2021-04-08,0.02970554165058381
BTC,2021-04-09,0.0015242493201199636
BTC,2021-04-10,0.02718521337711799
BTC,2021-04-11,0.00470583065357566
BTC,2021-04-12,-0.000450509482575967
BTC,2021-04-13,0.057407844748524894
BTC,2021-04-14,-0.009122370450702633
BTC,2021-04-15,0.005736185608240518
BTC,2021-04-16,-0.02660449637338047
BTC,2021-04-17,-0.0211778597401846
BTC,2021-04-18,-0.06673090956474681
BTC,2021-04-19,-0.01054351607175441
BTC,2021-04-20,0.012046490352053851
BTC,2021-04-21,-0.044325271100754904
BTC,2021-04-22,-0.04048864034079358
BTC,2021-04-23,-0.018031936818632133
BTC,2021-04-24,-0.013334766816146981
BTC,2021-04-25,-0.026869488960654664
BTC,2021-04-26,0.09719755199513003
BTC,2021-04-27,0.019890115524471952
BTC,2021-04-28,-0.004364685085409548
BTC,2021-04-29,-0.022525129291823376
BTC,2021-04-30,0.07504046722227287
BTC,2021-05-01,0.002113160933991054
BTC,2021-05-02,-0.022563637513222545
BTC,2021-05-03,0.011781377822201122
BTC,2021-05-04,-0.0634442344977586
BTC,2021-05-05,0.06517193048974157
BTC,2021-05-06,-0.014309142506597539
BTC,2021-05-07,0.014292449433041199
BTC,2021-05-08,0.024037876201244757
BTC,2021-05-09,-0.007651427722713322
BTC,2021-05-10,-0.04178678904981048
BTC,2021-05-11,0.012606036681978239
BTC,2021-05-12,-0.1049393615399783
BTC,2021-05-13,-0.031968540778798626
BTC,2021-05-14,0.012656034345255307
BTC,2021-05-15,-0.060803344286748384
BTC,2021-05-16,-0.022037089877688487
BTC,2021-05-17,-0.05654438159201902
BTC,2021-05-18,-0.016286130413563527
BTC,2021-05-19,-0.12816571334818327
BTC,2021-05-20,0.08053316548119405
BTC,2021-05-21,-0.09304892911001339
BTC,2021-05-22,0.012539667072477556
BTC,2021-05-23,-0.07928222582666322
BTC,2021-05-24,0.10516382712676631
BTC,2021-05-25,-0.009379449745932078
BTC,2021-05-26,0.02388527006086605
BTC,2021-05-27,-0.017605385010215358
BTC,2021-05-28,-0.0786867614033131
BTC,2021-05-29,-0.026037857954353427
BTC,2021-05-30,0.02759439681507736
BTC,2021-05-31,0.04553113854840163
BTC,2021-06-01,-0.017617285041096054
BTC,2021-06-02,0.026329019633845263
BTC,2021-06-03,0.039606805423078484
BTC,2021-06-04,-0.05987167818246952
BTC,2021-06-05,-0.040805935915484426
BTC,2021-06-06,0.008745630540188287
BTC,2021-06-07,-0.057491008304783264
BTC,2021-06-08,-0.007436313715484033
BTC,2021-06-09,0.11014786837598756
BTC,2021-06-10,-0.014744043753799119
BTC,2021-06-11,0.009711848597683925
BTC,2021-06-12,-0.04162926010792489
BTC,2021-06-13,0.08736072679334583
BTC,2021-06-14,0.038557484185066215
BTC,2021-06-15,-0.004979415550556254
BTC,2021-06-16,-0.05067571074127386
BTC,2021-06-17,-0.006473200012141689
BTC,2021-06-18,-0.06252514384332741
BTC,2021-06-19,-0.004443252467176251
BTC,2021-06-20,0.0012357506845752653
BTC,2021-06-21,-0.11554920956183068
BTC,2021-06-22,0.02119557581972842
BTC,2021-06-23,0.036848051842611085
BTC,2021-06-24,0.030718226243033442
BTC,2021-06-25,-0.08976050791646983
BTC,2021-06-26,0.006517551011169687
BTC,2021-06-27,0.07883376432605971
BTC,2021-06-28,-0.003783325924171521
BTC,2021-06-29,0.04431361949328938
BTC,2021-06-30,-0.02446097468266828
BTC,2021-07-01,-0.04551969202404038
BTC,2021-07-02,0.008259033504838698
BTC,2021-07-03,0.02355716838364863
BTC,2021-07-04,0.02194373300922514
BTC,2021-07-05,-0.041695343503169724
BTC,2021-07-06,0.006238733651569461
BTC,2021-07-07,-0.005653126019725008
BTC,2021-07-08,-0.033319571093889166
BTC,2021-07-09,0.03282617602094717
BTC,2021-07-10,-0.009002104881931317
BTC,2021-07-11,0.019081215351034686
BTC,2021-07-12,-0.0333357530480729
BTC,2021-07-13,-0.014998178944667373
BTC,2021-07-14,0.004777146487272788
BTC,2021-07-15,-0.033816973396310956
BTC,2021-07-16,-0.007978473646929274
BTC,2021-07-17,0.002927882924870673
BTC,2021-07-18,0.005051026448978035
BTC,2021-07-19,-0.026338594009985172
BTC,2021-07-20,-0.03683218249574516
BTC,2021-07-21,0.07607931875061524
BTC,2021-07-22,0.00581451376359432
BTC,2021-07-23,0.0344579668067837
BTC,2021-07-24,0.021517070149027262
BTC,2021-07-25,0.027511219263239184
BTC,2021-07-26,0.06409839410813056
BTC,2021-07-27,0.04393363503380954
BTC,2021-07-28,0.02055713212426724
BTC,2021-07-29,0.003673098626448379
BTC,2021-07-30,0.041617863141189204
BTC,2021-07-31,8.725819246180322e-05
BTC,2021-08-01,-0.04463299165239931
BTC,2021-08-02,-0.0167723424913806
BTC,2021-08-03,-0.026172945875099884
BTC,2021-08-04,0.038053115076936095
BTC,2021-08-05,0.028936689295125717
BTC,2021-08-06,0.044164888231025046
BTC,2021-08-07,0.03883703778228842
BTC,2021-08-08,-0.011589905552726876
BTC,2021-08-09,0.0508397086809218
BTC,2021-08-10,-0.016933672323427018
BTC,2021-08-11,0.004114191221121999
BTC,2021-08-12,-0.028211212586169765
BTC,2021-08-13,0.07192897166809864
BTC,2021-08-14,-0.012511122868884783
BTC,2021-08-15,-0.0010580705231415521
BTC,2021-08-16,-0.02341954126567991
BTC,2021-08-17,-0.02802034885665705
BTC,2021-08-18,0.005359019709821666
BTC,2021-08-19,0.03695781131107623
BTC,2021-08-20,0.054117623677631954
BTC,2021-08-21,-0.003470510381658798
BTC,2021-08-22,0.005954798339868006
BTC,2021-08-23,0.004599313436576935
BTC,2021-08-24,-0.034151592963830524
BTC,2021-08-25,0.022212294998226412
BTC,2021-08-26,-0.03767825821038606
BTC,2021-08-27,0.03861979038155816
BTC,2021-08-28,-0.004004191230453813
BTC,2021-08-29,0.001960703239131334
BTC,2021-08-30,-0.03794566509355768
BTC,2021-08-31,0.0019815748866243155
BTC,2021-09-01,0.030642105334095504
BTC,2021-09-02,0.013890938189023316
BTC,2021-09-03,0.00989521916545577
BTC,2021-09-04,0.001183470452904345
BTC,2021-09-05,0.03596564000763358
BTC,2021-09-06,0.01710856250686632
BTC,2021-09-07,-0.11644253037630037
BTC,2021-09-08,-0.014325435255026164
BTC,2021-09-09,0.00563059014629097
BTC,2021-09-10,-0.036917348655494564
BTC,2021-09-11,0.007418278499685016
BTC,2021-09-12,0.023709047579387743
BTC,2021-09-13,-0.02608599135253087
BTC,2021-09-14,0.04415464002905267
BTC,2021-09-15,0.024049355860183752
BTC,2021-09-16,-0.007708325620876977
BTC,2021-09-17,-0.012283646726883646
BTC,2021-09-18,0.020756189976575357
BTC,2021-09-19,-0.020657074131250397
BTC,2021-09-20,-0.0969509813246443
BTC,2021-09-21,-0.055878413942972216
BTC,2021-09-22,0.07258680642066295
BTC,2021-09-23,0.029032838470678612
BTC,2021-09-24,-0.04696008153326403
BTC,2021-09-25,-0.0015909054481380025
BTC,2021-09-26,0.009224339752543997
BTC,2021-09-27,-0.014820385335832853
BTC,2021-09-28,-0.03041300478840725
BTC,2021-09-29,0.005567674008904788
BTC,2021-09-30,0.05462930422774015
BTC,2021-10-01,0.09361502353625539
BTC,2021-10-02,-0.0059599771540490565
BTC,2021-10-03,0.00854598582036381
BTC,2021-10-04,0.022277377753182392
BTC,2021-10-05,0.045017529673266665
BTC,2021-10-06,0.07222859365961476
BTC,2021-10-07,-0.02956762207438679
BTC,2021-10-08,0.0023830017909816092
BTC,2021-10-09,0.019779438214969858
BTC,2021-10-10,-0.0056446518974127
BTC,2021-10-11,0.046224783807975456
BTC,2021-10-12,-0.019263082407089627
BTC,2021-10-13,0.020304733238566186
BTC,2021-10-14,0.000612623400453316
BTC,2021-10-15,0.06839394537736077
BTC,2021-10-16,-0.008400581801904394
BTC,2021-10-17,0.008663190010564037
BTC,2021-10-18,0.008341561368574446
BTC,2021-10-19,0.036653785170518205
BTC,2021-10-20,0.027172553294818158
BTC,2021-10-21,-0.05744392742436588
BTC,2021-10-22,-0.026363682201525407
BTC,2021-10-23,0.008182192556738244
BTC,2021-10-24,-0.006299556650491311
BTC,2021-10-25,0.03497170271019456
BTC,2021-10-26,-0.04274790889327562
BTC,2021-10-27,-0.030780600560715854
BTC,2021-10-28,0.03360126843641886
BTC,2021-10-29,0.027140040014435485
BTC,2021-10-30,-0.007870886625184426
BTC,2021-10-31,-0.005032594155428782
BTC,2021-11-01,-0.005564182034829557
BTC,2021-11-02,0.03114498172246627
BTC,2021-11-03,-0.0010916824194513453
BTC,2021-11-04,-0.025125461567956364
BTC,2021-11-05,-0.006340707480966046
BTC,2021-11-06,0.0073364613249840005
BTC,2021-11-07,0.025524111567666097
BTC,2021-11-08,0.06891582289091858
BTC,2021-11-09,-0.006627752254459551
BTC,2021-11-10,-0.03549069007109118
BTC,2021-11-11,0.0031892550148171495
BTC,2021-11-12,-0.013700621089547838
BTC,2021-11-13,0.004963136138247393
BTC,2021-11-14,0.009803591859148142
BTC,2021-11-15,-0.019858792296016503
BTC,2021-11-16,-0.05531900117428279
BTC,2021-11-17,-0.002792065981658709
BTC,2021-11-18,-0.057479640346265626
BTC,2021-11-19,0.021252192309811235
BTC,2021-11-20,0.02947476560750495
BTC,2021-11-21,-0.012070142499833736
BTC,2021-11-22,-0.04591251109439298
BTC,2021-11-23,0.02207834896505112
BTC,2021-11-24,-0.008719650318724348
BTC,2021-11-25,0.03214770667022293
BTC,2021-11-26,-0.09239918508628264
BTC,2021-11-27,0.015405903764616369
BTC,2021-11-28,0.04671180379046724
BTC,2021-11-29,0.011672360239906254
BTC,2021-11-30,-0.014323218936022286
BTC,2021-12-01,0.0014630522172307536
BTC,2021-12-02,-0.010508142872780013
BTC,2021-12-03,-0.05282241236606211
BTC,2021-12-04,-0.08780938657305803
BTC,2021-12-05,0.0033985856522704694
BTC,2021-12-06,0.024201083907705367
BTC,2021-12-07,0.0007723796366700952
BTC,2021-12-08,-0.0014606659084019924
BTC,2021-12-09,-0.05208147982173017
BTC,2021-12-10,-0.01049747204808682
BTC,2021-12-11,0.0389582102689463
BTC,2021-12-12,0.01638517489881508
BTC,2021-12-13,-0.06918108084878405
BTC,2021-12-14,0.03171039687267907
BTC,2021-12-15,0.011077580996674996
BTC,2021-12-16,-0.02419236628343313
BTC,2021-12-17,-0.028278784416428948
BTC,2021-12-18,0.012235113102814665
BTC,2021-12-19,-0.0006066614987378927
BTC,2021-12-20,0.0016697341717648584
BTC,2021-12-21,0.04430898246241277
BTC,2021-12-22,-0.00797686813068843
BTC,2021-12-23,0.04066493819432715
BTC,2021-12-24,0.0013963723137262463
BTC,2021-12-25,-0.0038152428380424652
BTC,2021-12-26,0.0041001780593390436
BTC,2021-12-27,-3.797270194283442e-05
BTC,2021-12-28,-0.06345892260256214
BTC,2021-12-29,-0.025552260670275828
BTC,2021-12-30,0.013511429598327851
BTC,2021-12-31,-0.015993600549213838
BTC,2022-01-01,0.025660576901566756
BTC,2022-01-02,-0.004371432818325971
BTC,2022-01-03,-0.019170480260157774
BTC,2022-01-04,-0.011855375427140658
BTC,2022-01-05,-0.0531229381608167
BTC,2022-01-06,-0.008906310886695579
BTC,2022-01-07,-0.038564289544726904
BTC,2022-01-08,0.00689042109808824
BTC,2022-01-09,0.0020716817752273187
BTC,2022-01-10,-0.001661759872559898
BTC,2022-01-11,0.02249255069457412
BTC,2022-01-12,0.02750914536074056
BTC,2022-01-13,-0.0308187835208944
BTC,2022-01-14,0.011099727357244404
BTC,2022-01-15,0.0024105603214312765
BTC,2022-01-16,-0.0008755909166300313
BTC,2022-01-17,-0.02243213781871667
BTC,2022-01-18,0.005197437612808997
BTC,2022-01-19,-0.015282129441944292
BTC,2022-01-20,-0.024996400955750175
BTC,2022-01-21,-0.11050523434569115
BTC,2022-01-22,-0.04185598843845817
BTC,2022-01-23,0.035774968834950016
BTC,2022-01-24,0.010658837309559743
BTC,2022-01-25,0.007956905300556372
BTC,2022-01-26,-0.0034362978614481676
BTC,2022-01-27,0.0053112779675217325
BTC,2022-01-28,0.01997398974584641
BTC,2022-01-29,0.008422295860269102
BTC,2022-01-30,-0.002754895059274176
BTC,2022-01-31,0.01253620001219069
BTC,2022-02-01,0.008421771440788817
BTC,2022-02-02,-0.0487519261215148
BTC,2022-02-03,0.0031167988789562173
BTC,2022-02-04,0.10304423178331135
BTC,2022-02-05,0.010381094646861655
BTC,2022-02-06,0.020262427575941544
BTC,2022-02-07,0.03550064503412642
BTC,2022-02-08,0.0063247083510891144
BTC,2022-02-09,0.005365749675085851
BTC,2022-02-10,-0.017967667089630268
BTC,2022-02-11,-0.02924476456151126
BTC,2022-02-12,-0.004350193690170201
BTC,2022-02-13,0.0005247267413821533
BTC,2022-02-14,0.010621452639352214
BTC,2022-02-15,0.04281948153667692
BTC,2022-02-16,-0.010074847486947647
BTC,2022-02-17,-0.08166697323152405
BTC,2022-02-18,-0.014030583498421123
BTC,2022-02-19,0.001289413061302369
BTC,2022-02-20,-0.039275581451288843
BTC,2022-02-21,-0.038434156810126296
BTC,2022-02-22,0.029339390780735997
BTC,2022-02-23,-0.023688437238009286
BTC,2022-02-24,0.025811595531600062
BTC,2022-02-25,0.026802596629222464
BTC,2022-02-26,-0.006817859427458828
BTC,2022-02-27,-0.03628589544885763
BTC,2022-02-28,0.13663473907047496
BTC,2022-03-01,0.026402037908791698
BTC,2022-03-02,-0.007922968273284425
BTC,2022-03-03,-0.0345051813006787
BTC,2022-03-04,-0.08304777882008096
BTC,2022-03-05,0.007070448667290563
BTC,2022-03-06,-0.0253163781529544
BTC,2022-03-07,-0.006600188562094544
BTC,2022-03-08,0.015057558813124317
BTC,2022-03-09,0.08091956198324901
BTC,2022-03-10,-0.06156585430791495
BTC,2022-03-11,-0.016777663032199186
BTC,2022-03-12,0.003234028606081907
BTC,2022-03-13,-0.029778668385532114
BTC,2022-03-14,0.047537754752747574
BTC,2022-03-15,-0.007397748975051854
BTC,2022-03-16,0.043382030452386644
BTC,2022-03-17,-0.003298519847051651
BTC,2022-03-18,0.020768298968947718
BTC,2022-03-19,0.0087372281854865
BTC,2022-03-20,-0.021523427179090504
BTC,2022-03-21,-0.005592443732835406
BTC,2022-03-22,0.031609050027686436
BTC,2022-03-23,0.00824819913491126
BTC,2022-03-24,0.028612511442284827
BTC,2022-03-25,0.008433787012320337
BTC,2022-03-26,0.0038910479297289413
BTC,2022-03-27,0.049459141368348725
BTC,2022-03-28,0.009498862529731866
BTC,2022-03-29,0.005070524701194401
BTC,2022-03-30,-0.007197901918528871
BTC,2022-03-31,-0.03368885082692685
BTC,2022-04-01,0.014990075525416202
BTC,2022-04-02,-0.0067347722218062955
BTC,2022-04-03,0.010838904855756226
BTC,2022-04-04,0.0047787812873583135
BTC,2022-04-05,-0.02100576830313905
BTC,2022-04-06,-0.05367922905862699
BTC,2022-04-07,0.006080319358686026
BTC,2022-04-08,-0.031403925048328674
BTC,2022-04-09,0.010810687103626648
BTC,2022-04-10,-0.00980710899092685
BTC,2022-04-11,-0.06653201115062224
BTC,2022-04-12,0.013871118225228685
BTC,2022-04-13,0.0260051549647482
BTC,2022-04-14,-0.030501204375745772
BTC,2022-04-15,0.01518692795769816
BTC,2022-04-16,-0.002167400465109992
BTC,2022-04-17,-0.01833752545565659
BTC,2022-04-18,0.027673001536159703
BTC,2022-04-19,0.016299645942925878
BTC,2022-04-20,-0.002268659183785715
BTC,2022-04-21,-0.02292373189661845
BTC,2022-04-22,-0.017944698136684423
BTC,2022-04-23,-0.0039212806725146265
BTC,2022-04-24,-0.0017905051716020637
BTC,2022-04-25,0.024058118137565643
BTC,2022-04-26,-0.06115343489356562
BTC,2022-04-27,0.029649394054658273
BTC,2022-04-28,0.013409725948136497
BTC,2022-04-29,-0.029060746193694698
BTC,2022-04-30,-0.023464616433740204
BTC,2022-05-01,0.019564743871288925
BTC,2022-05-02,0.0027740493374608377
BTC,2022-05-03,-0.02259575045725981
BTC,2022-05-04,0.050108493814892796
BTC,2022-05-05,-0.08251770685597926
BTC,2022-05-06,-0.012655068582748896
BTC,2022-05-07,-0.014934610564379724
BTC,2022-05-08,-0.0416864722281467
BTC,2022-05-09,-0.11174545648269785
BTC,2022-05-10,0.017342175609208255
BTC,2022-05-11,-0.07343246900850531
BTC,2022-05-12,0.008098308101848417
BTC,2022-05-13,0.008753222138448535
BTC,2022-05-14,0.025819721279615848
BTC,2022-05-15,0.03693385156866036
BTC,2022-05-16,-0.04234991708433533
BTC,2022-05-17,0.018187204914182686
BTC,2022-05-18,-0.05632261752775669
BTC,2022-05-19,0.0503812212921666
BTC,2022-05-20,-0.0347581127344494
BTC,2022-05-21,0.006678668999402504
BTC,2022-05-22,0.030521768300769025
BTC,2022-05-23,-0.041864778865127406
BTC,2022-05-24,0.01891471038359782
BTC,2022-05-25,-0.002243257175186031
BTC,2022-05-26,-0.008310178162604487
BTC,2022-05-27,-0.024867986566302847
BTC,2022-05-28,0.015036622323272297
BTC,2022-05-29,0.013152629729612286
BTC,2022-05-30,0.07543335826914266
BTC,2022-05-31,0.0030032588479027567
BTC,2022-06-01,-0.065075635375619
BTC,2022-06-02,0.022488720388848193
BTC,2022-06-03,-0.02797722262145541
BTC,2022-06-04,0.0043641995226728625
BTC,2022-06-05,0.004120123739564718
BTC,2022-06-06,0.04631975337641592
BTC,2022-06-07,-0.005075930467564049
BTC,2022-06-08,-0.030833511637684552
BTC,2022-06-09,-0.005439427766674498
BTC,2022-06-10,-0.033624116983947516
BTC,2022-06-11,-0.024712920700007857
BTC,2022-06-12,-0.055476307179912254
BTC,2022-06-13,-0.18421581940977028
BTC,2022-06-14,-0.010966342755704517
BTC,2022-06-15,0.02008984202180386
BTC,2022-06-16,-0.10331683765295452
BTC,2022-06-17,0.007590555142249045
BTC,2022-06-18,-0.07354407646025685
BTC,2022-06-19,0.07488040164219889
BTC,2022-06-20,0.0038639344035971135
BTC,2022-06-21,0.005663400464538171
BTC,2022-06-22,-0.03368562703376021
BTC,2022-06-23,0.05324504668483776
BTC,2022-06-24,0.00952801318882912
BTC,2022-06-25,0.007915700994338692
BTC,2022-06-26,-0.018889596695581545
BTC,2022-06-27,-0.015092912514935719
BTC,2022-06-28,-0.02378952728540895
BTC,2022-06-29,-0.009035893083520818
BTC,2022-06-30,-0.037962573938456146
BTC,2022-07-01,0.00046288541945749273
BTC,2022-07-02,-0.00570501294386716
BTC,2022-07-03,0.0023206904395856043
BTC,2022-07-04,0.04809616419735718
BTC,2022-07-05,-0.001630676920429508
BTC,2022-07-06,0.018035495792013023
BTC,2022-07-07,0.05168252038114751
BTC,2022-07-08,0.007471205168638306
BTC,2022-07-09,-0.010537453512608153
BTC,2022-07-10,-0.035549367273253196
BTC,2022-07-11,-0.0421576673854549
BTC,2022-07-12,-0.032166000293836206
BTC,2022-07-13,0.04134686689391742
BTC,2022-07-14,0.019523417763718243
BTC,2022-07-15,0.013474951750948705
BTC,2022-07-16,0.01735955033781522
BTC,2022-07-17,-0.017543617919093535
BTC,2022-07-18,0.06854966186780942
BTC,2022-07-19,0.046662059938274325
BTC,2022-07-20,-0.0038697949544310717
BTC,2022-07-21,-0.005535964945483585
BTC,2022-07-22,-0.01946596241539922
BTC,2022-07-23,-0.009808516865453143
BTC,2022-07-24,0.007483684260433776
BTC,2022-07-25,-0.05178427219237136
BTC,2022-07-26,-0.015388106814988589
BTC,2022-07-27,0.07793202216671702
BTC,2022-07-28,0.040236609795453404
BTC,2022-07-29,0.004694929974478512
BTC,2022-07-30,-0.013760010790520028
BTC,2022-07-31,-0.011377942001342234
BTC,2022-08-01,-0.0010593613275382552
BTC,2022-08-02,-0.012942253317445918
BTC,2022-08-03,-0.009671705528536023
BTC,2022-08-04,-0.00798521088943005
BTC,2022-08-05,0.027058141506472566
BTC,2022-08-06,-0.010928646335601755
BTC,2022-08-07,0.0068205531057436986
BTC,2022-08-08,0.02768615055024526
BTC,2022-08-09,-0.026277720875919286
BTC,2022-08-10,0.03128155287166656
BTC,2022-08-11,0.00047560252233935785
BTC,2022-08-12,0.019113457629432062
BTC,2022-08-13,0.0012254068518764427
BTC,2022-08-14,-0.004596621437841009
BTC,2022-08-15,-0.009514820903104848
BTC,2022-08-16,-0.008972830988943414
BTC,2022-08-17,-0.02256079265423594
BTC,2022-08-18,-0.004947796372920976
BTC,2022-08-19,-0.1049915348948467
BTC,2022-08-20,0.011408873936231245
BTC,2022-08-21,0.019079508960404112
BTC,2022-08-22,-0.011803270391581577
BTC,2022-08-23,0.010899000521499502
BTC,2022-08-24,-0.005099770669664494
BTC,2022-08-25,0.007572977933815395
BTC,2022-08-26,-0.06416475273469224
BTC,2022-08-27,-0.010036015700963574
BTC,2022-08-28,-0.018654757858973525
BTC,2022-08-29,0.029914691256289316
BTC,2022-08-30,-0.022222206896639563
BTC,2022-08-31,0.009997961597099092
BTC,2022-09-01,0.004026456029652792
BTC,2022-09-02,-0.00781971385349145
BTC,2022-09-03,-0.007296317349585024
BTC,2022-09-04,0.007950533960093153
BTC,2022-09-05,-0.008255394206269528
BTC,2022-09-06,-0.04926198068051768
BTC,2022-09-07,0.02342884175357085
BTC,2022-09-08,0.001358010933920184
BTC,2022-09-09,0.10057960365618968
BTC,2022-09-10,0.016337839565666812
BTC,2022-09-11,0.0008083124235334083
BTC,2022-09-12,0.028685544559253984
BTC,2022-09-13,-0.10355631129865905
BTC,2022-09-14,0.004024803643490671
BTC,2022-09-15,-0.027515589676928798
BTC,2022-09-16,0.002267217536930488
BTC,2022-09-17,0.019022301861102875
BTC,2022-09-18,-0.035080240436473176
BTC,2022-09-19,0.0067142197248770685
BTC,2022-09-20,-0.03565355885888977
BTC,2022-09-21,-0.019593561736014564
BTC,2022-09-22,0.04788614042548289
BTC,2022-09-23,-0.004526163975921094
BTC,2022-09-24,-0.021024558527859227
BTC,2022-09-25,-0.006978759939039847
BTC,2022-09-26,0.02147645194356862
BTC,2022-09-27,-0.004928125573037789
BTC,2022-09-28,0.018059783467382573
BTC,2022-09-29,0.004407106999719801
BTC,2022-09-30,-0.005422404153042848
BTC,2022-10-01,-0.006366082512544224
BTC,2022-10-02,-0.015475959424412267
BTC,2022-10-03,0.03199031738762237
BTC,2022-10-04,0.03535412139211758
BTC,2022-10-05,-0.009130635522058839
BTC,2022-10-06,-0.010200741764805343
BTC,2022-10-07,-0.020836767319003968
BTC,2022-10-08,-0.006313237697332497
BTC,2022-10-09,0.0006276250049221943
BTC,2022-10-10,-0.01420154605231616
BTC,2022-10-11,-0.0060283531682010505
BTC,2022-10-12,0.006159245562537663
BTC,2022-10-13,0.01198217175567251
BTC,2022-10-14,-0.010897901277441946
BTC,2022-10-15,-0.005637977223434731
BTC,2022-10-16,0.010011392140761188
BTC,2022-10-17,0.01521314072636848
BTC,2022-10-18,-0.01108612702812728
BTC,2022-10-19,-0.010877869449869237
BTC,2022-10-20,-0.005176326434607859
BTC,2022-10-21,0.007406827734762089
BTC,2022-10-22,0.0017066195767263537
BTC,2022-10-23,0.018455811788179233
BTC,2022-10-24,-0.01151234078224661
BTC,2022-10-25,0.03821810391858094
BTC,2022-10-26,0.03434113459207744
BTC,2022-10-27,-0.025166413568351587
BTC,2022-10-28,0.015871210001369818
BTC,2022-10-29,0.00962544111795438
BTC,2022-10-30,-0.009038874542948605
BTC,2022-10-31,-0.006122746480890839
BTC,2022-11-01,-0.00033638459838769563
BTC,2022-11-02,-0.016523308727757424
BTC,2022-11-03,0.002469943432586774
BTC,2022-11-04,0.04639330220718385
BTC,2022-11-05,0.0059483936622903855
BTC,2022-11-06,-0.015944755255365095
BTC,2022-11-07,-0.018222089810944198
BTC,2022-11-08,-0.10486027871137793
BTC,2022-11-09,-0.16153700912626157
BTC,2022-11-10,0.10720628153968192
BTC,2022-11-11,-0.03626273495246579
BTC,2022-11-12,-0.008644529971919113
BTC,2022-11-13,-0.027243789516919747
BTC,2022-11-14,0.018755044134955767
BTC,2022-11-15,0.013505648550232507
BTC,2022-11-16,-0.01169557005858124
BTC,2022-11-17,0.0009343205197378524
BTC,2022-11-18,-0.0008192810195577493
BTC,2022-11-19,0.002067366252342495
BTC,2022-11-20,-0.027270695265261935
BTC,2022-11-21,-0.029281049797303282
BTC,2022-11-22,0.024718675352985997
BTC,2022-11-23,0.02450258380043735
BTC,2022-11-24,0.0005707662064740049
BTC,2022-11-25,-0.003693336418008286
BTC,2022-11-26,-0.004473478191084013
BTC,2022-11-27,-0.0007645217905025703
BTC,2022-11-28,-0.013690785291814223
BTC,2022-11-29,0.014114522537425955
BTC,2022-11-30,0.043663287736734446
BTC,2022-12-01,-0.01263158655225638
BTC,2022-12-02,0.0066880019007022895
BTC,2022-12-03,-0.010337324489050559
BTC,2022-12-04,0.013063067330234546
BTC,2022-12-05,-0.009410208315472346
BTC,2022-12-06,0.00641542316411936
BTC,2022-12-07,-0.013105852634035742
BTC,2022-12-08,0.02248966732717328
BTC,2022-12-09,-0.005546360584288479
BTC,2022-12-10,-0.0006966838852733304
BTC,2022-12-11,-0.001744901868930171
BTC,2022-12-12,0.005900552219369359
BTC,2022-12-13,0.03313911017168891
BTC,2022-12-14,0.001956319462081524
BTC,2022-12-15,-0.026494839896580302
BTC,2022-12-16,-0.043479054595238154
BTC,2022-12-17,0.010082332088559909
BTC,2022-12-18,0.00010316121462139449
BTC,2022-12-19,-0.02120452447033294
BTC,2022-12-20,0.028669447870038667
BTC,2022-12-21,-0.006010516816447264
BTC,2022-12-22,0.0008144999985297829
BTC,2022-12-23,-0.0020066005040746404
BTC,2022-12-24,0.0033966937826832577
BTC,2022-12-25,-0.0007588988059641366
BTC,2022-12-26,0.0032695248158685075
BTC,2022-12-27,-0.010782305706175777
BTC,2022-12-28,-0.009785910220855953
BTC,2022-12-29,0.005686346631168959
BTC,2022-12-30,-0.0022215283155020416
BTC,2022-12-31,-0.004195381608621318
BTC,2023-01-01,0.004982311831565056
BTC,2023-01-02,0.004923636280773636
BTC,2023-01-03,-0.0011176596912978454
BTC,2023-01-04,0.010638342281422908
BTC,2023-01-05,-0.0013996818837185288
BTC,2023-01-06,0.007877578000647034
BTC,2023-01-07,-0.0008987295065594481
BTC,2023-01-08,0.006859141427748128
BTC,2023-01-09,0.007188950413562267
BTC,2023-01-10,0.014536486365370749
BTC,2023-01-11,0.02267310349436258
BTC,2023-01-12,0.056467169206179335
BTC,2023-01-13,0.051589175964164014
BTC,2023-01-14,0.055895557420674535
BTC,2023-01-15,-0.006441848394123539
BTC,2023-01-16,0.014476206234432354
BTC,2023-01-17,-9.974582527583209e-05
BTC,2023-01-18,-0.022376370501266507
BTC,2023-01-19,0.017336565924560787
BTC,2023-01-20,0.07269565473791495
BTC,2023-01-21,0.006266788281866553
BTC,2023-01-22,-0.00381795784040051
BTC,2023-01-23,0.009321845964748832
BTC,2023-01-24,-0.013961445726026867
BTC,2023-01-25,0.0217836845528101
BTC,2023-01-26,-0.004353861527397029
BTC,2023-01-27,0.0026826436883524707
BTC,2023-01-28,-0.0026774287890791726
BTC,2023-01-29,0.03275729285219242
BTC,2023-01-30,-0.04189904012517687
BTC,2023-01-31,0.014397305113945436
BTC,2023-02-01,0.02548945863109431
BTC,2023-02-02,-0.009383282608988353
BTC,2023-02-03,-0.002546960263860143
BTC,2023-02-04,-0.0038583898567825514
BTC,2023-02-05,-0.01720083647551185
BTC,2023-02-06,-0.009280113108067312
BTC,2023-02-07,0.022652041049056493
BTC,2023-02-08,-0.014228026853272624
BTC,2023-02-09,-0.05003217561265316
BTC,2023-02-10,-0.00909940796992359
BTC,2023-02-11,0.011235875142613594
BTC,2023-02-12,-0.004249854748104909
BTC,2023-02-13,0.001220008011083351
BTC,2023-02-14,0.01925041015895701
BTC,2023-02-15,0.08956470086489965
BTC,2023-02-16,-0.023401630855207856
BTC,2023-02-17,0.03578005767580805
BTC,2023-02-18,0.0011855695069318273
BTC,2023-02-19,-0.011000784628626192
BTC,2023-02-20,0.01752729632083927
BTC,2023-02-21,-0.016157584259918423
BTC,2023-02-22,-0.009745970519114522
BTC,2023-02-23,-0.010554907984138495
BTC,2023-02-24,-0.0311885371042262
BTC,2023-02-25,-0.0006909913861701256
BTC,2023-02-26,0.01637147220752766
BTC,2023-02-27,-0.0016114776224966931
BTC,2023-02-28,-0.015358896826530355
BTC,2023-03-01,0.019878484897811077
BTC,2023-03-02,-0.005974170862771189
BTC,2023-03-03,-0.0488934687459075
BTC,2023-03-04,-0.0007076732550661546
BTC,2023-03-05,0.003822307889642218
BTC,2023-03-06,-0.00022812035913943873
BTC,2023-03-07,-0.010767465453373148
BTC,2023-03-08,-0.021573609637355773
BTC,2023-03-09,-0.06430428569684565
BTC,2023-03-10,-0.005390842488028014
BTC,2023-03-11,0.01689310081724571
BTC,2023-03-12,0.06946301895234619
BTC,2023-03-13,0.09043070505382822
BTC,2023-03-14,0.025125817940114814
BTC,2023-03-15,-0.014608817810524144
BTC,2023-03-16,0.025619122008905038
BTC,2023-03-17,0.0917851715547311
BTC,2023-03-18,-0.01708062654555853
BTC,2023-03-19,0.04348874138165648
BTC,2023-03-20,-0.012526800769995461
BTC,2023-03-21,0.012086427566913471
BTC,2023-03-22,-0.029949014030686172
BTC,2023-03-23,0.037554853012284894
BTC,2023-03-24,-0.03308203138845478
BTC,2023-03-25,0.0009036777047608524
BTC,2023-03-26,0.020182661869514007
BTC,2023-03-27,-0.032405887323314175
BTC,2023-03-28,0.004738050636269975
BTC,2023-03-29,0.03971291555753709
BTC,2023-03-30,-0.013037870767643511
BTC,2023-03-31,0.017444934946446722
BTC,2023-04-01,-0.0007057599411091076
BTC,2023-04-02,-0.011739846486380046
BTC,2023-04-03,-0.011105329525125995
BTC,2023-04-04,0.009398045201827188
BTC,2023-04-05,0.0027121614151699447
BTC,2023-04-06,-0.005022722927936485
BTC,2023-04-07,-0.004010667275260005
BTC,2023-04-08,0.0009748327035126181
BTC,2023-04-09,0.013982579628374125
BTC,2023-04-10,0.04582589650248181
BTC,2023-04-11,0.01867189971485317
BTC,2023-04-12,-0.011106890131889813
BTC,2023-04-13,0.015189060181588943
BTC,2023-04-14,0.002898186166779837
BTC,2023-04-15,-0.0038456940219973035
BTC,2023-04-16,-0.0009604570826393655
BTC,2023-04-17,-0.02821837997864307
BTC,2023-04-18,0.02999628759821782
BTC,2023-04-19,-0.05308996143014788
BTC,2023-04-20,-0.019123690373344715
BTC,2023-04-21,-0.034544245866159784
BTC,2023-04-22,0.01943205837248385
BTC,2023-04-23,-0.008040925139907174
BTC,2023-04-24,-0.00306525689802406
BTC,2023-04-25,0.028036733568926664
BTC,2023-04-26,0.0028768491807600327
BTC,2023-04-27,0.03738798141920974
BTC,2023-04-28,-0.0039016246400933596
BTC,2023-04-29,-0.004414971950051694
BTC,2023-04-30,0.004799041252098846
BTC,2023-05-01,-0.04340270072937358
BTC,2023-05-02,0.020267303904324407
BTC,2023-05-03,0.012278943503206463
BTC,2023-05-04,-0.0065348206859638935
BTC,2023-05-05,0.023871226876551077
BTC,2023-05-06,-0.022361218042279418
BTC,2023-05-07,-0.004777034976177319
BTC,2023-05-08,-0.03662901609254199
BTC,2023-05-09,-0.003065118486926366
BTC,2023-05-10,0.00012938665906681024
BTC,2023-05-11,-0.024152971720326377
BTC,2023-05-12,-0.007921478542815663
BTC,2023-05-13,0.0025386289437427934
BTC,2023-05-14,0.002859518050494003
BTC,2023-05-15,0.011573930978098446
BTC,2023-05-16,-0.007589919004690415
BTC,2023-05-17,0.013792179023290885
BTC,2023-05-18,-0.0205672796907983
BTC,2023-05-19,0.0017221734916343934
BTC,2023-05-20,0.007829387634552987
BTC,2023-05-21,-0.01201843667985436
BTC,2023-05-22,0.00304420892554802
BTC,2023-05-23,0.013612663822787141
BTC,2023-05-24,-0.03306082522317588
BTC,2023-05-25,0.005429330534649779
BTC,2023-05-26,0.008854372702367996
BTC,2023-05-27,0.0050081953671643475
BTC,2023-05-28,0.04524644831829683
BTC,2023-05-29,-0.011902497095167774
BTC,2023-05-30,-0.0018955879258069075
BTC,2023-05-31,-0.018016389422699675
BTC,2023-06-01,-0.014518750177723305
BTC,2023-06-02,0.015897224035697377
BTC,2023-06-03,-0.00647175190372451
BTC,2023-06-04,0.002907432080691663
BTC,2023-06-05,-0.05185508646018633
BTC,2023-06-06,0.05389716483981566
BTC,2023-06-07,-0.03265040025945609
BTC,2023-06-08,0.006890310533762545
BTC,2023-06-09,-0.0019254106629880141
BTC,2023-06-10,-0.023215969415568694
BTC,2023-06-11,0.0016849247025891856
BTC,2023-06-12,-2.9419410001452206e-06
BTC,2023-06-13,-0.000999928871539879
BTC,2023-06-14,-0.03073205685235969
BTC,2023-06-15,0.01822347138674374
BTC,2023-06-16,0.02978298449658645
BTC,2023-06-17,0.006901260582839797
BTC,2023-06-18,-0.006060707830986445
BTC,2023-06-19,0.015964373909838514
BTC,2023-06-20,0.055470297864054885
BTC,2023-06-21,0.061455748424871004
BTC,2023-06-22,-0.004895899977375606
BTC,2023-06-23,0.022639444764214645
BTC,2023-06-24,-0.002920130105730223
BTC,2023-06-25,-0.002673900445474331
BTC,2023-06-26,-0.006967836397798521
BTC,2023-06-27,0.013498897566531554
BTC,2023-06-28,-0.018530155033255724
BTC,2023-06-29,0.011780889852309073
BTC,2023-06-30,0.0007780840301592207
BTC,2023-07-01,0.0031829654440898025
BTC,2023-07-02,0.0004095569413351541
BTC,2023-07-03,0.017533086736985837
BTC,2023-07-04,-0.01083108970437685
BTC,2023-07-05,-0.009857708566002543
BTC,2023-07-06,-0.017133795159409715
BTC,2023-07-07,0.011611983148393179
BTC,2023-07-08,-0.0021871444327459244
BTC,2023-07-09,-0.003322982600783675
BTC,2023-07-10,0.0076434532996287885
BTC,2023-07-11,0.007264029152292295
BTC,2023-07-12,-0.007561717739287488
BTC,2023-07-13,0.033944405570656144
BTC,2023-07-14,-0.036413644273181944
BTC,2023-07-15,-0.0006528354865480424
BTC,2023-07-16,-0.0013583477267715693
BTC,2023-07-17,-0.003511197945465838
BTC,2023-07-18,-0.010270229209373483
BTC,2023-07-19,0.0025869014941495294
BTC,2023-07-20,-0.0035976377532325188
BTC,2023-07-21,0.0038203930338731595
BTC,2023-07-22,-0.006494501217597204
BTC,2023-07-23,0.011391597157654587
BTC,2023-07-24,-0.0299866762450538
BTC,2023-07-25,0.0014690219130635285
BTC,2023-07-26,0.004791067054485509
BTC,2023-07-27,-0.00546095241257305
BTC,2023-07-28,0.003917656275822523
BTC,2023-07-29,0.0015018949731295805
BTC,2023-07-30,-0.0033276762058918052
BTC,2023-07-31,-0.0014710874992402978
BTC,2023-08-01,0.009529028904831094
BTC,2023-08-02,-0.012156320423539313
BTC,2023-08-03,0.0016865515545489984
BTC,2023-08-04,-0.00463837913586751
BTC,2023-08-05,-0.00014309142019008902
BTC,2023-08-06,-0.0001739163829359569
BTC,2023-08-07,0.003996241720285454
BTC,2023-08-08,0.020873252181889512
BTC,2023-08-09,-0.006622632530534744
BTC,2023-08-10,-0.005177991207244048
BTC,2023-08-11,-0.00103264332478048
BTC,2023-08-12,0.0005423453958162128
BTC,2023-08-13,-0.004416095859454572
BTC,2023-08-14,0.004186186017253846
BTC,2023-08-15,-0.00824137933641289
BTC,2023-08-16,-0.014271351508513774
BTC,2023-08-17,-0.07560163519757168
BTC,2023-08-18,-0.02365276775569569
BTC,2023-08-19,0.002172051379993434
BTC,2023-08-20,0.0031562926448014395
BTC,2023-08-21,-0.0018188249023882719
BTC,2023-08-22,-0.005784075577487613
BTC,2023-08-23,0.018080990422070897
BTC,2023-08-24,-0.012377697724209824
BTC,2023-08-25,-0.0032937314045859978
BTC,2023-08-26,-0.0013336846807145974
BTC,2023-08-27,0.003078646191417178
BTC,2023-08-28,0.0006482250061168315
BTC,2023-08-29,0.05836825322617223
BTC,2023-08-30,-0.013579108723703825
BTC,2023-08-31,-0.0504908607980763
BTC,2023-09-01,-0.005876560713492296
BTC,2023-09-02,0.0025355613633823992
BTC,2023-09-03,0.0036368914176510003
BTC,2023-09-04,-0.006298913884023705
BTC,2023-09-05,-0.0006654842739628464
BTC,2023-09-06,-0.0010699836396348417
BTC,2023-09-07,0.017543443594860264
BTC,2023-09-08,-0.011739732785844836
BTC,2023-09-09,-0.00038910223130272925
BTC,2023-09-10,-0.0024419342109602837
BTC,2023-09-11,-0.027330450178929766
BTC,2023-09-12,0.0284229784101786
BTC,2023-09-13,0.014098491702764449
BTC,2023-09-14,0.012473521205480509
BTC,2023-09-15,0.004379569062969324
BTC,2023-09-16,-0.004395416426431709
BTC,2023-09-17,-0.0020055009100392596
BTC,2023-09-18,0.009844804103583016
BTC,2023-09-19,0.016688835962945348
BTC,2023-09-20,-0.003004568349243897
BTC,2023-09-21,-0.020922779505331945
BTC,2023-09-22,0.000359429044564763
BTC,2023-09-23,-0.00020208938474475246
BTC,2023-09-24,-0.010939273502140523
BTC,2023-09-25,8.24891374637815e-05
BTC,2023-09-26,-0.0035924428827094346
BTC,2023-09-27,0.005389049300628557
BTC,2023-09-28,0.02613411887771555
BTC,2023-09-29,-0.004529610090896696
BTC,2023-09-30,0.0024658813647526756
BTC,2023-10-01,0.035412049352592234
BTC,2023-10-02,-0.013843287000849358
BTC,2023-10-03,-0.00460857041262841
BTC,2023-10-04,0.012966594395205533
BTC,2023-10-05,-0.01343308608432281
BTC,2023-10-06,0.018625571335338265
BTC,2023-10-07,0.001101255634468501
BTC,2023-10-08,-0.0013030248884842166
BTC,2023-10-09,-0.01242565281925856
BTC,2023-10-10,-0.006236923115309878
BTC,2023-10-11,-0.021812726614115263
BTC,2023-10-12,-0.0032418457012184376
BTC,2023-10-13,0.003773764274562552
BTC,2023-10-14,0.0007277785444124163
BTC,2023-10-15,0.00993918394504334
BTC,2023-10-16,0.049491001624172526
BTC,2023-10-17,-0.002584775707921594
BTC,2023-10-18,-0.003704294637723038
BTC,2023-10-19,0.012707746512544915
BTC,2023-10-20,0.034753779641000904
BTC,2023-10-21,0.007297367377210762
BTC,2023-10-22,0.0020569629470923445
BTC,2023-10-23,0.09444855991370815
BTC,2023-10-24,0.027735326471420407
BTC,2023-10-25,0.017777437152680875
BTC,2023-10-26,-0.008946207699281672
BTC,2023-10-27,-0.00835963396085937
BTC,2023-10-28,0.005725996523242571
BTC,2023-10-29,0.014061024571722314
BTC,2023-10-30,-0.0022942919905997172
BTC,2023-10-31,0.004088486013658965
BTC,2023-11-01,0.02270887020009482
BTC,2023-11-02,-0.015617551946187191
BTC,2023-11-03,-0.005020634094801579
BTC,2023-11-04,0.01097026117213673
BTC,2023-11-05,0.0003979057775502781
BTC,2023-11-06,-0.002490687097996158
BTC,2023-11-07,0.011379549483150342
BTC,2023-11-08,0.010655451850904996
BTC,2023-11-09,0.024215142822043845
BTC,2023-11-10,0.018696967378721396
BTC,2023-11-11,-0.010425825486212403
BTC,2023-11-12,0.0019831579157916224
BTC,2023-11-13,-0.013861538935213247
BTC,2023-11-14,-0.026413079582880528
BTC,2023-11-15,0.06129746519203216
BTC,2023-11-16,-0.04541665067958256
BTC,2023-11-17,0.011255637787456862
BTC,2023-11-18,0.00021088749564412979
BTC,2023-11-19,0.02338128009593632
BTC,2023-11-20,0.0019563254186394374
BTC,2023-11-21,-0.0402772447505928
BTC,2023-11-22,0.03726023674530765
BTC,2023-11-23,-0.0024443778994100995
BTC,2023-11-24,0.010850758638440539
BTC,2023-11-25,0.0021542143904973443
BTC,2023-11-26,-0.008432797795165925
BTC,2023-11-27,-0.00678502638717049
BTC,2023-11-28,0.01596726295012907
BTC,2023-11-29,0.0004859584930656524
BTC,2023-11-30,-0.0035506235486870708
BTC,2023-12-01,0.025934210098069954
BTC,2023-12-02,0.019413854882079917
BTC,2023-12-03,0.01298959400529398
BTC,2023-12-04,0.04719673662090251
BTC,2023-12-05,0.05017971955220801
BTC,2023-12-06,-0.007314932946385966
BTC,2023-12-07,-0.01064526657563114
BTC,2023-12-08,0.021087958153085395
BTC,2023-12-09,-0.010575924519169888
BTC,2023-12-10,-0.00016677892010896755
BTC,2023-12-11,-0.05941799014413007
BTC,2023-12-12,0.006226135120693144
BTC,2023-12-13,0.034877391402350355
BTC,2023-12-14,0.002188531584684128
BTC,2023-12-15,-0.024822467724206376
BTC,2023-12-16,0.005348397624269197
BTC,2023-12-17,-0.018523328841851594
BTC,2023-12-18,0.02871965747250016
BTC,2023-12-19,-0.008571020949244001
BTC,2023-12-20,0.03105370201026858
BTC,2023-12-21,0.0060607555813625424
BTC,2023-12-22,0.0031694116949214646
BTC,2023-12-23,-0.005484168262164246
BTC,2023-12-24,-0.015449220940388031
BTC,2023-12-25,0.01212956794355513
BTC,2023-12-26,-0.02630655469532428
BTC,2023-12-27,0.022015497040955623
BTC,2023-12-28,-0.017798651681042443
BTC,2023-12-29,-0.015875662697228066
BTC,2023-12-30,0.0048902915073405495
BTC,2023-12-31,0.00030008930077585205
BTC,2024-01-01,0.042486656367820785
BTC,2024-01-02,0.020040688402804818
BTC,2024-01-03,-0.049431794752473834
BTC,2024-01-04,0.03394991865813246
BTC,2024-01-05,-0.002362592254169016
BTC,2024-01-06,-0.0051858220412199785
BTC,2024-01-07,-0.0016814506188449485
BTC,2024-01-08,0.06910781882229244
BTC,2024-01-09,-0.019284223486748076
BTC,2024-01-10,0.0158052024636266
BTC,2024-01-11,-0.009384039227029461
BTC,2024-01-12,-0.07994183197664562
BTC,2024-01-13,0.0006892931155917381
BTC,2024-01-14,-0.02263156640600883
BTC,2024-01-15,0.015181295547163742
BTC,2024-01-16,0.014995035400303891
BTC,2024-01-17,-0.011230928124794204
BTC,2024-01-18,-0.034008664074578476
BTC,2024-01-19,0.008325161442339635
BTC,2024-01-20,0.0014851152139545576
BTC,2024-01-21,-0.003162716045418179
BTC,2024-01-22,-0.048336636623448115
BTC,2024-01-23,0.00403998998024413
BTC,2024-01-24,0.009131985311048751
BTC,2024-01-25,-0.004603778721339324
BTC,2024-01-26,0.04752931973051844
BTC,2024-01-27,0.006300362978931773
BTC,2024-01-28,-0.0033832865525482703
BTC,2024-01-29,0.028999848705455022
BTC,2024-01-30,-0.006227197386364125
BTC,2024-01-31,-0.00843085013275413
BTC,2024-02-01,0.010066425437250004
BTC,2024-02-02,0.0031337276849452422
BTC,2024-02-03,-0.004016970706967271
BTC,2024-02-04,-0.009492684747037572
BTC,2024-02-05,0.0010090424797741804
BTC,2024-02-06,0.011279186776294026
BTC,2024-02-07,0.02633809150421662
BTC,2024-02-08,0.02409132792824309
BTC,2024-02-09,0.039890570988934115
BTC,2024-02-10,0.012971258750114956
BTC,2024-02-11,0.008498554862388374
BTC,2024-02-12,0.03644346945920951
BTC,2024-02-13,-0.007261971212805918
BTC,2024-02-14,0.04368777180907202
BTC,2024-02-15,0.0018279293653709061
BTC,2024-02-16,0.004191601248644261
BTC,2024-02-17,-0.009293848189566134
BTC,2024-02-18,0.009116525380553853
BTC,2024-02-19,-0.0066041588162271125
BTC,2024-02-20,0.009667430998531401
BTC,2024-02-21,-0.010835636938212545
BTC,2024-02-22,-0.008773566741776762
BTC,2024-02-23,-0.009858521132601439
BTC,2024-02-24,0.01541716482365807
BTC,2024-02-25,0.0032566109873393145
BTC,2024-02-26,0.05279479355619365
BTC,2024-02-27,0.04477493287673617
BTC,2024-02-28,0.09061209231225575
BTC,2024-02-29,-0.01721336388000161
BTC,2024-03-01,0.018232064207369447
BTC,2024-03-02,-0.007622609691479099
BTC,2024-03-03,0.015064580593328714
BTC,2024-03-04,0.07785848440248166
BTC,2024-03-05,-0.06274763787032533
BTC,2024-03-06,0.03311531988561889
BTC,2024-03-07,0.014517456184190536
BTC,2024-03-08,0.018807101984021912
BTC,2024-03-09,0.002320713789695006
BTC,2024-03-10,0.00552822564305977
BTC,2024-03-11,0.047015012563434766
BTC,2024-03-12,-0.010657413202112664
BTC,2024-03-13,0.022820151489762353
BTC,2024-03-14,-0.021805101448473252
BTC,2024-03-15,-0.02952539697021983
BTC,2024-03-16,-0.05920865731042113
BTC,2024-03-17,0.04265428930791337
BTC,2024-03-18,-0.00755872853432038
BTC,2024-03-19,-0.08949347764775695
BTC,2024-03-20,0.09063227275471952
BTC,2024-03-21,-0.03591264945026751
BTC,2024-03-22,-0.030531797494797175
BTC,2024-03-23,0.013684585099678515
BTC,2024-03-24,0.044493551278380394
BTC,2024-03-25,0.04009016873995819
BTC,2024-03-26,0.00041433381868216657
BTC,2024-03-27,-0.011528265617993583
BTC,2024-03-28,0.02225740595547343
BTC,2024-03-29,-0.012929388506684347
BTC,2024-03-30,-0.003639938102613982
BTC,2024-03-31,0.022208801752663376
BTC,2024-04-01,-0.020364246992729207
BTC,2024-04-02,-0.06294870512686579
BTC,2024-04-03,0.00906042070021229
BTC,2024-04-04,0.03430442727123406
BTC,2024-04-05,-0.007821862398669666
BTC,2024-04-06,0.017968270816600906
BTC,2024-04-07,0.0037048225503504284
BTC,2024-04-08,0.0328877855841192
BTC,2024-04-09,-0.037482977075747215
BTC,2024-04-10,0.021552726046047965
BTC,2024-04-11,-0.007578891876130811
BTC,2024-04-12,-0.043004140822144876
BTC,2024-04-13,-0.038690279671907746
BTC,2024-04-14,0.016853821533327817
BTC,2024-04-15,-0.03496089893939747
BTC,2024-04-16,0.006156661631065319
BTC,2024-04-17,-0.03934039092144026
BTC,2024-04-18,0.03502481163737592
BTC,2024-04-19,0.003967641259395194
BTC,2024-04-20,0.017803474097515704
BTC,2024-04-21,0.0009270335014459619
BTC,2024-04-22,0.029967547471319023
BTC,2024-04-23,-0.008389702459986381
BTC,2024-04-24,-0.033628715481667015
BTC,2024-04-25,0.005056825468368942
BTC,2024-04-26,-0.01150374410351418
BTC,2024-04-27,-0.005473959811180151
BTC,2024-04-28,-0.0071314358783443055
BTC,2024-04-29,0.014656013069986429
BTC,2024-04-30,-0.05255647897063653
BTC,2024-05-01,-0.0420096914872623
BTC,2024-05-02,0.017532033404785707
BTC,2024-05-03,0.06245875884184571
BTC,2024-05-04,0.014148765226725146
BTC,2024-05-05,0.002914692250858053
BTC,2024-05-06,-0.013189841198029129
BTC,2024-05-07,-0.013231679345727443
BTC,2024-05-08,-0.021344591581557992
BTC,2024-05-09,0.030938161984165546
BTC,2024-05-10,-0.03393273143259279
BTC,2024-05-11,-0.0008718395560496361
BTC,2024-05-12,0.009612872982698306
BTC,2024-05-13,0.0234194370168872
BTC,2024-05-14,-0.021398206820578025
BTC,2024-05-15,0.07397101478093049
BTC,2024-05-16,-0.015390130152500348
BTC,2024-05-17,0.025521092816395807
BTC,2024-05-18,0.00031597260314519815
BTC,2024-05-19,-0.010779840978154098
BTC,2024-05-20,0.07194534871904068
BTC,2024-05-21,-0.013929679041996934
BTC,2024-05-22,-0.01640244641473565
BTC,2024-05-23,-0.01923831047162139
BTC,2024-05-24,0.01247037911913651
BTC,2024-05-25,0.009772875911442824
BTC,2024-05-26,-0.01216596766242084
BTC,2024-05-27,0.013104038533539253
BTC,2024-05-28,-0.01459812649930825
BTC,2024-05-29,-0.011161353026471588
BTC,2024-05-30,0.011639059063057289
BTC,2024-05-31,-0.01469919079770321
BTC,2024-06-01,0.0049831290840014475
BTC,2024-06-02,0.0013449388545190288
BTC,2024-06-03,0.015044580812615393
BTC,2024-06-04,0.02469196099144888
BTC,2024-06-05,0.00753107359570393
BTC,2024-06-06,-0.004214137688300923
BTC,2024-06-07,-0.020701212156881255
BTC,2024-06-08,-0.0004045930514333662
BTC,2024-06-09,0.004806053253297193
BTC,2024-06-10,-0.002560319115373133
BTC,2024-06-11,-0.030662467320912157
BTC,2024-06-12,0.012473359710488907
BTC,2024-06-13,-0.021191500428734855
BTC,2024-06-14,-0.012071094071757216
BTC,2024-06-15,0.003369739023419527
BTC,2024-06-16,0.00628931492596152
BTC,2024-06-17,-0.002084368236401346
BTC,2024-06-18,-0.020848736983937854
BTC,2024-06-19,-0.003591162353558275
BTC,2024-06-20,0.0002926109777945385
BTC,2024-06-21,-0.01258550700224248
BTC,2024-06-22,0.0026816436984358205
BTC,2024-06-23,-0.014312016025129992
BTC,2024-06-24,-0.049945123110946454
BTC,2024-06-25,0.024275407518981496
BTC,2024-06-26,-0.0154276762676826
BTC,2024-06-27,0.012674564714316716
BTC,2024-06-28,-0.020786422281654282
BTC,2024-06-29,0.009670878558475593
BTC,2024-06-30,0.030312232552395457
BTC,2024-07-01,0.0011484210956780316
BTC,2024-07-02,-0.0129227614869869
BTC,2024-07-03,-0.029651234659448633
BTC,2024-07-04,-0.04758255094968433
BTC,2024-07-05,-0.012217754898440347
BTC,2024-07-06,0.0267580904316862
BTC,2024-07-07,-0.03754249641784746
BTC,2024-07-08,0.010271709117958494
BTC,2024-07-09,0.022491216709358497
BTC,2024-07-10,-0.004484243009322597
BTC,2024-07-11,-0.007203362591271301
BTC,2024-07-12,0.009575877752793005
BTC,2024-07-13,0.025087757107751685
BTC,2024-07-14,0.028021439572505358
BTC,2024-07-15,0.05917803229058194
BTC,2024-07-16,0.005915379235212015
BTC,2024-07-17,-0.014189141197048727
BTC,2024-07-18,-0.003386787005959846
BTC,2024-07-19,0.0424031607825448
BTC,2024-07-20,0.006416481892596693
BTC,2024-07-21,0.01288258970400058
BTC,2024-07-22,-0.00769109857032646
BTC,2024-07-23,-0.024261512715682443
BTC,2024-07-24,-0.008578147625405208
BTC,2024-07-25,0.005625407259167048
BTC,2024-07-26,0.03278167623113859
BTC,2024-07-27,0.002428565615620215
BTC,2024-07-28,0.0013695031905847088
BTC,2024-07-29,-0.019306327420942182
BTC,2024-07-30,-0.010225293473324015
BTC,2024-07-31,-0.02286634886218586
BTC,2024-08-01,0.0075064088361624925
BTC,2024-08-02,-0.05797559179738343
BTC,2024-08-03,-0.013397235687850895
BTC,2024-08-04,-0.0400404724943737
BTC,2024-08-05,-0.07038217940109703
BTC,2024-08-06,0.030871672539845463
BTC,2024-08-07,-0.016509697899099507
BTC,2024-08-08,0.11597283226085864
BTC,2024-08-09,-0.019373541177170495
BTC,2024-08-10,0.002477363249548503
BTC,2024-08-11,-0.034010303212516746
BTC,2024-08-12,0.00944026836104328
BTC,2024-08-13,0.019046334754341032
BTC,2024-08-14,-0.028409403373137465
BTC,2024-08-15,-0.020543465196617205
BTC,2024-08-16,0.02201466112717476
BTC,2024-08-17,0.008237156457152395
BTC,2024-08-18,-0.010514932047064107
BTC,2024-08-19,0.010461823920872249
BTC,2024-08-20,-0.004863032153462399
BTC,2024-08-21,0.03342713988379664
BTC,2024-08-22,-0.012154631179265962
BTC,2024-08-23,0.05965288105509359
BTC,2024-08-24,-0.0013045532522504288
BTC,2024-08-25,0.007388565173211958
BTC,2024-08-26,-0.023762621217208846
BTC,2024-08-27,-0.05608904071707066
BTC,2024-08-28,-0.007538804460331505
BTC,2024-08-29,0.004036059146889315
BTC,2024-08-30,-0.003322867564202525
BTC,2024-08-31,-0.00309922770115989
BTC,2024-09-01,-0.027701183308050048
BTC,2024-09-02,0.03107232405789162
BTC,2024-09-03,-0.026050961743834478
BTC,2024-09-04,0.006840512698106593
BTC,2024-09-05,-0.03365201305505394
BTC,2024-09-06,-0.04136942884936978
BTC,2024-09-07,0.004216412034237393
BTC,2024-09-08,0.014557308262146407
BTC,2024-09-09,0.04065959801386576
BTC,2024-09-10,0.009211164236873515
BTC,2024-09-11,-0.004437246483782076
BTC,2024-09-12,0.012385218131177211
BTC,2024-09-13,0.040663088628255295
BTC,2024-09-14,-0.008788730787872012
BTC,2024-09-15,-0.014727006546390697
BTC,2024-09-16,-0.015379915528964005
BTC,2024-09-17,0.0339498596399892
BTC,2024-09-18,0.017574533144316007
BTC,2024-09-19,0.027167631695020233
BTC,2024-09-20,0.0025262635901910357
BTC,2024-09-21,0.00337930988342805
BTC,2024-09-22,0.003217634367716826
BTC,2024-09-23,-0.00371828214995773
BTC,2024-09-24,0.01577078308515034
BTC,2024-09-25,-0.020144132664279724
BTC,2024-09-26,0.031195154808925096
BTC,2024-09-27,0.0108531452956111
BTC,2024-09-28,4.2792021705650996e-05
BTC,2024-09-29,-0.002325422596408444
BTC,2024-09-30,-0.03659251683691345
BTC,2024-10-01,-0.03870652215216985
BTC,2024-10-02,-0.0028327028447705516
BTC,2024-10-03,0.001303195997008899
BTC,2024-10-04,0.020963101411972218
BTC,2024-10-05,-0.0003555065335092422
BTC,2024-10-06,0.01216848082507127
BTC,2024-10-07,-0.005964132207170181
BTC,2024-10-08,-0.004659954548987599
BTC,2024-10-09,-0.024623203693215245
BTC,2024-10-10,-0.006523570422544367
BTC,2024-10-11,0.036543940153796584
BTC,2024-10-12,0.011782864343640398
BTC,2024-10-13,-0.007041017453030207
BTC,2024-10-14,0.05170493566940593
BTC,2024-10-15,0.01269288425717896
BTC,2024-10-16,0.010832129790177447
BTC,2024-10-17,-0.004815472752770944
BTC,2024-10-18,0.015511135019572464
BTC,2024-10-19,-0.00047736219626060006
BTC,2024-10-20,0.009528407453171184
BTC,2024-10-21,-0.023040348882043205
BTC,2024-10-22,-0.00021810035133285055
BTC,2024-10-23,-0.011612735771263871
BTC,2024-10-24,0.022017911136313018
BTC,2024-10-25,-0.02782264326175543
BTC,2024-10-26,0.011431312900885615
BTC,2024-10-27,0.014468957946895955
BTC,2024-10-28,0.02701944439845505
BTC,2024-10-29,0.039520229860672274
BTC,2024-10-30,-0.003148954587864239
BTC,2024-10-31,-0.02917502599306232
BTC,2024-11-01,-0.012635058705045665
BTC,2024-11-02,-0.003487523247471813
BTC,2024-11-03,-0.007231642342597766
BTC,2024-11-04,-0.014117500413037831
BTC,2024-11-05,0.025619870088927854
BTC,2024-11-06,0.08485208929242916
BTC,2024-11-07,0.0036429389969239168
BTC,2024-11-08,0.007019346091533762
BTC,2024-11-09,0.003806822504474283
BTC,2024-11-10,0.04593476382619954
BTC,2024-11-11,0.09993240597364839
BTC,2024-11-12,-0.009171454318117611
BTC,2024-11-13,0.026014889267965913
BTC,2024-11-14,-0.03565236666536542
BTC,2024-11-15,0.04413359183813803
BTC,2024-11-16,-0.006289149679405526
BTC,2024-11-17,-0.009259325647619221
BTC,2024-11-18,0.009480139352763928
BTC,2024-11-19,0.018228740374086172
BTC,2024-11-20,0.02044875047378447
BTC,2024-11-21,0.04552317437617326
BTC,2024-11-22,0.003977854867025954
BTC,2024-11-23,-0.012523223940819506
BTC,2024-11-24,0.002791801621429002
BTC,2024-11-25,-0.04848430992157482
BTC,2024-11-26,-0.015846030893667873
BTC,2024-11-27,0.04379927621306301
BTC,2024-11-28,-0.0026197672923569115
BTC,2024-11-29,0.017200675422241574
BTC,2024-11-30,-0.009649352274594847
BTC,2024-12-01,0.010374586977793143
BTC,2024-12-02,-0.018046021827606396
BTC,2024-12-03,0.0029669331653696673
BTC,2024-12-04,0.029852506971446147
BTC,2024-12-05,-0.020122078282922118
BTC,2024-12-06,0.030509212354978388
BTC,2024-12-07,0.00024603082200869153
BTC,2024-12-08,0.008181108496133405
BTC,2024-12-09,-0.034402694037147796
BTC,2024-12-10,-0.005711897317297598
BTC,2024-12-11,0.04517343541000862
BTC,2024-12-12,-0.012108437974710284
BTC,2024-12-13,0.011907273904443016
BTC,2024-12-14,0.0007603765035550936
BTC,2024-12-15,0.03093217383519331
BTC,2024-12-16,0.0123980813571265
BTC,2024-12-17,0.0024554091666928457
BTC,2024-12-18,-0.05467509997711417
BTC,2024-12-19,-0.027985571847803925
BTC,2024-12-20,-0.0008151323513860831
BTC,2024-12-21,-0.00538670995354984
BTC,2024-12-22,-0.020224282446442032
BTC,2024-12-23,-0.0036678100844849126
BTC,2024-12-24,0.039676490494269245
BTC,2024-12-25,0.006040605286557366
BTC,2024-12-26,-0.0370256481958382
BTC,2024-12-27,-0.014836549890494766
BTC,2024-12-28,0.009544616231091041
BTC,2024-12-29,-0.017669274477867702
BTC,2024-12-30,-0.010048600632892146
BTC,2024-12-31,0.009322384973348363
BTC,2025-01-01,0.011350554047197647
BTC,2025-01-02,0.025045815946244332
BTC,2025-01-03,0.013020417442978882
BTC,2025-01-04,0.0011139575705048088
BTC,2025-01-05,0.0018791672840929863
BTC,2025-01-06,0.037540339191055594
BTC,2025-01-07,-0.05227849148671204
BTC,2025-01-08,-0.020162880349614554
BTC,2025-01-09,-0.028746065500309115
BTC,2025-01-10,0.025793864766585628
BTC,2025-01-11,-0.0016118200635126811
BTC,2025-01-12,-0.002674984368637112
BTC,2025-01-13,0.00023265733405253286
BTC,2025-01-14,0.022978763330939955
BTC,2025-01-15,0.03663005633489824
BTC,2025-01-16,-0.0019453019325279541
BTC,2025-01-17,0.042291189051196554
BTC,2025-01-18,0.0009733664872300096
BTC,2025-01-19,-0.03354137868572593
BTC,2025-01-20,0.016060065557732983
BTC,2025-01-21,0.0325941282565303
BTC,2025-01-22,-0.02094432677091973
BTC,2025-01-23,0.0037839830851513767
BTC,2025-01-24,0.00508862994931647
BTC,2025-01-25,0.0014310421901324588
BTC,2025-01-26,-0.019574254368111
BTC,2025-01-27,-0.009044892065334764
BTC,2025-01-28,-0.007577666772933256
BTC,2025-01-29,0.027122435916432153
BTC,2025-01-30,0.010231003766172364
BTC,2025-01-31,-0.02629243176710183
BTC,2025-02-01,-0.016293810162697042
BTC,2025-02-02,-0.032173940774965715
BTC,2025-02-03,0.04178977514535198
BTC,2025-02-04,-0.037453592745851694
BTC,2025-02-05,-0.013259118093726485
BTC,2025-02-06,-0.00018676350081037185
BTC,2025-02-07,-0.0016295389080394074
BTC,2025-02-08,0.0022717258717950273
BTC,2025-02-09,-0.0030434966505161754
BTC,2025-02-10,0.01100222504255477
BTC,2025-02-11,-0.016243811637423278
BTC,2025-02-12,0.020151661992224845
BTC,2025-02-13,-0.012576718708627865
BTC,2025-02-14,0.00907067247738702
BTC,2025-02-15,0.001732167318774458
BTC,2025-02-16,-0.014460792578509185
BTC,2025-02-17,-0.00408136738661824
BTC,2025-02-18,-0.003623607804497553
BTC,2025-02-19,0.012534592977207382
BTC,2025-02-20,0.01788711796989162
BTC,2025-02-21,-0.02410332051189812
BTC,2025-02-22,0.005779427363988177
BTC,2025-02-23,-0.005335593551141216
BTC,2025-02-24,-0.044931474575658825
BTC,2025-02-25,-0.0343249949283031
BTC,2025-02-26,-0.05537308793421225
BTC,2025-02-27,0.0075619951315868406
BTC,2025-02-28,-0.004519970266150253
BTC,2025-03-01,0.01882127513013465
BTC,2025-03-02,0.09424218144581786
BTC,2025-03-03,-0.08876399431375326
BTC,2025-03-04,0.011607620517139594
BTC,2025-03-05,0.03704662195412567
BTC,2025-03-06,-0.004394350376626832
BTC,2025-03-07,-0.04151028315760108
BTC,2025-03-08,-0.004426853866508651
BTC,2025-03-09,-0.06624544982281932
BTC,2025-03-10,-0.020568187037934393
BTC,2025-03-11,0.046266401449054584
BTC,2025-03-12,0.010614502239942425
BTC,2025-03-13,-0.030594376239486465
BTC,2025-03-14,0.03626610729719637
BTC,2025-03-15,0.0029329908319084552
BTC,2025-03-16,-0.022306354401742112
BTC,2025-03-17,0.01828026147119033
BTC,2025-03-18,-0.015995337079111493
BTC,2025-03-19,0.048322256774474326
BTC,2025-03-20,-0.03100629997626747
BTC,2025-03-21,-0.0006607011486199355
BTC,2025-03-22,-0.0029565444797139406
BTC,2025-03-23,0.022876774345503392
BTC,2025-03-24,0.018046009108262595
BTC,2025-03-25,0.0011476211026071326
BTC,2025-03-26,-0.006727537503016023
BTC,2025-03-27,0.0043051169768499875
BTC,2025-03-28,-0.0338446348091157
BTC,2025-03-29,-0.021725448440726325
BTC,2025-03-30,-0.0034084952818247416
BTC,2025-03-31,0.002975300364640887
BTC,2025-04-01,0.03298401997444245
BTC,2025-04-02,-0.03184254203747372
BTC,2025-04-03,0.004544961278615034
BTC,2025-04-04,0.010107496208288325
BTC,2025-04-05,-0.005650224151084515
BTC,2025-04-06,-0.06641871622048079
BTC,2025-04-07,0.018717043347674434
BTC,2025-04-08,-0.039426190422501506
BTC,2025-04-09,0.08012195142545586
BTC,2025-04-10,-0.03897037676789594
BTC,2025-04-11,0.04666904304820285
BTC,2025-04-12,0.02264651882210522
BTC,2025-04-13,-0.02014179870251631
BTC,2025-04-14,0.012132525006750328
BTC,2025-04-15,-0.010908064764484138
BTC,2025-04-16,0.0057226177522053945
BTC,2025-04-17,0.009332827889306117
BTC,2025-04-18,-0.005972682465014145
BTC,2025-04-19,0.008138176642590977
BTC,2025-04-20,-0.00026993853622947483
BTC,2025-04-21,0.02619819827578418
BTC,2025-04-22,0.06786873819087091
BTC,2025-04-23,0.002138238365599676
BTC,2025-04-24,0.0016437742958039792
BTC,2025-04-25,0.009771307697389986
BTC,2025-04-26,-0.0008117734517956166
BTC,2025-04-27,-0.009353914517031825
BTC,2025-04-28,0.013269487007343983
BTC,2025-04-29,-0.010183380079238802
BTC,2025-04-30,0.0014218173315132532
BTC,2025-05-01,0.0228179545717353
BTC,2025-05-02,0.004453836921177512
BTC,2025-05-03,-0.009321201681173008
BTC,2025-05-04,-0.0164548679574974
BTC,2025-05-05,0.005030250181704332
BTC,2025-05-06,0.019049068530156532
BTC,2025-05-07,0.004741133087714289
BTC,2025-05-08,0.05927767822529262
BTC,2025-05-09,-0.0012498048558367003
BTC,2025-05-10,0.01582521630668765
BTC,2025-05-11,-0.005817882096211591
BTC,2025-05-12,-0.01020871546058899
BTC,2025-05-13,0.011838280680494861
BTC,2025-05-14,-0.0055170225631915315
BTC,2025-05-15,0.0013851610634958433
BTC,2025-05-16,-0.0014474424422399323
BTC,2025-05-17,-0.003639339862159474
BTC,2025-05-18,0.027014750611256133
BTC,2025-05-19,-0.0037788451052591654
BTC,2025-05-20,0.012023168142508922
BTC,2025-05-21,0.025962205375304137
BTC,2025-05-22,0.01602479523502609
BTC,2025-05-23,-0.03826536954855797
BTC,2025-05-24,0.005812400492761327
BTC,2025-05-25,0.00920117293154199
BTC,2025-05-26,0.004188152032758907
BTC,2025-05-27,-0.0027984075293527866
BTC,2025-05-28,-0.010794111100450365
BTC,2025-05-29,-0.020245611271894504
BTC,2025-05-30,-0.016705546527218118
BTC,2025-05-31,0.006973627963626328
BTC,2025-06-01,0.00989459662975456
BTC,2025-06-02,0.001413062399091558
BTC,2025-06-03,-0.003933245050646406
BTC,2025-06-04,-0.0066690808814673375
BTC,2025-06-05,-0.030165752599007334
BTC,2025-06-06,0.026706986122119858
BTC,2025-06-07,0.012034042747073315
BTC,2025-06-08,0.00040195477903459675
BTC,2025-06-09,0.04141289215606925
BTC,2025-06-10,-0.0011262392747592997
BTC,2025-06-11,-0.01306103192557373
BTC,2025-06-12,-0.024663390361338244
BTC,2025-06-13,0.00024371090168173737
BTC,2025-06-14,-0.00527409850310967
BTC,2025-06-15,0.0004331094561695892
BTC,2025-06-16,0.016273742382661993
BTC,2025-06-17,-0.024690998564164346
BTC,2025-06-18,0.001766319630993607
BTC,2025-06-19,-0.0009893541670056294
BTC,2025-06-20,-0.013797022838581086
BTC,2025-06-21,-0.01686140775205125
BTC,2025-06-22,-0.006411189817081109
BTC,2025-06-23,0.04455968164206503
BTC,2025-06-24,0.004418009688139435
BTC,2025-06-25,0.012575825991198997
BTC,2025-06-26,-0.002727187724158142
BTC,2025-06-27,0.0007298911756308257
BTC,2025-06-28,0.002486920288651717
BTC,2025-06-29,0.009301860261729189
BTC,2025-06-30,-0.011208674978879785
BTC,2025-07-01,-0.014918935818503343
BTC,2025-07-02,0.03133944034511593
BTC,2025-07-03,0.006451586131067444
BTC,2025-07-04,-0.01424614647044109
BTC,2025-07-05,0.001510617742603415
BTC,2025-07-06,0.008602721710600392
BTC,2025-07-07,-0.008560113728893981
BTC,2025-07-08,0.006512095354882064
BTC,2025-07-09,0.02232825556409601
BTC,2025-07-10,0.03922437917011301
BTC,2025-07-11,0.014944665967142612
BTC,2025-07-12,-0.0020104820680160174
BTC,2025-07-13,0.012843845252394459
BTC,2025-07-14,0.008136374407744285
BTC,2025-07-15,-0.018185425153026458
BTC,2025-07-16,0.008622047433023639
BTC,2025-07-17,0.006476704697494284
BTC,2025-07-18,-0.01299733129325098
BTC,2025-07-19,-0.0004238530514530936
BTC,2025-07-20,-0.005125924233313484
BTC,2025-07-21,0.0010799668588212796
BTC,2025-07-22,0.02219514484136198
BTC,2025-07-23,-0.011875365575720664
BTC,2025-07-24,-0.0023077925985450776
BTC,2025-07-25,-0.007265132055691126
BTC,2025-07-26,0.003932273490688587
BTC,2025-07-27,0.012256502923522206
BTC,2025-07-28,-0.01192233558635536
BTC,2025-07-29,-0.0012824950220284848
BTC,2025-07-30,-0.0011776306184909657
BTC,2025-07-31,-0.016134400349644196
BTC,2025-08-01,-0.022400362486971304
BTC,2025-08-02,-0.00652243195060187
BTC,2025-08-03,0.015149754754169464
BTC,2025-08-04,0.008160290297052342
BTC,2025-08-05,-0.00949434976248753
BTC,2025-08-06,0.008058814619117172
BTC,2025-08-07,0.020735768745621996
BTC,2025-08-08,-0.006014275183314766
BTC,2025-08-09,-0.001963813539934023
BTC,2025-08-10,0.022720813798095207
BTC,2025-08-11,-0.0037586963006805973
BTC,2025-08-12,0.011823522901455163
BTC,2025-08-13,0.0269999596669237
BTC,2025-08-14,-0.040777283037707335
BTC,2025-08-15,-0.010169316724340405
BTC,2025-08-16,0.0012881933550232816
BTC,2025-08-17,0.001187125013078827
BTC,2025-08-18,-0.011021538743507975
BTC,2025-08-19,-0.029904738351815396
BTC,2025-08-20,0.012248774600641
BTC,2025-08-21,-0.01703492688203312
BTC,2025-08-22,0.03887822882413339
BTC,2025-08-23,-0.013103625930682483
BTC,2025-08-24,-0.015422934388595877
BTC,2025-08-25,-0.03065090112315616
BTC,2025-08-26,0.016269598447346212
BTC,2025-08-27,-0.005762912358516559
BTC,2025-08-28,0.010985017836702582
BTC,2025-08-29,-0.036281337483568876
BTC,2025-08-30,0.0025119342433939096
BTC,2025-08-31,-0.003959267933623778
BTC,2025-09-01,0.006220456677642261
BTC,2025-09-02,0.01952172666581653
BTC,2025-09-03,0.005740116021119235
BTC,2025-09-04,-0.007904700150506372
BTC,2025-09-05,-0.0017093306451840817
BTC,2025-09-06,-0.004232352239725401
BTC,2025-09-07,0.00960627370210787
BTC,2025-09-08,0.00720195403970969
BTC,2025-09-09,-0.005598569282966537
BTC,2025-09-10,0.02168821235724394
BTC,2025-09-11,0.013210473937279588
BTC,2025-09-12,0.006074080195235254
BTC,2025-09-13,-0.0015815149890929803
BTC,2025-09-14,-0.00492471849535292
BTC,2025-09-15,0.00021660800894274246
BTC,2025-09-16,0.01186771274935694
BTC,2025-09-17,-0.0019119219427476963
BTC,2025-09-18,0.0037557195522186504
BTC,2025-09-19,-0.012054253437355555
BTC,2025-09-20,0.0012170648848091048
BTC,2025-09-21,-0.0037417242052359967
BTC,2025-09-22,-0.022743075337514185
BTC,2025-09-23,-0.006008685687524107
BTC,2025-09-24,0.011289916258780508
BTC,2025-09-25,-0.0373836282430009
BTC,2025-09-26,0.004594822970318546
BTC,2025-09-27,-0.0002222520465178235
BTC,2025-09-28,0.02277022905782644
BTC,2025-09-29,0.01917080153363493
BTC,2025-09-30,-0.003235901137079722
BTC,2025-10-01,0.03806133541423762
BTC,2025-10-02,0.01812400918431578
BTC,2025-10-03,0.014734594398067458
BTC,2025-10-04,0.00025838231914399046
BTC,2025-10-05,0.009304724750611726
BTC,2025-10-06,0.01047478605111074
BTC,2025-10-07,-0.026272572762076507
BTC,2025-10-08,0.014717125699009515
BTC,2025-10-09,-0.014588555584580831
BTC,2025-10-10,-0.06671866218550981
BTC,2025-10-11,-0.025055175713728062
BTC,2025-10-12,0.037270419474486616
BTC,2025-10-13,0.0015561601710007977
BTC,2025-10-14,-0.01753897293748885
BTC,2025-10-15,-0.021984091162414288
BTC,2025-10-16,-0.024913149319216288
BTC,2025-10-17,-0.014056628415522354
BTC,2025-10-18,0.0048486439724761965
BTC,2025-10-19,0.014480175602768597
BTC,2025-10-20,0.017630846131728717
BTC,2025-10-21,-0.017688633513648355
BTC,2025-10-22,-0.00954632540818956
BTC,2025-10-23,0.021985199657212462
BTC,2025-10-24,0.00872070581330675
BTC,2025-10-25,0.0052964019822194786
BTC,2025-10-26,0.02602210158006457
BTC,2025-10-27,-0.004105294869336973
BTC,2025-10-28,-0.009751215407732161
BTC,2025-10-29,-0.024862383127633336
BTC,2025-10-30,-0.020040660646156283
BTC,2025-10-31,0.014105927066925261
BTC,2025-11-01,0.004108743090613487
BTC,2025-11-02,0.0034835099952132964
BTC,2025-11-03,-0.035906444818973426
BTC,2025-11-04,-0.049528293730322304
BTC,2025-11-05,0.025004491583974442
BTC,2025-11-06,-0.026072292213186188
BTC,2025-11-07,0.021370799967423082
BTC,2025-11-08,-0.010628324625452379
BTC,2025-11-09,0.022709096498747527
BTC,2025-11-10,0.013255835942031169
BTC,2025-11-11,-0.029736419228896693
BTC,2025-11-12,-0.012628926327364454
BTC,2025-11-13,-0.016328316701430978
BTC,2025-11-14,-0.05688891922437911
BTC,2025-11-15,0.010924474626559544
BTC,2025-11-16,-0.014326375590687945
BTC,2025-11-17,-0.024406559119901416
BTC,2025-11-18,0.010013409910252236
BTC,2025-11-19,-0.016464165417438892
BTC,2025-11-20,-0.04948705429196032
BTC,2025-11-21,-0.022848186145857596
BTC,2025-11-22,-0.0020391436215057013
BTC,2025-11-23,0.024440298373393787
BTC,2025-11-24,0.017177566888559426
BTC,2025-11-25,-0.01072805104459107
BTC,2025-11-26,0.03389869873192097
BTC,2025-11-27,0.009757985395454583
BTC,2025-11-28,-0.003796202740337762
BTC,2025-11-29,-0.0016284554490795244
BTC,2025-11-30,-0.0025833242513417787
BTC,2025-12-01,-0.046341204838046934
BTC,2025-12-02,0.056447187654823594
BTC,2025-12-03,0.022482330490111835
BTC,2025-12-04,-0.015106745617259776
BTC,2025-12-05,-0.03224514533000189
BTC,2025-12-06,-0.0012359517226965266
BTC,2025-12-07,0.01002355353389639
BTC,2025-12-08,0.0066979748301587705
BTC,2025-12-09,0.023280800388718603
BTC,2025-12-10,-0.007635264535608144
BTC,2025-12-11,0.005638505964997265
BTC,2025-12-12,-0.02505782714209559
BTC,2025-12-13,-0.0009562802690936678
BTC,2025-12-14,-0.02409968344966984
BTC,2025-12-15,-0.019992786582669453
BTC,2025-12-16,0.016080857738073107
BTC,2025-12-17,-0.01948001892661999
BTC,2025-12-18,-0.007293118805661081
BTC,2025-12-19,0.03149851727126851
BTC,2025-12-20,0.0014097183905565913
BTC,2025-12-21,0.002725590717711057
BTC,2025-12-22,-0.0006662838697639728
BTC,2025-12-23,-0.012607828189841186
BTC,2025-12-24,0.002967880711066684
BTC,2025-12-25,-0.004510734426839136
BTC,2025-12-26,0.0011858318076836127
BTC,2025-12-27,0.004120529922781557
BTC,2025-12-28,0.000595443869478629
BTC,2025-12-29,-0.0070235270841170205
BTC,2025-12-30,0.014752683853892279
BTC,2025-12-31,-0.010361419241300851
BTC,2026-01-01,0.013249136915144177
BTC,2026-01-02,0.014062838360327845
BTC,2026-01-03,0.007288790148447077
BTC,2026-01-04,0.008371584558327427
BTC,2026-01-05,0.027942475280715584
BTC,2026-01-06,-0.0039919991166037505
BTC,2026-01-07,-0.02560253853306982
BTC,2026-01-08,-0.001229144380511471
BTC,2026-01-09,-0.0061365927674614795
BTC,2026-01-10,-0.0014751476039158717
BTC,2026-01-11,0.00343483280177459
BTC,2026-01-12,0.004662357127893202
BTC,2026-01-13,0.044667608906273415
BTC,2026-01-14,0.018087397989722476
BTC,2026-01-15,-0.015555139512544613
BTC,2026-01-16,-0.000596850829587936
BTC,2026-01-17,-0.004010050456020764
BTC,2026-01-18,-0.008931342874857862
BTC,2026-01-19,-0.018578724075966946
BTC,2026-01-20,-0.04747087541934114
BTC,2026-01-21,0.015326772247352238
BTC,2026-01-22,-0.002275607204083485
BTC,2026-01-23,0.0004928681700242521
BTC,2026-01-24,-0.0028521610613410076
BTC,2026-01-25,-0.03119716695334951
BTC,2026-01-26,0.021648060550553794
BTC,2026-01-27,0.01039353093926998
BTC,2026-01-28,-0.0009257133157909436
BTC,2026-01-29,-0.0536391156239624
BTC,2026-01-30,-0.005973329178051046
BTC,2026-01-31,-0.06534609804100988
BTC,2026-02-01,-0.023023876100225493
BTC,2026-02-02,0.023204493528085735
BTC,2026-02-03,-0.03927718491937782
BTC,2026-02-04,-0.034814314460003715
BTC,2026-02-05,-0.140806328479826
BTC,2026-02-06,0.10674927266663126
BTC,2026-02-07,-0.02119236513544287
BTC,2026-02-08,0.019419909832699034
BTC,2026-02-09,-0.003956729014877425
BTC,2026-02-10,-0.02239028620066641
BTC,2026-02-11,-0.02504693411274772
BTC,2026-02-12,-0.011533271140352852
BTC,2026-02-13,0.03908182062415655
BTC,2026-02-14,0.013518816301528958
BTC,2026-02-15,-0.01687731596002351
BTC,2026-02-16,0.001710297078611589
BTC,2026-02-17,-0.018740841276562392
BTC,2026-02-18,-0.016292173089730966
BTC,2026-02-19,0.00827598440471533
BTC,2026-02-20,0.015491521302795519
BTC,2026-02-21,0.0006376345063117128
BTC,2026-02-22,-0.0069431758255831255
BTC,2026-02-23,-0.04326314600157488
BTC,2026-02-24,-0.00879044789952843
BTC,2026-02-25,0.059259220477521524
BTC,2026-02-26,-0.0076610898202407185
BTC,2026-02-27,-0.024818885514982014
BTC,2026-02-28,0.016585509899103457
BTC,2026-03-01,-0.018570569558491457
BTC,2026-03-02,0.04737547596138825
BTC,2026-03-03,-0.007156006895812084
BTC,2026-03-04,0.06006525208508684
BTC,2026-03-05,-0.023390954229363103
BTC,2026-03-06,-0.03966671646153053
BTC,2026-03-07,-0.0134447546573071
BTC,2026-03-08,-0.016670092736781328
BTC,2026-03-09,0.034529063020947603
BTC,2026-03-10,0.019698394761803684
BTC,2026-03-11,0.005802860095965201
BTC,2026-03-12,0.0034015618014535676
BTC,2026-03-13,0.005540567267983576
BTC,2026-03-14,0.002902938771986996
BTC,2026-03-15,0.021911842224906053
BTC,2026-03-16,0.027292314205304535
BTC,2026-03-17,-0.008573993355669884
BTC,2026-03-18,-0.03897639681248677
BTC,2026-03-19,-0.018485322992983555
BTC,2026-03-20,0.007995451299814604
BTC,2026-03-21,-0.011455663969403673
BTC,2026-03-22,-0.024530199291000088
BTC,2026-03-23,0.03904160783965693
BTC,2026-03-24,-0.0016441978166525928
BTC,2026-03-25,0.009461941810679164
BTC,2026-03-26,-0.03655046201949652
BTC,2026-03-27,-0.03718901109354711
BTC,2026-03-28,0.0020654140736429127
BTC,2026-03-29,-0.0058090618129629235
BTC,2026-03-30,0.010322667638321903
BTC,2026-03-31,0.023189016392423767
BTC,2026-04-01,-0.001438422220005009
BTC,2026-04-02,-0.017900831193390587
BTC,2026-04-03,-0.0002477691555355932
BTC,2026-04-04,0.006012360100029923
BTC,2026-04-05,0.023884731878556664
BTC,2026-04-06,-0.002598964848210983
BTC,2026-04-07,0.04708554626908956
BTC,2026-04-08,-0.013582033134497351
BTC,2026-04-09,0.009849635208320606
BTC,2026-04-10,0.015979901648869088
BTC,2026-04-11,0.002383041144026876
BTC,2026-04-12,-0.033851126642234775
BTC,2026-04-13,0.05434074318930193
BTC,2026-04-14,-0.006172303530318501
BTC,2026-04-15,0.007902205492476
BTC,2026-04-16,0.004454627203831052
BTC,2026-04-17,0.0265272006905235
BTC,2026-04-18,-0.017297502312954904
BTC,2026-04-19,-0.025210340975702294
BTC,2026-04-20,0.025501642671793334
BTC,2026-04-21,0.0038611805082364725
BTC,2026-04-22,0.02862810132460325
BTC,2026-04-23,-0.0010738775494818498
BTC,2026-04-24,-0.0101417217161206
BTC,2026-04-25,0.002327251855282597
BTC,2026-04-26,0.011706607534737401
BTC,2026-04-27,-0.016464001877789514
BTC,2026-04-28,-0.012514062405516668
BTC,2026-04-29,-0.006581909274888886
BTC,2026-04-30,0.006635449790056924
BTC,2026-05-01,0.02374003652368728
BTC,2026-05-02,0.007394522159392736
BTC,2026-05-03,-0.0008053476928076009
BTC,2026-05-04,0.014853498388337272
BTC,2026-05-05,0.013817428483022809
BTC,2026-05-06,0.005272491309998628
BTC,2026-05-07,-0.017051426971885775
BTC,2026-05-08,0.0023811601411320993
BTC,2026-05-09,0.006017518298746083
BTC,2026-05-10,0.019558043855845142
BTC,2026-05-11,-0.006611404856505132
BTC,2026-05-12,-0.01465973972134016
BTC,2026-05-13,-0.015438568699256194
BTC,2026-05-14,0.023481388761995348
BTC,2026-05-15,-0.026367260567250028
BTC,2026-05-16,-0.011434726824932184
BTC,2026-05-17,-0.008567298533924017
BTC,2026-05-18,-0.006755689903204853
BTC,2026-05-19,-0.0021907480467717733
BTC,2026-05-20,0.007790575815109335
BTC,2026-05-21,0.0024156097549479227
BTC,2026-05-22,-0.026481102699278836
BTC,2026-05-23,0.013829532156615088
BTC,2026-05-24,0.004312322582999073
BTC,2026-05-25,0.0038079307748919433
BTC,2026-05-26,-0.018666755047194172
BTC,2026-05-27,-0.02061928032551208
BTC,2026-05-28,-0.010397991973462695
BTC,2026-05-29,-0.002419715778636089
BTC,2026-05-30,0.00555695185456706
BTC,2026-05-31,-0.0017908028884239258
BTC,2026-06-01,-0.03133984890125774
BTC,2026-06-02,-0.06948552813342346
BTC,2026-06-03,-0.035303117679942986
BTC,2026-06-04,-0.00928013707420483
BTC,2026-06-05,-0.043872372882319155
BTC,2026-06-06,-0.0022352920981631996
BTC,2026-06-07,0.038520783809365966
BTC,2026-06-08,-0.0007703825516500729
BTC,2026-06-09,-0.02355468562157803
BTC,2026-06-10,-0.003337512171412982
BTC,2026-06-11,0.032670191464500675
BTC,2026-06-12,5.016971558191585e-06
BTC,2026-06-13,0.014822992134478241
BTC,2026-06-14,0.018330141225655794
BTC,2026-06-15,0.009212286510425827
BTC,2026-06-16,-0.008864591661030374
BTC,2026-06-17,-0.01903210809827449
BTC,2026-06-18,-0.024609108964593673
BTC,2026-06-19,0.007484521375376474
BTC,2026-06-20,0.01432273587893107
BTC,2026-06-21,-0.013404487654540276
BTC,2026-06-22,0.008769673730835592
BTC,2026-06-23,-0.021029201793165697
BTC,2026-06-24,-0.0272914134757567
BTC,2026-06-25,-0.01730195849230043
BTC,2026-06-26,0.0016372259368822029
BTC,2026-06-27,-9.915777605051801e-05
BTC,2026-06-28,-0.007347218777832509
BTC,2026-06-29,0.011008134609529208
BTC,2026-06-30,-0.027809336312127897
BTC,2026-07-01,0.025981995756747978
BTC,2026-07-02,0.02259432237748804
BTC,2026-07-03,0.018168229634959232
BTC,2026-07-04,0.008368916599819087
BTC,2026-07-05,0.008357251065145732
BTC,2026-07-06,0.006941913909445319
BTC,2026-07-07,-0.00948776153948927
BTC,2026-07-08,-0.019799431714947247
BTC,2026-07-09,0.015555613681984326
BTC,2026-07-10,0.014598456017477446
BTC,2026-07-11,-0.0035295569806201854
BTC,2026-07-12,-0.0022004326265747665
BTC,2026-07-13,-0.025831667172736772
BTC,2026-07-14,0.04420503554467281
BTC,2026-07-15,-0.0026119974449514416
BTC,2026-07-16,-0.015324304204890282
BTC,2026-07-17,0.002126556723467843
BTC,2026-07-18,0.013392377133607525
BTC,2026-07-19,-0.0019255405367335499
BTC,2026-07-20,0.008146916326785103
BTC,2026-07-21,0.01856149529608686
BTC,2026-07-22,-0.006343736173477055
BTC,2026-07-23,-0.013561269090855532
BTC,2026-07-24,-0.015392540731991033
BTC,2026-07-25,0.0036005774605829544
BTC,2026-07-26,0.015386093518767296
BTC,2026-07-27,-0.02496189195933951
BTC,2026-07-28,0.00016016886606351477
BTC,2026-07-29,0.0027609518166347158
BTC,2026-07-30,0.014338935788405394
BTC,2026-07-31,-0.030579504123236845
BTC,2026-08-01,-0.0019629501176332553
BTC,2026-08-02,0.010995629324741074
BTC,2026-08-03,0.00022639081404030037
BTC,2026-08-04,0.010992344189622472
BTC,2026-08-05,0.006971067516534646
BTC,2026-08-06,-0.006179683868023034
BTC,2026-08-07,0.010178175502106868
BTC,2026-08-08,0.0005823631917163397
BTC,2026-08-09,-0.0006477447596360264
BTC,2026-08-10,-0.014866462063404029
BTC,2026-08-11,-0.005653944050610704
BTC,2026-08-12,-0.0029634311944661818
BTC,2026-08-13,0.000561891519195612
BTC,2026-08-14,-0.007446324204790855
BTC,2026-08-15,0.0017423360189052772
BTC,2026-08-16,-0.003432929440526422
BTC,2026-08-17,0.02539540968906806
BTC,2026-08-18,0.004058567413075309
BTC,2026-08-19,0.06827836015377642
BTC,2026-08-20,0.05345008736092538
BTC,2026-08-21,0.06987238270175311
BTC,2026-08-22,-0.017236183218974688
BTC,2026-08-23,0.007410751415141803
BTC,2026-08-24,0.016633913172940495
BTC,2026-08-25,-0.0037219396015171213
BTC,2026-08-26,0.0044890804345687485
BTC,2026-08-27,0.016858561877532097
BTC,2026-08-28,-0.032668455631215565
BTC,2026-08-29,0.006762542780013092
BTC,2026-08-30,-0.0071151505312681
BTC,2026-08-31,0.010814111655362169
BTC,2026-09-01,-0.014443968554662234
BTC,2026-09-02,-0.002833192675819163
BTC,2026-09-03,0.05119458500376872
BTC,2026-09-04,-0.019409530491611093
BTC,2026-09-05,0.0017024346747565033
BTC,2026-09-06,0.00627775122681129
BTC,2026-09-07,-0.015646579713967768
BTC,2026-09-08,-0.007965287898837659
BTC,2026-09-09,-0.003041099735005659
BTC,2026-09-10,0.0002937316178073246
ETH,2018-01-01,
ETH,2018-01-02,0.13334191331614687
ETH,2018-01-03,0.088275135955028
ETH,2018-01-04,0.009184036114321614
ETH,2018-01-05,0.0064873101835978275
ETH,2018-01-06,0.04846917844267118
ETH,2018-01-07,0.09179499225855547
ETH,2018-01-08,0.028433883269451066
ETH,2018-01-09,0.12703900438727356
ETH,2018-01-10,-0.044956511718083014
ETH,2018-01-11,-0.08750404491908625
ETH,2018-01-12,0.10796587245892919
ETH,2018-01-13,0.09327644294711579
ETH,2018-01-14,-0.01329638034500924
ETH,2018-01-15,-0.06068783626365981
ETH,2018-01-16,-0.1888158405037199
ETH,2018-01-17,-0.046844290191668136
ETH,2018-01-18,0.0060490633230232405
ETH,2018-01-19,0.010902146417412162
ETH,2018-01-20,0.111957184373626
ETH,2018-01-21,-0.10278630471602757
ETH,2018-01-22,-0.04666041036769464
ETH,2018-01-23,-0.006903217948167395
ETH,2018-01-24,0.06094138185715359
ETH,2018-01-25,-0.0033465925879880842
ETH,2018-01-26,-0.003026360566297903
ETH,2018-01-27,0.04904336667938036
ETH,2018-01-28,0.1058910761544487
ETH,2018-01-29,-0.04445541793123908
ETH,2018-01-30,-0.09951991258122561
ETH,2018-01-31,0.0412654284075451
ETH,2018-02-01,-0.07290575720181547
ETH,2018-02-02,-0.11020511216058448
ETH,2018-02-03,0.05132419386135734
ETH,2018-02-04,-0.13843125561522385
ETH,2018-02-05,-0.18874496449595846
ETH,2018-02-06,0.13013314496718564
ETH,2018-02-07,-0.044717092429351624
ETH,2018-02-08,0.06901586524963399
ETH,2018-02-09,0.07746564023089686
ETH,2018-02-10,-0.0265082626155273
ETH,2018-02-11,-0.043154842864757015
ETH,2018-02-12,0.0627768605088157
ETH,2018-02-13,-0.03218905120906079
ETH,2018-02-14,0.09136758278478574
ETH,2018-02-15,0.010166403261407275
ETH,2018-02-16,0.010132975349071316
ETH,2018-02-17,0.03749826945522905
ETH,2018-02-18,-0.06341139762999948
ETH,2018-02-19,0.024315759020421268
ETH,2018-02-20,-0.05736708612505037
ETH,2018-02-21,-0.052016792542421086
ETH,2018-02-22,-0.040776721910383174
ETH,2018-02-23,0.058579416014096
ETH,2018-02-24,-0.025761554401069198
ETH,2018-02-25,0.009913344393212675
ETH,2018-02-26,0.027576583095739515
ETH,2018-02-27,0.010557692588625933
ETH,2018-02-28,-0.027492065923943265
ETH,2018-03-01,0.02089852837766859
ETH,2018-03-02,-0.016176814853062993
ETH,2018-03-03,-0.0011291634949710527
ETH,2018-03-04,0.007861399781519118
ETH,2018-03-05,-0.011119107787451732
ETH,2018-03-06,-0.04720061614577631
ETH,2018-03-07,-0.07751714377948993
ETH,2018-03-08,-0.07227609463607187
ETH,2018-03-09,0.03646704308272497
ETH,2018-03-10,-0.05735590948111824
ETH,2018-03-11,0.04730124519691348
ETH,2018-03-12,-0.03013452516970805
ETH,2018-03-13,-0.009861503219626755
ETH,2018-03-14,-0.11927405680683911
ETH,2018-03-15,-0.0019065909847144624
ETH,2018-03-16,-0.01099335846881555
ETH,2018-03-17,-0.09288592344825197
ETH,2018-03-18,-0.023145595163279964
ETH,2018-03-19,0.021825360227460955
ETH,2018-03-20,0.009945061749728978
ETH,2018-03-21,0.003164633781721271
ETH,2018-03-22,-0.033352102735206834
ETH,2018-03-23,-0.0028256279754756974
ETH,2018-03-24,-0.023546299037148444
ETH,2018-03-25,-0.005460888007871922
ETH,2018-03-26,-0.06406124234535682
ETH,2018-03-27,-0.08356491955654466
ETH,2018-03-28,-0.011365004431365122
ETH,2018-03-29,-0.14493435147757694
ETH,2018-03-30,0.018283980125454846
ETH,2018-03-31,0.005197733937831295
ETH,2018-04-01,-0.04258149418318258
ETH,2018-04-02,0.01400379293082299
ETH,2018-04-03,0.07972347412991176
ETH,2018-04-04,-0.09250128372310051
ETH,2018-04-05,0.01095846214081675
ETH,2018-04-06,-0.03392141528953374
ETH,2018-04-07,0.038630590700822864
ETH,2018-04-08,0.038039712461049646
ETH,2018-04-09,-0.008170562155032535
ETH,2018-04-10,0.04271132327470184
ETH,2018-04-11,0.038770880007973574
ETH,2018-04-12,0.138340984182185
ETH,2018-04-13,0.005561354075426017
ETH,2018-04-14,0.013813799729459397
ETH,2018-04-15,0.05422884391201688
ETH,2018-04-16,-0.03892117316685351
ETH,2018-04-17,-0.01748544394911189
ETH,2018-04-18,0.044535603367483745
ETH,2018-04-19,0.07623478232830383
ETH,2018-04-20,0.08413924706325204
ETH,2018-04-21,-0.017878658148623217
ETH,2018-04-22,0.025671716400838207
ETH,2018-04-23,0.03393896130050944
ETH,2018-04-24,0.09271374688792111
ETH,2018-04-25,-0.13732320956056476
ETH,2018-04-26,0.07407395121410598
ETH,2018-04-27,-0.019664468955260972
ETH,2018-04-28,0.05052058087375233
ETH,2018-04-29,0.008419052126199311
ETH,2018-04-30,-0.03134856120448948
ETH,2018-05-01,0.006676090959094161
ETH,2018-05-02,0.022207933861598583
ETH,2018-05-03,0.1254425515264197
ETH,2018-05-04,0.006420523768212227
ETH,2018-05-05,0.03507519992442454
ETH,2018-05-06,-0.03318270697691794
ETH,2018-05-07,-0.048341915671139546
ETH,2018-05-08,0.005116253382638547
ETH,2018-05-09,-0.004448578608856835
ETH,2018-05-10,-0.030378725496889025
ETH,2018-05-11,-0.06606669135680221
ETH,2018-05-12,0.009148394969874296
ETH,2018-05-13,0.0644436217343971
ETH,2018-05-14,-0.006866207286555515
ETH,2018-05-15,-0.027848454646624887
ETH,2018-05-16,-0.0015306936324082088
ETH,2018-05-17,-0.054396558955418506
ETH,2018-05-18,0.03761479514321042
ETH,2018-05-19,0.00022760540950095276
ETH,2018-05-20,0.028113394594860175
ETH,2018-05-21,-0.02231316916652748
ETH,2018-05-22,-0.0808148951911356
ETH,2018-05-23,-0.10721117994760121
ETH,2018-05-24,0.037975065377503725
ETH,2018-05-25,-0.03734526470544619
ETH,2018-05-26,0.009791510309240081
ETH,2018-05-27,-0.02407469609985302
ETH,2018-05-28,-0.10487925110344687
ETH,2018-05-29,0.09344365619784689
ETH,2018-05-30,-0.01274416337168649
ETH,2018-05-31,0.03304831281405196
ETH,2018-06-01,0.005817753181522889
ETH,2018-06-02,0.022184331464589313
ETH,2018-06-03,0.043676207002472545
ETH,2018-06-04,-0.04694150091757798
ETH,2018-06-05,0.02890214475088193
ETH,2018-06-06,-0.0028877662991515507
ETH,2018-06-07,-0.005415947555602152
ETH,2018-06-08,-0.0033788180060785322
ETH,2018-06-09,-0.0069804159107302866
ETH,2018-06-10,-0.1338814391322991
ETH,2018-06-11,0.0154090967813163
ETH,2018-06-12,-0.07761969305856287
ETH,2018-06-13,-0.031912521638730595
ETH,2018-06-14,0.08728056741787249
ETH,2018-06-15,-0.06220350869273439
ETH,2018-06-16,0.022002360541179655
ETH,2018-06-17,-0.003003092355452708
ETH,2018-06-18,0.04151924501637616
ETH,2018-06-19,0.03838347306481715
ETH,2018-06-20,-0.00336803077468506
ETH,2018-06-21,-0.018207573425825352
ETH,2018-06-22,-0.1269057786801806
ETH,2018-06-23,0.026175010715986602
ETH,2018-06-24,-0.044877817221873784
ETH,2018-06-25,0.010520261280657195
ETH,2018-06-26,-0.05990708086912555
ETH,2018-06-27,0.021008365506640203
ETH,2018-06-28,-0.05081664513801787
ETH,2018-06-29,0.03957180759071122
ETH,2018-06-30,0.03374022487337491
ETH,2018-07-01,0.00016607199651108573
ETH,2018-07-02,0.05215953249825578
ETH,2018-07-03,-0.03036840753119563
ETH,2018-07-04,0.008576962832462343
ETH,2018-07-05,0.0028506310852156602
ETH,2018-07-06,0.0031089004557598443
ETH,2018-07-07,0.025333118769371943
ETH,2018-07-08,0.01158340984448536
ETH,2018-07-09,-0.030091400928041523
ETH,2018-07-10,-0.08535459125562195
ETH,2018-07-11,0.030062534949994557
ETH,2018-07-12,-0.051642339468019216
ETH,2018-07-13,0.01747385709914262
ETH,2018-07-14,0.005929946091524307
ETH,2018-07-15,0.033558755560227915
ETH,2018-07-16,0.06186493151534389
ETH,2018-07-17,0.045202991415794536
ETH,2018-07-18,-0.04178096395228348
ETH,2018-07-19,-0.022369763386104857
ETH,2018-07-20,-0.045528184636946634
ETH,2018-07-21,0.03173024265984825
ETH,2018-07-22,-0.010556958214866796
ETH,2018-07-23,-0.018055200333061627
ETH,2018-07-24,0.06276394999367874
ETH,2018-07-25,-0.011234558252066762
ETH,2018-07-26,-0.01979099835878806
ETH,2018-07-27,0.012604797929983924
ETH,2018-07-28,-0.004249276168635241
ETH,2018-07-29,-0.0008627860638377172
ETH,2018-07-30,-0.023891291429307238
ETH,2018-07-31,-0.05430489827374352
ETH,2018-08-01,-0.030040622631161362
ETH,2018-08-02,-0.0193880172915879
ETH,2018-08-03,0.01516348111830279
ETH,2018-08-04,-0.026308753127780804
ETH,2018-08-05,0.0062075234022564985
ETH,2018-08-06,-0.008772529835640697
ETH,2018-08-07,-0.06844657178344438
ETH,2018-08-08,-0.06603431740618326
ETH,2018-08-09,0.02956120130656803
ETH,2018-08-10,-0.09886426226390821
ETH,2018-08-11,-0.02368710282121711
ETH,2018-08-12,-0.015440394867371587
ETH,2018-08-13,-0.11155650875812473
ETH,2018-08-14,-0.029074417901937544
ETH,2018-08-15,0.017609242800917357
ETH,2018-08-16,0.016287322935153448
ETH,2018-08-17,0.09724179365252628
ETH,2018-08-18,-0.06397105410072257
ETH,2018-08-19,0.015554063823921105
ETH,2018-08-20,-0.09960580007220088
ETH,2018-08-21,0.03375068041117846
ETH,2018-08-22,-0.03942172399379018
ETH,2018-08-23,0.018805307769901525
ETH,2018-08-24,0.023261521357198056
ETH,2018-08-25,-0.011644340867634106
ETH,2018-08-26,-0.018611504607018325
ETH,2018-08-27,0.03915811216440446
ETH,2018-08-28,0.04278062109894165
ETH,2018-08-29,-0.02743090547986693
ETH,2018-08-30,-0.016474370571573083
ETH,2018-08-31,-0.005894868817532206
ETH,2018-09-01,0.04410096455299506
ETH,2018-09-02,-0.0039144066923668674
ETH,2018-09-03,-0.01767081679439464
ETH,2018-09-04,-0.011625322478065137
ETH,2018-09-05,-0.19737970149238926
ETH,2018-09-06,-0.022046898251557145
ETH,2018-09-07,-0.062197884408937476
ETH,2018-09-08,-0.09051866528970987
ETH,2018-09-09,-0.00540451464374847
ETH,2018-09-10,0.0027228270419890066
ETH,2018-09-11,-0.062152491536097365
ETH,2018-09-12,-0.008910599186913615
ETH,2018-09-13,0.15174731648169537
ETH,2018-09-14,-0.004261905107077801
ETH,2018-09-15,0.05117309596030584
ETH,2018-09-16,-0.012603131839980186
ETH,2018-09-17,-0.11148250432685902
ETH,2018-09-18,0.06257190103185728
ETH,2018-09-19,-0.0020776741281745004
ETH,2018-09-20,0.06735017568947477
ETH,2018-09-21,0.09821652616413612
ETH,2018-09-22,-0.026935105402882797
ETH,2018-09-23,0.0184583918243586
ETH,2018-09-24,-0.07136302833634289
ETH,2018-09-25,-0.04570451988715618
ETH,2018-09-26,-0.011980511206894917
ETH,2018-09-27,0.06047588072093468
ETH,2018-09-28,-0.03290646504532013
ETH,2018-09-29,0.04547537016142922
ETH,2018-09-30,0.003839251029558177
ETH,2018-10-01,-0.00994409410767716
ETH,2018-10-02,-0.020110604011231104
ETH,2018-10-03,-0.02860653001108826
ETH,2018-10-04,0.008861887172530558
ETH,2018-10-05,0.02502360494993905
ETH,2018-10-06,-0.012719876910406214
ETH,2018-10-07,0.0031743407893127795
ETH,2018-10-08,0.01437251251666627
ETH,2018-10-09,-0.005564402999159945
ETH,2018-10-10,-0.012128238530976887
ETH,2018-10-11,-0.16035720504584106
ETH,2018-10-12,0.019393139276796312
ETH,2018-10-13,0.012317233084758072
ETH,2018-10-14,-0.02345393623674319
ETH,2018-10-15,0.06433121327507774
ETH,2018-10-16,0.00406003185041115
ETH,2018-10-17,-0.010212371937313058
ETH,2018-10-18,-0.022276017693891426
ETH,2018-10-19,0.00541590464427788
ETH,2018-10-20,0.012091168562911925
ETH,2018-10-21,-0.0020888277348634077
ETH,2018-10-22,-0.006006319797124959
ETH,2018-10-23,0.0005931003325541084
ETH,2018-10-24,-0.002776517850332283
ETH,2018-10-25,-0.0034257979761243007
ETH,2018-10-26,0.0037949843258386906
ETH,2018-10-27,0.003958590034354614
ETH,2018-10-28,0.005113963211578643
ETH,2018-10-29,-0.04098515305327499
ETH,2018-10-30,0.00685986920806414
ETH,2018-10-31,0.00631237469770074
ETH,2018-11-01,0.004668053944639539
ETH,2018-11-02,0.010215413209412105
ETH,2018-11-03,-0.007512221361951177
ETH,2018-11-04,0.05700114784459842
ETH,2018-11-05,-0.009156489538233892
ETH,2018-11-06,0.04700531499761862
ETH,2018-11-07,-0.006009588067764859
ETH,2018-11-08,-0.028731864870984225
ETH,2018-11-09,-0.012132791352081895
ETH,2018-11-10,0.011761297118716207
ETH,2018-11-11,-0.007152115807052439
ETH,2018-11-12,-0.0037131204264451156
ETH,2018-11-13,-0.022674002356661838
ETH,2018-11-14,-0.14194993831307734
ETH,2018-11-15,0.0051498568318573135
ETH,2018-11-16,-0.031801696832723714
ETH,2018-11-17,0.001734332871097699
ETH,2018-11-18,0.014755940079474783
ETH,2018-11-19,-0.1748173309350909
ETH,2018-11-20,-0.14750600690607119
ETH,2018-11-21,0.06267582974628905
ETH,2018-11-22,-0.07631692074968832
ETH,2018-11-23,-0.028556321114644234
ETH,2018-11-24,-0.08822066394101657
ETH,2018-11-25,0.027671000079594776
ETH,2018-11-26,-0.07585812042025353
ETH,2018-11-27,0.02757483700158847
ETH,2018-11-28,0.10370316437482341
ETH,2018-11-29,-0.037029898926215665
ETH,2018-11-30,-0.04225977107026502
ETH,2018-12-01,0.04674907528671213
ETH,2018-12-02,-0.018117322409700876
ETH,2018-12-03,-0.0669383657697793
ETH,2018-12-04,0.008868001494509947
ETH,2018-12-05,-0.069330791148146
ETH,2018-12-06,-0.107633001109118
ETH,2018-12-07,0.0143884546903843
ETH,2018-12-08,-0.016744115439244034
ETH,2018-12-09,0.026090187898449635
ETH,2018-12-10,-0.040101410572461305
ETH,2018-12-11,-0.02489412248976297
ETH,2018-12-12,0.019457776867289667
ETH,2018-12-13,-0.043992159549008036
ETH,2018-12-14,-0.023122355840800246
ETH,2018-12-15,-0.003090048008856705
ETH,2018-12-16,0.011466059649274385
ETH,2018-12-17,0.11337197258855536
ETH,2018-12-18,0.0663127449434926
ETH,2018-12-19,-0.00327828040042899
ETH,2018-12-20,0.1322696907391201
ETH,2018-12-21,-0.05654710870871771
ETH,2018-12-22,0.06654518230418649
ETH,2018-12-23,0.11824337993749001
ETH,2018-12-24,0.07912299090203945
ETH,2018-12-25,-0.09289562541114282
ETH,2018-12-26,0.01850839773866042
ETH,2018-12-27,-0.13268430280448928
ETH,2018-12-28,0.16969083801283524
ETH,2018-12-29,0.03542932546868016
ETH,2018-12-30,-0.012187432573825596
ETH,2018-12-31,-0.056563938957288507
ETH,2019-01-01,0.0619893592751426
ETH,2019-01-02,0.104131541269874
ETH,2019-01-03,-0.04886254859380301
ETH,2019-01-04,0.04247024549835032
ETH,2019-01-05,0.00558504311968111
ETH,2019-01-06,0.010562988402937457
ETH,2019-01-07,-0.036532952658631324
ETH,2019-01-08,-0.00863982567468824
ETH,2019-01-09,0.0038642638982038235
ETH,2019-01-10,-0.16453041074326613
ETH,2019-01-11,-0.015555905182939256
ETH,2019-01-12,-0.005144527067976412
ETH,2019-01-13,-0.07505039517284562
ETH,2019-01-14,0.10667169172862678
ETH,2019-01-15,-0.06431813413586962
ETH,2019-01-16,0.01722828105867613
ETH,2019-01-17,0.0018512189516739497
ETH,2019-01-18,-0.02612399633180651
ETH,2019-01-19,0.03295147193686443
ETH,2019-01-20,-0.04957595738503784
ETH,2019-01-21,-0.013677639395461405
ETH,2019-01-22,0.017588520919517237
ETH,2019-01-23,-0.014190251799659492
ETH,2019-01-24,0.00011108495893807913
ETH,2019-01-25,-0.011751353546831211
ETH,2019-01-26,0.0006319238691325779
ETH,2019-01-27,-0.0283712333529067
ETH,2019-01-28,-0.056614894817397676
ETH,2019-01-29,-0.01371449816301773
ETH,2019-01-30,0.03249031968010918
ETH,2019-01-31,-0.01809390869018479
ETH,2019-02-01,0.00843527087151763
ETH,2019-02-02,0.017994253236750524
ETH,2019-02-03,-0.023761546717741666
ETH,2019-02-04,4.671529265465324e-05
ETH,2019-02-05,0.001026675331507576
ETH,2019-02-06,-0.026163573571677645
ETH,2019-02-07,-0.0009256050206438715
ETH,2019-02-08,0.1288227565613207
ETH,2019-02-09,0.0051143103191426675
ETH,2019-02-10,0.04530618622417926
ETH,2019-02-11,-0.031660530194426606
ETH,2019-02-12,0.009162917054261754
ETH,2019-02-13,-0.0011467097326809395
ETH,2019-02-14,-0.008398001676487965
ETH,2019-02-15,0.005658318375613369
ETH,2019-02-16,0.01193296589495585
ETH,2019-02-17,0.0864726779267313
ETH,2019-02-18,0.08380073423292345
ETH,2019-02-19,-0.008889561373671029
ETH,2019-02-20,0.027934552121789302
ETH,2019-02-21,-0.024698237477595697
ETH,2019-02-22,0.02382254063308764
ETH,2019-02-23,0.06875595536068513
ETH,2019-02-24,-0.15151033972375405
ETH,2019-02-25,0.018600401751056594
ETH,2019-02-26,-0.01607162266455653
ETH,2019-02-27,-0.012821917232838764
ETH,2019-02-28,0.0056406552707404245
ETH,2019-03-01,0.0008147818413366537
ETH,2019-03-02,-0.01997556495561259
ETH,2019-03-03,-0.019489493371848354
ETH,2019-03-04,-0.03552920173485674
ETH,2019-03-05,0.08122621622393655
ETH,2019-03-06,0.010807721052819907
ETH,2019-03-07,-0.0076090312022385476
ETH,2019-03-08,-0.0275612528114646
ETH,2019-03-09,0.028695598132692623
ETH,2019-03-10,-0.00789107973937675
ETH,2019-03-11,-0.023536347336582608
ETH,2019-03-12,0.00465342815055525
ETH,2019-03-13,-0.011844533609692398
ETH,2019-03-14,0.0013379679697296254
ETH,2019-03-15,0.03217560045045964
ETH,2019-03-16,0.03639326954513944
ETH,2019-03-17,-0.017834587138165325
ETH,2019-03-18,-0.007847507312269464
ETH,2019-03-19,0.006290117341080759
ETH,2019-03-20,0.005479240326771162
ETH,2019-03-21,-0.030003943022447466
ETH,2019-03-22,0.009662852229062935
ETH,2019-03-23,0.004271226560075725
ETH,2019-03-24,-0.007764817686596537
ETH,2019-03-25,-0.01732760997775351
ETH,2019-03-26,0.0005346858555856926
ETH,2019-03-27,0.04443770547803805
ETH,2019-03-28,-0.013586775349364366
ETH,2019-03-29,0.03598718697790737
ETH,2019-03-30,-0.0018365818563408354
ETH,2019-03-31,-0.005864557278427718
ETH,2019-04-01,0.0001337966389796108
ETH,2019-04-02,0.15791627873748482
ETH,2019-04-03,-0.03210103170946077
ETH,2019-04-04,-0.01492511994907364
ETH,2019-04-05,0.04987525770877976
ETH,2019-04-06,-0.003200208457400322
ETH,2019-04-07,0.053296510826436716
ETH,2019-04-08,0.03556159777969903
ETH,2019-04-09,-0.02703337722453636
ETH,2019-04-10,0.008584386096669228
ETH,2019-04-11,-0.06955362614936877
ETH,2019-04-12,-0.003985839270010061
ETH,2019-04-13,-0.004638978528757498
ETH,2019-04-14,0.023391319024270274
ETH,2019-04-15,-0.04538998057129451
ETH,2019-04-16,0.037317883912224126
ETH,2019-04-17,-0.0017908518710427757
ETH,2019-04-18,0.04226341931870259
ETH,2019-04-19,0.000615390423941875
ETH,2019-04-20,-0.002522078280273732
ETH,2019-04-21,-0.01905733754665828
ETH,2019-04-22,0.009486228153757992
ETH,2019-04-23,-0.003667156505037461
ETH,2019-04-24,-0.034491062630865876
ETH,2019-04-25,-0.08262661975119912
ETH,2019-04-26,0.006002731502770864
ETH,2019-04-27,0.017920249668696542
ETH,2019-04-28,-0.016020134786432827
ETH,2019-04-29,-0.0046216249808193055
ETH,2019-04-30,0.04732837243399324
ETH,2019-05-01,-0.010784831651146298
ETH,2019-05-02,0.006104086996079339
ETH,2019-05-03,0.03398939258985223
ETH,2019-05-04,-0.016271679134788997
ETH,2019-05-05,-0.003410391755052977
ETH,2019-05-06,0.06347737505265805
ETH,2019-05-07,-0.01180014076215219
ETH,2019-05-08,-0.0028936287907788127
ETH,2019-05-09,0.004070235628780949
ETH,2019-05-10,0.011513514909001543
ETH,2019-05-11,0.1475646928244272
ETH,2019-05-12,-0.06425535686348649
ETH,2019-05-13,0.04512979586923205
ETH,2019-05-14,0.10825748436865901
ETH,2019-05-15,0.13221965225871202
ETH,2019-05-16,0.055900064488238144
ETH,2019-05-17,-0.08357245246865386
ETH,2019-05-18,-0.031117308780823194
ETH,2019-05-19,0.10933555483780655
ETH,2019-05-20,-0.037161290812436576
ETH,2019-05-21,0.017284150055164815
ETH,2019-05-22,-0.04894640422999519
ETH,2019-05-23,0.0052605932138307665
ETH,2019-05-24,0.012124630438920647
ETH,2019-05-25,0.012179260523881297
ETH,2019-05-26,0.0630982855243909
ETH,2019-05-27,0.0159807662906708
ETH,2019-05-28,-0.005122227257023937
ETH,2019-05-29,-0.007013933175054277
ETH,2019-05-30,-0.05743739431178252
ETH,2019-05-31,0.04715971675080599
ETH,2019-06-01,-0.0053930552686418665
ETH,2019-06-02,0.018041350177099957
ETH,2019-06-03,-0.0726168563285503
ETH,2019-06-04,-0.0473089958123154
ETH,2019-06-05,0.02832892290882505
ETH,2019-06-06,0.004662189768559699
ETH,2019-06-07,0.01099900461573089
ETH,2019-06-08,-0.02263171248270268
ETH,2019-06-09,-0.05714340639886917
ETH,2019-06-10,0.06577175630683829
ETH,2019-06-11,-0.003838882727491999
ETH,2019-06-12,0.054838240345225664
ETH,2019-06-13,-0.01677864180385935
ETH,2019-06-14,0.03625518299631647
ETH,2019-06-15,0.016087265188454936
ETH,2019-06-16,0.002936810121987321
ETH,2019-06-17,0.014223352902106967
ETH,2019-06-18,-0.03726347966592236
ETH,2019-06-19,0.019655916503698023
ETH,2019-06-20,0.011830904893338712
ETH,2019-06-21,0.08016910898242191
ETH,2019-06-22,0.04365493902926154
ETH,2019-06-23,-0.004739186614366453
ETH,2019-06-24,0.010530578218874709
ETH,2019-06-25,0.02036322246343758
ETH,2019-06-26,0.05495982157539725
ETH,2019-06-27,-0.13033968609724678
ETH,2019-06-28,0.053877941204380164
ETH,2019-06-29,0.028931803858949223
ETH,2019-06-30,-0.0881248692543517
ETH,2019-07-01,0.007520478193967506
ETH,2019-07-02,-0.011260782016464077
ETH,2019-07-03,0.038765613964663714
ETH,2019-07-04,-0.0634424007551555
ETH,2019-07-05,0.015295291164272307
ETH,2019-07-06,-0.002032411643205556
ETH,2019-07-07,0.06379696368634402
ETH,2019-07-08,0.023011228823426322
ETH,2019-07-09,-0.016032134096020556
ETH,2019-07-10,-0.06571696969171992
ETH,2019-07-11,-0.07623960867828394
ETH,2019-07-12,0.030682769129507292
ETH,2019-07-13,-0.026385968375385538
ETH,2019-07-14,-0.1540141877268475
ETH,2019-07-15,0.0010517428183955957
ETH,2019-07-16,-0.14727783210930845
ETH,2019-07-17,0.05821963746592118
ETH,2019-07-18,0.0744820657260794
ETH,2019-07-19,-0.027709880864025038
ETH,2019-07-20,0.04269227818740173
ETH,2019-07-21,-0.02191410583096598
ETH,2019-07-22,-0.03912277381450302
ETH,2019-07-23,-0.021670333763508687
ETH,2019-07-24,0.020908880586269163
ETH,2019-07-25,0.012785091032115226
ETH,2019-07-26,-0.0012451477011561352
ETH,2019-07-27,-0.05973258402479864
ETH,2019-07-28,0.020508617434354726
ETH,2019-07-29,-0.00041156050488844187
ETH,2019-07-30,-0.0038548176061050654
ETH,2019-07-31,0.037651467115142445
ETH,2019-08-01,-0.003376097108641396
ETH,2019-08-02,0.0014435973196320617
ETH,2019-08-03,0.018968034889469187
ETH,2019-08-04,0.004287700358987401
ETH,2019-08-05,0.0418062579912819
ETH,2019-08-06,-0.028692894140863956
ETH,2019-08-07,0.0013885253250407459
ETH,2019-08-08,-0.024600264568707786
ETH,2019-08-09,-0.049884945964343785
ETH,2019-08-10,-0.016790080776551086
ETH,2019-08-11,0.044854895752633794
ETH,2019-08-12,-0.022576700768940583
ETH,2019-08-13,-0.011320609031823636
ETH,2019-08-14,-0.11260983923013512
ETH,2019-08-15,0.008733116890450532
ETH,2019-08-16,-0.013055512064249264
ETH,2019-08-17,-0.0001631273509383746
ETH,2019-08-18,0.048179749561080065
ETH,2019-08-19,0.04056614860442309
ETH,2019-08-20,-0.030287383081112118
ETH,2019-08-21,-0.05335364709798984
ETH,2019-08-22,0.026972795691204254
ETH,2019-08-23,0.015681583073544836
ETH,2019-08-24,-0.018199111534835666
ETH,2019-08-25,-0.025382228894349268
ETH,2019-08-26,0.011978540955941419
ETH,2019-08-27,-0.008983937667291997
ETH,2019-08-28,-0.07617707198106505
ETH,2019-08-29,-0.025972582888472928
ETH,2019-08-30,-0.002156259387255055
ETH,2019-08-31,0.022348152883649774
ETH,2019-09-01,-0.005627039264803457
ETH,2019-09-02,0.04213824959168466
ETH,2019-09-03,0.003652625210895266
ETH,2019-09-04,-0.02544975589809262
ETH,2019-09-05,-0.0010778758226317464
ETH,2019-09-06,-0.030899870590587852
ETH,2019-09-07,0.05213449155458072
ETH,2019-09-08,0.018434633602701922
ETH,2019-09-09,-0.0011923022941440209
ETH,2019-09-10,-0.009930913827413512
ETH,2019-09-11,-0.008594656558099878
ETH,2019-09-12,0.015534505098215412
ETH,2019-09-13,0.0036800557179015314
ETH,2019-09-14,0.03827819246538677
ETH,2019-09-15,0.00448450073515172
ETH,2019-09-16,0.04129540493542461
ETH,2019-09-17,0.05832249567922698
ETH,2019-09-18,0.00682674472016398
ETH,2019-09-19,0.05016732280016356
ETH,2019-09-20,-0.019905174931705183
ETH,2019-09-21,-0.007837144662312667
ETH,2019-09-22,-0.02085743802158202
ETH,2019-09-23,-0.0476713523292176
ETH,2019-09-24,-0.17786257963477325
ETH,2019-09-25,0.008326144770457233
ETH,2019-09-26,-0.020894292840066164
ETH,2019-09-27,0.045534424683393304
ETH,2019-09-28,-0.0016371837814030954
ETH,2019-09-29,-0.02296344195745892
ETH,2019-09-30,0.05528850160073695
ETH,2019-10-01,-0.016137470513715613
ETH,2019-10-02,0.02292572748719035
ETH,2019-10-03,-0.029560450768536306
ETH,2019-10-04,0.004191171550970374
ETH,2019-10-05,-0.00010928863006132161
ETH,2019-10-06,-0.03658865698564284
ETH,2019-10-07,0.06356084512829074
ETH,2019-10-08,-0.0018409075445093848
ETH,2019-10-09,0.07237375226770748
ETH,2019-10-10,-0.01376387492068254
ETH,2019-10-11,-0.057318275847908495
ETH,2019-10-12,-0.003224432709278524
ETH,2019-10-13,0.006383716939888373
ETH,2019-10-14,0.027426084100849124
ETH,2019-10-15,-0.034014209591828326
ETH,2019-10-16,-0.029766293382278874
ETH,2019-10-17,0.011785165848974266
ETH,2019-10-18,-0.022500332669567413
ETH,2019-10-19,-0.00880338492728061
ETH,2019-10-20,0.02061609208334314
ETH,2019-10-21,-0.005664117969078397
ETH,2019-10-22,-0.01700199808831737
ETH,2019-10-23,-0.05978066350649236
ETH,2019-10-24,-0.0018557199722843976
ETH,2019-10-25,0.1178350443788494
ETH,2019-10-26,-0.00798791637759777
ETH,2019-10-27,0.026638820896639714
ETH,2019-10-28,-0.00957180724600537
ETH,2019-10-29,0.042915126217890176
ETH,2019-10-30,-0.04038688525845391
ETH,2019-10-31,-0.00462904334141534
ETH,2019-11-01,0.00509415381342837
ETH,2019-11-02,-0.0019843755974546795
ETH,2019-11-03,-0.0059837822454964495
ETH,2019-11-04,0.02243613612526474
ETH,2019-11-05,0.016964053986506578
ETH,2019-11-06,0.012287809928340998
ETH,2019-11-07,-0.025302397019027367
ETH,2019-11-08,-0.01473777579343416
ETH,2019-11-09,0.005010062950110417
ETH,2019-11-10,0.02183210251695389
ETH,2019-11-11,-0.02477613185127936
ETH,2019-11-12,0.011639484018806101
ETH,2019-11-13,0.007770385363325971
ETH,2019-11-14,-0.01752670359556152
ETH,2019-11-15,-0.02619254770391155
ETH,2019-11-16,0.012682889068171832
ETH,2019-11-17,0.008427350997106231
ETH,2019-11-18,-0.031876468526125024
ETH,2019-11-19,-0.014864150147476884
ETH,2019-11-20,-0.0058624974775769445
ETH,2019-11-21,-0.08169190330114873
ETH,2019-11-22,-0.07057341307320897
ETH,2019-11-23,0.01688796592059738
ETH,2019-11-24,-0.07318884410908488
ETH,2019-11-25,0.03460914600559484
ETH,2019-11-26,0.00937604627142985
ETH,2019-11-27,0.035233383549509334
ETH,2019-11-28,-0.014710968385354128
ETH,2019-11-29,0.02126677482011896
ETH,2019-11-30,-0.014628272881349602
ETH,2019-12-01,-0.004192453135551055
ETH,2019-12-02,-0.015494667719282873
ETH,2019-12-03,-0.010706677044921342
ETH,2019-12-04,-0.01206256080865753
ETH,2019-12-05,0.015832810954274024
ETH,2019-12-06,0.004568496361367025
ETH,2019-12-07,-0.008000892671114812
ETH,2019-12-08,0.02227798644365553
ETH,2019-12-09,-0.02322548436544203
ETH,2019-12-10,-0.011458987631410622
ETH,2019-12-11,-0.01776859508071027
ETH,2019-12-12,0.011142846292569786
ETH,2019-12-13,-0.000929642908220174
ETH,2019-12-14,-0.019252455189008977
ETH,2019-12-15,0.0032525538849865754
ETH,2019-12-16,-0.0722930059227096
ETH,2019-12-17,-0.08571347565154497
ETH,2019-12-18,0.08951126298974277
ETH,2019-12-19,-0.03865603593952471
ETH,2019-12-20,0.002910347161690474
ETH,2019-12-21,-0.008776845659347998
ETH,2019-12-22,0.038308229156469586
ETH,2019-12-23,-0.03268140211177695
ETH,2019-12-24,-0.0012358726517804897
ETH,2019-12-25,-0.021981170655424265
ETH,2019-12-26,0.0034166683719156765
ETH,2019-12-27,0.0069442355074809115
ETH,2019-12-28,0.014601611415983484
ETH,2019-12-29,0.05027494877137162
ETH,2019-12-30,-0.025209611145827537
ETH,2019-12-31,-0.021374197075917145
ETH,2020-01-01,0.011241405238122226
ETH,2020-01-02,-0.02519077073154108
ETH,2020-01-03,0.05428612174879266
ETH,2020-01-04,0.001863588932510929
ETH,2020-01-05,0.006927278404291748
ETH,2020-01-06,0.06459293784204867
ETH,2020-01-07,-0.005151620500114973
ETH,2020-01-08,-0.0167289527939376
ETH,2020-01-09,-0.024422747661606792
ETH,2020-01-10,0.04491737053309475
ETH,2020-01-11,-0.006582088669055075
ETH,2020-01-12,0.018044978521365884
ETH,2020-01-13,-0.010622977169142622
ETH,2020-01-14,0.14308711588812084
ETH,2020-01-15,-0.0011702111470031085
ETH,2020-01-16,-0.010917413507081974
ETH,2020-01-17,0.04167558003043226
ETH,2020-01-18,0.023349610494241446
ETH,2020-01-19,-0.04846786742251297
ETH,2020-01-20,0.000812590926805079
ETH,2020-01-21,0.013354937139610001
ETH,2020-01-22,-0.009660668259432903
ETH,2020-01-23,-0.03269124625270159
ETH,2020-01-24,0.0005614300555301099
ETH,2020-01-25,-0.010695895488853857
ETH,2020-01-26,0.04051852039914028
ETH,2020-01-27,0.016465841120516522
ETH,2020-01-28,0.030950977522317125
ETH,2020-01-29,-0.0034256740294367205
ETH,2020-01-30,0.05339288411895371
ETH,2020-01-31,-0.022464442285165198
ETH,2020-02-01,0.01868953309945809
ETH,2020-02-02,0.026002071789663184
ETH,2020-02-03,0.0049957013557522245
ETH,2020-02-04,-0.005640515187956829
ETH,2020-02-05,0.08570746931217332
ETH,2020-02-06,0.03696603579828128
ETH,2020-02-07,0.04597157686377962
ETH,2020-02-08,0.004969613132681516
ETH,2020-02-09,0.019864808576518733
ETH,2020-02-10,-0.01912190691751281
ETH,2020-02-11,0.05852695924298423
ETH,2020-02-12,0.11513782961681507
ETH,2020-02-13,0.004828187577210485
ETH,2020-02-14,0.06113170811984503
ETH,2020-02-15,-0.07203724961252611
ETH,2020-02-16,-0.014844187359400962
ETH,2020-02-17,0.02076693715770439
ETH,2020-02-18,0.061661042427405555
ETH,2020-02-19,-0.08262464335487518
ETH,2020-02-20,-0.009410986027490686
ETH,2020-02-21,0.027749961685850977
ETH,2020-02-22,-0.01571471497394139
ETH,2020-02-23,0.04925613621632685
ETH,2020-02-24,-0.03935816320714114
ETH,2020-02-25,-0.06174666316112809
ETH,2020-02-26,-0.0963565237924442
ETH,2020-02-27,0.0030628490361843674
ETH,2020-02-28,0.009998466991706145
ETH,2020-02-29,-0.038204639989847244
ETH,2020-03-01,-0.006740568744317166
ETH,2020-03-02,0.0559093712536427
ETH,2020-03-03,-0.030350025684541926
ETH,2020-03-04,-0.000568831099902134
ETH,2020-03-05,0.01618541866839429
ETH,2020-03-06,0.06999296009809264
ETH,2020-03-07,-0.025998612905206997
ETH,2020-03-08,-0.16046974071471798
ETH,2020-03-09,-0.01297979629894197
ETH,2020-03-10,0.0034912038164058856
ETH,2020-03-11,-0.033489827651930426
ETH,2020-03-12,-0.5656143879425697
ETH,2020-03-13,0.2000357375023638
ETH,2020-03-14,-0.09883388856480302
ETH,2020-03-15,0.01364023214047716
ETH,2020-03-16,-0.1146530529821046
ETH,2020-03-17,0.0651992829695649
ETH,2020-03-18,-0.0008503968124564665
ETH,2020-03-19,0.1545895487419191
ETH,2020-03-20,-0.04333441209357858
ETH,2020-03-21,0.007417815368458314
ETH,2020-03-22,-0.07903253911014296
ETH,2020-03-23,0.10199603268297519
ETH,2020-03-24,0.027819671609442764
ETH,2020-03-25,-0.024096673008541458
ETH,2020-03-26,0.0182944265812921
ETH,2020-03-27,-0.03619039653409395
ETH,2020-03-28,-0.020051704431349293
ETH,2020-03-29,-0.04566657919739381
ETH,2020-03-30,0.059871746529506
ETH,2020-03-31,0.004547973950439044
ETH,2020-04-01,0.01742431639747366
ETH,2020-04-02,0.03824881245312017
ETH,2020-04-03,0.004068633726851623
ETH,2020-04-04,0.018241710838892367
ETH,2020-04-05,-0.0094926394729411
ETH,2020-04-06,0.17084682440191035
ETH,2020-04-07,-0.032309754321025785
ETH,2020-04-08,0.053803795969589174
ETH,2020-04-09,-0.0175287888991269
ETH,2020-04-10,-0.07771864620528746
ETH,2020-04-11,0.005576600773542495
ETH,2020-04-12,0.013900483206342962
ETH,2020-04-13,-0.021713593081064353
ETH,2020-04-14,0.011432777921032589
ETH,2020-04-15,-0.0388244050309039
ETH,2020-04-16,0.12300218593854773
ETH,2020-04-17,-0.0042770285685902465
ETH,2020-04-18,0.08818010153500033
ETH,2020-04-19,-0.03725235128285753
ETH,2020-04-20,-0.05802739604535034
ETH,2020-04-21,0.0027764423618181766
ETH,2020-04-22,0.06267783192939458
ETH,2020-04-23,0.01664507807987725
ETH,2020-04-24,0.010585061998765077
ETH,2020-04-25,0.032321884357653374
ETH,2020-04-26,0.016770295093360588
ETH,2020-04-27,-0.002523863472257304
ETH,2020-04-28,0.004571736195281062
ETH,2020-04-29,0.0868537521237398
ETH,2020-04-30,-0.0402598268792147
ETH,2020-05-01,0.027784311345608437
ETH,2020-05-02,0.00665463948847389
ETH,2020-05-03,-0.01906263428465138
ETH,2020-05-04,-0.015003901870475289
ETH,2020-05-05,-0.010083965398023587
ETH,2020-05-06,-0.010545868639592726
ETH,2020-05-07,0.04934477089175271
ETH,2020-05-08,-0.0027166842256365342
ETH,2020-05-09,-0.007742497083821576
ETH,2020-05-10,-0.1167851861151794
ETH,2020-05-11,-0.009790171066917708
ETH,2020-05-12,0.02185289355780462
ETH,2020-05-13,0.0519392925581359
ETH,2020-05-14,0.017820118402741336
ETH,2020-05-15,-0.04220264671012952
ETH,2020-05-16,0.02878291730126925
ETH,2020-05-17,0.030661524327740608
ETH,2020-05-18,0.03639665962046479
ETH,2020-05-19,-0.0043292817961502195
ETH,2020-05-20,-0.018959180707032175
ETH,2020-05-21,-0.05328708938884663
ETH,2020-05-22,0.04013591519979531
ETH,2020-05-23,-0.0007608303789323756
ETH,2020-05-24,-0.02213667001931441
ETH,2020-05-25,0.009422675059211016
ETH,2020-05-26,-0.016940958805653494
ETH,2020-05-27,0.0325111359506689
ETH,2020-05-28,0.055677152822498854
ETH,2020-05-29,0.006389718375030107
ETH,2020-05-30,0.09822564362708786
ETH,2020-05-31,-0.05107608553727161
ETH,2020-06-01,0.07341571837216865
ETH,2020-06-02,-0.0489360697306811
ETH,2020-06-03,0.028080471266520135
ETH,2020-06-04,-0.0011746682784856688
ETH,2020-06-05,-0.01378145968743194
ETH,2020-06-06,0.007076988401732542
ETH,2020-06-07,0.009724262775842263
ETH,2020-06-08,0.006459288549313769
ETH,2020-06-09,-0.0066987042335604485
ETH,2020-06-10,0.013734059611161697
ETH,2020-06-11,-0.07023425961529828
ETH,2020-06-12,0.02674154258597472
ETH,2020-06-13,0.0039051479425040725
ETH,2020-06-14,-0.02532155835918548
ETH,2020-06-15,-0.004055115184631752
ETH,2020-06-16,0.016892919009336538
ETH,2020-06-17,-0.006180457251439897
ETH,2020-06-18,-0.010136242026525188
ETH,2020-06-19,-0.011096932570080043
ETH,2020-06-20,0.0006187781778290713
ETH,2020-06-21,-0.005874279893141043
ETH,2020-06-22,0.06647192216988884
ETH,2020-06-23,-0.0012323115895105374
ETH,2020-06-24,-0.033901942043442546
ETH,2020-06-25,-0.01028305469220303
ETH,2020-06-26,-0.01180347530499315
ETH,2020-06-27,-0.03994693202631172
ETH,2020-06-28,0.01682204483823213
ETH,2020-06-29,0.01581101167142762
ETH,2020-06-30,-0.010127343926860988
ETH,2020-07-01,0.023741695153781883
ETH,2020-07-02,-0.01941499489381382
ETH,2020-07-03,-0.007094537663878242
ETH,2020-07-04,0.0165982079704996
ETH,2020-07-05,-0.005252654842555771
ETH,2020-07-06,0.05765451987931147
ETH,2020-07-07,-0.009019992190941295
ETH,2020-07-08,0.03223728591955588
ETH,2020-07-09,-0.02125910299222511
ETH,2020-07-10,-0.0025611657390305353
ETH,2020-07-11,-0.007189342015081479
ETH,2020-07-12,0.00833330355836015
ETH,2020-07-13,-0.008252518571818968
ETH,2020-07-14,0.005468927413697422
ETH,2020-07-15,-0.009425050367373622
ETH,2020-07-16,-0.020477286676537254
ETH,2020-07-17,-0.0030199605715424127
ETH,2020-07-18,0.013075184896401026
ETH,2020-07-19,0.01451093246310986
ETH,2020-07-20,-0.012599566765800319
ETH,2020-07-21,0.03691914474952185
ETH,2020-07-22,0.07442272226169688
ETH,2020-07-23,0.04088138182895573
ETH,2020-07-24,0.016874684002815776
ETH,2020-07-25,0.087170126600987
ETH,2020-07-26,0.018291995119971816
ETH,2020-07-27,0.0384547331059375
ETH,2020-07-28,-0.016275928550365748
ETH,2020-07-29,3.2729744385839865e-05
ETH,2020-07-30,0.05487128759359816
ETH,2020-07-31,0.029954590667212067
ETH,2020-08-01,0.11194605315101924
ETH,2020-08-02,-0.03952548900404107
ETH,2020-08-03,0.03513016457360596
ETH,2020-08-04,0.013335371989002809
ETH,2020-08-05,0.025121459536705082
ETH,2020-08-06,-0.016625823329605716
ETH,2020-08-07,-0.03530114703196041
ETH,2020-08-08,0.031140796953157412
ETH,2020-08-09,-0.008130161115232681
ETH,2020-08-10,0.01586769555124512
ETH,2020-08-11,-0.04208783764249091
ETH,2020-08-12,0.021132535313702405
ETH,2020-08-13,0.09265473127521506
ETH,2020-08-14,0.030777188228332086
ETH,2020-08-15,-0.01255961075716261
ETH,2020-08-16,0.0007624632611724635
ETH,2020-08-17,-0.0002257122558591007
ETH,2020-08-18,-0.022180931380322733
ETH,2020-08-19,-0.03967370061875375
ETH,2020-08-20,0.02279265924408236
ETH,2020-08-21,-0.072263336397417
ETH,2020-08-22,0.022147062868175027
ETH,2020-08-23,-0.010065104950843562
ETH,2020-08-24,0.04207878101139517
ETH,2020-08-25,-0.06359365877224565
ETH,2020-08-26,0.007114393141562481
ETH,2020-08-27,-0.010393493862174807
ETH,2020-08-28,0.03265214394027893
ETH,2020-08-29,0.01339819609270787
ETH,2020-08-30,0.06719751969116405
ETH,2020-08-31,0.018268351037107777
ETH,2020-09-01,0.09749526173765766
ETH,2020-09-02,-0.08581534766824017
ETH,2020-09-03,-0.14007966490978419
ETH,2020-09-04,0.008118568779028834
ETH,2020-09-05,-0.15418250602366967
ETH,2020-09-06,0.06372455620729056
ETH,2020-09-07,-0.0011916163763254772
ETH,2020-09-08,-0.04667815765201855
ETH,2020-09-09,0.04454292428381823
ETH,2020-09-10,0.04261466952844195
ETH,2020-09-11,0.017767434450226993
ETH,2020-09-12,0.03223041018786965
ETH,2020-09-13,-0.054743300914696036
ETH,2020-09-14,0.027406117679708686
ETH,2020-09-15,-0.032080092844634756
ETH,2020-09-16,0.0037997001598508717
ETH,2020-09-17,0.06394613647831715
ETH,2020-09-18,-0.0186201110504971
ETH,2020-09-19,0.0077781794796694115
ETH,2020-09-20,-0.0371236422168586
ETH,2020-09-21,-0.08061560525889533
ETH,2020-09-22,0.0030534515012012875
ETH,2020-09-23,-0.0690391212364494
ETH,2020-09-24,0.08532583764446855
ETH,2020-09-25,0.007333747905907906
ETH,2020-09-26,0.008175104443498782
ETH,2020-09-27,0.004280005654586638
ETH,2020-09-28,-0.0018608088885141427
ETH,2020-09-29,0.011861813941981936
ETH,2020-09-30,0.0007650994542380829
ETH,2020-10-01,-0.021383643219865967
ETH,2020-10-02,-0.018791536394998865
ETH,2020-10-03,0.0024599166019871888
ETH,2020-10-04,0.016270726341850228
ETH,2020-10-05,0.002416279794884346
ETH,2020-10-06,-0.03776115457671381
ETH,2020-10-07,0.0031014284430961325
ETH,2020-10-08,0.027087682481354847
ETH,2020-10-09,0.043871249548259605
ETH,2020-10-10,0.013653648283773911
ETH,2020-10-11,0.007680458239695653
ETH,2020-10-12,0.03551245264454117
ETH,2020-10-13,-0.015930063193384747
ETH,2020-10-14,-0.007142000353451472
ETH,2020-10-15,-0.0035066195452415627
ETH,2020-10-16,-0.030125745141527993
ETH,2020-10-17,0.0054948939362544635
ETH,2020-10-18,0.025739478598814536
ETH,2020-10-19,0.004070264963907277
ETH,2020-10-20,-0.028383752332266532
ETH,2020-10-21,0.06209474544773386
ETH,2020-10-22,0.05445137538676281
ETH,2020-10-23,-0.012373435762342844
ETH,2020-10-24,0.0071295991758590915
ETH,2020-10-25,-0.013494656068094635
ETH,2020-10-26,-0.03180283635505621
ETH,2020-10-27,0.025149153872744634
ETH,2020-10-28,-0.038196473494895855
ETH,2020-10-29,-0.005453062235834416
ETH,2020-10-30,-0.00828694814373776
ETH,2020-10-31,0.007761497134842976
ETH,2020-11-01,0.02299505999250595
ETH,2020-11-02,-0.030099970091785444
ETH,2020-11-03,0.012169761372859966
ETH,2020-11-04,0.033526307789234266
ETH,2020-11-05,0.03713634193183246
ETH,2020-11-06,0.0903946444021182
ETH,2020-11-07,-0.04406294420423329
ETH,2020-11-08,0.04171127990368095
ETH,2020-11-09,-0.024064823138471247
ETH,2020-11-10,0.015520971591065802
ETH,2020-11-11,0.027770830702073646
ETH,2020-11-12,-0.002911162064007655
ETH,2020-11-13,0.02917875541046655
ETH,2020-11-14,-0.029859617582793874
ETH,2020-11-15,-0.02896541385968643
ETH,2020-11-16,0.028323707109996654
ETH,2020-11-17,0.0432688883498491
ETH,2020-11-18,-0.006658187699408735
ETH,2020-11-19,-0.017550242653640247
ETH,2020-11-20,0.07837688665263265
ETH,2020-11-21,0.07154135928071881
ETH,2020-11-22,0.031962860235803525
ETH,2020-11-23,0.07182380741871874
ETH,2020-11-24,-0.0043581762575186644
ETH,2020-11-25,-0.0619664912644593
ETH,2020-11-26,-0.09181476518863008
ETH,2020-11-27,-0.0026182896121973442
ETH,2020-11-28,0.04497978040420225
ETH,2020-11-29,0.061046576727248336
ETH,2020-11-30,0.06498042310999619
ETH,2020-12-01,-0.04197586434825418
ETH,2020-12-02,0.01798406407740405
ETH,2020-12-03,0.03062821580064945
ETH,2020-12-04,-0.0763182591649807
ETH,2020-12-05,0.038971015127702735
ETH,2020-12-06,0.012247582177575822
ETH,2020-12-07,-0.017464593881443946
ETH,2020-12-08,-0.06546318255675398
ETH,2020-12-09,0.035262762135383596
ETH,2020-12-10,-0.024261677257028325
ETH,2020-12-11,-0.027067751799185302
ETH,2020-12-12,0.04140836410476645
ETH,2020-12-13,0.037926918563868206
ETH,2020-12-14,-0.006886303734773058
ETH,2020-12-15,0.004305745439087794
ETH,2020-12-16,0.0770932854397941
ETH,2020-12-17,0.010294343137261741
ETH,2020-12-18,0.014244900445598674
ETH,2020-12-19,0.01174637650165078
ETH,2020-12-20,-0.03258782254403503
ETH,2020-12-21,-0.04159379983192846
ETH,2020-12-22,0.03470143811304016
ETH,2020-12-23,-0.07473433023085896
ETH,2020-12-24,0.03896640327473655
ETH,2020-12-25,0.02253685001104433
ETH,2020-12-26,0.01579961394857321
ETH,2020-12-27,0.07959243595710053
ETH,2020-12-28,0.05926701328680117
ETH,2020-12-29,0.001939204516298254
ETH,2020-12-30,0.025989179780902205
ETH,2020-12-31,-0.016349762427577907
ETH,2021-01-01,-0.011036655399521145
ETH,2021-01-02,0.058949450322253405
ETH,2021-01-03,0.24482819540279532
ETH,2021-01-04,0.03954931692360919
ETH,2021-01-05,0.06685926012347565
ETH,2021-01-06,0.08505455602840684
ETH,2021-01-07,0.017244683765143876
ETH,2021-01-08,-0.0002733435549870933
ETH,2021-01-09,0.05353770723630902
ETH,2021-01-10,-0.016873853485232182
ETH,2021-01-11,-0.1557690602696704
ETH,2021-01-12,-0.041543732494774055
ETH,2021-01-13,0.08227707883746849
ETH,2021-01-14,0.0724014417183767
ETH,2021-01-15,-0.03779218095098358
ETH,2021-01-16,0.053250531756911634
ETH,2021-01-17,0.008521612750155505
ETH,2021-01-18,0.008104591188848431
ETH,2021-01-19,0.10161629705660324
ETH,2021-01-20,-0.01326306389416576
ETH,2021-01-21,-0.18862120647406488
ETH,2021-01-22,0.0867729306471352
ETH,2021-01-23,-0.0021152020219386003
ETH,2021-01-24,0.11805219064086181
ETH,2021-01-25,-0.04543825101873544
ETH,2021-01-26,0.026972421660858892
ETH,2021-01-27,-0.08895455661947604
ETH,2021-01-28,0.07410436227388661
ETH,2021-01-29,0.03055752424257996
ETH,2021-01-30,-0.0025624317694248333
ETH,2021-01-31,-0.0463688524812671
ETH,2021-02-01,0.0391585048920744
ETH,2021-02-02,0.10667096478710292
ETH,2021-02-03,0.08507958400156479
ETH,2021-02-04,-0.03129008033693648
ETH,2021-02-05,0.06736407379699294
ETH,2021-02-06,-0.021604048495460937
ETH,2021-02-07,-0.041018022244734276
ETH,2021-02-08,0.0759399178816258
ETH,2021-02-09,0.015529678740924702
ETH,2021-02-10,-0.012856515672191371
ETH,2021-02-11,0.02115158227859304
ETH,2021-02-12,0.033522129006873236
ETH,2021-02-13,-0.01475333849164251
ETH,2021-02-14,-0.00432177360842978
ETH,2021-02-15,-0.013356912955002187
ETH,2021-02-16,-0.0038735667433922316
ETH,2021-02-17,0.03564775882160731
ETH,2021-02-18,0.046159399930724376
ETH,2021-02-19,0.014698215176756513
ETH,2021-02-20,-0.02489747138048415
ETH,2021-02-21,0.010960874649148522
ETH,2021-02-22,-0.08786819946829816
ETH,2021-02-23,-0.12502589640958206
ETH,2021-02-24,0.033666567082114796
ETH,2021-02-25,-0.08054471610592717
ETH,2021-02-26,-0.033516865421375996
ETH,2021-02-27,0.008099276573890535
ETH,2021-02-28,-0.019897942541110325
ETH,2021-03-01,0.0923154584159871
ETH,2021-03-02,-0.048063181558752
ETH,2021-03-03,0.06130075619513509
ETH,2021-03-04,-0.029497913691338695
ETH,2021-03-05,-0.00468088512489917
ETH,2021-03-06,0.08090342071482226
ETH,2021-03-07,0.03511595430448722
ETH,2021-03-08,0.0603600913935054
ETH,2021-03-09,0.01947029697619307
ETH,2021-03-10,-0.03197920614747485
ETH,2021-03-11,0.013378358595211637
ETH,2021-03-12,-0.032931920351375155
ETH,2021-03-13,0.0859383078901832
ETH,2021-03-14,-0.027917375574260994
ETH,2021-03-15,-0.04208892118377694
ETH,2021-03-16,2.5943420032703557e-05
ETH,2021-03-17,0.012122254534639332
ETH,2021-03-18,-0.020676788721669226
ETH,2021-03-19,0.015996151572055695
ETH,2021-03-20,0.0013088914364285387
ETH,2021-03-21,-0.015577554172089947
ETH,2021-03-22,-0.05506070603188107
ETH,2021-03-23,-0.010331734575696139
ETH,2021-03-24,-0.05210091401838124
ETH,2021-03-25,0.0012908254021484211
ETH,2021-03-26,0.06501522862488951
ETH,2021-03-27,0.013152742089209468
ETH,2021-03-28,-0.01936813749449584
ETH,2021-03-29,0.07209625696707889
ETH,2021-03-30,0.016282196466268495
ETH,2021-03-31,0.04045841725882404
ETH,2021-04-01,0.027964309002651788
ETH,2021-04-02,0.07936722760329395
ETH,2021-04-03,-0.05238719289252192
ETH,2021-04-04,0.025471766816669295
ETH,2021-04-05,0.010597233894086067
ETH,2021-04-06,0.008241131760011733
ETH,2021-04-07,-0.06413400747558917
ETH,2021-04-08,0.04585120945811294
ETH,2021-04-09,-0.0060302362729345305
ETH,2021-04-10,0.030569824043730875
ETH,2021-04-11,0.006636649564205399
ETH,2021-04-12,-0.0007199178438801468
ETH,2021-04-13,0.06986517459980046
ETH,2021-04-14,0.05602221909678384
ETH,2021-04-15,0.036078850406306984
ETH,2021-04-16,-0.03687992939589613
ETH,2021-04-17,-0.036139343939969315
ETH,2021-04-18,-0.043044476500488926
ETH,2021-04-19,-0.03393600238618255
ETH,2021-04-20,0.07113311353407958
ETH,2021-04-21,0.01512660614366812
ETH,2021-04-22,0.023292642056140345
ETH,2021-04-23,-0.02620304139655172
ETH,2021-04-24,-0.052491852434819464
ETH,2021-04-25,0.028200239605695288
ETH,2021-04-26,0.09350926144514293
ETH,2021-04-27,0.046520749444724174
ETH,2021-04-28,0.034861010804805304
ETH,2021-04-29,0.0073723596286559
ETH,2021-04-30,0.0035375761464200295
ETH,2021-05-01,0.06262214549997491
ETH,2021-05-02,0.001070235789826235
ETH,2021-05-03,0.1501048343545417
ETH,2021-05-04,-0.046464497058581244
ETH,2021-05-05,0.07385781037759287
ETH,2021-05-06,-0.0072244287981302335
ETH,2021-05-07,-0.0051296863373853085
ETH,2021-05-08,0.10978926306936465
ETH,2021-05-09,0.00751380857189865
ETH,2021-05-10,0.009707820842443482
ETH,2021-05-11,0.0496988755423633
ETH,2021-05-12,-0.044347113071777855
ETH,2021-05-13,-0.07529483043078322
ETH,2021-05-14,0.10288392051406703
ETH,2021-05-15,-0.10683985476500268
ETH,2021-05-16,-0.029499841094693835
ETH,2021-05-17,-0.08354783836667679
ETH,2021-05-18,0.0265375890521522
ETH,2021-05-19,-0.28390621946821515
ETH,2021-05-20,0.09122028888438116
ETH,2021-05-21,-0.14042565826289444
ETH,2021-05-22,-0.03934851596747002
ETH,2021-05-23,-0.09733039756351936
ETH,2021-05-24,0.2209261859808418
ETH,2021-05-25,0.026460743194130387
ETH,2021-05-26,0.06187910470403146
ETH,2021-05-27,-0.04477588527569232
ETH,2021-05-28,-0.12726514274891088
ETH,2021-05-29,-0.05377168536503074
ETH,2021-05-30,0.043956404947143035
ETH,2021-05-31,0.12095132343608128
ETH,2021-06-01,-0.02742226508876655
ETH,2021-06-02,0.03257543458806378
ETH,2021-06-03,0.05221838514277266
ETH,2021-06-04,-0.06105980123317423
ETH,2021-06-05,-0.031851177254017315
ETH,2021-06-06,0.03808657968987461
ETH,2021-06-07,-0.039935304742951594
ETH,2021-06-08,-0.03168776282140762
ETH,2021-06-09,0.033790035171806565
ETH,2021-06-10,-0.04885975046450586
ETH,2021-06-11,-0.05651636167202856
ETH,2021-06-12,0.015154706386381278
ETH,2021-06-13,0.05069405700063179
ETH,2021-06-14,0.028495728499974504
ETH,2021-06-15,-0.009475594160297973
ETH,2021-06-16,-0.07808269967260006
ETH,2021-06-17,0.0031248079835775044
ETH,2021-06-18,-0.0626437765639567
ETH,2021-06-19,-0.022650152121620692
ETH,2021-06-20,0.030748324537357874
ETH,2021-06-21,-0.16560345437975776
ETH,2021-06-22,-0.017393820473048827
ETH,2021-06-23,0.04935351974009006
ETH,2021-06-24,0.012437111909990861
ETH,2021-06-25,-0.08880473490869623
ETH,2021-06-26,-0.00876883082587554
ETH,2021-06-27,0.08636492411161356
ETH,2021-06-28,0.05677196219927261
ETH,2021-06-29,0.04270178680433556
ETH,2021-06-30,0.046056250759670014
ETH,2021-07-01,-0.07193401629510543
ETH,2021-07-02,0.016622813196883968
ETH,2021-07-03,0.030192386102608104
ETH,2021-07-04,0.0484544837662515
ETH,2021-07-05,-0.04722375630971953
ETH,2021-07-06,0.04385991203490569
ETH,2021-07-07,-0.0004431639299129486
ETH,2021-07-08,-0.08939900698185621
ETH,2021-07-09,0.016312961796378644
ETH,2021-07-10,-0.017191322886542793
ETH,2021-07-11,0.010865751209083285
ETH,2021-07-12,-0.051368011247921785
ETH,2021-07-13,-0.04702541809477445
ETH,2021-07-14,0.02685850515066157
ETH,2021-07-15,-0.040754054052762
ETH,2021-07-16,-0.018342313242174946
ETH,2021-07-17,0.00999116534711142
ETH,2021-07-18,-0.002257745860622329
ETH,2021-07-19,-0.03794856564830784
ETH,2021-07-20,-0.020444034216495766
ETH,2021-07-21,0.106261273285984
ETH,2021-07-22,0.017687232691795174
ETH,2021-07-23,0.044420455648231716
ETH,2021-07-24,0.03104668118504872
ETH,2021-07-25,0.003713037369942107
ETH,2021-07-26,0.024259076733435414
ETH,2021-07-27,0.019910447665176356
ETH,2021-07-28,0.004713877776337583
ETH,2021-07-29,0.03735268419742965
ETH,2021-07-30,0.027650001112157874
ETH,2021-07-31,0.03726493331590408
ETH,2021-08-01,0.007580978669738947
ETH,2021-08-02,0.02134205331942063
ETH,2021-08-03,-0.04136467007780453
ETH,2021-08-04,0.08210108919148329
ETH,2021-08-05,0.035153197414834025
ETH,2021-08-06,0.021878245711985045
ETH,2021-08-07,0.08472266760674785
ETH,2021-08-08,-0.03761173408534013
ETH,2021-08-09,0.04233714539826039
ETH,2021-08-10,-0.005252522845042407
ETH,2021-08-11,0.008506531164004016
ETH,2021-08-12,-0.04205851318595322
ETH,2021-08-13,0.08768400423731393
ETH,2021-08-14,-0.014430638424805409
ETH,2021-08-15,0.012694899425673256
ETH,2021-08-16,-0.04730062437344351
ETH,2021-08-17,-0.044421278070570835
ETH,2021-08-18,0.006845632206463392
ETH,2021-08-19,0.04269209325432044
ETH,2021-08-20,0.0323164584118274
ETH,2021-08-21,-0.013361764984454183
ETH,2021-08-22,0.003452214384685348
ETH,2021-08-23,0.023368348506648928
ETH,2021-08-24,-0.04274351312054314
ETH,2021-08-25,0.014065101763771182
ETH,2021-08-26,-0.034056408743913025
ETH,2021-08-27,0.0467698098658893
ETH,2021-08-28,-0.00839638658291264
ETH,2021-08-29,-0.0036323485772786768
ETH,2021-08-30,0.002301885681900373
ETH,2021-08-31,0.05806081688119491
ETH,2021-09-01,0.10024802102165431
ETH,2021-09-02,-0.0005098380877175401
ETH,2021-09-03,0.03286387555882442
ETH,2021-09-04,-0.008290477035370003
ETH,2021-09-05,0.017444451092776703
ETH,2021-09-06,-0.0065412980509940155
ETH,2021-09-07,-0.13495198018560295
ETH,2021-09-08,0.0215916341096154
ETH,2021-09-09,-0.021587616483351724
ETH,2021-09-10,-0.06893962557574262
ETH,2021-09-11,0.01702962046060108
ETH,2021-09-12,0.04748875372683514
ETH,2021-09-13,-0.038222745618247345
ETH,2021-09-14,0.0387948089518968
ETH,2021-09-15,0.04890133582180134
ETH,2021-09-16,-0.0065198821273710905
ETH,2021-09-17,-0.04917531816899334
ETH,2021-09-18,0.008356902126934074
ETH,2021-09-19,-0.031146687942843698
ETH,2021-09-20,-0.1129606965415606
ETH,2021-09-21,-0.07691117952182758
ETH,2021-09-22,0.10954028297453089
ETH,2021-09-23,0.026976623404426192
ETH,2021-09-24,-0.07073139100827408
ETH,2021-09-25,-2.0815967729959084e-05
ETH,2021-09-26,0.0388263161204252
ETH,2021-09-27,-0.03203001336512834
ETH,2021-09-28,-0.047477514385710684
ETH,2021-09-29,0.009781917235797799
ETH,2021-09-30,0.05416590964737544
ETH,2021-10-01,0.09463196341904379
ETH,2021-10-02,0.028213747432154435
ETH,2021-10-03,0.007801868940218171
ETH,2021-10-04,-0.008460247619584749
ETH,2021-10-05,0.03727006283994072
ETH,2021-10-06,0.019137193028441857
ETH,2021-10-07,0.00024324998067370984
ETH,2021-10-08,-0.00789133776623352
ETH,2021-10-09,0.005259225300685344
ETH,2021-10-10,-0.0421833743449298
ETH,2021-10-11,0.02519429214352087
ETH,2021-10-12,-0.008075199276174061
ETH,2021-10-13,0.029993869209850033
ETH,2021-10-14,0.05119662070979203
ETH,2021-10-15,0.019657463799166663
ETH,2021-10-16,-0.0064803694106831955
ETH,2021-10-17,-9.653015461630332e-05
ETH,2021-10-18,-0.02382758825112319
ETH,2021-10-19,0.03385081311299487
ETH,2021-10-20,0.06936699912428068
ETH,2021-10-21,-0.02146912170766946
ETH,2021-10-22,-0.022293548791973095
ETH,2021-10-23,0.0452526148273531
ETH,2021-10-24,-0.020152265512443535
ETH,2021-10-25,0.0332480137669382
ETH,2021-10-26,-0.020079197769257817
ETH,2021-10-27,-0.04531719309211546
ETH,2021-10-28,0.08055229370834205
ETH,2021-10-29,0.030931415721960676
ETH,2021-10-30,-0.023347414528693378
ETH,2021-10-31,-0.00403898248086243
ETH,2021-11-01,0.007383667712717923
ETH,2021-11-02,0.05849659939008767
ETH,2021-11-03,0.0027158013964339034
ETH,2021-11-04,-0.013848949424112078
ETH,2021-11-05,-0.013027543044740852
ETH,2021-11-06,0.007731049075662355
ETH,2021-11-07,0.02141277723233692
ETH,2021-11-08,0.0428634151646321
ETH,2021-11-09,-0.01580862009965145
ETH,2021-11-10,-0.02474387137644385
ETH,2021-11-11,0.023063630418111103
ETH,2021-11-12,-0.013840818212530692
ETH,2021-11-13,-0.003828814367384581
ETH,2021-11-14,-0.007656005124232479
ETH,2021-11-15,-0.008739379693070148
ETH,2021-11-16,-0.07620538358932016
ETH,2021-11-17,0.0074043958208296345
ETH,2021-11-18,-0.06787609204750034
ETH,2021-11-19,0.07388001067686645
ETH,2021-11-20,0.028000880933259253
ETH,2021-11-21,-0.02363085138823351
ETH,2021-11-22,-0.050757121566993746
ETH,2021-11-23,0.05955245512403984
ETH,2021-11-24,-0.020020612859982023
ETH,2021-11-25,0.0601167503048714
ETH,2021-11-26,-0.1106353360569976
ETH,2021-11-27,0.00857973705243431
ETH,2021-11-28,0.04874581833196423
ETH,2021-11-29,0.03600847048315181
ETH,2021-11-30,0.04325619046981366
ETH,2021-12-01,-0.013114354135165485
ETH,2021-12-02,-0.012508766906455193
ETH,2021-12-03,-0.06728462726695206
ETH,2021-12-04,-0.0324543782801765
ETH,2021-12-05,0.022398523776796964
ETH,2021-12-06,0.03548217348640925
ETH,2021-12-07,-0.00883181265098365
ETH,2021-12-08,0.02830309570278189
ETH,2021-12-09,-0.06292995743154606
ETH,2021-12-10,-0.05581301254272297
ETH,2021-12-11,0.03694546275262134
ETH,2021-12-12,0.014939068143974055
ETH,2021-12-13,-0.08907442070915117
ETH,2021-12-14,0.01641147927791664
ETH,2021-12-15,0.04192592216593383
ETH,2021-12-16,-0.010562302110061594
ETH,2021-12-17,-0.022401329795810554
ETH,2021-12-18,0.02049188300596505
ETH,2021-12-19,-0.007162832849601841
ETH,2021-12-20,0.000535317904843069
ETH,2021-12-21,0.022419630914637168
ETH,2021-12-22,-0.011052443449525384
ETH,2021-12-23,0.028972748045113406
ETH,2021-12-24,-0.013915766334623214
ETH,2021-12-25,0.013445541289398122
ETH,2021-12-26,-0.007238261693618853
ETH,2021-12-27,-0.00639913840735673
ETH,2021-12-28,-0.060722627155854525
ETH,2021-12-29,-0.04499132150759699
ETH,2021-12-30,0.01888630590664775
ETH,2021-12-31,-0.005702672468704151
ETH,2022-01-01,0.019900692914573526
ETH,2022-01-02,0.018781528314429252
ETH,2022-01-03,-0.017617452120978427
ETH,2022-01-04,0.008251773315230082
ETH,2022-01-05,-0.06836455412647169
ETH,2022-01-06,-0.03809077715309783
ETH,2022-01-07,-0.06760058613231479
ETH,2022-01-08,-0.030957967963779254
ETH,2022-01-09,0.019835129872580737
ETH,2022-01-10,-0.024051814153944306
ETH,2022-01-11,0.05129029951642927
ETH,2022-01-12,0.03958111871926562
ETH,2022-01-13,-0.03615779735541835
ETH,2022-01-14,0.016960478404079993
ETH,2022-01-15,0.007746647375054039
ETH,2022-01-16,0.006542096461719993
ETH,2022-01-17,-0.044228975844042395
ETH,2022-01-18,-0.014215128421325218
ETH,2022-01-19,-0.019255945355281412
ETH,2022-01-20,-0.030585789762003657
ETH,2022-01-21,-0.16058284681879087
ETH,2022-01-22,-0.0661661832601661
ETH,2022-01-23,0.0537854017694519
ETH,2022-01-24,-0.03796083115292426
ETH,2022-01-25,0.007864848973174077
ETH,2022-01-26,0.0035431120469944233
ETH,2022-01-27,-0.02233137518299433
ETH,2022-01-28,0.05363154938091341
ETH,2022-01-29,0.018544892181178163
ETH,2022-01-30,0.006671368476766304
ETH,2022-01-31,0.02858984929011843
ETH,2022-02-01,0.039886131538249714
ETH,2022-02-02,-0.03974447619673427
ETH,2022-02-03,-0.005971307726626129
ETH,2022-02-04,0.10621596479592466
ETH,2022-02-05,0.015925981023637625
ETH,2022-02-06,0.01047063080634203
ETH,2022-02-07,0.030996968514022782
ETH,2022-02-08,-0.005975559940184283
ETH,2022-02-09,0.036148135858530495
ETH,2022-02-10,-0.05099209673863214
ETH,2022-02-11,-0.0521331167519703
ETH,2022-02-12,-0.004539676011171778
ETH,2022-02-13,-0.010408271269925606
ETH,2022-02-14,0.019117578799508372
ETH,2022-02-15,0.07823926370816281
ETH,2022-02-16,-0.010998502390828335
ETH,2022-02-17,-0.08383201815345487
ETH,2022-02-18,-0.03641171877846894
ETH,2022-02-19,-0.009787705234751698
ETH,2022-02-20,-0.04494885604668308
ETH,2022-02-21,-0.022057996153680648
ETH,2022-02-22,0.02199741761942775
ETH,2022-02-23,-0.016999990834527523
ETH,2022-02-24,0.0008714538313121523
ETH,2022-02-25,0.07231507987221697
ETH,2022-02-26,-0.00391856427030568
ETH,2022-02-27,-0.06055152053802981
ETH,2022-02-28,0.10862025622600235
ETH,2022-03-01,0.01871897547184176
ETH,2022-03-02,-0.005022745835953302
ETH,2022-03-03,-0.04065160402208434
ETH,2022-03-04,-0.08038805059051413
ETH,2022-03-05,0.01706764277054429
ETH,2022-03-06,-0.040222272339856424
ETH,2022-03-07,-0.022497316937812428
ETH,2022-03-08,0.03023177108662356
ETH,2022-03-09,0.056268879305239494
ETH,2022-03-10,-0.04330072628929926
ETH,2022-03-11,-0.01886575450528838
ETH,2022-03-12,0.0060594609632032
ETH,2022-03-13,-0.02421870168022089
ETH,2022-03-14,0.028551695309105618
ETH,2022-03-15,0.012228806526861646
ETH,2022-03-16,0.05480938610406039
ETH,2022-03-17,0.016886957938745617
ETH,2022-03-18,0.045073881169223284
ETH,2022-03-19,0.000991321919832977
ETH,2022-03-20,-0.029951763439951762
ETH,2022-03-21,0.012672562392262776
ETH,2022-03-22,0.026664712071620578
ETH,2022-03-23,0.014836586751029834
ETH,2022-03-24,0.029016389658520936
ETH,2022-03-25,-0.0018080339473343088
ETH,2022-03-26,0.01317925122215513
ETH,2022-03-27,0.04448676128785145
ETH,2022-03-28,0.017404794180137628
ETH,2022-03-29,0.015475638354969234
ETH,2022-03-30,-0.00283532798934516
ETH,2022-03-31,-0.03216122191509285
ETH,2022-04-01,0.048976732208171114
ETH,2022-04-02,0.0015788167237182904
ETH,2022-04-03,0.019952483011614675
ETH,2022-04-04,0.0010992990544753667
ETH,2022-04-05,-0.028790498943237708
ETH,2022-04-06,-0.0731599781501302
ETH,2022-04-07,0.016969074962455366
ETH,2022-04-08,-0.01632142371398615
ETH,2022-04-09,0.022409427552686267
ETH,2022-04-10,-0.012301182028826574
ETH,2022-04-11,-0.07510119597882614
ETH,2022-04-12,0.014187676474991306
ETH,2022-04-13,0.02947722810177389
ETH,2022-04-14,-0.03217839668003464
ETH,2022-04-15,0.006449887470004967
ETH,2022-04-16,0.00862519095332992
ETH,2022-04-17,-0.02280747491248114
ETH,2022-04-18,0.02038865426415093
ETH,2022-04-19,0.014971682322938662
ETH,2022-04-20,-0.00835978619975819
ETH,2022-04-21,-0.031088968346866253
ETH,2022-04-22,-0.006847081507390662
ETH,2022-04-23,-0.007627860770071493
ETH,2022-04-24,-0.00587910779563483
ETH,2022-04-25,0.02966433576441041
ETH,2022-04-26,-0.0725627443471204
ETH,2022-04-27,0.030051373859866892
ETH,2022-04-28,0.01623621275627496
ETH,2022-04-29,-0.04121555898316931
ETH,2022-04-30,-0.03098146153659087
ETH,2022-05-01,0.035751985104812256
ETH,2022-05-02,0.011400093860439497
ETH,2022-05-03,-0.028572553371995824
ETH,2022-05-04,0.05452562546945838
ETH,2022-05-05,-0.066932124998341
ETH,2022-05-06,-0.01805809513743828
ETH,2022-05-07,-0.022854538569515803
ETH,2022-05-08,-0.045349237372806606
ETH,2022-05-09,-0.10965717763621186
ETH,2022-05-10,0.03694359178759932
ETH,2022-05-11,-0.12468613813968776
ETH,2022-05-12,-0.05455992335056781
ETH,2022-05-13,0.0289859264157597
ETH,2022-05-14,0.018205763869124425
ETH,2022-05-15,0.040974804713989954
ETH,2022-05-16,-0.055928168978791604
ETH,2022-05-17,0.03414802802985406
ETH,2022-05-18,-0.08569145349412288
ETH,2022-05-19,0.04844997615663704
ETH,2022-05-20,-0.027319963254058166
ETH,2022-05-21,0.00596767144793553
ETH,2022-05-22,0.03523713743576007
ETH,2022-05-23,-0.036836377165234246
ETH,2022-05-24,0.00363890851322779
ETH,2022-05-25,-0.017070761079152952
ETH,2022-05-26,-0.07287146101199138
ETH,2022-05-27,-0.04897802039725807
ETH,2022-05-28,0.04119007614304859
ETH,2022-05-29,0.009653763744604582
ETH,2022-05-30,0.09748433559054259
ETH,2022-05-31,-0.024942750341335973
ETH,2022-06-01,-0.06342861153921486
ETH,2022-06-02,0.004232499655335786
ETH,2022-06-03,-0.03439475840755879
ETH,2022-06-04,0.014396131608281237
ETH,2022-06-05,0.003684458918336908
ETH,2022-06-06,0.02804955954044175
ETH,2022-06-07,-0.02425306356859025
ETH,2022-06-08,-0.010011452217995043
ETH,2022-06-09,-0.0040870678386646375
ETH,2022-06-10,-0.07231588571591896
ETH,2022-06-11,-0.08338288025289486
ETH,2022-06-12,-0.05380829494993655
ETH,2022-06-13,-0.19536315664089177
ETH,2022-06-14,0.011161377475243484
ETH,2022-06-15,0.01888221886427388
ETH,2022-06-16,-0.14560666977063264
ETH,2022-06-17,0.023226145099150663
ETH,2022-06-18,-0.0906691162371498
ETH,2022-06-19,0.12445791003387274
ETH,2022-06-20,-0.0017667549943238825
ETH,2022-06-21,0.0021505899151703645
ETH,2022-06-22,-0.06645126053085004
ETH,2022-06-23,0.08403040238220782
ETH,2022-06-24,0.07501157335317465
ETH,2022-06-25,0.006899659905172939
ETH,2022-06-26,-0.031263509430103475
ETH,2022-06-27,-0.007768610294383471
ETH,2022-06-28,-0.04458125322888584
ETH,2022-06-29,-0.0419752669548723
ETH,2022-06-30,-0.05080798383934848
ETH,2022-07-01,0.023310432483197197
ETH,2022-07-02,0.00038881709109528373
ETH,2022-07-03,0.006714023576951611
ETH,2022-07-04,0.06879032177046707
ETH,2022-07-05,-0.013660789507242477
ETH,2022-07-06,0.04772770048850816
ETH,2022-07-07,0.0398866568765337
ETH,2022-07-08,-0.005807881917272439
ETH,2022-07-09,-0.011803815889658509
ETH,2022-07-10,-0.04180671152832449
ETH,2022-07-11,-0.062280092105035934
ETH,2022-07-12,-0.05264022241970956
ETH,2022-07-13,0.06476768181380521
ETH,2022-07-14,0.07032056813471232
ETH,2022-07-15,0.03682620481085941
ETH,2022-07-16,0.09058479160974198
ETH,2022-07-17,-0.00540108295820918
ETH,2022-07-18,0.1535150160305605
ETH,2022-07-19,-0.014664554185818801
ETH,2022-07-20,-0.014670703402267726
ETH,2022-07-21,0.03568320183775242
ETH,2022-07-22,-0.02691530012730059
ETH,2022-07-23,0.008980711899305938
ETH,2022-07-24,0.033535039524885235
ETH,2022-07-25,-0.09249104120260743
ETH,2022-07-26,-0.0210706172462638
ETH,2022-07-27,0.13149799393576522
ETH,2022-07-28,0.054985907445015414
ETH,2022-07-29,0.012369457716414622
ETH,2022-07-30,-0.030929744316381402
ETH,2022-07-31,-0.006046255410731227
ETH,2022-08-01,-0.028239111855862475
ETH,2022-08-02,0.002876864956662395
ETH,2022-08-03,-0.014940065277628811
ETH,2022-08-04,-0.005754170791941071
ETH,2022-08-05,0.07125233651591056
ETH,2022-08-06,-0.017593249604025196
ETH,2022-08-07,0.0011488607832053077
ETH,2022-08-08,0.04525212042725624
ETH,2022-08-09,-0.041424896978265124
ETH,2022-08-10,0.08266028661026237
ETH,2022-08-11,0.014633433965066445
ETH,2022-08-12,0.04000931878008451
ETH,2022-08-13,0.013444751389974918
ETH,2022-08-14,-0.02292213314037017
ETH,2022-08-15,-0.018027080228270265
ETH,2022-08-16,-0.013302411782932566
ETH,2022-08-17,-0.02340298833599075
ETH,2022-08-18,0.008686421245972298
ETH,2022-08-19,-0.1348919030762632
ETH,2022-08-20,-0.025076174982245014
ETH,2022-08-21,0.028527874146701215
ETH,2022-08-22,-0.008359639179595035
ETH,2022-08-23,0.03420004090561424
ETH,2022-08-24,-0.003092172418869943
ETH,2022-08-25,0.021679015114432154
ETH,2022-08-26,-0.11641822416440473
ETH,2022-08-27,-0.010626836529231909
ETH,2022-08-28,-0.035414743922829395
ETH,2022-08-29,0.07315616538954117
ETH,2022-08-30,-0.01343856185714376
ETH,2022-08-31,0.01437161788071073
ETH,2022-09-01,0.022065319147625218
ETH,2022-09-02,-0.006167135962265924
ETH,2022-09-03,-0.013756336824459758
ETH,2022-09-04,0.013397296488543375
ETH,2022-09-05,0.023224541266890775
ETH,2022-09-06,-0.029803526258545432
ETH,2022-09-07,0.04263183493447098
ETH,2022-09-08,0.0004140983987008795
ETH,2022-09-09,0.04950776343062824
ETH,2022-09-10,0.03559383172576691
ETH,2022-09-11,-0.012039412354871715
ETH,2022-09-12,-0.027493234927780108
ETH,2022-09-13,-0.08329743210455653
ETH,2022-09-14,0.03723615620424958
ETH,2022-09-15,-0.10388438590393889
ETH,2022-09-16,-0.0292800165530549
ETH,2022-09-17,0.02711456978278548
ETH,2022-09-18,-0.09376374619321126
ETH,2022-09-19,0.03060840386811048
ETH,2022-09-20,-0.041467667159171384
ETH,2022-09-21,-0.057762968017136984
ETH,2022-09-22,0.06173000049901045
ETH,2022-09-23,0.0017188655133741904
ETH,2022-09-24,-0.010534297936922066
ETH,2022-09-25,-0.0172000507427299
ETH,2022-09-26,0.03030939038334246
ETH,2022-09-27,-0.002898390255346328
ETH,2022-09-28,0.006451786960116834
ETH,2022-09-29,-0.004111351861694423
ETH,2022-09-30,-0.0049358185833892065
ETH,2022-10-01,-0.012018088888705591
ETH,2022-10-02,-0.026796420315425173
ETH,2022-10-03,0.03680355142941849
ETH,2022-10-04,0.02860659312683911
ETH,2022-10-05,-0.0075766298064960935
ETH,2022-10-06,-0.0008901674568138063
ETH,2022-10-07,-0.014019285556820194
ETH,2022-10-08,-0.012901830633288647
ETH,2022-10-09,0.004153812900962173
ETH,2022-10-10,-0.02211003579478721
ETH,2022-10-11,-0.01050814065887451
ETH,2022-10-12,0.012506640575823624
ETH,2022-10-13,-0.004981340209248231
ETH,2022-10-14,0.007055673254111383
ETH,2022-10-15,-0.017358537000614405
ETH,2022-10-16,0.02372633491166276
ETH,2022-10-17,0.020288768152353143
ETH,2022-10-18,-0.015940320978849343
ETH,2022-10-19,-0.020521024982376623
ETH,2022-10-20,-0.0021478738670008823
ETH,2022-10-21,0.013918629708937758
ETH,2022-10-22,0.011040684769793252
ETH,2022-10-23,0.03701014977410022
ETH,2022-10-24,-0.014257516494232902
ETH,2022-10-25,0.08325818061983448
ETH,2022-10-26,0.07255769299458237
ETH,2022-10-27,-0.03660538011855152
ETH,2022-10-28,0.02682547036467753
ETH,2022-10-29,0.03964618615883975
ETH,2022-10-30,-0.018317659793449792
ETH,2022-10-31,-0.011584016589130108
ETH,2022-11-01,0.005744703528026918
ETH,2022-11-02,-0.0391545312270587
ETH,2022-11-03,0.006702370278009795
ETH,2022-11-04,0.07246323921093634
ETH,2022-11-05,-0.010644904718692061
ETH,2022-11-06,-0.03271383191170063
ETH,2022-11-07,-0.004780259582593871
ETH,2022-11-08,-0.16287705606066805
ETH,2022-11-09,-0.19765682223798464
ETH,2022-11-10,0.17156123195831263
ETH,2022-11-11,-0.012922443965262431
ETH,2022-11-12,-0.022818269931583757
ETH,2022-11-13,-0.025773757426576616
ETH,2022-11-14,0.016723673915723936
ETH,2022-11-15,0.007086725837627483
ETH,2022-11-16,-0.028208087415673155
ETH,2022-11-17,-0.012483780106699705
ETH,2022-11-18,0.008099164915770452
ETH,2022-11-19,0.0075182589430431435
ETH,2022-11-20,-0.06699272468577533
ETH,2022-11-21,-0.028481610519879297
ETH,2022-11-22,0.024199675124663145
ETH,2022-11-23,0.04176141354329577
ETH,2022-11-24,0.016363305015339336
ETH,2022-11-25,-0.003018323638456444
ETH,2022-11-26,0.004790169760464202
ETH,2022-11-27,-0.006622633372810327
ETH,2022-11-28,-0.023629340912461494
ETH,2022-11-29,0.04037755951639266
ETH,2022-11-30,0.06439975146103905
ETH,2022-12-01,-0.017351367494748082
ETH,2022-12-02,0.013361931431696839
ETH,2022-12-03,-0.04100344510897358
ETH,2022-12-04,0.031024119551994467
ETH,2022-12-05,-0.016942156455660218
ETH,2022-12-06,0.00921899603325027
ETH,2022-12-07,-0.030075879908601166
ETH,2022-12-08,0.03904790125989166
ETH,2022-12-09,-0.014480079848315341
ETH,2022-12-10,0.0028164853197525375
ETH,2022-12-11,-0.0029264906788322165
ETH,2022-12-12,0.009228797566299463
ETH,2022-12-13,0.03516236607926704
ETH,2022-12-14,-0.009323661156731333
ETH,2022-12-15,-0.03422970617110632
ETH,2022-12-16,-0.08204957614156161
ETH,2022-12-17,0.019166286669855204
ETH,2022-12-18,0.0002672814983997185
ETH,2022-12-19,-0.017214988032144163
ETH,2022-12-20,0.04248472897123268
ETH,2022-12-21,-0.004453657275730549
ETH,2022-12-22,0.0036794334202614465
ETH,2022-12-23,0.0024800627903101002
ETH,2022-12-24,0.0005843392396478464
ETH,2022-12-25,-0.0022951368259951366
ETH,2022-12-26,0.005401320801341036
ETH,2022-12-27,-0.010511246811106822
ETH,2022-12-28,-0.019559583131290914
ETH,2022-12-29,0.010726673202523962
ETH,2022-12-30,-0.0019484514821819232
ETH,2022-12-31,-0.0027172511443609437
ETH,2023-01-01,0.0039034560599677803
ETH,2023-01-02,0.012284054485889762
ETH,2023-01-03,-0.0005039229339516282
ETH,2023-01-04,0.033763436156834636
ETH,2023-01-05,-0.004608030457852408
ETH,2023-01-06,0.01516592245042414
ETH,2023-01-07,-0.004539006333527773
ETH,2023-01-08,0.016589602582115504
ETH,2023-01-09,0.027623937060469395
ETH,2023-01-10,0.011320371246072547
ETH,2023-01-11,0.03303311067640902
ETH,2023-01-12,0.026188070116551998
ETH,2023-01-13,0.022839553481712294
ETH,2023-01-14,0.06779077382676313
ETH,2023-01-15,0.0004759796082804968
ETH,2023-01-16,0.016377387356012463
ETH,2023-01-17,-0.004931025907420228
ETH,2023-01-18,-0.032500671959803995
ETH,2023-01-19,0.019768386456139098
ETH,2023-01-20,0.06719150453967337
ETH,2023-01-21,-0.018226449780030407
ETH,2023-01-22,8.6722017582197e-05
ETH,2023-01-23,-0.0002035121616481561
ETH,2023-01-24,-0.04664643155326953
ETH,2023-01-25,0.03415816913243219
ETH,2023-01-26,-0.003612106184403885
ETH,2023-01-27,-0.002447423660469461
ETH,2023-01-28,-0.017569897935308276
ETH,2023-01-29,0.04733343512126975
ETH,2023-01-30,-0.0500112596117237
ETH,2023-01-31,0.011954352344393016
ETH,2023-02-01,0.03538387364150175
ETH,2023-02-02,0.002697841311325
ETH,2023-02-03,0.011635336276540897
ETH,2023-02-04,0.003261776429489771
ETH,2023-02-05,-0.024182752014883846
ETH,2023-02-06,-0.010381765984600833
ETH,2023-02-07,0.03556659611127344
ETH,2023-02-08,-0.01353593669525921
ETH,2023-02-09,-0.06548847987240336
ETH,2023-02-10,-0.020507750757608356
ETH,2023-02-11,0.01697997617416913
ETH,2023-02-12,-0.017294682082241053
ETH,2023-02-13,-0.005000528098851653
ETH,2023-02-14,0.03342988108204281
ETH,2023-02-15,0.07148981200631432
ETH,2023-02-16,-0.017455814351879262
ETH,2023-02-17,0.031230645069572738
ETH,2023-02-18,-0.0030170834096807653
ETH,2023-02-19,-0.00458135447136776
ETH,2023-02-20,0.01044751898895413
ETH,2023-02-21,-0.027290411853633678
ETH,2023-02-22,-0.00797901994358785
ETH,2023-02-23,0.004528073798765853
ETH,2023-02-24,-0.02523014546697855
ETH,2023-02-25,-0.008990825180745787
ETH,2023-02-26,0.028862631811654715
ETH,2023-02-27,-0.004244812339335269
ETH,2023-02-28,-0.016644928026511074
ETH,2023-03-01,0.03368678080400045
ETH,2023-03-02,-0.00837154364882764
ETH,2023-03-03,-0.04892829295176604
ETH,2023-03-04,-0.002096245199692426
ETH,2023-03-05,-0.0014397868646565115
ETH,2023-03-06,0.0024948961821191773
ETH,2023-03-07,-0.0048012993384505265
ETH,2023-03-08,-0.016676627471203354
ETH,2023-03-09,-0.06569989770606455
ETH,2023-03-10,-0.0017553807405503719
ETH,2023-03-11,0.02960749018867226
ETH,2023-03-12,0.0713510013898686
ETH,2023-03-13,0.05600471539094798
ETH,2023-03-14,0.0171397825228361
ETH,2023-03-15,-0.03061254030719862
ETH,2023-03-16,0.013098183994279644
ETH,2023-03-17,0.06562511520733771
ETH,2023-03-18,-0.014994547474003639
ETH,2023-03-19,0.020967696775802125
ETH,2023-03-20,-0.03638199194950431
ETH,2023-03-21,0.038234080455576525
ETH,2023-03-22,-0.03772084426297706
ETH,2023-03-23,0.045529392518181666
ETH,2023-03-24,-0.038156316059227535
ETH,2023-03-25,-0.004959517432727267
ETH,2023-03-26,0.02048331660161473
ETH,2023-03-27,-0.036447752535253564
ETH,2023-03-28,0.03441655459696147
ETH,2023-03-29,0.011109485411355813
ETH,2023-03-30,-0.0016462954064655477
ETH,2023-03-31,0.017814130680584128
ETH,2023-04-01,-0.0008698652202934198
ETH,2023-04-02,-0.015294082168800571
ETH,2023-04-03,0.009112511462316952
ETH,2023-04-04,0.030989174978198974
ETH,2023-04-05,0.022721646062427325
ETH,2023-04-06,-0.020637953620761706
ETH,2023-04-07,-0.0030737690310358445
ETH,2023-04-08,-0.007849402064765698
ETH,2023-04-09,0.005054160188059598
ETH,2023-04-10,0.027025123635842085
ETH,2023-04-11,-0.010722284928791126
ETH,2023-04-12,0.01576336432365455
ETH,2023-04-13,0.04531244229037146
ETH,2023-04-14,0.044435152095727126
ETH,2023-04-15,-0.00368991374566896
ETH,2023-04-16,0.01180840001581629
ETH,2023-04-17,-0.020392263297845048
ETH,2023-04-18,0.01199427310028689
ETH,2023-04-19,-0.0819527339313133
ETH,2023-04-20,0.0034665942808684846
ETH,2023-04-21,-0.04926899414148611
ETH,2023-04-22,0.013940856359865528
ETH,2023-04-23,-0.006815347968913699
ETH,2023-04-24,-0.010767121614795983
ETH,2023-04-25,0.013575226327509071
ETH,2023-04-26,-0.0006204179057318626
ETH,2023-04-27,0.022493166966378375
ETH,2023-04-28,-0.008114061111576198
ETH,2023-04-29,0.006270730700911997
ETH,2023-04-30,-0.010706734874488255
ETH,2023-05-01,-0.028936208022336096
ETH,2023-05-02,0.021889364459258154
ETH,2023-05-03,0.017358625872257782
ETH,2023-05-04,-0.014833598647525648
ETH,2023-05-05,0.06124332626798701
ETH,2023-05-06,-0.048917506447511805
ETH,2023-05-07,-1.973473995153796e-05
ETH,2023-05-08,-0.026685247448697602
ETH,2023-05-09,-0.00109678013100023
ETH,2023-05-10,-0.0031203106756558796
ETH,2023-05-11,-0.02576783672611338
ETH,2023-05-12,0.006811252614472352
ETH,2023-05-13,-0.004591064974514225
ETH,2023-05-14,0.0001807419613610861
ETH,2023-05-15,0.010721818353927048
ETH,2023-05-16,0.00273134270791342
ETH,2023-05-17,-0.001150150656149762
ETH,2023-05-18,-0.01014028084640195
ETH,2023-05-19,0.005173878093983397
ETH,2023-05-20,0.0033914295994064148
ETH,2023-05-21,-0.007082093965617986
ETH,2023-05-22,0.00646819869154136
ETH,2023-05-23,0.019799027502870103
ETH,2023-05-24,-0.029228707960171185
ETH,2023-05-25,0.0032135192941851187
ETH,2023-05-26,0.012264229266692794
ETH,2023-05-27,0.0008407001715706741
ETH,2023-05-28,0.043037973046192946
ETH,2023-05-29,-0.008632638973431916
ETH,2023-05-30,0.00314800572826357
ETH,2023-05-31,-0.01478138302500387
ETH,2023-06-01,-0.005925481665657983
ETH,2023-06-02,0.023920939772803074
ETH,2023-06-03,-0.007928966537404492
ETH,2023-06-04,0.00021968907567782026
ETH,2023-06-05,-0.042955796833362925
ETH,2023-06-06,0.03810658157958002
ETH,2023-06-07,-0.02759813840040337
ETH,2023-06-08,0.008340653885207772
ETH,2023-06-09,-0.004782608444990899
ETH,2023-06-10,-0.0476357792828761
ETH,2023-06-11,-0.0006087388001985161
ETH,2023-06-12,-0.005369204361283408
ETH,2023-06-13,-0.0031777832859987143
ETH,2023-06-14,-0.05124715176028083
ETH,2023-06-15,0.008261457544571194
ETH,2023-06-16,0.03122687811684699
ETH,2023-06-17,0.0063622893201298325
ETH,2023-06-18,-0.004326046015080465
ETH,2023-06-19,0.008604397606351455
ETH,2023-06-20,0.031105628224782578
ETH,2023-06-21,0.05675179768097127
ETH,2023-06-22,-0.010587630538859472
ETH,2023-06-23,0.00914319843654443
ETH,2023-06-24,-0.008212215865929906
ETH,2023-06-25,0.012550431574130272
ETH,2023-06-26,-0.0224808181252083
ETH,2023-06-27,0.016749679315621435
ETH,2023-06-28,-0.031883114863310524
ETH,2023-06-29,0.012765769857425724
ETH,2023-06-30,0.043009020492288386
ETH,2023-07-01,-0.005952927688148257
ETH,2023-07-02,0.006459370982233814
ETH,2023-07-03,0.009566774956897284
ETH,2023-07-04,-0.008129960613604936
ETH,2023-07-05,-0.013626803949764899
ETH,2023-07-06,-0.030678125285383828
ETH,2023-07-07,0.008030804883990328
ETH,2023-07-08,-0.002823704837940255
ETH,2023-07-09,-0.000764098171095462
ETH,2023-07-10,0.00946098755277891
ETH,2023-07-11,-0.001049189072741541
ETH,2023-07-12,-0.0036141526687414327
ETH,2023-07-13,0.06736718033736011
ETH,2023-07-14,-0.033977540112979376
ETH,2023-07-15,-0.002286413628984185
ETH,2023-07-16,-0.003201619137865208
ETH,2023-07-17,-0.006390640381744639
ETH,2023-07-18,-0.007815545481983044
ETH,2023-07-19,-0.00416324632384768
ETH,2023-07-20,0.0013014293925284193
ETH,2023-07-21,7.043599945699697e-05
ETH,2023-07-22,-0.016425975077460464
ETH,2023-07-23,0.01423646714099025
ETH,2023-07-24,-0.020358455220055305
ETH,2023-07-25,0.004115601292882687
ETH,2023-07-26,0.007302624046776174
ETH,2023-07-27,-0.006501754314733432
ETH,2023-07-28,0.00855563809518678
ETH,2023-07-29,0.003188217219656231
ETH,2023-07-30,-0.010418761113757391
ETH,2023-07-31,-0.0028628752979953376
ETH,2023-08-01,0.0058040443250027
ETH,2023-08-02,-0.015488869881858491
ETH,2023-08-03,-0.001294880177947988
ETH,2023-08-04,-0.005266080973554743
ETH,2023-08-05,0.0049741729659666944
ETH,2023-08-06,-0.004608089251179059
ETH,2023-08-07,-0.0005893226749806857
ETH,2023-08-08,0.016747302817315735
ETH,2023-08-09,-0.0007416367309271976
ETH,2023-08-10,-0.0023931173150799623
ETH,2023-08-11,-0.0023286935657980123
ETH,2023-08-12,0.0010938486341469655
ETH,2023-08-13,-0.005233526319317505
ETH,2023-08-14,0.0026529296822115356
ETH,2023-08-15,-0.009109193567615748
ETH,2023-08-16,-0.011106497565839035
ETH,2023-08-17,-0.06755905234760284
ETH,2023-08-18,-0.016864988962097094
ETH,2023-08-19,0.004930402134939449
ETH,2023-08-20,0.008769530892045907
ETH,2023-08-21,-0.009713858369361894
ETH,2023-08-22,-0.02146054350655291
ETH,2023-08-23,0.028398237644540636
ETH,2023-08-24,-0.013343985819428639
ETH,2023-08-25,-0.0022187862508644685
ETH,2023-08-26,-0.004268114421545732
ETH,2023-08-27,0.006555618272277464
ETH,2023-08-28,-0.002380992694148709
ETH,2023-08-29,0.04388031390403491
ETH,2023-08-30,-0.012769141787374316
ETH,2023-08-31,-0.03543862096769601
ETH,2023-09-01,-0.010336827740429655
ETH,2023-09-02,0.004979082355515807
ETH,2023-09-03,-0.0008059036183949431
ETH,2023-09-04,-0.004993603230511567
ETH,2023-09-05,0.0032543534595497192
ETH,2023-09-06,-0.00020006738694888782
ETH,2023-09-07,0.008348685314477855
ETH,2023-09-08,-0.005907974686234496
ETH,2023-09-09,-0.0010447731573108854
ETH,2023-09-10,-0.010614214987515247
ETH,2023-09-11,-0.04298883276796861
ETH,2023-09-12,0.02841078340764014
ETH,2023-09-13,0.00856404161339519
ETH,2023-09-14,0.01224286303780886
ETH,2023-09-15,0.010025982419668011
ETH,2023-09-16,-0.005613648878679989
ETH,2023-09-17,-0.008687292066797525
ETH,2023-09-18,0.010476382819943453
ETH,2023-09-19,0.003555900424620617
ETH,2023-09-20,-0.012744601644770093
ETH,2023-09-21,-0.023684403429850676
ETH,2023-09-22,0.005623915686346237
ETH,2023-09-23,-0.00043419495799668084
ETH,2023-09-24,-0.007367600431949839
ETH,2023-09-25,0.00398334502044051
ETH,2023-09-26,0.0028211021665009994
ETH,2023-09-27,0.0027819451090991265
ETH,2023-09-28,0.03473147243184993
ETH,2023-09-29,0.008832576212944865
ETH,2023-09-30,0.002142914605553159
ETH,2023-10-01,0.03551295887864825
ETH,2023-10-02,-0.04027713249426057
ETH,2023-10-03,-0.0037889935367036998
ETH,2023-10-04,-0.004798939827191262
ETH,2023-10-05,-0.02204833136491846
ETH,2023-10-06,0.02007926035467822
ETH,2023-10-07,-0.006449991123768761
ETH,2023-10-08,-0.001319316624186051
ETH,2023-10-09,-0.03326982517347066
ETH,2023-10-10,-0.007132844696293716
ETH,2023-10-11,-0.0019246134215835653
ETH,2023-10-12,-0.01753685779651093
ETH,2023-10-13,0.007874609068070804
ETH,2023-10-14,0.00347818390246335
ETH,2023-10-15,0.00040725840025501725
ETH,2023-10-16,0.028315990433598337
ETH,2023-10-17,-0.022550697004334985
ETH,2023-10-18,-0.0012050263914487047
ETH,2023-10-19,0.00192924449694587
ETH,2023-10-20,0.024683104331605143
ETH,2023-10-21,0.014333574037326713
ETH,2023-10-22,0.020826450614875647
ETH,2023-10-23,0.05841009290052224
ETH,2023-10-24,0.012155933384519813
ETH,2023-10-25,0.0009325208826176379
ETH,2023-10-26,0.010206258292022596
ETH,2023-10-27,-0.013257122836785484
ETH,2023-10-28,-0.0026070904853252586
ETH,2023-10-29,0.012037033747362536
ETH,2023-10-30,0.006468476210711671
ETH,2023-10-31,0.0022948574694527935
ETH,2023-11-01,0.017782813142829923
ETH,2023-11-02,-0.025711174404761117
ETH,2023-11-03,0.018389258719524904
ETH,2023-11-04,0.01458028277318224
ETH,2023-11-05,0.01971282461105872
ETH,2023-11-06,0.001220106819196154
ETH,2023-11-07,-0.006696941423107283
ETH,2023-11-08,0.0034213247209455844
ETH,2023-11-09,0.11145566843553034
ETH,2023-11-10,-0.01671227893563465
ETH,2023-11-11,-0.016678565359063313
ETH,2023-11-12,-0.000674081412499028
ETH,2023-11-13,0.008564704516488497
ETH,2023-11-14,-0.039605550310906956
ETH,2023-11-15,0.036565922537048934
ETH,2023-11-16,-0.04813633596281086
ETH,2023-11-17,-0.0004015639886780775
ETH,2023-11-18,0.0018065236070672341
ETH,2023-11-19,0.02386090645022687
ETH,2023-11-20,0.0071832422039745936
ETH,2023-11-21,-0.039680981133503046
ETH,2023-11-22,0.059311228706119934
ETH,2023-11-23,-0.000569555814249334
ETH,2023-11-24,0.00776159612502525
ETH,2023-11-25,0.002515014388774439
ETH,2023-11-26,-0.009235467939210373
ETH,2023-11-27,-0.018635356209967924
ETH,2023-11-28,0.011036270608438592
ETH,2023-11-29,-0.010245186202215706
ETH,2023-11-30,0.010882707480300624
ETH,2023-12-01,0.016950860000680024
ETH,2023-12-02,0.0370042504891579
ETH,2023-12-03,0.013218782154400088
ETH,2023-12-04,0.020068285288112442
ETH,2023-12-05,0.023618561710299524
ETH,2023-12-06,-0.026480981309792817
ETH,2023-12-07,0.05355543146920905
ETH,2023-12-08,0.0020790651709123864
ETH,2023-12-09,-0.007375489173195859
ETH,2023-12-10,0.0038724235988985
ETH,2023-12-11,-0.0565140508726909
ETH,2023-12-12,-0.009325768389552458
ETH,2023-12-13,0.026728121297363572
ETH,2023-12-14,0.025626491968932186
ETH,2023-12-15,-0.04320929364806858
ETH,2023-12-16,0.0014551792778139117
ETH,2023-12-17,-0.011133200894906992
ETH,2023-12-18,0.007167988732079245
ETH,2023-12-19,-0.018132679705851196
ETH,2023-12-20,0.009064826481876231
ETH,2023-12-21,0.01886822848577907
ETH,2023-12-22,0.03882302192177267
ETH,2023-12-23,-0.006588932133528402
ETH,2023-12-24,-0.018695419106076194
ETH,2023-12-25,0.0026589442888553805
ETH,2023-12-26,-0.019901193425069685
ETH,2023-12-27,0.06474510041339254
ETH,2023-12-28,-0.011471556675485495
ETH,2023-12-29,-0.023882615901912985
ETH,2023-12-30,-0.000954168276166456
ETH,2023-12-31,-0.006419817518069415
ETH,2024-01-01,0.029554655598230006
ETH,2024-01-02,0.004332652743000764
ETH,2024-01-03,-0.06586759645280704
ETH,2024-01-04,0.028950074812866156
ETH,2024-01-05,-0.001998625994637848
ETH,2024-01-06,-0.012741304226519645
ETH,2024-01-07,-0.009182666394281114
ETH,2024-01-08,0.05003906444993955
ETH,2024-01-09,0.0031500454933217625
ETH,2024-01-10,0.10197807490144495
ETH,2024-01-11,0.010693270000437849
ETH,2024-01-12,-0.03875926647109651
ETH,2024-01-13,0.023877917299385487
ETH,2024-01-14,-0.0399002611682544
ETH,2024-01-15,0.013477011404024353
ETH,2024-01-16,0.03051103012781642
ETH,2024-01-17,-0.025831812933282627
ETH,2024-01-18,-0.0231584419450801
ETH,2024-01-19,0.009412779289529105
ETH,2024-01-20,-0.008195290665841348
ETH,2024-01-21,-0.006151517070774659
ETH,2024-01-22,-0.059757836863403746
ETH,2024-01-23,-0.03217693659356069
ETH,2024-01-24,-0.0023878360846794067
ETH,2024-01-25,-0.00698700301065891
ETH,2024-01-26,0.021755666817005803
ETH,2024-01-27,-0.00011009421574303957
ETH,2024-01-28,-0.005103254692510717
ETH,2024-01-29,0.026186737274843885
ETH,2024-01-30,0.014321903374503009
ETH,2024-01-31,-0.0276874073770923
ETH,2024-02-01,0.006969980244971197
ETH,2024-02-02,0.0026193204673221615
ETH,2024-02-03,-0.004931349602478541
ETH,2024-02-04,-0.003189196568928132
ETH,2024-02-05,0.004032289937015321
ETH,2024-02-06,0.03316168983786394
ETH,2024-02-07,0.02103068981454026
ETH,2024-02-08,-0.001159221812677913
ETH,2024-02-09,0.02805235665846606
ETH,2024-02-10,0.0039009793542028603
ETH,2024-02-11,0.0015763643083666068
ETH,2024-02-12,0.05830818145215755
ETH,2024-02-13,-0.006218220307412814
ETH,2024-02-14,0.0520646187568552
ETH,2024-02-15,0.016424255445062208
ETH,2024-02-16,-0.00806817459542053
ETH,2024-02-17,-0.00574875814706477
ETH,2024-02-18,0.031989300563897594
ETH,2024-02-19,0.024474703438385426
ETH,2024-02-20,0.02200643897274457
ETH,2024-02-21,-0.016425133015788518
ETH,2024-02-22,0.002513655209527066
ETH,2024-02-23,-0.01671710175665453
ETH,2024-02-24,0.022638003064652246
ETH,2024-02-25,0.03986003619143297
ETH,2024-02-26,0.020402947806672955
ETH,2024-02-27,0.02133229857217067
ETH,2024-02-28,0.039955005118143205
ETH,2024-02-29,-0.007838761821119533
ETH,2024-03-01,0.025913595749001317
ETH,2024-03-02,-0.005204683927509279
ETH,2024-03-03,0.01800585159351975
ETH,2024-03-04,0.04168815302502793
ETH,2024-03-05,-0.021655511286915896
ETH,2024-03-06,0.07267216864582693
ETH,2024-03-07,0.012465077154386606
ETH,2024-03-08,0.006885171888674435
ETH,2024-03-09,0.004809643934777341
ETH,2024-03-10,-0.010760853342418386
ETH,2024-03-11,0.05050662434896935
ETH,2024-03-12,-0.025314037673270562
ETH,2024-03-13,0.008401063568900469
ETH,2024-03-14,-0.030861947091029407
ETH,2024-03-15,-0.03831930962686947
ETH,2024-03-16,-0.059948935835533845
ETH,2024-03-17,0.03324550605431931
ETH,2024-03-18,-0.030275008980359175
ETH,2024-03-19,-0.10886740869015554
ETH,2024-03-20,0.10578144716454219
ETH,2024-03-21,-0.008426747561092185
ETH,2024-03-22,-0.0507532303583762
ETH,2024-03-23,0.01135019225620404
ETH,2024-03-24,0.029545243019969192
ETH,2024-03-25,0.039896292386409016
ETH,2024-03-26,-0.0007478649931336179
ETH,2024-03-27,-0.026774997141227885
ETH,2024-03-28,0.01920197184140271
ETH,2024-03-29,-0.01407818908444014
ETH,2024-03-30,-0.002882555604726278
ETH,2024-03-31,0.03875365230516792
ETH,2024-04-01,-0.03752548192944971
ETH,2024-04-02,-0.06699640353436465
ETH,2024-04-03,0.010381712929305564
ETH,2024-04-04,0.003170860134392939
ETH,2024-04-05,-0.0012389204364549045
ETH,2024-04-06,0.013311179489036817
ETH,2024-04-07,0.023270009391589852
ETH,2024-04-08,0.0707284789849183
ETH,2024-04-09,-0.0558356610908195
ETH,2024-04-10,0.011951302282307452
ETH,2024-04-11,-0.010563464565857217
ETH,2024-04-12,-0.07992709361738548
ETH,2024-04-13,-0.06531975193850137
ETH,2024-04-14,0.041520112076563365
ETH,2024-04-15,-0.017810401092701156
ETH,2024-04-16,-0.004722784551876913
ETH,2024-04-17,-0.03412275924105401
ETH,2024-04-18,0.027410416379717972
ETH,2024-04-19,-0.0038657393383427774
ETH,2024-04-20,0.03205924460522169
ETH,2024-04-21,-0.002496936595848709
ETH,2024-04-22,0.01830169637644552
ETH,2024-04-23,0.0037282323753284885
ETH,2024-04-24,-0.02669121657882023
ETH,2024-04-25,0.008041911321555517
ETH,2024-04-26,-0.009058056087436483
ETH,2024-04-27,0.03861549611814574
ETH,2024-04-28,0.0030097514738720577
ETH,2024-04-29,-0.013085625101787457
ETH,2024-04-30,-0.06677182080465904
ETH,2024-05-01,-0.014068213469973223
ETH,2024-05-02,0.006109034752200593
ETH,2024-05-03,0.03899809432456891
ETH,2024-05-04,0.0030362456888735068
ETH,2024-05-05,0.007022849612130955
ETH,2024-05-06,-0.022976273863044128
ETH,2024-05-07,-0.017384840280374902
ETH,2024-05-08,-0.014787819904852562
ETH,2024-05-09,0.021340740728613916
ETH,2024-05-10,-0.041592093571468425
ETH,2024-05-11,0.00015626705748772451
ETH,2024-05-12,0.006577624382304137
ETH,2024-05-13,0.00611381463679983
ETH,2024-05-14,-0.023140448418898174
ETH,2024-05-15,0.05003106599149554
ETH,2024-05-16,-0.029318701285652615
ETH,2024-05-17,0.05010927568978385
ETH,2024-05-18,0.009686358300355025
ETH,2024-05-19,-0.01693422520738963
ETH,2024-05-20,0.17625690437099095
ETH,2024-05-21,0.03619602500319097
ETH,2024-05-22,-0.014836932818720783
ETH,2024-05-23,0.006919056900088094
ETH,2024-05-24,-0.010385732599564435
ETH,2024-05-25,0.005362665518111598
ETH,2024-05-26,0.02019446290814919
ETH,2024-05-27,0.016386319151697748
ETH,2024-05-28,-0.011062129041212287
ETH,2024-05-29,-0.019698266928255492
ETH,2024-05-30,-0.0059488593065939455
ETH,2024-05-31,0.002105309138785927
ETH,2024-06-01,0.015294192721196254
ETH,2024-06-02,-0.00844054197670907
ETH,2024-06-03,-0.0036629552662024167
ETH,2024-06-04,0.01179579126625363
ETH,2024-06-05,0.013326342270325142
ETH,2024-06-06,-0.013413332553941615
ETH,2024-06-07,-0.035225752893493834
ETH,2024-06-08,2.7230200748462607e-05
ETH,2024-06-09,0.006937063975813729
ETH,2024-06-10,-0.010707853766788844
ETH,2024-06-11,-0.04704158878388043
ETH,2024-06-12,0.017878805628052774
ETH,2024-06-13,-0.02580977185464839
ETH,2024-06-14,0.002829927582940428
ETH,2024-06-15,0.024933895615181
ETH,2024-06-16,0.014450888028367359
ETH,2024-06-17,-0.03090767566002839
ETH,2024-06-18,-0.00912238614455596
ETH,2024-06-19,0.022716985179169313
ETH,2024-06-20,-0.012700878486461065
ETH,2024-06-21,0.0016014308886482809
ETH,2024-06-22,-0.006299970698902868
ETH,2024-06-23,-0.022048095222624298
ETH,2024-06-24,-0.02136354695973175
ETH,2024-06-25,0.013361237450004282
ETH,2024-06-26,-0.007023315377121975
ETH,2024-06-27,0.021973083257067927
ETH,2024-06-28,-0.020848434792013038
ETH,2024-06-29,0.00022730093192002698
ETH,2024-06-30,0.01890232370604039
ETH,2024-07-01,-7.358078454267059e-05
ETH,2024-07-02,-0.005681257670914874
ETH,2024-07-03,-0.03679922200108798
ETH,2024-07-04,-0.06714805899076204
ETH,2024-07-05,-0.03114158712105919
ETH,2024-07-06,0.026987260122222523
ETH,2024-07-07,-0.04501893824939884
ETH,2024-07-08,0.029428639232884635
ETH,2024-07-09,0.014367708123328882
ETH,2024-07-10,0.01199367381126848
ETH,2024-07-11,-0.0013926520063716197
ETH,2024-07-12,0.010773208456125616
ETH,2024-07-13,0.016312549236735308
ETH,2024-07-14,0.02324025890559156
ETH,2024-07-15,0.06861962646959974
ETH,2024-07-16,-0.011900355009872854
ETH,2024-07-17,-0.015386271367209048
ETH,2024-07-18,0.010848294532133096
ETH,2024-07-19,0.022014609736869417
ETH,2024-07-20,0.0037205986834685234
ETH,2024-07-21,0.0028123956470675893
ETH,2024-07-22,-0.025399466997754416
ETH,2024-07-23,0.011780985985602399
ETH,2024-07-24,-0.044327275267036725
ETH,2024-07-25,-0.04858485278891145
ETH,2024-07-26,0.032613935829362006
ETH,2024-07-27,-0.007548542068002817
ETH,2024-07-28,0.005031320070566281
ETH,2024-07-29,0.015913062589143934
ETH,2024-07-30,-0.014233544468883252
ETH,2024-07-31,-0.013653615402228425
ETH,2024-08-01,-0.008851156820387729
ETH,2024-08-02,-0.07057543278019018
ETH,2024-08-03,-0.02724370747703464
ETH,2024-08-04,-0.07367488815721313
ETH,2024-08-05,-0.10303386572864692
ETH,2024-08-06,0.009957825732557879
ETH,2024-08-07,-0.04676330023688369
ETH,2024-08-08,0.13546644713354805
ETH,2024-08-09,-0.03550797668559369
ETH,2024-08-10,0.00535469179130299
ETH,2024-08-11,-0.01853722180022288
ETH,2024-08-12,0.0642642918559515
ETH,2024-08-13,-0.009703267619489253
ETH,2024-08-14,-0.013307615154518615
ETH,2024-08-15,-0.03550536321711206
ETH,2024-08-16,0.008027131964684742
ETH,2024-08-17,0.0067941918866392115
ETH,2024-08-18,0.004816433730439051
ETH,2024-08-19,0.0027246887340108827
ETH,2024-08-20,-0.02069567545552342
ETH,2024-08-21,0.019320249845971027
ETH,2024-08-22,-0.001939326933569241
ETH,2024-08-23,0.05301301295559124
ETH,2024-08-24,-0.001469121232124948
ETH,2024-08-25,-0.0013986211959435835
ETH,2024-08-26,-0.026375384788568823
ETH,2024-08-27,-0.08747456116080343
ETH,2024-08-28,0.027298943405957843
ETH,2024-08-29,-0.0009087083469347945
ETH,2024-08-30,-0.0001485522921038651
ETH,2024-08-31,-0.005314993426037695
ETH,2024-09-01,-0.035415219305561685
ETH,2024-09-02,0.04539530499323963
ETH,2024-09-03,-0.03969747354547426
ETH,2024-09-04,0.005364079316386494
ETH,2024-09-05,-0.03558864640097692
ETH,2024-09-06,-0.06392433875732362
ETH,2024-09-07,0.021872731402189594
ETH,2024-09-08,0.013296805646607623
ETH,2024-09-09,0.0265876511250287
ETH,2024-09-10,0.011564458570228808
ETH,2024-09-11,-0.019954315815863488
ETH,2024-09-12,0.008512255084647258
ETH,2024-09-13,0.033484631392749264
ETH,2024-09-14,-0.010529810516389126
ETH,2024-09-15,-0.041342400836640536
ETH,2024-09-16,-0.010445009013576367
ETH,2024-09-17,0.018079874200859436
ETH,2024-09-18,0.009254582016735569
ETH,2024-09-19,0.04543312581952108
ETH,2024-09-20,0.03436387018714537
ETH,2024-09-21,0.019386415192795603
ETH,2024-09-22,-0.00911540665208932
ETH,2024-09-23,0.02556233419438314
ETH,2024-09-24,0.0028473617971780385
ETH,2024-09-25,-0.030859644872006875
ETH,2024-09-26,0.02110426270061172
ETH,2024-09-27,0.025711363090123562
ETH,2024-09-28,-0.008748099974488888
ETH,2024-09-29,-0.006902083080827737
ETH,2024-09-30,-0.022864372943652178
ETH,2024-10-01,-0.05805239830150555
ETH,2024-10-02,-0.033938202903989634
ETH,2024-10-03,-0.00787353746483177
ETH,2024-10-04,0.027546747778457004
ETH,2024-10-05,-0.00033000643428593435
ETH,2024-10-06,0.009961699805973723
ETH,2024-10-07,-0.004900815287598448
ETH,2024-10-08,0.005346541798010307
ETH,2024-10-09,-0.03013302988640909
ETH,2024-10-10,0.00629541128199218
ETH,2024-10-11,0.02305982468435186
ETH,2024-10-12,0.016496956630581927
ETH,2024-10-13,-0.00530106375374384
ETH,2024-10-14,0.06508884917699387
ETH,2024-10-15,-0.011624300194026382
ETH,2024-10-16,0.00439872882373038
ETH,2024-10-17,-0.003352845580696595
ETH,2024-10-18,0.014568575526385352
ETH,2024-10-19,0.0031198968308547848
ETH,2024-10-20,0.035740898884101036
ETH,2024-10-21,-0.029111204116929024
ETH,2024-10-22,-0.016650012433331085
ETH,2024-10-23,-0.03950015674410956
ETH,2024-10-24,0.0041381837998946125
ETH,2024-10-25,-0.047278719086567556
ETH,2024-10-26,0.026706277358719
ETH,2024-10-27,0.011190662269612517
ETH,2024-10-28,0.022737596322733644
ETH,2024-10-29,0.026546083325020398
ETH,2024-10-30,0.009685554441225541
ETH,2024-10-31,-0.05527207534687939
ETH,2024-11-01,-0.002103304033861164
ETH,2024-11-02,-0.009446581994054348
ETH,2024-11-03,-0.013867630052826208
ETH,2024-11-04,-0.023882385800535033
ETH,2024-11-05,0.013388553047489538
ETH,2024-11-06,0.1142598853350707
ETH,2024-11-07,0.060176732415070155
ETH,2024-11-08,0.02337404588857872
ETH,2024-11-09,0.058939160182592154
ETH,2024-11-10,0.015029909637998884
ETH,2024-11-11,0.05573546199931556
ETH,2024-11-12,-0.03475086427616425
ETH,2024-11-13,-0.019928672171184658
ETH,2024-11-14,-0.043063240241856704
ETH,2024-11-15,0.013341132186333482
ETH,2024-11-16,0.011851119791410625
ETH,2024-11-17,-0.02069356096263064
ETH,2024-11-18,0.037932482278163704
ETH,2024-11-19,-0.02447325030617087
ETH,2024-11-20,-0.012405063396345284
ETH,2024-11-21,0.09073169553783345
ETH,2024-11-22,-0.011943006709339343
ETH,2024-11-23,0.02141939417992944
ETH,2024-11-24,-0.00990758855353846
ETH,2024-11-25,0.01943741448069325
ETH,2024-11-26,-0.031223269318987334
ETH,2024-11-27,0.09867315712710223
ETH,2024-11-28,-0.02344422267528934
ETH,2024-11-29,0.003177251026128758
ETH,2024-11-30,0.032179514451993185
ETH,2024-12-01,0.0007753581243310492
ETH,2024-12-02,-0.021486696552939222
ETH,2024-12-03,-0.0036289456421449984
ETH,2024-12-04,0.059131477638244334
ETH,2024-12-05,-0.013083597865859886
ETH,2024-12-06,0.056053669630681924
ETH,2024-12-07,-0.0018141433319645017
ETH,2024-12-08,-0.0011355021990908654
ETH,2024-12-09,-0.07454899525115444
ETH,2024-12-10,-0.022276455546302643
ETH,2024-12-11,0.05477043136509607
ETH,2024-12-12,0.010423474412574407
ETH,2024-12-13,0.007299192518484432
ETH,2024-12-14,-0.009480197324259976
ETH,2024-12-15,0.02023245890576142
ETH,2024-12-16,0.011962167789974387
ETH,2024-12-17,-0.029835880266448456
ETH,2024-12-18,-0.06422008090080311
ETH,2024-12-19,-0.058509456202852306
ETH,2024-12-20,0.012071146595001636
ETH,2024-12-21,-0.04197101860643926
ETH,2024-12-22,-0.015283515166846229
ETH,2024-12-23,0.043036891531883725
ETH,2024-12-24,0.020885234736431002
ETH,2024-12-25,-0.001143754802106045
ETH,2024-12-26,-0.04857740171653724
ETH,2024-12-27,-0.0009445256956279735
ETH,2024-12-28,0.022325147753347707
ETH,2024-12-29,-0.01487775691142268
ETH,2024-12-30,0.0025479500749643336
ETH,2024-12-31,-0.006881747204374733
ETH,2025-01-01,0.0055168520622128625
ETH,2025-01-02,0.02844876553901443
ETH,2025-01-03,0.04499370602620445
ETH,2025-01-04,0.014191110513511518
ETH,2025-01-05,-0.005364171076198687
ETH,2025-01-06,0.012252780836428556
ETH,2025-01-07,-0.08511324249656482
ETH,2025-01-08,-0.017002049443606282
ETH,2025-01-09,-0.03307892916506994
ETH,2025-01-10,0.01616682413048487
ETH,2025-01-11,0.005065458780656229
ETH,2025-01-12,-0.00861997180110663
ETH,2025-01-13,-0.03913082357905395
ETH,2025-01-14,0.029387085041987504
ETH,2025-01-15,0.06435173431103358
ETH,2025-01-16,-0.04090250873232293
ETH,2025-01-17,0.05184529452352393
ETH,2025-01-18,-0.05177303666684985
ETH,2025-01-19,-0.030528187460834744
ETH,2025-01-20,0.025081404842746124
ETH,2025-01-21,0.01126262949152057
ETH,2025-01-22,-0.02528691241356995
ETH,2025-01-23,0.02925197816128211
ETH,2025-01-24,-0.007647648893655656
ETH,2025-01-25,0.003930619103989841
ETH,2025-01-26,-0.025119575472517752
ETH,2025-01-27,-0.02200043783554939
ETH,2025-01-28,-0.03196299483697551
ETH,2025-01-29,0.017093019624518035
ETH,2025-01-30,0.0414355570511713
ETH,2025-01-31,0.011231206236432811
ETH,2025-02-01,-0.05386734223394107
ETH,2025-02-02,-0.0925146694127692
ETH,2025-02-03,0.01164687504188855
ETH,2025-02-04,-0.05499033441397305
ETH,2025-02-05,0.02080072214512274
ETH,2025-02-06,-0.035030167919825494
ETH,2025-02-07,-0.027248871743098313
ETH,2025-02-08,0.009221405221359724
ETH,2025-02-09,-0.005214477411485063
ETH,2025-02-10,0.013430730620384246
ETH,2025-02-11,-0.02088277154256879
ETH,2025-02-12,0.05042756073879939
ETH,2025-02-13,-0.02354708643374881
ETH,2025-02-14,0.01858247247404865
ETH,2025-02-15,-0.011388221741349902
ETH,2025-02-16,-0.012007199234694177
ETH,2025-02-17,0.030088488857036744
ETH,2025-02-18,-0.02819102148089403
ETH,2025-02-19,0.018962980542070795
ETH,2025-02-20,0.008255687235924292
ETH,2025-02-21,-0.0314963289296859
ETH,2025-02-22,0.04080852110252131
ETH,2025-02-23,0.01986449650179889
ETH,2025-02-24,-0.11333744300657145
ETH,2025-02-25,-0.008018778134854188
ETH,2025-02-26,-0.06998798772084402
ETH,2025-02-27,-0.013796781787370094
ETH,2025-02-28,-0.0302855541717042
ETH,2025-03-01,-0.009450735642994701
ETH,2025-03-02,0.13148197142127405
ETH,2025-03-03,-0.1568601414992834
ETH,2025-03-04,0.007616000226053465
ETH,2025-03-05,0.03219620235944287
ETH,2025-03-06,-0.015619950067463861
ETH,2025-03-07,-0.03298872772693162
ETH,2025-03-08,0.029998141766167663
ETH,2025-03-09,-0.0873797631250115
ETH,2025-03-10,-0.06985412382050793
ETH,2025-03-11,0.0227844280355054
ETH,2025-03-12,-0.008614145323176281
ETH,2025-03-13,-0.022808262346415198
ETH,2025-03-14,0.02709225047629804
ETH,2025-03-15,0.012940994211896317
ETH,2025-03-16,-0.028736035316089037
ETH,2025-03-17,0.022650337471306514
ETH,2025-03-18,0.0013657381742193664
ETH,2025-03-19,0.06344821311806648
ETH,2025-03-20,-0.03904241687532206
ETH,2025-03-21,-0.006135173957462214
ETH,2025-03-22,0.006401986196081566
ETH,2025-03-23,0.009632296603616197
ETH,2025-03-24,0.037347312950598344
ETH,2025-03-25,-0.004253778205825398
ETH,2025-03-26,-0.02932271494901162
ETH,2025-03-27,-0.0010286735634714717
ETH,2025-03-28,-0.055070322817751816
ETH,2025-03-29,-0.038948646363833994
ETH,2025-03-30,-0.011470807167080821
ETH,2025-03-31,0.011385621528382295
ETH,2025-04-01,0.04547820479069298
ETH,2025-04-02,-0.060927331182351274
ETH,2025-04-03,0.010004907575206445
ETH,2025-04-04,-0.0003009609409874159
ETH,2025-04-05,-0.005543391315668167
ETH,2025-04-06,-0.1389358290502587
ETH,2025-04-07,-0.00566379670766981
ETH,2025-04-08,-0.05883440164173326
ETH,2025-04-09,0.12256436617985944
ETH,2025-04-10,-0.08836675340665323
ETH,2025-04-11,0.028048682929448177
ETH,2025-04-12,0.05037126655376323
ETH,2025-04-13,-0.03280710369960538
ETH,2025-04-14,0.01874099571890131
ETH,2025-04-15,-0.020316184251290892
ETH,2025-04-16,-0.008231932137890752
ETH,2025-04-17,0.004305545135182776
ETH,2025-04-18,0.0029021646769198384
ETH,2025-04-19,0.015972563518947602
ETH,2025-04-20,-0.018424671293044703
ETH,2025-04-21,-0.005256752758526773
ETH,2025-04-22,0.1086731863209005
ETH,2025-04-23,0.022398025276186395
ETH,2025-04-24,-0.015893285774170707
ETH,2025-04-25,0.01128920602793837
ETH,2025-04-26,0.01689087426709346
ETH,2025-04-27,-0.014750918225348464
ETH,2025-04-28,0.0036134729812218325
ETH,2025-04-29,-0.0038664719070640174
ETH,2025-04-30,0.001302147816417687
ETH,2025-05-01,0.023627468529141105
ETH,2025-05-02,0.001688314628405685
ETH,2025-05-03,-0.0031948247385757966
ETH,2025-05-04,-0.014360702396225555
ETH,2025-05-05,0.007247028818552437
ETH,2025-05-06,-0.004510467871878809
ETH,2025-05-07,0.00017917435962822026
ETH,2025-05-08,0.18946441720414509
ETH,2025-05-09,0.06579110039190805
ETH,2025-05-10,0.0984814807854999
ETH,2025-05-11,-0.030231744423177
ETH,2025-05-12,-0.005621831739776262
ETH,2025-05-13,0.07078864344530889
ETH,2025-05-14,-0.02782313187668084
ETH,2025-05-15,-0.024253313171228363
ETH,2025-05-16,0.0023661697698171835
ETH,2025-05-17,-0.028717425249754847
ETH,2025-05-18,-0.0035121738114369805
ETH,2025-05-19,0.024247201990170275
ETH,2025-05-20,-0.0004490097964451323
ETH,2025-05-21,0.012853545200522731
ETH,2025-05-22,0.03813459678756548
ETH,2025-05-23,-0.052368118918147744
ETH,2025-05-24,0.0030915381042611045
ETH,2025-05-25,0.006833877061021454
ETH,2025-05-26,0.005845740593142246
ETH,2025-05-27,0.03810133809169791
ETH,2025-05-28,0.005879432798966633
ETH,2025-05-29,-0.016476027104928903
ETH,2025-05-30,-0.041913058714643014
ETH,2025-05-31,0.0028783463325572356
ETH,2025-06-01,0.0026348964226885485
ETH,2025-06-02,0.02686913753672293
ETH,2025-06-03,-0.005117190657156101
ETH,2025-06-04,0.005707843602069218
ETH,2025-06-05,-0.07503808272120782
ETH,2025-06-06,0.0239451191448401
ETH,2025-06-07,0.018840100859340403
ETH,2025-06-08,-0.006961057629059297
ETH,2025-06-09,0.06447690456477062
ETH,2025-06-10,0.04724855790720994
ETH,2025-06-11,-0.011342488888100632
ETH,2025-06-12,-0.0448259595483993
ETH,2025-06-13,-0.02864539558823065
ETH,2025-06-14,-0.01758237986782607
ETH,2025-06-15,0.00531496718838298
ETH,2025-06-16,0.007212052623740028
ETH,2025-06-17,-0.02033059855984387
ETH,2025-06-18,0.0036113476857160265
ETH,2025-06-19,0.000218679506295949
ETH,2025-06-20,-0.0486766378074055
ETH,2025-06-21,-0.05875679228097219
ETH,2025-06-22,-0.01722055612725093
ETH,2025-06-23,0.08355477814983647
ETH,2025-06-24,0.008928045249206207
ETH,2025-06-25,-0.010360445711606658
ETH,2025-06-26,-0.0011301977163453714
ETH,2025-06-27,0.0028043712008400945
ETH,2025-06-28,0.006658449307809455
ETH,2025-06-29,0.026312091886779854
ETH,2025-06-30,-0.005713485235513183
ETH,2025-07-01,-0.03610398316675045
ETH,2025-07-02,0.07201106866590656
ETH,2025-07-03,0.004008268577305074
ETH,2025-07-04,-0.03146413468986786
ETH,2025-07-05,0.003329618958440861
ETH,2025-07-06,0.02016207166051398
ETH,2025-07-07,-0.01055065771155661
ETH,2025-07-08,0.028170474537648538
ETH,2025-07-09,0.05952262954509635
ETH,2025-07-10,0.06100027941811614
ETH,2025-07-11,0.002778616761549557
ETH,2025-07-12,-0.006186383737225576
ETH,2025-07-13,0.009896439181389383
ETH,2025-07-14,0.014092158077276373
ETH,2025-07-15,0.0394154281935144
ETH,2025-07-16,0.07186833884925825
ETH,2025-07-17,0.035912305374814935
ETH,2025-07-18,0.015058509191842262
ETH,2025-07-19,0.01395331254514609
ETH,2025-07-20,0.0443655849409712
ETH,2025-07-21,0.0028817436549068987
ETH,2025-07-22,-0.005325780648883338
ETH,2025-07-23,-0.03155268731227068
ETH,2025-07-24,0.021790098846333095
ETH,2025-07-25,0.0035117783389129187
ETH,2025-07-26,0.005571902063511658
ETH,2025-07-27,0.03159066980714087
ETH,2025-07-28,-0.01896934214755852
ETH,2025-07-29,-8.523468332910511e-06
ETH,2025-07-30,0.002630890059849733
ETH,2025-07-31,-0.02650283380307883
ETH,2025-08-01,-0.06103040506743973
ETH,2025-08-02,-0.02582577491633664
ETH,2025-08-03,0.03208592370116392
ETH,2025-08-04,0.05953650009979583
ETH,2025-08-05,-0.028652866762170603
ETH,2025-08-06,0.018623490131666642
ETH,2025-08-07,0.058603052210946416
ETH,2025-08-08,0.02828608752951567
ETH,2025-08-09,0.05936977382171271
ETH,2025-08-10,-0.003103599447237926
ETH,2025-08-11,-0.004971787706759656
ETH,2025-08-12,0.08428440857428399
ETH,2025-08-13,0.03449245639570364
ETH,2025-08-14,-0.04293096788887851
ETH,2025-08-15,-0.029093826268006495
ETH,2025-08-16,-0.001652829932684341
ETH,2025-08-17,0.014598764692657085
ETH,2025-08-18,-0.03773392950414234
ETH,2025-08-19,-0.05420459306840186
ETH,2025-08-20,0.05793012555441557
ETH,2025-08-21,-0.026886677583602747
ETH,2025-08-22,0.1346278065626123
ETH,2025-08-23,-0.0109762491376717
ETH,2025-08-24,0.001857952537848817
ETH,2025-08-25,-0.08947749559406937
ETH,2025-08-26,0.050004471147049756
ETH,2025-08-27,-0.020844381255036737
ETH,2025-08-28,-0.0006636046291710329
ETH,2025-08-29,-0.03094687796107287
ETH,2025-08-30,0.0012162037464005238
ETH,2025-08-31,0.00558960310487322
ETH,2025-09-01,-0.022084592512568335
ETH,2025-09-02,0.00504566663643935
ETH,2025-09-03,0.030426963814242924
ETH,2025-09-04,-0.03168471050815569
ETH,2025-09-05,-0.0018858499657845584
ETH,2025-09-06,-0.007363924740490191
ETH,2025-09-07,0.009064486533947758
ETH,2025-09-08,-0.002548220630680831
ETH,2025-09-09,0.0010714541137613054
ETH,2025-09-10,0.008978713578539299
ETH,2025-09-11,0.025736824428822302
ETH,2025-09-12,0.05258325425707788
ETH,2025-09-13,-0.007796941224750498
ETH,2025-09-14,-0.012173166005666758
ETH,2025-09-15,-0.018781387749292833
ETH,2025-09-16,-0.003829052192948268
ETH,2025-09-17,0.019384429027239136
ETH,2025-09-18,-0.0018971830561902436
ETH,2025-09-19,-0.02712596479221574
ETH,2025-09-20,0.004548154830649409
ETH,2025-09-21,-0.007030870408996748
ETH,2025-09-22,-0.057294575938357184
ETH,2025-09-23,-0.008155796426038364
ETH,2025-09-24,-0.004160091947277067
ETH,2025-09-25,-0.06921909650334435
ETH,2025-09-26,0.03954725572514306
ETH,2025-09-27,-0.0028800404934195
ETH,2025-09-28,0.028533565431814623
ETH,2025-09-29,0.020090820405151533
ETH,2025-09-30,-0.018987648609654073
ETH,2025-10-01,0.046531852490938164
ETH,2025-10-02,0.031835098363952596
ETH,2025-10-03,0.009158549378687653
ETH,2025-10-04,-0.006898838068316593
ETH,2025-10-05,0.006516222143352124
ETH,2025-10-06,0.0385749968779443
ETH,2025-10-07,-0.05061716088007273
ETH,2025-10-08,0.014495571588373224
ETH,2025-10-09,-0.03603052498572801
ETH,2025-10-10,-0.12201400248153682
ETH,2025-10-11,-0.030772625338338244
ETH,2025-10-12,0.1007989407899732
ETH,2025-10-13,0.024286941644970028
ETH,2025-10-14,-0.02728143776980474
ETH,2025-10-15,-0.037177424518413105
ETH,2025-10-16,-0.023916902854612232
ETH,2025-10-17,-0.013340001318820072
ETH,2025-10-18,0.012970145341965278
ETH,2025-10-19,0.025283255506428404
ETH,2025-10-20,-0.0015288004271329925
ETH,2025-10-21,-0.025624737448270096
ETH,2025-10-22,-0.021443444573183257
ETH,2025-10-23,0.014902207021131986
ETH,2025-10-24,0.019729814935018908
ETH,2025-10-25,0.005600809413122576
ETH,2025-10-26,0.05203345961931838
ETH,2025-10-27,-0.011429560420310736
ETH,2025-10-28,-0.03321110004001682
ETH,2025-10-29,-0.020673015228593883
ETH,2025-10-30,-0.02905401576864719
ETH,2025-10-31,0.01571895533767531
ETH,2025-11-01,0.005322445889445859
ETH,2025-11-02,0.0054786924244503155
ETH,2025-11-03,-0.07943740159222301
ETH,2025-11-04,-0.09106160570726907
ETH,2025-11-05,0.043309119915736716
ETH,2025-11-06,-0.036948749181124896
ETH,2025-11-07,0.03987595199719962
ETH,2025-11-08,-0.009575130350194527
ETH,2025-11-09,0.04902506434867604
ETH,2025-11-10,-0.0016283439569075853
ETH,2025-11-11,-0.04317104116154802
ETH,2025-11-12,-0.002691449946134128
ETH,2025-11-13,-0.04892409178768098
ETH,2025-11-14,-0.04257339256955284
ETH,2025-11-15,0.01833745647893359
ETH,2025-11-16,-0.02537272133974966
ETH,2025-11-17,-0.023701645401633442
ETH,2025-11-18,0.03237829925816982
ETH,2025-11-19,-0.03326860163440415
ETH,2025-11-20,-0.058259650695495324
ETH,2025-11-21,-0.03132726678196729
ETH,2025-11-22,0.005458125426410554
ETH,2025-11-23,0.010814127936459528
ETH,2025-11-24,0.05430798679966564
ETH,2025-11-25,0.0013084842108446182
ETH,2025-11-26,0.02065362009351457
ETH,2025-11-27,-0.003085704646473175
ETH,2025-11-28,0.006740495747397546
ETH,2025-11-29,-0.014636159738348198
ETH,2025-11-30,0.0037645405918436126
ETH,2025-12-01,-0.06815288274563702
ETH,2025-12-02,0.06840901094873697
ETH,2025-12-03,0.06020520792037942
ETH,2025-12-04,-0.016842039765446515
ETH,2025-12-05,-0.03736378614751601
ETH,2025-12-06,0.004874406009520271
ETH,2025-12-07,0.0039050982882642415
ETH,2025-12-08,0.024963781329994106
ETH,2025-12-09,0.06227027418365516
ETH,2025-12-10,0.001163677199608415
ETH,2025-12-11,-0.028119976758134158
ETH,2025-12-12,-0.04733633106810764
ETH,2025-12-13,0.008727918958479464
ETH,2025-12-14,-0.017544060314991228
ETH,2025-12-15,-0.032705368522098155
ETH,2025-12-16,-0.0013305600821702512
ETH,2025-12-17,-0.04550100413318958
ETH,2025-12-18,-3.97966220582191e-05
ETH,2025-12-19,0.053016271109195934
ETH,2025-12-20,-0.0016836311991168529
ETH,2025-12-21,0.00852643409866971
ETH,2025-12-22,0.001275103525950172
ETH,2025-12-23,-0.013911285918974947
ETH,2025-12-24,-0.0055918594488550966
ETH,2025-12-25,-0.014189404561991914
ETH,2025-12-26,0.007158290515222099
ETH,2025-12-27,0.005527967365619446
ETH,2025-12-28,0.0012836131145528284
ETH,2025-12-29,-0.004142339077814583
ETH,2025-12-30,0.011957661210336035
ETH,2025-12-31,-0.0003609288321602122
ETH,2026-01-01,0.010977059798637612
ETH,2026-01-02,0.04028957222619489
ETH,2026-01-03,0.0003148201720186705
ETH,2026-01-04,0.004747294490806908
ETH,2026-01-05,0.0281148168682126
ETH,2026-01-06,0.01882795998070641
ETH,2026-01-07,-0.03954659028031671
ETH,2026-01-08,-0.017320602675058083
ETH,2026-01-09,-0.007783071503400407
ETH,2026-01-10,-0.0009560276127711376
ETH,2026-01-11,0.00984458356527007
ETH,2026-01-12,-0.006923028622846772
ETH,2026-01-13,0.07213863602822457
ETH,2026-01-14,0.010241477403321042
ETH,2026-01-15,-0.012579234949880558
ETH,2026-01-16,-0.0057874118318803625
ETH,2026-01-17,0.0034871439894228473
ETH,2026-01-18,-0.0015114155828293008
ETH,2026-01-19,-0.036022934626261716
ETH,2026-01-20,-0.08081755701647886
ETH,2026-01-21,0.018266955855551714
ETH,2026-01-22,-0.01484323994359027
ETH,2026-01-23,0.0012549115816424816
ETH,2026-01-24,-0.00031599905842760734
ETH,2026-01-25,-0.04997539369125281
ETH,2026-01-26,0.043009492431947294
ETH,2026-01-27,0.031127840341768298
ETH,2026-01-28,-0.004769891164626117
ETH,2026-01-29,-0.06520440591770527
ETH,2026-01-30,-0.043098612699995265
ETH,2026-01-31,-0.09938306518193762
ETH,2026-02-01,-0.07385562745245
ETH,2026-02-02,0.032667488597414085
ETH,2026-02-03,-0.04990521958154215
ETH,2026-02-04,-0.03838745030096735
ETH,2026-02-05,-0.14904900091110118
ETH,2026-02-06,0.10947735485894583
ETH,2026-02-07,0.010713362277700256
ETH,2026-02-08,0.0035901860439606637
ETH,2026-02-09,0.006291642470344527
ETH,2026-02-10,-0.04353963426358298
ETH,2026-02-11,-0.03902059000961966
ETH,2026-02-12,0.0024701406324023623
ETH,2026-02-13,0.051925648650254175
ETH,2026-02-14,0.018441002207576496
ETH,2026-02-15,-0.062466455566350554
ETH,2026-02-16,0.018253153624148588
ETH,2026-02-17,-0.001986190556973355
ETH,2026-02-18,-0.02056542198311284
ETH,2026-02-19,-0.002057837267895657
ETH,2026-02-20,0.009830896333605565
ETH,2026-02-21,0.0037723962206168693
ETH,2026-02-22,-0.011075168392352452
ETH,2026-02-23,-0.05039783714920354
ETH,2026-02-24,-0.0007510080315702439
ETH,2026-02-25,0.10327650140535649
ETH,2026-02-26,-0.014109827379689577
ETH,2026-02-27,-0.04991031609290797
ETH,2026-02-28,0.017355067300359295
ETH,2026-03-01,-0.01282555214013481
ETH,2026-03-02,0.04770795548471085
ETH,2026-03-03,-0.02287584034864043
ETH,2026-03-04,0.0682524432501479
ETH,2026-03-05,-0.024233829877780444
ETH,2026-03-06,-0.046357115390344816
ETH,2026-03-07,-0.006161790191489658
ETH,2026-03-08,-0.014041573142457686
ETH,2026-03-09,0.02746270713270693
ETH,2026-03-10,0.018823083565904675
ETH,2026-03-11,0.01017623169436277
ETH,2026-03-12,0.011207418139565384
ETH,2026-03-13,0.006308221672986392
ETH,2026-03-14,0.0020242407399635454
ETH,2026-03-15,0.03813136233867542
ETH,2026-03-16,0.07667408946884091
ETH,2026-03-17,-0.011999690163239762
ETH,2026-03-18,-0.05431835360301385
ETH,2026-03-19,-0.028796002917087726
ETH,2026-03-20,0.003995255147327015
ETH,2026-03-21,-0.01029410686956922
ETH,2026-03-22,-0.031773195301672885
ETH,2026-03-23,0.04278729577221618
ETH,2026-03-24,0.004150255735724251
ETH,2026-03-25,0.0053040421889996026
ETH,2026-03-26,-0.05181441065676218
ETH,2026-03-27,-0.03465487652798149
ETH,2026-03-28,0.002759766916080153
ETH,2026-03-29,-0.005793903871132322
ETH,2026-03-30,0.019925998586785454
ETH,2026-03-31,0.03814604528891152
ETH,2026-04-01,0.0185973600438345
ETH,2026-04-02,-0.04025141438954982
ETH,2026-04-03,-0.002335014965299642
ETH,2026-04-04,0.006132412025040779
ETH,2026-04-05,0.02234510055524197
ETH,2026-04-06,-0.004287031365236338
ETH,2026-04-07,0.06717833875326207
ETH,2026-04-08,-0.02672274675081443
ETH,2026-04-09,0.000739962885654144
ETH,2026-04-10,0.024481604344468444
ETH,2026-04-11,0.01867693716748242
ETH,2026-04-12,-0.0432089061052956
ETH,2026-04-13,0.08026728970175512
ETH,2026-04-14,-0.021282572322277815
ETH,2026-04-15,0.014344456196849542
ETH,2026-04-16,-0.00303713667994554
ETH,2026-04-17,0.030445789230897802
ETH,2026-04-18,-0.028619842492293657
ETH,2026-04-19,-0.03813098042653795
ETH,2026-04-20,0.020924582188927232
ETH,2026-04-21,0.004286332022171102
ETH,2026-04-22,0.024673370771415293
ETH,2026-04-23,-0.021752653099243346
ETH,2026-04-24,-0.00640749975290511
ETH,2026-04-25,0.0015785469796130158
ETH,2026-04-26,0.021137609711762373
ETH,2026-04-27,-0.030381197994564957
ETH,2026-04-28,-0.004556300083776499
ETH,2026-04-29,-0.014702834691672884
ETH,2026-04-30,0.0011135524979248856
ETH,2026-05-01,0.01591219744494854
ETH,2026-05-02,0.011319490554448919
ETH,2026-05-03,0.0030688962529010766
ETH,2026-05-04,0.009143958517260131
ETH,2026-05-05,0.005623971471885092
ETH,2026-05-06,-0.005125046878904804
ETH,2026-05-07,-0.025136394033641096
ETH,2026-05-08,0.006999179504548536
ETH,2026-05-09,0.00864488485086845
ETH,2026-05-10,0.02059157602927897
ETH,2026-05-11,-0.015150911046728055
ETH,2026-05-12,-0.02667229406379512
ETH,2026-05-13,-0.008956422685338694
ETH,2026-05-14,0.013910895053327543
ETH,2026-05-15,-0.029158860821824284
ETH,2026-05-16,-0.019327238463590746
ETH,2026-05-17,-0.017280355613809917
ETH,2026-05-18,-0.006059028386771637
ETH,2026-05-19,-0.008575660455714562
ETH,2026-05-20,0.00621221418921003
ETH,2026-05-21,0.0032725340293238148
ETH,2026-05-22,-0.03113801338005917
ETH,2026-05-23,0.023621414994067003
ETH,2026-05-24,-0.009085504373821607
ETH,2026-05-25,0.005795959366394321
ETH,2026-05-26,-0.017979539664747968
ETH,2026-05-27,-0.025180279737385902
ETH,2026-05-28,-0.007095615321897952
ETH,2026-05-29,0.0014523831433388423
ETH,2026-05-30,0.005021633209064902
ETH,2026-05-31,-0.007523790704379252
ETH,2026-06-01,-0.0009733088097556575
ETH,2026-06-02,-0.07672068250756059
ETH,2026-06-03,-0.02080590937454474
ETH,2026-06-04,-0.028046706200894
ETH,2026-06-05,-0.11313859288946482
ETH,2026-06-06,-0.007749038358526583
ETH,2026-06-07,0.07243516775520398
ETH,2026-06-08,0.007355305692592573
ETH,2026-06-09,-0.034696856781980756
ETH,2026-06-10,-0.010691379643034793
ETH,2026-06-11,0.03217198556926881
ETH,2026-06-12,-0.005650274687613255
ETH,2026-06-13,0.010200327024287859
ETH,2026-06-14,0.024958471876909805
ETH,2026-06-15,0.03867533348545393
ETH,2026-06-16,0.0010265482742024545
ETH,2026-06-17,-0.02533173208713002
ETH,2026-06-18,-0.02287888040518027
ETH,2026-06-19,-0.0007082554741417724
ETH,2026-06-20,0.019032525914802534
ETH,2026-06-21,-0.018787420642308206
ETH,2026-06-22,0.010520995316064763
ETH,2026-06-23,-0.03651558592160775
ETH,2026-06-24,-0.027762923131914086
ETH,2026-06-25,-0.030087488308429222
ETH,2026-06-26,0.0038787811395906147
ETH,2026-06-27,-0.002493966173092943
ETH,2026-06-28,-0.001390068900950503
ETH,2026-06-29,0.024892871740741285
ETH,2026-06-30,-0.02580175298706866
ETH,2026-07-01,0.02674156634011915
ETH,2026-07-02,0.051838835547976636
ETH,2026-07-03,0.03522419862098758
ETH,2026-07-04,0.012188048060501444
ETH,2026-07-05,0.004851408815721214
ETH,2026-07-06,0.007478152522337744
ETH,2026-07-07,-0.01525781389421521
ETH,2026-07-08,-0.0188298480556508
ETH,2026-07-09,0.0024717458514684765
ETH,2026-07-10,0.028324386869343243
ETH,2026-07-11,-0.001359079341361813
ETH,2026-07-12,0.006706947794014262
ETH,2026-07-13,-0.02036948407620809
ETH,2026-07-14,0.06520573035032484
ETH,2026-07-15,0.016495112574883564
ETH,2026-07-16,-0.03025865959377505
ETH,2026-07-17,-0.011350954184114137
ETH,2026-07-18,0.01104779378795584
ETH,2026-07-19,0.004633145881952849
ETH,2026-07-20,0.016727710552999042
ETH,2026-07-21,0.011530219375027073
ETH,2026-07-22,0.003662486102313345
ETH,2026-07-23,-0.026605382257897325
ETH,2026-07-24,-0.010796456300352197
ETH,2026-07-25,0.007328412510683613
ETH,2026-07-26,0.04148149341851681
ETH,2026-07-27,-0.03297020899957559
ETH,2026-07-28,0.013145686322009631
ETH,2026-07-29,-0.0036498415140338025
ETH,2026-07-30,0.008589274581985329
ETH,2026-07-31,-0.03288322572664715
ETH,2026-08-01,-0.009633325037033735
ETH,2026-08-02,0.020405673857736062
ETH,2026-08-03,-0.012986965994939759
ETH,2026-08-04,0.006983875074189072
ETH,2026-08-05,0.020104378864438388
ETH,2026-08-06,-0.00413921085807889
ETH,2026-08-07,0.007221018314806926
ETH,2026-08-08,0.0011250571922039043
ETH,2026-08-09,-0.0029162487396572345
ETH,2026-08-10,-0.020857651189724713
ETH,2026-08-11,0.005053898164935511
ETH,2026-08-12,-0.0023799314111583314
ETH,2026-08-13,0.004366745492964341
ETH,2026-08-14,-0.0027812958602106974
ETH,2026-08-15,0.001071364895863347
ETH,2026-08-16,-0.004109018935642972
ETH,2026-08-17,0.020208652075814015
ETH,2026-08-18,0.003017267441449256
ETH,2026-08-19,0.16013589647678828
ETH,2026-08-20,0.03327827500242808
ETH,2026-08-21,0.08013013195481022
ETH,2026-08-22,-0.040483196056419146
ETH,2026-08-23,0.015316394165498792
ETH,2026-08-24,0.009566036740725536
ETH,2026-08-25,-0.014653287355408828
ETH,2026-08-26,0.023162217225350723
ETH,2026-08-27,0.0038871263347690643
ETH,2026-08-28,-0.029487464939273345
ETH,2026-08-29,0.006949257955660038
ETH,2026-08-30,-0.01425824620796945
ETH,2026-08-31,0.018057997036291518
ETH,2026-09-01,-0.01954204215134503
ETH,2026-09-02,-0.013317742656449916
ETH,2026-09-03,0.04819496853842686
ETH,2026-09-04,-0.02005648821406858
ETH,2026-09-05,0.010815806014167428
ETH,2026-09-06,0.013968075447216677
ETH,2026-09-07,-0.011054374473863149
ETH,2026-09-08,-0.0014641421310992442
ETH,2026-09-09,-0.008089159527231438
ETH,2026-09-10,0.0010915423526043355
