"asset","prev_date","date","var_0025","es_0025","var_001","es_001","sigma2","prob_crisis_filt","prob_crisis_pred","prob_crisis_insample"
"ETH",2019-05-16,2019-05-17,-0.135191917253434,-0.162174099118177,-0.161893132140526,-0.186572811040738,0.00472302674113903,0.0330093937700686,0.122995674261727,0.439851298777605
"ETH",2019-05-17,2019-05-18,-0.139041357479543,-0.166070953552251,-0.166226975640178,-0.190646608252279,0.00499045265406761,0.0186173296698208,0.11072379591718,0.494963473694627
"ETH",2019-05-18,2019-05-19,-0.131390838558774,-0.158531249366137,-0.158095093251934,-0.183259806638448,0.00447705584905908,0.104324796319024,0.183805154964229,0.438644554722835
"ETH",2019-05-19,2019-05-20,-0.142928697009163,-0.171813052656029,-0.171083860228733,-0.195342640166702,0.00529470902931904,0.0226491509648989,0.114161664182323,0.49117651580175
"ETH",2019-05-20,2019-05-21,-0.132414103215562,-0.159258013896305,-0.159134029181936,-0.183541266419611,0.00455008407749966,0.082643013213608,0.165317452108741,0.479010297288376
"ETH",2019-05-21,2019-05-22,-0.125234756941114,-0.154217836813053,-0.153380492216827,-0.17775898967132,0.00416102110051204,0.287196503448251,0.339736877260471,0.496917239302546
"ETH",2019-05-22,2019-05-23,-0.130952105607195,-0.158995874045682,-0.158619091693998,-0.181974303216463,0.00446646971900774,0.163229585141687,0.234032307741469,0.434245765452098
"ETH",2019-05-23,2019-05-24,-0.11614177572121,-0.146496181005862,-0.145710238783443,-0.173504057110591,0.00377785133987212,0.514382011901923,0.533454255252108,0.409657402772902
"ETH",2019-05-24,2019-05-25,-0.101815894777895,-0.135251007548915,-0.13423898142609,-0.165315009622946,0.00338474255353445,0.751593910413764,0.735720972530436,0.385455025370132
"ETH",2019-05-25,2019-05-26,-0.0894029401601861,-0.125735585908728,-0.124202757918482,-0.157338091838907,0.00315507969557434,0.880466215415058,0.845608285284278,0.638890658221339
"ETH",2019-05-26,2019-05-27,-0.117062023778849,-0.148735020519763,-0.148051139171642,-0.174478695142621,0.00382039623896161,0.54927926261366,0.563210571810358,0.410046507507242
"ETH",2019-05-27,2019-05-28,-0.102741530074492,-0.135206592352328,-0.135154413113423,-0.164288896386237,0.00337666048387291,0.741603393521669,0.727202221707417,0.344920585254485
"ETH",2019-05-28,2019-05-29,-0.0865188362157968,-0.123380247228834,-0.121783793141865,-0.15496097052845,0.00308587356242725,0.902501919439609,0.864397770735575,0.320187397861951
"ETH",2019-05-29,2019-05-30,-0.0798324467563094,-0.116677744340273,-0.115089581133374,-0.150933025853217,0.00297612392700734,0.95454896901029,0.90877744109245,0.716111641445354
"ETH",2019-05-30,2019-05-31,-0.105561323600682,-0.138681541383125,-0.13796001786843,-0.168967342107983,0.00343510142313289,0.723547822716359,0.711806530941955,0.613847868116723
"ETH",2019-05-31,2019-06-01,-0.118421261450852,-0.148885355047811,-0.148436479090022,-0.174447172277509,0.00382261854501739,0.496200140443699,0.517950869979687,0.350980692573778
"ETH",2019-06-01,2019-06-02,-0.0979160695652616,-0.132413122021291,-0.131258928759505,-0.161788594580021,0.00323429367247189,0.791014988914634,0.769334683267397,0.372389039837679
"ETH",2019-06-02,2019-06-03,-0.0907564410269672,-0.126152558577306,-0.125045386343857,-0.158018895277974,0.00309261789931201,0.865227332458712,0.832614338311525,0.789225619289084
"ETH",2019-06-03,2019-06-04,-0.122680689161366,-0.153259406282521,-0.152688059916553,-0.179067104559724,0.00400321408864239,0.451380892505262,0.479734228199643,0.586645307459645
"ETH",2019-06-04,2019-06-05,-0.127435966730389,-0.156175951008408,-0.155536178740645,-0.180611078653968,0.00422915541658764,0.267686578798926,0.323101082690624,0.46109217215026
"ETH",2019-06-05,2019-06-06,-0.119511865365715,-0.147562951582431,-0.146460606827364,-0.172794067810227,0.00382741771547407,0.310133796839097,0.364574036695084,0.342672671133381
"ETH",2019-06-06,2019-06-07,-0.103890295581716,-0.135521473003687,-0.134141924379008,-0.162345057885413,0.00332504535609173,0.660414756751246,0.654933978067143,0.331418218659716
"ETH",2019-06-07,2019-06-08,-0.0915844851066643,-0.125784274058158,-0.124192774968763,-0.155807650541565,0.00308243958889641,0.836274778950355,0.800710402078968,0.412333537654282
"ETH",2019-06-08,2019-06-09,-0.0906247055796411,-0.124931833492112,-0.123226791087029,-0.156208664037679,0.00305723950798577,0.849162960857732,0.811393859563945,0.7575737183309
"ETH",2019-06-09,2019-06-10,-0.113778398399731,-0.143060771497397,-0.143073461912342,-0.169265109802089,0.0036037128823272,0.526851948330385,0.544219170067602,0.729684899315602
"ETH",2019-06-10,2019-06-11,-0.127026221930757,-0.15386100435631,-0.153963015420886,-0.178439622690898,0.00419097084267641,0.191721064936423,0.266417648458656,0.37863578637496
"ETH",2019-06-11,2019-06-12,-0.109047381254047,-0.138020335789786,-0.137868125275737,-0.164909187115166,0.00342414866249371,0.565660183798178,0.576388651897295,0.635453292796389
"ETH",2019-06-12,2019-06-13,-0.122753990002627,-0.15142728245125,-0.150158564316056,-0.175578502344119,0.00397569399804211,0.276068773397907,0.336336366535386,0.402662386165539
"ETH",2019-06-13,2019-06-14,-0.111866688335237,-0.140230268432763,-0.140210473374889,-0.166488534590876,0.00350284104117115,0.50788841350638,0.528499643487893,0.52019594590774
"ETH",2019-06-14,2019-06-15,-0.116108252442056,-0.145670465904163,-0.144449265107815,-0.169147044991876,0.00366936694866304,0.416516846980851,0.452758607760231,0.377711242756404
"ETH",2019-06-15,2019-06-16,-0.105699063351322,-0.135586495980459,-0.135451463307761,-0.162434307060001,0.00331276223928107,0.633412902160518,0.632551211621982,0.298122931309095
"ETH",2019-06-16,2019-06-17,-0.0891537393237247,-0.123139759223981,-0.121732687432141,-0.154470615898908,0.00297954687266379,0.859364380048647,0.819850166977653,0.330667716417688
"ETH",2019-06-17,2019-06-18,-0.0834742831355793,-0.119240777684747,-0.116991025163389,-0.151577779068845,0.00289123088634348,0.912626498777278,0.864000970022374,0.630538549633656
"ETH",2019-06-18,2019-06-19,-0.0957380700252433,-0.129117205577361,-0.127834712119835,-0.158426937566513,0.00308001809809324,0.790444552398593,0.762720150202374,0.409244166589145
"ETH",2019-06-19,2019-06-20,-0.090532419424274,-0.124288334182258,-0.123095318810307,-0.154764711430839,0.00296886484625238,0.844115219583593,0.807209613121353,0.310949587823109
"ETH",2019-06-20,2019-06-21,-0.0829678463777818,-0.11789808523459,-0.116467931287668,-0.150086350354157,0.00284421576502311,0.91655643881777,0.867258632557155,0.897254849428006
"ETH",2019-06-21,2019-06-22,-0.118861226274199,-0.14881665951965,-0.148124333065813,-0.175683855120496,0.00377065813603813,0.470672430122504,0.497650034202376,0.582303738596821
"ETH",2019-06-22,2019-06-23,-0.120744066733056,-0.14835786126504,-0.148117924700429,-0.172085201622462,0.00383130111326772,0.306352814014838,0.361439849922683,0.363676466144324
"ETH",2019-06-23,2019-06-24,-0.103262307724426,-0.13435568604272,-0.133461484837975,-0.161087041155158,0.00320946026126936,0.665347067141131,0.659022539877626,0.341172520671432
"ETH",2019-06-24,2019-06-25,-0.0900348742055015,-0.124492059370046,-0.122586827952467,-0.154876008737426,0.00293997546015026,0.84360078470852,0.806783180350918,0.394785573128523
"ETH",2019-06-25,2019-06-26,-0.106357371018966,-0.134640884510267,-0.134930987707729,-0.158749280203438,0.00214939085091185,0.273216436051065,0.43975132162672,0.734798472888475
"ETH",2019-06-26,2019-06-27,-0.110110368979597,-0.137675846377899,-0.138217211969326,-0.16185953404804,0.00244183869997369,0.955518066381052,0.484491320955176,0.788218019677317
"ETH",2019-06-27,2019-06-28,-0.115851366315148,-0.143008721626024,-0.143053215535247,-0.167997676444755,0.00324125574421472,0.99999760517576,0.487407940888859,0.517769714943081
"ETH",2019-06-28,2019-06-29,-0.112572987116084,-0.140797932504107,-0.140245123777377,-0.166738926326778,0.00300912748819584,0.496796080999942,0.454411924386868,0.475653794268974
"ETH",2019-06-29,2019-06-30,-0.11021483770617,-0.139080961138975,-0.138821138260671,-0.16409698353068,0.00277216311886424,0.361378772644626,0.445532317457088,0.547306982658567
"ETH",2019-06-30,2019-07-01,-0.11400692135127,-0.143022450018797,-0.142155630375577,-0.167123242591322,0.00308918346148235,0.825152666014999,0.475942978601062,0.458440814131236
"ETH",2019-07-01,2019-07-02,-0.110233800411365,-0.138304188380075,-0.138845729798065,-0.163853791208183,0.00273147385483888,0.338007868784424,0.443999836547575,0.427640805119464
"ETH",2019-07-02,2019-07-03,-0.108806975842985,-0.137397506863092,-0.137412976782717,-0.163964775600358,0.00253453492325118,0.28660680246601,0.440629357025995,0.492850615934753
"ETH",2019-07-03,2019-07-04,-0.108799855974014,-0.13856924909383,-0.137872627838323,-0.162739674333632,0.00250339898503189,0.415382494064009,0.449073458724578,0.597421107259259
"ETH",2019-07-04,2019-07-05,-0.111154061647249,-0.139502618548651,-0.139760748029686,-0.164243364181122,0.0026784331760581,0.768286341489239,0.472214130232542,0.423566503211535
"ETH",2019-07-05,2019-07-06,-0.108322562092857,-0.13650050035684,-0.136923881951606,-0.162471873495851,0.00242189305658635,0.30016589796781,0.441518456357842,0.365533960448199
"ETH",2019-07-06,2019-07-07,-0.107364964520235,-0.135704980690078,-0.135960215144836,-0.161422432789072,0.00228626912937658,0.228849875680649,0.436842109933619,0.661740566058864
"ETH",2019-07-07,2019-07-08,-0.111129410303959,-0.13912422946067,-0.139260006515289,-0.165002206729847,0.00259556232532246,0.912369121038114,0.481661950923137,0.442654887698123
"ETH",2019-07-08,2019-07-09,-0.107832476755004,-0.136583862259661,-0.13642734331824,-0.162116847532693,0.00235293257201018,0.333342301854288,0.443693905193988,0.385561139058639
"ETH",2019-07-09,2019-07-10,-0.106876842870983,-0.136243471117282,-0.13546614805488,-0.161838364878363,0.00224742412246083,0.253489041780362,0.438457753551855,0.701637997667455
"ETH",2019-07-10,2019-07-11,-0.111106904311723,-0.138949167200883,-0.139230992766262,-0.164372042745924,0.00258567808829987,0.955956029994007,0.484520039180193,0.674014040868669
"ETH",2019-07-11,2019-07-12,-0.111599063017961,-0.141085615352085,-0.140198739315176,-0.16525332575475,0.0027666918844335,0.93436989993328,0.483104589763849,0.479794178398793
"ETH",2019-07-12,2019-07-13,-0.108774468992132,-0.137321561491467,-0.137370677744693,-0.163037236830503,0.00251884430091812,0.386501200917853,0.447179649625311,0.447229419622702
"ETH",2019-07-13,2019-07-14,-0.107821714732742,-0.137243547900034,-0.13688202169316,-0.161039511667832,0.00240503688451521,0.326251390863988,0.443228938764418,0.650959885591019
"ETH",2019-07-14,2019-07-15,-0.121123424435779,-0.148431178080005,-0.147414993761714,-0.173118625798858,0.00368140077812655,0.999996367123952,0.487407859707114,0.511848525741609
"ETH",2019-07-15,2019-07-16,-0.109965049059529,-0.137150581040631,-0.137226642235791,-0.161223537680267,0.00243708450359684,0.408612305745522,0.51492293441497,0.379090356723346
"ETH",2019-07-16,2019-07-17,-0.119525181365573,-0.146706797189956,-0.145886526483812,-0.168186403729795,0.00319136987381497,0.999999997177961,0.701811698847467,0.468775999427839
"ETH",2019-07-17,2019-07-18,-0.119534455536199,-0.144867486870673,-0.145427334417283,-0.168543731900362,0.0031580254015704,0.975074625487076,0.693934849217663,0.455850996871069
"ETH",2019-07-18,2019-07-19,-0.119563007959659,-0.146187996869522,-0.145462881866535,-0.169996800675822,0.00318591602697031,0.997571079948786,0.701044118888592,0.494771994684612
"ETH",2019-07-19,2019-07-20,-0.113895398421833,-0.142037688748379,-0.14073259889655,-0.165445738645417,0.00273107889200208,0.640010746363563,0.588048853816444,0.48901130056082
"ETH",2019-07-20,2019-07-21,-0.116715223410657,-0.142881138437808,-0.143080277568869,-0.166180296687177,0.0029254734730611,0.794645686824933,0.636916176183128,0.464114784692242
"ETH",2019-07-21,2019-07-22,-0.111047380310778,-0.139501923015982,-0.138348934873092,-0.162715276259043,0.00252992936118313,0.48303237187448,0.53844096566472,0.483508956302825
"ETH",2019-07-22,2019-07-23,-0.114802149329516,-0.142190192569191,-0.141630074283433,-0.164651483319276,0.00279179734757479,0.690811352169951,0.604102726071685,0.436682774873167
"ETH",2019-07-23,2019-07-24,-0.110548057749871,-0.137933322989236,-0.137841538570238,-0.161313578857507,0.002480456819347,0.445216453125785,0.526490479658316,0.418555845169181
"ETH",2019-07-24,2019-07-25,-0.108649589931299,-0.137056731247659,-0.136408916647427,-0.159764973400119,0.00237174364984398,0.359740446736393,0.499478579589775,0.374839206897179
"ETH",2019-07-25,2019-07-26,-0.106749404027895,-0.134771639034822,-0.134503294483586,-0.158884517737451,0.00225028839492464,0.264071996051212,0.469245690399238,0.325797326160843
"ETH",2019-07-26,2019-07-27,-0.105318560206293,-0.133960712121332,-0.133536800350205,-0.15706365705115,0.00217656926933795,0.206106665505286,0.450927640898732,0.700823419665026
"ETH",2019-07-27,2019-07-28,-0.118492250514538,-0.145877062724384,-0.1448305779365,-0.167869521339662,0.00310901792978632,0.944298371882719,0.68420901945606,0.41953392015002
"ETH",2019-07-28,2019-07-29,-0.111891003940447,-0.138929194780301,-0.138695102815451,-0.163559620182547,0.00256978336587907,0.517589112500023,0.549361494874043,0.314868316975548
"ETH",2019-07-29,2019-07-30,-0.106698523413088,-0.134750645871771,-0.134437214090178,-0.158921828051828,0.0022483582564922,0.263315629115274,0.469006665333003,0.286618757358571
"ETH",2019-07-30,2019-07-31,-0.10526864863294,-0.134272037636418,-0.133471491890471,-0.157499883693922,0.00217911717640865,0.208735287090776,0.451758330896833,0.600952096158131
"ETH",2019-07-31,2019-08-01,-0.112781425152228,-0.140587390950386,-0.139571964936122,-0.164685487268892,0.00264732108014604,0.579761882879309,0.569009168313756,0.290322358620549
"ETH",2019-08-01,2019-08-02,-0.107121576811154,-0.134978795945297,-0.134846269804661,-0.158817103280618,0.00227122011120755,0.281939749603003,0.474892210326615,0.246127836159053
"ETH",2019-08-02,2019-08-03,-0.105692586524188,-0.132979206583106,-0.13341146699621,-0.157817477214355,0.00218022637885091,0.210013094588121,0.452162140221614,0.383172296191638
"ETH",2019-08-03,2019-08-04,-0.107085896063918,-0.134418495463768,-0.134799983696787,-0.158217983643694,0.00226198759401037,0.274927114508163,0.472676096046123,0.229653929890646
"ETH",2019-08-04,2019-08-05,-0.11135292347457,-0.140385921205148,-0.140487990884484,-0.16681731622644,0.00225398561495741,0.129743986540132,0.450819050613817,0.793603808351606
"ETH",2019-08-05,2019-08-06,-0.112286818900942,-0.141990902474168,-0.141420126795893,-0.167827480214363,0.00237593221557141,0.996630737528536,0.465733284031628,0.560304146977465
"ETH",2019-08-06,2019-08-07,-0.111801530143368,-0.141282277013568,-0.140930259644676,-0.167477699758948,0.00234521129720256,0.565993902102482,0.458324452053831,0.257335022544176
"ETH",2019-08-07,2019-08-08,-0.111310620936391,-0.140619404678376,-0.140433048551765,-0.167189460225536,0.00228346518470387,0.148810287473079,0.451147074155766,0.48758263661342
"ETH",2019-08-08,2019-08-09,-0.111763373262283,-0.14103361400513,-0.140880756352908,-0.167265284653383,0.0023135455989786,0.497794803526016,0.457151130078505,0.816774554040255
"ETH",2019-08-09,2019-08-10,-0.112230597962704,-0.142164424054139,-0.14181689138535,-0.165912505624886,0.00242489811228381,0.995402791195144,0.465712157998476,0.390434200419589
"ETH",2019-08-10,2019-08-11,-0.111272138832079,-0.141303420919708,-0.140852599298657,-0.165859416713659,0.00233725520329898,0.253600879448062,0.452949929427142,0.699008921686948
"ETH",2019-08-11,2019-08-12,-0.112207795499674,-0.141768726174038,-0.14131771699425,-0.167741507740887,0.0024321720271876,0.906832371698911,0.464188360445019,0.441163584494437
"ETH",2019-08-12,2019-08-13,-0.111251329714793,-0.141738058875078,-0.140825472232508,-0.166416484479109,0.00236225776387896,0.322557077735005,0.454136276819906,0.318489944681471
"ETH",2019-08-13,2019-08-14,-0.111231208825758,-0.141127751011198,-0.140799242350658,-0.165742618580769,0.00231980864089615,0.19828565249411,0.451998266242292,0.898219562618674
"ETH",2019-08-14,2019-08-15,-0.112717553570089,-0.1414968013641,-0.141839328170941,-0.166023257163862,0.00282472730361819,0.999999999081856,0.465791250026834,0.453221722674082
"ETH",2019-08-15,2019-08-16,-0.111288552420289,-0.141640337689854,-0.140873996289552,-0.166057575321175,0.00263870054839651,0.2929955459475,0.453627689527778,0.403702537650316
"ETH",2019-08-16,2019-08-17,-0.11126875961293,-0.141413184633517,-0.140848194099718,-0.1659793076599,0.00253605276069769,0.267720704382275,0.453192852005723,0.357557434147337
"ETH",2019-08-17,2019-08-18,-0.111248094279734,-0.14122321804293,-0.140821254472588,-0.165816971968233,0.00245079201824183,0.225125560113084,0.452460029727182,0.595382676753339
"ETH",2019-08-18,2019-08-19,-0.112186334101615,-0.140881338233661,-0.141289904251658,-0.166736352397078,0.0025148998264921,0.724799339674412,0.461056598278542,0.551365115327339
"ETH",2019-08-19,2019-08-20,-0.111710641274152,-0.141492791215602,-0.141281726169431,-0.165694455626284,0.0024961115623896,0.551395235562029,0.458073291310948,0.479612357232914
"ETH",2019-08-20,2019-08-21,-0.111696401684014,-0.140663802315692,-0.140793869964795,-0.166976740513578,0.00245199884324646,0.388215349179565,0.455265885485649,0.642320406535093
"ETH",2019-08-21,2019-08-22,-0.112166093774141,-0.141527022206875,-0.141263673946601,-0.167546140544639,0.0025344067471696,0.834531130302287,0.462944463719919,0.462629033030195
"ETH",2019-08-22,2019-08-23,-0.111682901050181,-0.140492881035715,-0.140776354753994,-0.166803874128286,0.00245463016359788,0.348070651635236,0.454575221579457,0.377347698778612
"ETH",2019-08-23,2019-08-24,-0.111195712002935,-0.141491062207842,-0.140752968179219,-0.166249622361591,0.00239597470425512,0.245273633396837,0.452806664472183,0.380006318070582
"ETH",2019-08-24,2019-08-25,-0.107382230338117,-0.13666291097535,-0.135982760235353,-0.161455374694172,0.00220543920918847,0.259633187097982,0.447263445869686,0.45129234108337
"ETH",2019-08-25,2019-08-26,-0.107366432560863,-0.136631563870506,-0.135962132060043,-0.161654709215092,0.00218731116000652,0.369424768669313,0.445642577920749,0.326944644745261
"ETH",2019-08-26,2019-08-27,-0.107347709665198,-0.13647445504479,-0.135937684369212,-0.161042280409004,0.00215657006575483,0.200933690933699,0.448130034460449,0.285302768660666
"ETH",2019-08-27,2019-08-28,-0.107328004383737,-0.136133515434667,-0.135911953913971,-0.160431461093033,0.00212692038755611,0.172962445483123,0.448542977735277,0.892238727374215
"ETH",2019-08-28,2019-08-29,-0.109226310767543,-0.138903251877969,-0.13875485316926,-0.163474742021189,0.00242068094511851,0.999998608467133,0.436333331148467,0.476591869257882
"ETH",2019-08-29,2019-08-30,-0.108741888747083,-0.137157856708427,-0.137328283203605,-0.163214261992126,0.0023493941750245,0.312454687873009,0.446483634918831,0.331836474707923
"ETH",2019-08-30,2019-08-31,-0.107784532684209,-0.136578818682951,-0.136364812772042,-0.161516319761985,0.00224926263632027,0.205794940169292,0.448058267181346,0.414528904298123
"ETH",2019-08-31,2019-09-01,-0.107769089595549,-0.135685067310167,-0.13634467128733,-0.160258711422023,0.00220886004041169,0.30560213818281,0.446584800035522,0.29630387392568
"ETH",2019-09-01,2019-09-02,-0.107280867499695,-0.13654778978996,-0.135850404248342,-0.161166672320638,0.00216351220087877,0.177651885353151,0.448473746901046,0.676399160739318
"ETH",2019-09-02,2019-09-03,-0.10727608587168,-0.136767151659508,-0.136312489662045,-0.160906230913335,0.00219457020836766,0.888978545866701,0.437972335328775,0.306517797717047
"ETH",2019-09-03,2019-09-04,-0.107724760291797,-0.136002735816162,-0.136286855262736,-0.160527697435632,0.00217310393740292,0.169166083121209,0.448599023945623,0.474081065363602
"ETH",2019-09-04,2019-09-05,-0.107241182249043,-0.13679445927734,-0.135798584660397,-0.16214189391122,0.00215601505505617,0.42264044279731,0.444856947735441,0.262308683582665
"ETH",2019-09-05,2019-09-06,-0.107221515900448,-0.136783005845984,-0.135772905042308,-0.161540876483091,0.00213051123367181,0.148180487009242,0.448908837135673,0.596687629480933
"ETH",2019-09-06,2019-09-07,-0.107208485872812,-0.135797643336083,-0.135755890895945,-0.161197218750313,0.00212564615751215,0.738392429865148,0.440195458499866,0.808459491987133
"ETH",2019-09-07,2019-09-08,-0.107679454948031,-0.137713691872761,-0.136695771351581,-0.163026413475982,0.00224270661873537,0.990777650729532,0.436469461393077,0.415430752100774
"ETH",2019-09-08,2019-09-09,-0.108130905505153,-0.136158765647564,-0.136674205255465,-0.161274572786118,0.00222051735195027,0.251490517115418,0.447383657206518,0.281965110975925
"ETH",2019-09-09,2019-09-10,-0.107643414420959,-0.135904641637692,-0.13618076077284,-0.160427931702211,0.00216403662309601,0.168879667957687,0.44860325233137,0.290690185792
"ETH",2019-09-10,2019-09-11,-0.107156699335808,-0.136762971715509,-0.135688269878955,-0.161628959187867,0.00213081637717532,0.180443947309381,0.448432527313245,0.268560273753339
"ETH",2019-09-11,2019-09-12,-0.107137706960684,-0.13660081606588,-0.135663470311438,-0.161333336705123,0.00210858814340303,0.161470733928368,0.448712631425214,0.354288380885855
"ETH",2019-09-12,2019-09-13,-0.107120688812337,-0.136471123040562,-0.135641248618985,-0.161345090859705,0.00209658967874512,0.260238904610244,0.447254503580235,0.216189420812325
"ETH",2019-09-13,2019-09-14,-0.101729812783299,-0.128283974170771,-0.128771468488997,-0.151647939778724,0.00186715276196609,0.120954345639215,0.44630091721956,0.813108799467984
"ETH",2019-09-14,2019-09-15,-0.098926725649865,-0.126419526886605,-0.126432782311208,-0.151646444806707,0.00176101761397959,0.996817939842107,0.400109437015097,0.271277630006848
"ETH",2019-09-15,2019-09-16,-0.101705737937274,-0.130012291715143,-0.129206093723228,-0.152400077133467,0.00190488131913658,0.125662180244773,0.446052634438511,0.784198738234943
"ETH",2019-09-16,2019-09-17,-0.0993713901942417,-0.127284692882002,-0.1273366082175,-0.151198147253551,0.00180991958353249,0.984693183324021,0.400748874998815,0.829102688584538
"ETH",2019-09-17,2019-09-18,-0.101245246342291,-0.129521050826006,-0.129679644692975,-0.154009337645359,0.00198920241208033,0.993199642059123,0.400300259571855,0.358848152043657
"ETH",2019-09-18,2019-09-19,-0.10355772366399,-0.132002827245332,-0.131520308159849,-0.155041021501586,0.00206837841222729,0.178665632238475,0.443257327132967,0.6924519919759
"ETH",2019-09-19,2019-09-20,-0.101695986228511,-0.130684638909954,-0.130125401739454,-0.155394297093956,0.00201870151300932,0.893088277036867,0.40557995399719,0.426545165399224
"ETH",2019-09-20,2019-09-21,-0.104009836337646,-0.131304909840396,-0.131502130246041,-0.156855665938135,0.00208505476350438,0.247006638463144,0.439653144635745,0.323791922313835
"ETH",2019-09-21,2019-09-22,-0.103059518015824,-0.131716569432866,-0.131012025465238,-0.154437048745821,0.00202152403569747,0.194058822034896,0.442445517821025,0.41412100711455
"ETH",2019-09-22,2019-09-23,-0.10257782091991,-0.129949412693253,-0.130059553001946,-0.154250032406618,0.00196640747594861,0.304975854256742,0.436595951824534,0.732618748156832
"ETH",2019-09-23,2019-09-24,-0.100711989695678,-0.129626048998321,-0.129124434925222,-0.153601017181188,0.00193214291050161,0.948541974214915,0.40265542514085,0.763126862829354
"ETH",2019-09-24,2019-09-25,-0.126601561562653,-0.155942103272154,-0.155549561765627,-0.181528644741294,0.00400456782516244,0.99999999999862,0.399941620850912,0.549945789927967
"ETH",2019-09-25,2019-09-26,-0.121444286938236,-0.152126931057029,-0.151320168641929,-0.176896498019657,0.00357845823270416,0.303168354165786,0.43669127614812,0.503760175104606
"ETH",2019-09-26,2019-09-27,-0.116757648649339,-0.146174540378233,-0.146628151516514,-0.172028034838307,0.00317313530869658,0.32742251523982,0.435412155051477,0.491915713834923
"ETH",2019-09-27,2019-09-28,-0.113956144306655,-0.144418212312096,-0.14382630563197,-0.170833735328715,0.00296188326734988,0.40518718219792,0.431310985533556,0.455551443525536
"ETH",2019-09-28,2019-09-29,-0.111602302829886,-0.140466470420658,-0.140999657859369,-0.166781053538261,0.00270061752071182,0.270829128198996,0.438396789113792,0.451462869327071
"ETH",2019-09-29,2019-09-30,-0.109252792296099,-0.138729701692681,-0.138645098971152,-0.163512738116673,0.00250840537704666,0.300010605205743,0.436857810183265,0.552482488053219
"ETH",2019-09-30,2019-10-01,-0.107860274892974,-0.138156491187802,-0.13772138636595,-0.162303161294013,0.00246486748640416,0.640864114814494,0.418881805419597,0.429670469461468
"ETH",2019-10-01,2019-10-02,-0.107842397940487,-0.137054176063451,-0.136764849079167,-0.161918192132078,0.00238033041622745,0.250535694675351,0.439467028519896,0.432112383779353
"ETH",2019-10-02,2019-10-03,-0.106428973834757,-0.135352622031952,-0.134880646720368,-0.160878596646974,0.00226047444092454,0.294012229043315,0.437174153818963,0.469268873234081
"ETH",2019-10-03,2019-10-04,-0.106041172744154,-0.134344770493565,-0.134050309251813,-0.158601825751939,0.00221090735364345,0.399010031670567,0.454199037144182,0.344592016102463
"ETH",2019-10-04,2019-10-05,-0.105555198320575,-0.133900597482449,-0.133091764367735,-0.158267737304753,0.00215756352538288,0.201126323169971,0.46541817475383,0.306643501943299
"ETH",2019-10-05,2019-10-06,-0.104602528159369,-0.132918221605083,-0.132133261777651,-0.155974548183606,0.00208484075158326,0.183808613538146,0.466400012869335,0.586436285588661
"ETH",2019-10-06,2019-10-07,-0.102259412115189,-0.130985378496735,-0.130253601152259,-0.154124825474479,0.0019734966532073,0.791718658549447,0.431934181897463,0.773654164884271
"ETH",2019-10-07,2019-10-08,-0.103674158481092,-0.131584690465834,-0.131673034348515,-0.157670972280662,0.00212075369251059,0.995921644401373,0.420356769002117,0.370843711118223
"ETH",2019-10-08,2019-10-09,-0.105521406074498,-0.134241227261196,-0.133514375337008,-0.156555070349128,0.00219053145369468,0.190905453261542,0.465997653210454,0.738466729476448
"ETH",2019-10-09,2019-10-10,-0.105079657873687,-0.133425922164407,-0.133546915132861,-0.159308338541165,0.00226039588747116,0.994801745492015,0.420420262354188,0.419783222069075
"ETH",2019-10-10,2019-10-11,-0.106927794493216,-0.134805146902569,-0.13492279081004,-0.158631645024268,0.00229815831254004,0.23462571425344,0.463518906333743,0.629715748053489
"ETH",2019-10-11,2019-10-12,-0.105065678735619,-0.13450590145515,-0.133995179061666,-0.157851224680592,0.00225516746032226,0.861980184023861,0.427950661834421,0.38477513267266
"ETH",2019-10-12,2019-10-13,-0.106446111629397,-0.135048067077412,-0.134436543837846,-0.158601643765012,0.00226576920273584,0.212176448917051,0.46479168113139,0.346149549141553
"ETH",2019-10-13,2019-10-14,-0.105494602810328,-0.132954204037084,-0.133012974785709,-0.156900187367767,0.00216320177701243,0.220803991409499,0.464302537344924,0.465570829924005
"ETH",2019-10-14,2019-10-15,-0.104083515023534,-0.132472824643616,-0.131598274267677,-0.156832727870697,0.0020871639460621,0.417299731307304,0.453162091462203,0.546703808211633
"ETH",2019-10-15,2019-10-16,-0.103606054638363,-0.131013720775658,-0.131117409189098,-0.155493575398582,0.00205060928484698,0.586115395198094,0.443590984380141,0.510742300766121
"ETH",2019-10-16,2019-10-17,-0.103593062400399,-0.132115779035942,-0.131100434914563,-0.156364985928213,0.00206150438060257,0.464881003546247,0.450464442196705,0.345259819614094
"ETH",2019-10-17,2019-10-18,-0.104042251806951,-0.131694117207272,-0.131078290896854,-0.156178266888257,0.00205839661568302,0.210901855814604,0.464863944965139,0.435768683726545
"ETH",2019-10-18,2019-10-19,-0.103094551427856,-0.13067287253945,-0.130125919270721,-0.155239119240907,0.0019979676568221,0.379041476780305,0.455331166549262,0.300342784535833
"ETH",2019-10-19,2019-10-20,-0.103542451160233,-0.129970195178959,-0.130102384183433,-0.155062506890948,0.00199777753394531,0.180603250815255,0.466581742864944,0.428518215556449
"ETH",2019-10-20,2019-10-21,-0.102130522440919,-0.130158242038531,-0.129152122761058,-0.154014960905006,0.00193651143099909,0.399376455908668,0.454178262498397,0.258518807648228
"ETH",2019-10-21,2019-10-22,-0.103044126754053,-0.129297543602181,-0.129594427619921,-0.153448200674905,0.0019585201802826,0.147515909622574,0.468457649865024,0.38627040198532
"ETH",2019-10-22,2019-10-23,-0.102096065178289,-0.128388637678552,-0.128641411384069,-0.152934508036044,0.00190257209251531,0.352297752513518,0.45684741831661,0.903843067633476
"ETH",2019-10-23,2019-10-24,-0.0963939361567255,-0.12750165740824,-0.127553467401433,-0.153542649033393,0.00178885585422122,0.952290971750433,0.29131037830372,0.338027606170808
"ETH",2019-10-24,2019-10-25,-0.103351149395728,-0.133791484716308,-0.133574196915919,-0.159512551578879,0.00201457246253073,0.102648368809706,0.362685369897443,0.856361234711177
"ETH",2019-10-25,2019-10-26,-0.108100597923788,-0.137892447441894,-0.136959275965312,-0.164842288977874,0.00269640788324862,0.981896356347392,0.288823351323878,0.476818158881705
"ETH",2019-10-26,2019-10-27,-0.109011834815058,-0.138157836442796,-0.137864543815876,-0.164119962284381,0.0026352743376725,0.174596528453621,0.356641299988526,0.461520516057252
"ETH",2019-10-27,2019-10-28,-0.1066722772977,-0.135669201154192,-0.135521031305677,-0.162930798385793,0.00244977479962229,0.266702518693591,0.348903853377026,0.403314454359077
"ETH",2019-10-28,2019-10-29,-0.105257732669081,-0.135016194172612,-0.134565813883057,-0.161757257814249,0.00230788852583674,0.18917496245378,0.355416625518802,0.543611271729374
"ETH",2019-10-29,2019-10-30,-0.103394051221011,-0.13366747624123,-0.133166392243344,-0.159487585390926,0.00222447797342469,0.427733846847713,0.335376271716754,0.541395445656936
"ETH",2019-10-30,2019-10-31,-0.103386933218675,-0.134293065080257,-0.133156907736335,-0.16038594921822,0.00222052970376059,0.379633832884763,0.339416956682858,0.370350101121794
"ETH",2019-10-31,2019-11-01,-0.104298543761766,-0.133562716501604,-0.134062364684169,-0.159537480760035,0.00216682911853379,0.156376880226797,0.35817185793669,0.333619702214121
"ETH",2019-11-01,2019-11-02,-0.103350317501454,-0.133813935833641,-0.13357308412228,-0.159171549671841,0.00207014255687406,0.152437367883177,0.358502800216934,0.30089117518959
"ETH",2019-11-02,2019-11-03,-0.103331866353768,-0.132824501026194,-0.133083532926731,-0.160436543823169,0.0019994488036894,0.133960870409093,0.360054935017296,0.28574994283002
"ETH",2019-11-03,2019-11-04,-0.102848814484265,-0.133474072435605,-0.133059179384484,-0.159894143247074,0.00194373801573223,0.128658182779402,0.360500392064392,0.452114776531535
"ETH",2019-11-04,2019-11-05,-0.101441080504507,-0.132493516802029,-0.132111525164837,-0.158102126037152,0.00187324692052148,0.282948317217901,0.347539110449715,0.386376145939047
"ETH",2019-11-05,2019-11-06,-0.102355141879396,-0.13240367864925,-0.132555646651444,-0.159240607515593,0.00188196823342957,0.194532687822641,0.354966544976889,0.31895577473688
"ETH",2019-11-06,2019-11-07,-0.102338644683488,-0.133573410798566,-0.13299805704194,-0.158745433752882,0.00187058355507962,0.149479837650506,0.358751250206099,0.553412628238028
"ETH",2019-11-07,2019-11-08,-0.100466954459287,-0.130800858059743,-0.131121573759488,-0.157205647539057,0.0017846769969301,0.404875265441631,0.337296527421985,0.366555466958223
"ETH",2019-11-08,2019-11-09,-0.10230809609512,-0.133055494563706,-0.132956924690672,-0.15822116512705,0.00185568648433981,0.16671798453215,0.357303144161852,0.23445088622053
"ETH",2019-11-09,2019-11-10,-0.102754854071826,-0.133746188684184,-0.133397610593577,-0.158691311734988,0.00185367217987304,0.0971698360961657,0.363145598969081,0.525953965013789
"ETH",2019-11-10,2019-11-11,-0.100420193281982,-0.1314182845308,-0.131058264390752,-0.158171118231076,0.00175317573263282,0.378749873576519,0.339491214480168,0.598312998379857
"ETH",2019-11-11,2019-11-12,-0.0999425006371166,-0.13140399706586,-0.13103991635745,-0.156625328523251,0.00175298972664156,0.423204864551099,0.335756732950961,0.323078051946556
"ETH",2019-11-12,2019-11-13,-0.097576384397201,-0.13293956671224,-0.133295832345243,-0.162114728810835,0.00172133010057331,0.0820184336443949,0.241423449681163,0.248461312572332
"ETH",2019-11-13,2019-11-14,-0.0975596480722089,-0.13279721225658,-0.133271956424548,-0.162171553685062,0.00170094008775712,0.0705946215084738,0.2423056116962,0.447189396364047
"ETH",2019-11-14,2019-11-15,-0.096616724015487,-0.132782779988089,-0.132322418722656,-0.163049829777945,0.00167859028181944,0.122780354051606,0.23827575980187,0.670812095178519
"ETH",2019-11-15,2019-11-16,-0.0956767271698309,-0.131600579409486,-0.131376935374444,-0.162193262479945,0.00166735912516819,0.221112596519816,0.230682412841439,0.348569494164199
"ETH",2019-11-16,2019-11-17,-0.097515586827377,-0.132594142202487,-0.13320909897001,-0.161930542804179,0.00170648396082178,0.0848742589208524,0.24120291904301,0.257438054560181
"ETH",2019-11-17,2019-11-18,-0.0974991477267486,-0.132643840427356,-0.133185647067451,-0.162191220661406,0.00169064781774415,0.071509028198737,0.242234999991556,0.776247409062528
"ETH",2019-11-18,2019-11-19,-0.094708307535505,-0.129756861435027,-0.130390361611557,-0.160609712514905,0.0016413519848148,0.3284346376862,0.222394861631149,0.394192899737434
"ETH",2019-11-19,2019-11-20,-0.0974728648750901,-0.132889108369837,-0.13314815214057,-0.162234311046156,0.00172287878457259,0.0923253796377291,0.240627533559804,0.239585756190062
"ETH",2019-11-20,2019-11-21,-0.0974559082767661,-0.133250519685024,-0.133123961979526,-0.162942944652499,0.00170534799070451,0.0662447258390933,0.242641516443516,0.955890320697346
"ETH",2019-11-21,2019-11-22,-0.094242411563603,-0.128480980217038,-0.128533192583563,-0.158133263589636,0.00189566125852868,0.914694159118729,0.177123119185812,0.688465411218138
"ETH",2019-11-22,2019-11-23,-0.103529172019665,-0.136393965629681,-0.13643675114045,-0.166968524656752,0.00233270182227198,0.480605781137991,0.210644002903723,0.4480199829026
"ETH",2019-11-23,2019-11-24,-0.104440627856812,-0.137862929252854,-0.137805978856437,-0.167505845083384,0.00229494164987813,0.109715625547783,0.239284635568182,0.630004683131295
"ETH",2019-11-24,2019-11-25,-0.104462520373622,-0.137371013914044,-0.137372414455479,-0.167207255505397,0.00241868291576999,0.561577423438354,0.204391264651147,0.500245711370502
"ETH",2019-11-25,2019-11-26,-0.105845426688792,-0.139968517534347,-0.139216064655185,-0.168462199432545,0.00243345942987543,0.168665684441595,0.23473243336794,0.413520601306961
"ETH",2019-11-26,2019-11-27,-0.103974344472821,-0.138125916723979,-0.137802023801933,-0.166408335600422,0.00227408788182666,0.108959361867948,0.239343035258563,0.506274741804196
"ETH",2019-11-27,2019-11-28,-0.10211379902279,-0.136884245615961,-0.135938805908144,-0.166368695421248,0.00218463955313509,0.216270491374037,0.231056326661239,0.402432378889876
"ETH",2019-11-28,2019-11-29,-0.101634008682072,-0.136349516793506,-0.135915954295422,-0.165178208913081,0.00210293300659661,0.109044981056479,0.239336423630589,0.425531417351768
"ETH",2019-11-29,2019-11-30,-0.100694202725116,-0.134416735910625,-0.134970912340663,-0.164084815371438,0.0020157408229418,0.135648217581453,0.237282086211509,0.37520897952828
"ETH",2019-11-30,2019-12-01,-0.0997517987917913,-0.134654039222326,-0.134485235605274,-0.164034684060434,0.00194780055171847,0.105533610463994,0.239607576352689,0.302720371467726
"ETH",2019-12-01,2019-12-02,-0.0992716720663878,-0.133895813155311,-0.13399819252436,-0.164194214809425,0.00187964243781118,0.079877505248808,0.241588775028344,0.363561490595558
"ETH",2019-12-02,2019-12-03,-0.0989278027095259,-0.134408831465986,-0.134166692048496,-0.163143831986332,0.0018255078277765,0.111168618249817,0.249442209233796,0.31167204286247
"ETH",2019-12-03,2019-12-04,-0.0989106879914404,-0.13394496155866,-0.134142488945808,-0.162944552537197,0.001790795943698,0.0881992442098073,0.250790828057645,0.318694412684544
"ETH",2019-12-04,2019-12-05,-0.098430328142912,-0.134152756073212,-0.133655139795724,-0.163899651571953,0.00175856995391945,0.0920860138765179,0.250562621110108,0.383703981591316
"ETH",2019-12-05,2019-12-06,-0.0984153345569857,-0.13315632516621,-0.133633902305522,-0.162833878227888,0.00173506474051071,0.112660145837687,0.249354636007909,0.231662554401526
"ETH",2019-12-06,2019-12-07,-0.0983982636100269,-0.133931886655866,-0.133609722361473,-0.164033716291432,0.00171990573605823,0.0656266621616086,0.252116149722922,0.246863222982119
"ETH",2019-12-07,2019-12-08,-0.0983811531079015,-0.133339437651629,-0.13358548638997,-0.163474490569654,0.00169698393803134,0.0722067793437013,0.251729806156073,0.604415100592776
"ETH",2019-12-08,2019-12-09,-0.097442073419498,-0.13219133190482,-0.132641080442538,-0.162877952100313,0.00167381845235719,0.190681493021416,0.244773707625153,0.614321369580768
"ETH",2019-12-09,2019-12-10,-0.0974283090418634,-0.132503532887228,-0.133084589109789,-0.161462508140358,0.00168825146799263,0.192815327671511,0.244648422122332,0.329943346808288
"ETH",2019-12-10,2019-12-11,-0.0983378733552978,-0.133347162889484,-0.133524183288337,-0.163527139783101,0.00170532383248178,0.0838828029888811,0.251044262647218,0.461726191629112
"ETH",2019-12-11,2019-12-12,-0.097859632231499,-0.132938315841587,-0.133039550894699,-0.163501510455379,0.00168883279654394,0.132819286952344,0.248171016587872,0.316662988867952
"ETH",2019-12-12,2019-12-13,-0.0983067515868721,-0.133123990845024,-0.133480101221827,-0.163414200217171,0.00169031058969957,0.0830878363048643,0.251090938147931,0.186558680896038
"ETH",2019-12-13,2019-12-14,-0.0982896919803898,-0.1335663880237,-0.133918651095607,-0.162354774592816,0.00167833736134094,0.0567683679267416,0.25263625368098,0.55988518584467
"ETH",2019-12-14,2019-12-15,-0.0973495845771536,-0.132817967395972,-0.132972281355425,-0.162310634177469,0.00165619543059065,0.157994121682945,0.246692906825463,0.202355612977365
"ETH",2019-12-15,2019-12-16,-0.0982581018378611,-0.133522176791437,-0.133873732509381,-0.162414385128044,0.00167138046288341,0.0563435438176765,0.252661196711178,0.973381711894676
"ETH",2019-12-16,2019-12-17,-0.0936514059430774,-0.12930303203065,-0.128812739505111,-0.158940527840844,0.00177621111494626,0.930759626280484,0.201320921323991,0.75643691346762
"ETH",2019-12-17,2019-12-18,-0.102941171203453,-0.135755314403423,-0.135802825758887,-0.166026769462305,0.00229749642449817,0.74899600081056,0.21199295123533,0.560436415687473
"ETH",2019-12-18,2019-12-19,-0.109936049185036,-0.142627300586149,-0.142352498443677,-0.171874532228207,0.00275429799352935,0.598081723062657,0.22085369926459,0.495616348625495
"ETH",2019-12-19,2019-12-20,-0.10992789626232,-0.142683834064646,-0.142341595137395,-0.17201834393781,0.00269048101689626,0.194964813802518,0.244522217661869,0.451803053806519
"ETH",2019-12-20,2019-12-21,-0.107131169502614,-0.140418669045676,-0.14000143442153,-0.169466251250386,0.00247600750316668,0.119062776470882,0.248978713347629,0.424236324619301
"ETH",2019-12-21,2019-12-22,-0.104798557205165,-0.138145967830375,-0.138125259665765,-0.167097450321312,0.00229697677636531,0.116649147318157,0.249120426643929,0.516273403384716
"ETH",2019-12-22,2019-12-23,-0.103138820514275,-0.137398418672572,-0.137464975160056,-0.167583225217673,0.00220627258500039,0.220073994976136,0.230366753594088,0.500754460590433
"ETH",2019-12-23,2019-12-24,-0.10220013622714,-0.136518844559022,-0.136985846655236,-0.165918568731074,0.00214145569865337,0.187139672086591,0.229157174974407,0.373661946117971
"ETH",2019-12-24,2019-12-25,-0.0998632443937885,-0.135135302555302,-0.135105453351766,-0.165424453719783,0.00200076428437127,0.0858172236864706,0.225435906202933,0.433521972327661
"ETH",2019-12-25,2019-12-26,-0.0993848530736853,-0.134495746792426,-0.135084649511143,-0.16402753072621,0.00194479937348273,0.126811459165948,0.226941501169389,0.327322736666707
"ETH",2019-12-26,2019-12-27,-0.0979768191124411,-0.133654204799132,-0.13413288641309,-0.163382275382068,0.00185034214653973,0.0754715282143097,0.225055939926084,0.308631728770087
"ETH",2019-12-27,2019-12-28,-0.0970332284294985,-0.133581866193561,-0.133645567919682,-0.163160168244153,0.00178479382222819,0.0735420487189115,0.224985075947718,0.358644833999862
"ETH",2019-12-28,2019-12-29,-0.0970182251283701,-0.132740093590849,-0.133160597742912,-0.164291408615614,0.00174760783984938,0.0912795378694156,0.225636520573291,0.802314820973933
"ETH",2019-12-29,2019-12-30,-0.101191913430358,-0.135977221253277,-0.13640893522603,-0.166968256311392,0.00196638947558716,0.542764143418339,0.242218192157027,0.504528498357174
"ETH",2019-12-30,2019-12-31,-0.0983984029074634,-0.134188859813823,-0.134536538529817,-0.163836039880593,0.00186151036534228,0.162814434751861,0.228263782172696,0.446816852693866
"ETH",2019-12-31,2020-01-01,-0.0979207550212645,-0.133401081558819,-0.134052728662896,-0.163667935084306,0.00181907068390059,0.127832803178338,0.226979012062959,0.341174383128767
"ETH",2020-01-01,2020-01-02,-0.0969786973195722,-0.132978349879164,-0.133567037045499,-0.162837970599169,0.00175816081318501,0.08140591103553,0.225273891957636,0.511124848363241
"ETH",2020-01-02,2020-01-03,-0.0974288692091166,-0.133449719073384,-0.134011531591819,-0.163113400470411,0.00176890500396408,0.162396313134419,0.228248425823316,0.806550417128972
"ETH",2020-01-03,2020-01-04,-0.101603413175149,-0.137260082768926,-0.137262735447041,-0.166172050208461,0.00201222055089594,0.603419074861226,0.244445865350661,0.35593663163681
"ETH",2020-01-04,2020-01-05,-0.0978816915410274,-0.13314253151575,-0.133996877571317,-0.163198762303482,0.00182846770430033,0.0798328284870795,0.225216117367158,0.315593128827333
"ETH",2020-01-05,2020-01-06,-0.0969395095478621,-0.133164239470537,-0.133510602287911,-0.163040470323372,0.00176622422477907,0.0722240910173512,0.224936671325501,0.81961549965005
"ETH",2020-01-06,2020-01-07,-0.103437382573681,-0.13834042484761,-0.138626345175111,-0.166920160873679,0.00213052528144357,0.719744496062026,0.248718148187074,0.389209016883187
"ETH",2020-01-07,2020-01-08,-0.09879030403794,-0.134117766590696,-0.134435165983218,-0.164475489800507,0.00191087151643905,0.0903140117180917,0.225601059701868,0.396472074415007
"ETH",2020-01-08,2020-01-09,-0.0983121403266383,-0.133290948792674,-0.133950570798903,-0.164553399033266,0.00185307056745819,0.102858941072407,0.226061797224339,0.472203288429724
"ETH",2020-01-09,2020-01-10,-0.0978363063407582,-0.134368624706412,-0.133931987987461,-0.164909877521461,0.00183558435908773,0.146880684692715,0.227678583458651,0.688981300524345
"ETH",2020-01-10,2020-01-11,-0.100612280647949,-0.135507824159003,-0.136244943932906,-0.164950521620385,0.00196375010859858,0.401422922466568,0.237027154238432,0.357318984640973
"ETH",2020-01-11,2020-01-12,-0.0963528935115454,-0.13228690350281,-0.132407011260553,-0.162502055690378,0.00179898931461427,0.0745353540426102,0.215160745419181,0.404177802603775
"ETH",2020-01-12,2020-01-13,-0.0958766633231633,-0.131962257456371,-0.131924629878116,-0.162950346414287,0.00175869736059138,0.1034295521014,0.21565126572825,0.331969588565644
"ETH",2020-01-13,2020-01-14,-0.095398455519354,-0.130922854865868,-0.131439327217977,-0.162580063102962,0.00170592933670914,0.0748306928820207,0.215165759218093,0.860205342074885
"ETH",2020-01-14,2020-01-15,-0.117290023170389,-0.150546938640659,-0.15061477745676,-0.178621597423212,0.00323349841153145,0.958498378890339,0.230167281169764,0.531531725159753
"ETH",2020-01-15,2020-01-16,-0.111253080610402,-0.145181645290346,-0.144571003264488,-0.174328721605013,0.00283273598598328,0.1241300973773,0.216002687070554,0.479033409621966
"ETH",2020-01-16,2020-01-17,-0.107532745965336,-0.141326346064648,-0.141306804920723,-0.169743115517718,0.00256630298633714,0.112313365366428,0.21580208115561,0.500131327489769
"ETH",2020-01-17,2020-01-18,-0.10660379845205,-0.139770350266095,-0.139913895226532,-0.170442434095855,0.00248287722143011,0.212300176386198,0.21749950017878,0.464392547778372
"ETH",2020-01-18,2020-01-19,-0.103814456146157,-0.138254764061305,-0.138044696794343,-0.167166428391561,0.00231555022966813,0.131576136496825,0.216129094226857,0.542253974293789
"ETH",2020-01-19,2020-01-20,-0.1042769624882,-0.138529626349061,-0.138507178730569,-0.167309558396847,0.00233293350454334,0.281992515500459,0.218682627242992,0.412064128754557
"ETH",2020-01-20,2020-01-21,-0.101483815196169,-0.135610458446258,-0.135707110055129,-0.166413718170531,0.00214700187428846,0.0900275394386534,0.215423747408479,0.39981090706072
"ETH",2020-01-21,2020-01-22,-0.0996181794586317,-0.134386113629922,-0.134759984453958,-0.163653973416849,0.00202477750561196,0.095785918707432,0.215521504126727,0.366632104788444
"ETH",2020-01-22,2020-01-23,-0.09821456500241,-0.132919090343867,-0.133349524607671,-0.163845471016062,0.00191931372947328,0.0840820314109966,0.215322813912094,0.537244818952572
"ETH",2020-01-23,2020-01-24,-0.0982051543860438,-0.133544226608181,-0.133798445584743,-0.163147435114045,0.00191828007860797,0.197750947963814,0.217252506231831,0.330035718832633
"ETH",2020-01-24,2020-01-25,-0.0968017957607398,-0.131926694088942,-0.13238796305664,-0.16309279503366,0.00181833306786107,0.0706066735769896,0.215094050453212,0.331664820970723
"ETH",2020-01-25,2020-01-26,-0.0958617552156037,-0.131700396251962,-0.131903170602164,-0.162577330615405,0.00175669420175004,0.0775105643042487,0.215211253865691,0.693807610250033
"ETH",2020-01-26,2020-01-27,-0.0972442288923881,-0.133487493132889,-0.133284030432021,-0.163171012493746,0.00184350258558704,0.33232610279559,0.219537111826586,0.410054513614571
"ETH",2020-01-27,2020-01-28,-0.0958440106234394,-0.132465735798077,-0.1323395978449,-0.161843456453932,0.00177078927076551,0.0987077653954049,0.215571106650304,0.576291234973276
"ETH",2020-01-28,2020-01-29,-0.0962971114905017,-0.132863906890352,-0.132788773677097,-0.161914272604973,0.00179074631016665,0.205917809356888,0.217391150376462,0.305081236729458
"ETH",2020-01-29,2020-01-30,-0.0953571802573124,-0.131280578611161,-0.131841639933716,-0.161352020970566,0.00171536895500829,0.0644695693131345,0.21498986433688,0.802358828544494
"ETH",2020-01-30,2020-01-31,-0.0990573028394239,-0.133662679004457,-0.134158539715159,-0.165018413087149,0.00192083624377254,0.555289283090394,0.223322230482124,0.474881416497774
"ETH",2020-01-31,2020-02-01,-0.0940360431353105,-0.126269923662044,-0.126585249746564,-0.154322733902625,0.00173353213086592,0.170427226807212,0.238101303814593,0.418021824825036
"ETH",2020-02-01,2020-02-02,-0.0927011072886219,-0.125249066153998,-0.125684445927947,-0.152218894091987,0.00166921434428797,0.126319444123286,0.234890615058023,0.503547970386624
"ETH",2020-02-02,2020-02-03,-0.093128383317136,-0.12549957732132,-0.125667375541612,-0.15387938123041,0.00167454594739116,0.181305732863577,0.238893170804002,0.307219442834072
"ETH",2020-02-03,2020-02-04,-0.0909119652047957,-0.123998275886398,-0.12388389978473,-0.151993941739042,0.00157954380838643,0.0780467401155265,0.231376753816855,0.277525386759671
"ETH",2020-02-04,2020-02-05,-0.0904546663926784,-0.122664933385557,-0.123419855546003,-0.150685507425473,0.00153166687342537,0.0726653298265066,0.230985030804314,0.907221358968868
"ETH",2020-02-05,2020-02-06,-0.105891319216889,-0.137709942014964,-0.137994117202341,-0.163384596602989,0.00232740232567654,0.895646275151379,0.290891367220279,0.545386667550576
"ETH",2020-02-06,2020-02-07,-0.100167409850164,-0.131402527018127,-0.132267878270581,-0.158972161909791,0.00207362200145334,0.2914645890762,0.246911841876473,0.563774141963012
"ETH",2020-02-07,2020-02-08,-0.100607164395324,-0.132502132493786,-0.132707640165975,-0.159759429147467,0.00210741630939243,0.342901225834252,0.250656011754571,0.401368899694266
"ETH",2020-02-08,2020-02-09,-0.0957514253308399,-0.128588582426176,-0.128285003433816,-0.155606632536277,0.00188341604467983,0.101998312782943,0.23312023400076,0.426178422525252
"ETH",2020-02-09,2020-02-10,-0.0948569380147628,-0.126878200820827,-0.127385068635008,-0.153843897454591,0.00180878353093598,0.129037841957991,0.235088492367484,0.42005025515251
"ETH",2020-02-10,2020-02-11,-0.0935231459257275,-0.126417570375344,-0.126045791422003,-0.15417933354075,0.00174124778442952,0.126796873949578,0.234925368076245,0.719524401478856
"ETH",2020-02-11,2020-02-12,-0.101006953661144,-0.132217088338266,-0.133094205579796,-0.158531066454534,0.00207092686857175,0.576603292307866,0.267667626294137,0.666645605951357
"ETH",2020-02-12,2020-02-13,-0.116072036943894,-0.146918540781591,-0.147753781390144,-0.17341835975294,0.00304687192771887,0.879613131933394,0.289724284462315,0.496381522919981
"ETH",2020-02-13,2020-02-14,-0.105930829454427,-0.138040369536086,-0.138046086391673,-0.164245178603041,0.00249816960726752,0.149523023527053,0.236579647400404,0.509346031723351
"ETH",2020-02-14,2020-02-15,-0.108146141104812,-0.140024488678052,-0.139826223393,-0.167051216746804,0.00260723393111895,0.383400450424489,0.253604026756219,0.502292262953084
"ETH",2020-02-15,2020-02-16,-0.110818453321303,-0.142814371516648,-0.142508127303752,-0.169408743794425,0.00277733335474491,0.485542278859708,0.261039123244348,0.474140572759353
"ETH",2020-02-16,2020-02-17,-0.104198300848479,-0.136254095656272,-0.13588223475046,-0.163246065735451,0.00240480446546853,0.144274263727268,0.236197580267357,0.46040589043731
"ETH",2020-02-17,2020-02-18,-0.101102059682153,-0.132908211636547,-0.132780815231928,-0.159920964368233,0.00221198702789228,0.139611538457893,0.235858171693939,0.560532860419893
"ETH",2020-02-18,2020-02-19,-0.10551762016461,-0.136028339306851,-0.136761239271371,-0.163833765146274,0.00241243634233079,0.436681769731691,0.257482474558973,0.549532312186751
"ETH",2020-02-19,2020-02-20,-0.111287214857541,-0.142494889350274,-0.142985353548929,-0.168361803747518,0.00277857103559871,0.614058523817069,0.270394063293772,0.468300837497815
"ETH",2020-02-20,2020-02-21,-0.107854863902365,-0.13899774427882,-0.140021048597363,-0.165162061750426,0.00248664342140905,0.13833796733711,0.27677845792463,0.471959100535121
"ETH",2020-02-21,2020-02-22,-0.104756692676899,-0.135599429847744,-0.136037341921892,-0.163281651837114,0.00231804330698684,0.19299774433307,0.277542488809938,0.431465976311922
"ETH",2020-02-22,2020-02-23,-0.101214150605353,-0.131688056243144,-0.132048525143252,-0.15881701262491,0.00213241521455245,0.14496052231954,0.276871027576837,0.570208123862762
"ETH",2020-02-23,2020-02-24,-0.102097580052365,-0.133700713828127,-0.13337322659681,-0.160037902890565,0.00218276205461743,0.404313684033528,0.280496249570819,0.53190443688788
"ETH",2020-02-24,2020-02-25,-0.101211226578929,-0.13236079026099,-0.132485150658408,-0.158204765441104,0.00213061289612405,0.300482043550842,0.279044897506085,0.614365776325866
"ETH",2020-02-25,2020-02-26,-0.104751760457466,-0.135573330181706,-0.136471428092248,-0.161505575925019,0.00229891767211778,0.552548187561188,0.282568262030217,0.589187441287931
"ETH",2020-02-26,2020-02-27,-0.115402269227228,-0.146597137609418,-0.148025688961101,-0.174595910452363,0.00289980779906349,0.789325530386397,0.285877920664082,0.474104777150604
"ETH",2020-02-27,2020-02-28,-0.108767683763163,-0.140860354709841,-0.141384332851426,-0.166367232765459,0.00254593852031058,0.133593640955908,0.276712142032315,0.440821980223069
"ETH",2020-02-28,2020-02-29,-0.104340152408688,-0.136016532885852,-0.136068979991262,-0.16221431951441,0.00230597402892408,0.132665188060434,0.276699164176811,0.505133780046194
"ETH",2020-02-29,2020-03-01,-0.103011528666182,-0.13473597828032,-0.134738242989457,-0.159955136657519,0.00223475600076478,0.27262171477343,0.278655467602952,0.402845230305133
"ETH",2020-03-01,2020-03-02,-0.0994670127233602,-0.130001010385036,-0.130306181009122,-0.156229207384497,0.00204279341326316,0.124476713257562,0.276584706196981,0.615999233928523
"ETH",2020-03-02,2020-03-03,-0.102119676087144,-0.133616331251583,-0.133402373501114,-0.160019447401967,0.00217540258716322,0.501095237088753,0.281849055962031,0.492963752678707
"ETH",2020-03-03,2020-03-04,-0.0999054139535747,-0.131043628038243,-0.13118443723231,-0.156350869585489,0.00206229508212835,0.225622594632593,0.277998516891781,0.373284767352775
"ETH",2020-03-04,2020-03-05,-0.0968025144902193,-0.127101871263024,-0.127194193415959,-0.153783558685251,0.00190066664916504,0.114682568888158,0.276447804270104,0.391306703397265
"ETH",2020-03-05,2020-03-06,-0.0945839494259265,-0.12549247602297,-0.124970165603212,-0.1511800149066,0.00179861307222196,0.142932287715183,0.276842677042576,0.750153631563184
"ETH",2020-03-06,2020-03-07,-0.102096239981706,-0.132552672457635,-0.133371458908098,-0.158905436111982,0.00213879473942492,0.734188340241419,0.28510721652815,0.481876503189984
"ETH",2020-03-07,2020-03-08,-0.0989995647079421,-0.129747107603011,-0.129829998920416,-0.156934449507294,0.001997398472259,0.199482508412447,0.277633132429669,0.584656517390604
"ETH",2020-03-08,2020-03-09,-0.131876880982629,-0.163727438691829,-0.165866199750221,-0.18995659036469,0.00407577007343499,0.9347156088382,0.287910173930736,0.535925884881039
"ETH",2020-03-09,2020-03-10,-0.123908587977578,-0.155448906365568,-0.157450122064732,-0.18287813854518,0.00348894255558967,0.151882855935112,0.276967787515705,0.50612866927832
"ETH",2020-03-10,2020-03-11,-0.117265552363325,-0.149064608865301,-0.150359026501441,-0.175759732775403,0.00305975650322296,0.136228345125657,0.276748969759576,0.488253438576943
"ETH",2020-03-11,2020-03-12,-0.107221474656268,-0.13645552318405,-0.137256682628346,-0.162091385317178,0.0025890256423844,0.208733777927763,0.271507221156178,0.0205419787506551
"ETH",2020-03-12,2020-03-13,-0.314651062499355,-0.396758584147096,-0.396375689870079,-0.465680360648063,0.0235409418378886,9.14939660864636e-06,0.260825662689301,0.0904664610202817
"ETH",2020-03-13,2020-03-14,-0.290765386683889,-0.364892313426003,-0.362457994295471,-0.429318645267251,0.0206455901496955,0.376190364266279,0.280076872616219,0.418273775996572
"ETH",2020-03-14,2020-03-15,-0.258437657705345,-0.327586562731364,-0.322279603039711,-0.387330782456623,0.0167702753864061,0.253188025644403,0.273782183384775,0.668329466217175
"ETH",2020-03-15,2020-03-16,-0.232195611930987,-0.297058101014796,-0.290783597942124,-0.35844516984276,0.013732264806035,0.224387651561626,0.272308313809354,0.378412105201816
"ETH",2020-03-16,2020-03-17,-0.22171856758617,-0.283829287129408,-0.278581505873684,-0.345215042554044,0.0125265214100835,0.293088245841454,0.27582409160555,0.522231722109451
"ETH",2020-03-17,2020-03-18,-0.207723068638997,-0.270743759504491,-0.262839764617604,-0.331109462282376,0.0110651914656219,0.27900475357299,0.275103363787554,0.606445427343036
"ETH",2020-03-18,2020-03-19,-0.194598598358887,-0.254734244776669,-0.247959017726725,-0.311645680302559,0.00968480672334889,0.278632943091892,0.275084336251511,0.291710929236365
"ETH",2020-03-19,2020-03-20,-0.199862230359211,-0.260324012468385,-0.252394246171853,-0.315152671221352,0.0102242150309675,0.245292396288418,0.27337812169262,0.526369660006047
"ETH",2020-03-20,2020-03-21,-0.188480020491839,-0.243813657802905,-0.238383040567063,-0.298663898431316,0.00904029113941398,0.271897768354682,0.274739661244798,0.547288069542717
"ETH",2020-03-21,2020-03-22,-0.177099310730943,-0.231665109832505,-0.224370200333192,-0.285779214069899,0.0080105555582791,0.275720234403794,0.27493527732939,0.479241799946529
"ETH",2020-03-22,2020-03-23,-0.172721074737193,-0.225014841563511,-0.218247076920785,-0.275694686251225,0.00760647803254283,0.290394973839528,0.275686262435326,0.45894779924829
"ETH",2020-03-23,2020-03-24,-0.171842156679942,-0.2232059737992,-0.216506604323797,-0.270614429939296,0.00751166196673483,0.29515570688112,0.275929894673107,0.491199782224903
"ETH",2020-03-24,2020-03-25,-0.163086167779174,-0.209825062020322,-0.205119570319822,-0.256851910827669,0.00672591720465051,0.264825063949068,0.274377713035048,0.470799351614256
"ETH",2020-03-25,2020-03-26,-0.155207647191098,-0.199773549548135,-0.194610044375391,-0.246555487963131,0.00608693346467786,0.264652539331319,0.274368884025245,0.442698748304101
"ETH",2020-03-26,2020-03-27,-0.148206462014502,-0.190861600736019,-0.185853629554776,-0.233917727103643,0.00554350012560383,0.261110828668538,0.27418763569924,0.45083147548192
"ETH",2020-03-27,2020-03-28,-0.142956153016715,-0.184489967978134,-0.178849780716471,-0.22563841346681,0.00514957723496522,0.26580120230003,0.274427667268724,0.404536214391793
"ETH",2020-03-28,2020-03-29,-0.137708192120739,-0.176101796817716,-0.17184730262317,-0.215330928356642,0.00473949876682688,0.250014623255534,0.273619783368092,0.48253279087135
"ETH",2020-03-29,2020-03-30,-0.134208632830844,-0.173226295636704,-0.168346416671945,-0.206504592321951,0.00449835210361602,0.266855748858662,0.274481634070828,0.562040820000083
"ETH",2020-03-30,2020-03-31,-0.133331840089316,-0.169340328701067,-0.166595281416217,-0.20307815489511,0.00437194822977888,0.287072098443385,0.275516213083356,0.356104636405112
"ETH",2020-03-31,2020-04-01,-0.113122602666608,-0.165531656486157,-0.152556596564813,-0.222902697118082,0.00432166196434231,0.866938045971168,0.781099341194557,0.348316371956217
"ETH",2020-04-01,2020-04-02,-0.108749348265385,-0.159801960267465,-0.14730270904654,-0.210066999860531,0.00385175426150765,0.855866811867203,0.780587966280541,0.473243253016958
"ETH",2020-04-02,2020-04-03,-0.107877844073193,-0.156794458184207,-0.145552624065206,-0.205147059151288,0.00366136213990204,0.76431844450237,0.776359391755794,0.293840488734468
"ETH",2020-04-03,2020-04-04,-0.103506887037103,-0.14882415761012,-0.139424897705644,-0.194904257007487,0.00324243574755107,0.888297554163087,0.782085926480579,0.321990010878389
"ETH",2020-04-04,2020-04-05,-0.100887756365516,-0.145594337084363,-0.135925860688334,-0.1894643658764,0.00298252639612418,0.863971108227479,0.780962299784419,0.262374612470175
"ETH",2020-04-05,2020-04-06,-0.098270097680742,-0.140837596190401,-0.132428127463489,-0.182608063569977,0.00272323220207203,0.89375197128107,0.782337863352162,0.936396274673837
"ETH",2020-04-06,2020-04-07,-0.145525519530833,-0.208720204598108,-0.195502858925854,-0.275003604557757,0.00730532478313889,0.488800590255284,0.763633356184462,0.493761552504957
"ETH",2020-04-07,2020-04-08,-0.126240650129002,-0.189160794533639,-0.173583726949459,-0.255459688578259,0.00595902688789095,0.81319021709693,0.778616755142177,0.49519284431292
"ETH",2020-04-08,2020-04-09,-0.12448752803195,-0.183632594327249,-0.169200184522112,-0.248468071411228,0.00558533606036888,0.721729106483666,0.774392210964311,0.414152996015633
"ETH",2020-04-09,2020-04-10,-0.117481051222931,-0.173276180051621,-0.159558865341914,-0.233100879852544,0.00484041380225046,0.84223186924006,0.779958174917799,0.589425851308848
"ETH",2020-04-10,2020-04-11,-0.122733453310843,-0.179719246285988,-0.165693128107248,-0.240249538020285,0.00520687321329446,0.602360342623695,0.768878625867842,0.392503132506622
"ETH",2020-04-11,2020-04-12,-0.113974574129972,-0.167675496242201,-0.154299141647756,-0.224782977413359,0.0044396724161569,0.864617957034106,0.780992177415925,0.364726161130629
"ETH",2020-04-12,2020-04-13,-0.109599890133762,-0.160313873541914,-0.148166778083451,-0.212131483058829,0.00392890223957109,0.862999481045283,0.780917420797842,0.371433267660167
"ETH",2020-04-13,2020-04-14,-0.106978204831138,-0.153275640661807,-0.143788228603814,-0.202578716474861,0.00355897075583342,0.845476486954987,0.780108042230639,0.318573791158291
"ETH",2020-04-14,2020-04-15,-0.102605437337926,-0.149565014370535,-0.138534829722289,-0.194977148598835,0.00319628199784527,0.879932006787324,0.781699525919466,0.494646605910562
"ETH",2020-04-15,2020-04-16,-0.103486650365159,-0.148023191593029,-0.138537556378394,-0.194421472192842,0.00314521865236076,0.744967704992821,0.775465590517384,0.858144278933387
"ETH",2020-04-16,2020-04-17,-0.127118745434612,-0.183843659555311,-0.170953847627912,-0.239820625798648,0.00531819753168316,0.388962805884073,0.759021897523306,0.417023494047622
"ETH",2020-04-17,2020-04-18,-0.113099961346858,-0.167817619935838,-0.153423366858421,-0.223846931536927,0.00438028975162835,0.868836341869371,0.781187022558044,0.636832712726507
"ETH",2020-04-18,2020-04-19,-0.122731119533224,-0.179372635275896,-0.165692463747196,-0.237420880804191,0.00512632927009333,0.549716357836661,0.766447025836522,0.466503797326577
"ETH",2020-04-19,2020-04-20,-0.115721423065753,-0.169771222467913,-0.15692653942202,-0.225732187847606,0.00456837928609947,0.776062278744142,0.776901833742768,0.537539180230269
"ETH",2020-04-20,2020-04-21,-0.128122740191127,-0.190335034790168,-0.178853331098017,-0.254008755277344,0.00459239971819991,0.930758299449364,0.919412278208646,0.368167134049662
"ETH",2020-04-21,2020-04-22,-0.119383932199368,-0.178881301735713,-0.167484575180615,-0.238990472352126,0.00399866280884904,0.862912962292971,0.853230760379847,0.589666193209579
"ETH",2020-04-22,2020-04-23,-0.123754597706195,-0.184217927308546,-0.172731556828845,-0.246687226617154,0.00428294749153534,0.923306010253606,0.912142746786944,0.378037183522994
"ETH",2020-04-23,2020-04-24,-0.117639867053811,-0.175666956476778,-0.164862293107231,-0.234979889526394,0.0038709228112237,0.879769171991098,0.869673593290988,0.327282248708827
"ETH",2020-04-24,2020-04-25,-0.11152694760365,-0.168611979847505,-0.156994967677951,-0.225859795486053,0.00351033607349277,0.810074849592122,0.801688434196242,0.434944931849821
"ETH",2020-04-25,2020-04-26,-0.111532817046819,-0.165993360531323,-0.156122779216604,-0.224330015801159,0.00346870739178452,0.818493495066416,0.809900623256,0.331575715439588
"ETH",2020-04-26,2020-04-27,-0.107169753581144,-0.162720172764038,-0.150880488632565,-0.219427412158176,0.00325498677741727,0.761189580233561,0.754002012973785,0.257175799384987
"ETH",2020-04-27,2020-04-28,-0.101934268297247,-0.156267855889326,-0.144765595748273,-0.210150918200556,0.00298159636989148,0.651274443782647,0.646782403379794,0.23502697309998
"ETH",2020-04-28,2020-04-29,-0.0975740509588531,-0.148872500872289,-0.13865218316684,-0.202808268365857,0.00274686320339925,0.53388638979961,0.532273139911059,0.901796179219544
"ETH",2020-04-29,2020-04-30,-0.115041661547243,-0.172115022027243,-0.161372321865457,-0.233317934034669,0.0037040940658433,0.730994828817739,0.724547748864876,0.52541109871016
"ETH",2020-04-30,2020-05-01,-0.115044896242116,-0.172616791481511,-0.161373344446417,-0.232936611813288,0.00371210727532978,0.781195303460086,0.773517121659034,0.415647201272549
"ETH",2020-05-01,2020-05-02,-0.111554981141482,-0.169740656610304,-0.157879155818377,-0.226007393139822,0.0035282232858767,0.76863821656965,0.761267981117489,0.297253933047726
"ETH",2020-05-02,2020-05-03,-0.105445937121379,-0.159763844079194,-0.149142766555686,-0.215823697462225,0.00315460302547293,0.658810339637707,0.654133491115388,0.334293610830798
"ETH",2020-05-03,2020-05-04,-0.101958465291555,-0.155315025217302,-0.144776974875326,-0.209967993428651,0.00297328010801535,0.599763754231695,0.596534947006605,0.300793897159147
"ETH",2020-05-04,2020-05-05,-0.097598466414107,-0.15118732639699,-0.139538581518597,-0.204324855263083,0.00277991724029753,0.517988043231977,0.516764679773425,0.255754700584614
"ETH",2020-05-05,2020-05-06,-0.0932399063347016,-0.145149801084434,-0.133427938224735,-0.198654591864873,0.00257812073573287,0.416015643639782,0.41729302166817,0.244769220087084
"ETH",2020-05-06,2020-05-07,-0.0897558232359337,-0.13949832858237,-0.12906575365178,-0.191607545918668,0.00241933539726503,0.326602944909723,0.33007305397188,0.786197373525843
"ETH",2020-05-07,2020-05-08,-0.0967463332658677,-0.147978547877089,-0.137802380188193,-0.202922239871403,0.00271827181148419,0.448143033491762,0.448632528749997,0.259366780301223
"ETH",2020-05-08,2020-05-09,-0.0906424655848029,-0.141410758873951,-0.130820243245692,-0.192980795202014,0.00246824320733492,0.329338023108603,0.332741057908024,0.229304891566736
"ETH",2020-05-09,2020-05-10,-0.0862863861519682,-0.136735489559164,-0.124712895826158,-0.188820106482636,0.00230520656314404,0.242575787336068,0.248106553986106,0.955525094891876
"ETH",2020-05-10,2020-05-11,-0.109078203991812,-0.17731632488776,-0.163162103591268,-0.248106541090306,0.00522168123112256,0.999991480017608,0.99923007103161,0.408839470857678
"ETH",2020-05-11,2020-05-12,-0.102981250084132,-0.169356184665171,-0.154442194707326,-0.237563893689752,0.00466765833545871,0.999473526798215,0.998951417608676,0.385936906255154
"ETH",2020-05-12,2020-05-13,-0.0986287587750317,-0.163627581212865,-0.148340181442069,-0.229573875598768,0.00429284112567617,0.999070254414155,0.998734461277514,0.572527049779131
"ETH",2020-05-13,2020-05-14,-0.10037373293709,-0.163073566014372,-0.150084725107796,-0.230178478886301,0.00437093536983807,0.998007925458425,0.998162939393467,0.37119389185543
"ETH",2020-05-14,2020-05-15,-0.0960225343589222,-0.158228773518779,-0.143984077046007,-0.223476501168191,0.004030989888867,0.998425985856486,0.998387851521726,0.526486234351411
"ETH",2020-05-15,2020-05-16,-0.0960259338086907,-0.157235943216758,-0.143985597402939,-0.221995408834088,0.0040080737675223,0.997730519862941,0.998013698080104,0.431448760622241
"ETH",2020-05-16,2020-05-17,-0.0934177147877833,-0.155070465160778,-0.140501294917981,-0.218620911230227,0.00382913820226657,0.997759026690986,0.998029034455889,0.446361026109249
"ETH",2020-05-17,2020-05-18,-0.0925532043292862,-0.151459022450445,-0.137889226419358,-0.216602369302117,0.00370592126497908,0.997639622077687,0.997964796020903,0.510824672241845
"ETH",2020-05-18,2020-05-19,-0.0916873740535225,-0.151836878825906,-0.137892191391597,-0.214389127657864,0.00367307370429609,0.997317722460123,0.997791617388322,0.281560180344072
"ETH",2020-05-19,2020-05-20,-0.0890830367698563,-0.146156054364002,-0.133539043383462,-0.207772792868739,0.00342704046172672,0.998171276568754,0.998250820584912,0.336262731204367
"ETH",2020-05-20,2020-05-21,-0.0864777264613245,-0.145203676604501,-0.130929233580761,-0.204096937199712,0.00328867978150286,0.998144764770344,0.998236557514236,0.743575902165248
"ETH",2020-05-21,2020-05-22,-0.0908349207758088,-0.150338596339119,-0.136158418700959,-0.213493826427253,0.00359940444312013,0.998101112352813,0.998213072969476,0.580337900945526
"ETH",2020-05-22,2020-05-23,-0.0917113541867081,-0.15015693517752,-0.13703244982055,-0.213970077598811,0.00363693322304391,0.997565157638246,0.997924734930132,0.28241183826783
"ETH",2020-05-23,2020-05-24,-0.0882362472002988,-0.146474128086267,-0.132680551154308,-0.207540767437861,0.0033951790875158,0.998286936848807,0.998313044607715,0.370868171748642
"ETH",2020-05-24,2020-05-25,-0.0865024237032785,-0.144988267733873,-0.130071157421299,-0.205853137892213,0.00328537813900761,0.998111702240696,0.998218770218565,0.262894415767989
"ETH",2020-05-25,2020-05-26,-0.0847708779545889,-0.141197843041423,-0.127463357208013,-0.200712146053966,0.00313059791064017,0.998252215439873,0.998294364852311,0.3169616182904
"ETH",2020-05-26,2020-05-27,-0.0839097891285856,-0.138610999528104,-0.125726685449227,-0.198115614776836,0.00304103085444224,0.998078927316851,0.998201137651812,0.577725251599843
"ETH",2020-05-27,2020-05-28,-0.0847882899008078,-0.139677764495352,-0.126602064970374,-0.200493027877075,0.00310050236800783,0.997920445413009,0.998115876042606,0.818905758242326
"ETH",2020-05-28,2020-05-29,-0.0891429700976765,-0.149192460423278,-0.134441672110385,-0.21037675662496,0.00349519313598808,0.998622528275074,0.998493589290392,0.299352212591018
"ETH",2020-05-29,2020-05-30,-0.0865406502283511,-0.145077906635492,-0.13096311560916,-0.20402680679317,0.00328894422621602,0.998669429571037,0.998518821697819,0.893024223813621
"ETH",2020-05-30,2020-05-31,-0.100627748826967,-0.153860868510525,-0.142360613026655,-0.208263802751453,0.00293373908539707,0.980120112770398,0.849092029761935,0.570497184563432
"ETH",2020-05-31,2020-06-01,-0.100627389117587,-0.151832678386964,-0.141490997549526,-0.207645051229206,0.00290390153999256,0.969649840417259,0.850530321206545,0.639880938212014
"ETH",2020-06-01,2020-06-02,-0.104096199756269,-0.157766038016404,-0.146703527355472,-0.214576110661431,0.00311483694338894,0.978124608674275,0.849366150278798,0.527881841356268
"ETH",2020-06-02,2020-06-03,-0.102357565536069,-0.156001562046376,-0.144964659855179,-0.210442093036412,0.00302521512669387,0.968660010758372,0.850666293173842,0.434266607728437
"ETH",2020-06-03,2020-06-04,-0.0988866635709064,-0.150806236815295,-0.139751172353417,-0.204476555895428,0.00282615193073176,0.927269087086942,0.85635212534642,0.34367923651829
"ETH",2020-06-04,2020-06-05,-0.0962884421417464,-0.1456324268132,-0.135409444538993,-0.198537354133054,0.00265421930021985,0.651043193618805,0.894297015981081,0.338994106951499
"ETH",2020-06-05,2020-06-06,-0.0919513970106294,-0.140040764022274,-0.130198945730408,-0.189577074596096,0.00244470426099563,0.8674022683984,0.864575973803421,0.296992461996735
"ETH",2020-06-06,2020-06-07,-0.0893544033904521,-0.137881044781586,-0.126728372122312,-0.186115458358492,0.00232764637193566,0.74029924022888,0.882035996984713,0.284237634487711
"ETH",2020-06-07,2020-06-08,-0.0876268845147359,-0.132699049601751,-0.123258483317659,-0.181965789271047,0.00221166870829348,0.809663228079136,0.872507531351329,0.252043514210472
"ETH",2020-06-08,2020-06-09,-0.0858999168967219,-0.130951806344234,-0.121527412334019,-0.177690695178218,0.00213437208784019,0.75366289906726,0.880200243765728,0.233760604241693
"ETH",2020-06-09,2020-06-10,-0.0841731456925724,-0.129486256600866,-0.118927746407121,-0.176458474213157,0.00206539848955287,0.772628652913315,0.877594936035678,0.281531857413711
"ETH",2020-06-10,2020-06-11,-0.0833151143526316,-0.127061636051554,-0.118065930376202,-0.172364835906643,0.00201508345311985,0.860242545851154,0.865559498141487,0.91801236356415
"ETH",2020-06-11,2020-06-12,-0.0902550619675522,-0.139128216279049,-0.128485180118841,-0.187100134354735,0.00237703250809475,0.975375282177103,0.849743822668393,0.459595429183525
"ETH",2020-06-12,2020-06-13,-0.0893942880010108,-0.136587853496581,-0.126752302888648,-0.184843250447896,0.00231496930424388,0.92758193018734,0.856309150384582,0.281378941881222
"ETH",2020-06-13,2020-06-14,-0.0885363000837976,-0.133566538774093,-0.124152650596134,-0.183710941496166,0.00223954773586442,0.685328935066342,0.889587215993756,0.418523655791821
"ETH",2020-06-14,2020-06-15,-0.0859383163784928,-0.132777510377121,-0.122420310740355,-0.178611008040839,0.00216086352844731,0.944732819062713,0.853953148944991,0.249369920537904
"ETH",2020-06-15,2020-06-16,-0.0859492663847232,-0.130217232061925,-0.120690094666474,-0.17889441918209,0.00211814511195584,0.688603044436613,0.889137454675507,0.324579640538135
"ETH",2020-06-16,2020-06-17,-0.0842224021377875,-0.127717818505872,-0.1189596437527,-0.174273156790556,0.00204546176361894,0.901968444970629,0.859827650707336,0.223200213697671
"ETH",2020-06-17,2020-06-18,-0.0833650323634259,-0.128109174309798,-0.118098409780606,-0.173601053655865,0.00201661541172087,0.731273539574609,0.883275848976601,0.238599993825654
"ETH",2020-06-18,2020-06-19,-0.082507498224071,-0.125741459767867,-0.116368894352601,-0.172013168551503,0.00196733261501492,0.82654378985065,0.870188664491204,0.247978880701119
"ETH",2020-06-19,2020-06-20,-0.0849480420086162,-0.125525909699715,-0.117996653226718,-0.169062112242504,0.00177945307735186,0.500077340019299,0.652072493851296,0.15989845898501
"ETH",2020-06-20,2020-06-21,-0.0858292605690494,-0.126415960616244,-0.118873946279722,-0.170367460831181,0.00181918813483331,0.359419862103056,0.681253650964185,0.169574405842656
"ETH",2020-06-21,2020-06-22,-0.0841015187677305,-0.126899196145793,-0.118011866359295,-0.167573405993731,0.00176754292272763,0.42830744509596,0.666962058279435,0.972728690050087
"ETH",2020-06-22,2020-06-23,-0.087572892160899,-0.130005045353241,-0.122355150812663,-0.176456190143279,0.00187125360304867,0.980518294326501,0.552398994946007,0.30055644373777
"ETH",2020-06-23,2020-06-24,-0.0919313601918988,-0.137261856558245,-0.12844843704534,-0.181046507105839,0.0021290837328887,0.282243793748722,0.697264793843798,0.552416467889402
"ETH",2020-06-24,2020-06-25,-0.0858511542916489,-0.128647977856076,-0.120627179736834,-0.172214030426139,0.00181486310928362,0.885967346774323,0.572014774331272,0.292449434592916
"ETH",2020-06-25,2020-06-26,-0.0893391418114567,-0.132877506598297,-0.124980607111498,-0.17555436982195,0.00199232787444499,0.390241139377318,0.674859390609995,0.277982515630416
"ETH",2020-06-26,2020-06-27,-0.0867417119381303,-0.128499547681129,-0.120640869567062,-0.172865502724938,0.00185593766235637,0.533402102777583,0.645158854049092,0.70140494712039
"ETH",2020-06-27,2020-06-28,-0.0841381001608084,-0.127249377307351,-0.118905051723555,-0.168997946345512,0.00174857132679214,0.916384059124564,0.565704446042302,0.359735716027599
"ETH",2020-06-28,2020-06-29,-0.0876248820204968,-0.130118032212384,-0.122388148942727,-0.173473722074839,0.00189934826418249,0.526786694990263,0.646531303327065,0.325718142841435
"ETH",2020-06-29,2020-06-30,-0.0858970906040604,-0.127832369410731,-0.119787648003394,-0.17163655131273,0.00181863606171889,0.596402664997958,0.632088597624845,0.257337783140346
"ETH",2020-06-30,2020-07-01,-0.0859077318009244,-0.129505258980596,-0.120663460381796,-0.170711150847916,0.00184490962335578,0.454339407436966,0.661561401348262,0.477875382776206
"ETH",2020-07-01,2020-07-02,-0.0833103688745511,-0.123254940760703,-0.116325219015433,-0.166579569690709,0.00168112767314714,0.796432251307799,0.590589952321325,0.405995741980637
"ETH",2020-07-02,2020-07-03,-0.0841886362454997,-0.126231234253868,-0.118069049197125,-0.168324760418646,0.00174408913170043,0.653134940978468,0.620318775761944,0.224368839412063
"ETH",2020-07-03,2020-07-04,-0.0859369047941243,-0.12940194448823,-0.120682167727211,-0.170197812760404,0.00184463226092163,0.377562290725957,0.677489776708104,0.356226286122068
"ETH",2020-07-04,2020-07-05,-0.0833414009654423,-0.123080292979395,-0.116345952246465,-0.165736276925423,0.00167930529355583,0.689912540426425,0.612688801702799,0.192192711329878
"ETH",2020-07-05,2020-07-06,-0.0859578909255375,-0.128222861036668,-0.119827181844713,-0.170790580297078,0.00183129397068004,0.330675696854484,0.687216988389423,0.94156148080367
"ETH",2020-07-06,2020-07-07,-0.0850870821327941,-0.128526458729754,-0.119825657452726,-0.172652067359775,0.00177309943687994,0.983294704156969,0.551822993920872,0.316266959492155
"ETH",2020-07-07,2020-07-08,-0.0903079295063111,-0.134113767425408,-0.125911095931339,-0.178211422202625,0.0020288459623404,0.343405145971366,0.684576104590401,0.561795592477009
"ETH",2020-07-08,2020-07-09,-0.0842364684246902,-0.127842158146746,-0.118968752757875,-0.170140867835559,0.00174946910496165,0.894318497822252,0.570282223354151,0.413113621232816
"ETH",2020-07-09,2020-07-10,-0.0843030836316718,-0.118111165464681,-0.112937849908484,-0.152277725284148,0.00163901240754724,0.334788211314129,0.415319219311414,0.237640434744308
"ETH",2020-07-10,2020-07-11,-0.0843145265077743,-0.117420846567818,-0.112945965780962,-0.14933634840737,0.00161560555854208,0.204997481502815,0.441089033204654,0.230831222567322
"ETH",2020-07-11,2020-07-12,-0.0834581657864639,-0.114819119958229,-0.111218839165298,-0.148155031530372,0.00155240362553897,0.238533192100749,0.434430552879112,0.228848653734954
"ETH",2020-07-12,2020-07-13,-0.0826020430685634,-0.114630390727998,-0.110359558469856,-0.147251189378752,0.00151611777688548,0.238864147383165,0.434364842053329,0.220274825656153
"ETH",2020-07-13,2020-07-14,-0.0817459209489184,-0.115279637135392,-0.110367657781099,-0.144558346353771,0.00148994818209791,0.234836788163719,0.4351644700215,0.183000028823122
"ETH",2020-07-14,2020-07-15,-0.0817575015197267,-0.114664603551739,-0.109508732064036,-0.146311819086472,0.00147553070437982,0.208749876337183,0.440343999128058,0.22970129641954
"ETH",2020-07-15,2020-07-16,-0.0817686275826693,-0.112237125288879,-0.10951680204102,-0.143111949394646,0.00144554150991161,0.247691851400918,0.432612110637358,0.560966815359283
"ETH",2020-07-16,2020-07-17,-0.0800440021136911,-0.110608511535788,-0.107789574598123,-0.142139496783396,0.00138792200473518,0.437035149417582,0.395018196504083,0.170945639571647
"ETH",2020-07-17,2020-07-18,-0.0826565431188487,-0.113295746925566,-0.11039895893911,-0.144286851143174,0.00147723811608646,0.166233431454371,0.448785594869334,0.3281556391644
"ETH",2020-07-18,2020-07-19,-0.08093360639728,-0.111874186072415,-0.108673036204347,-0.142893791173936,0.00141392762466818,0.308708300832856,0.42049735830818,0.388197293927786
"ETH",2020-07-19,2020-07-20,-0.0809443720356247,-0.112002426446156,-0.108680869924163,-0.143136887618365,0.00141496074971776,0.309982866953234,0.420244294535717,0.330722524339477
"ETH",2020-07-20,2020-07-21,-0.0809550772918858,-0.113145506598616,-0.108688659706379,-0.144462625446316,0.00142499491537308,0.276613335464774,0.426869780172576,0.8930794452164
"ETH",2020-07-21,2020-07-22,-0.0774941986007485,-0.111503922830431,-0.106092874966499,-0.143341493990727,0.00135816147261079,0.720127897952298,0.338810426851574,0.944589764381757
"ETH",2020-07-22,2020-07-23,-0.086148029968798,-0.12496288834919,-0.118217338706899,-0.160654766185119,0.00185417287143867,0.825092913917709,0.317969732522619,0.59251570306582
"ETH",2020-07-23,2020-07-24,-0.0896189380197294,-0.127448076832191,-0.120820183965901,-0.164324502319565,0.00197627804968674,0.466867939389296,0.389094927202764,0.384236317746031
"ETH",2020-07-24,2020-07-25,-0.0887618100251036,-0.124499983150293,-0.11909326653962,-0.159347046378249,0.00189445432472739,0.291676430578857,0.423879018364622,0.800066664089045
"ETH",2020-07-25,2020-07-26,-0.0948090331467397,-0.138061960160259,-0.129481069431809,-0.179517259045244,0.00239024514635001,0.800462319111574,0.322860111405276,0.436278999380452
"ETH",2020-07-26,2020-07-27,-0.094817810202713,-0.134453228711107,-0.126886244248461,-0.173651773382536,0.00228273186875371,0.245649595826326,0.433017598349433,0.506035668907821
"ETH",2020-07-27,2020-07-28,-0.0913556515384985,-0.130597352430905,-0.123422437569014,-0.16908633381446,0.00213394093190743,0.526493948577333,0.377256245332293,0.388640389649565
"ETH",2020-07-28,2020-07-29,-0.0904979741687388,-0.127124586221886,-0.120828465124586,-0.165047457704572,0.00202753258106292,0.281900147435653,0.425820089175567,0.31969567806775
"ETH",2020-07-29,2020-07-30,-0.0886212862367957,-0.123302767909746,-0.11813016481221,-0.155219097302107,0.001814244881037,0.230350334648005,0.415350917839317,0.688314589855881
"ETH",2020-07-30,2020-07-31,-0.0877522754865857,-0.123740781559598,-0.118129414670815,-0.158611785821627,0.00182827594121673,0.703762129058116,0.332374297313401,0.485973600525567
"ETH",2020-07-31,2020-08-01,-0.0894956466278584,-0.125150080273141,-0.119870332681147,-0.157281654411096,0.00187402595475253,0.35415278245075,0.393651609007546,0.797359180058969
"ETH",2020-08-01,2020-08-02,-0.104215168161403,-0.14810131537162,-0.139812300088549,-0.193373571525015,0.0028072513362314,0.801016321607278,0.315328198494165,0.5091714813441
"ETH",2020-08-02,2020-08-03,-0.102481839755397,-0.143356364113131,-0.136341212005381,-0.184039734245747,0.00265261126615547,0.346522266667969,0.394989037478912,0.478476337234714
"ETH",2020-08-03,2020-08-04,-0.0981465590067652,-0.138244257458134,-0.131135534556579,-0.176401133746421,0.00242080668656863,0.412155598352891,0.383485242851537,0.406708588853091
"ETH",2020-08-04,2020-08-05,-0.0946837566955255,-0.132655632401368,-0.12593302237912,-0.168973487083119,0.0022014079891823,0.274809628390397,0.407558374456849,0.429708200060905
"ETH",2020-08-05,2020-08-06,-0.0920879849183711,-0.12708620596413,-0.122466424253879,-0.162515981119071,0.00202988705652429,0.369409225468147,0.390977556316469,0.382985967931061
"ETH",2020-08-06,2020-08-07,-0.0903612917301926,-0.124048295545289,-0.119868832938239,-0.158456370904258,0.00191155452511611,0.290323390756862,0.404839220460242,0.51074880281989
"ETH",2020-08-07,2020-08-08,-0.0886305109277044,-0.122054314549335,-0.118136498816567,-0.156686954447811,0.00182970122682485,0.489248270315121,0.36997292764885,0.489513415610044
"ETH",2020-08-08,2020-08-09,-0.0886377486336503,-0.121823374045233,-0.118141468485626,-0.155354058555687,0.00181261512430518,0.412243557593893,0.383469825912946,0.324886565727604
"ETH",2020-08-09,2020-08-10,-0.0877804373363522,-0.122065191974548,-0.117280913939526,-0.152665388246496,0.0017614677511825,0.223023402824067,0.416635136037412,0.34640457634588
"ETH",2020-08-10,2020-08-11,-0.0860553398147579,-0.119403034266793,-0.114685129217237,-0.15154640015035,0.00166354589421777,0.300014819246434,0.403140568264355,0.659440039769672
"ETH",2020-08-11,2020-08-12,-0.0843228723192895,-0.119206071397518,-0.113819430897507,-0.151430052832515,0.00163009558867737,0.628312630257062,0.345598607532977,0.420483047427898
"ETH",2020-08-12,2020-08-13,-0.086934840676227,-0.12008000771657,-0.115561066829602,-0.153183035474963,0.00169346959619227,0.291896689920792,0.404563462548756,0.866233992408931
"ETH",2020-08-13,2020-08-14,-0.0947198738796492,-0.13505425495323,-0.127691688174597,-0.174687883136547,0.00223649298734402,0.848929658474926,0.306930252312129,0.492029165651791
"ETH",2020-08-14,2020-08-15,-0.0955942840036912,-0.133624802741252,-0.127695940968937,-0.168380178625196,0.00221575684757143,0.304915856554278,0.40228154549036,0.386239055375777
"ETH",2020-08-15,2020-08-16,-0.0921332094882744,-0.128478629586823,-0.122496501838648,-0.163407363982325,0.00201965426088957,0.274003261965009,0.407699709256012,0.333954843964357
"ETH",2020-08-16,2020-08-17,-0.0895411495705165,-0.124725205199301,-0.119033595822479,-0.158209538146694,0.00186919815414676,0.234803202351234,0.414570447394715,0.303836604693835
"ETH",2020-08-17,2020-08-18,-0.0878169562635903,-0.121107615751076,-0.116438766086101,-0.154432022100746,0.00175166425154389,0.226884425934324,0.415958400364062,0.40758860107537
"ETH",2020-08-18,2020-08-19,-0.0860122872449661,-0.119701999989674,-0.114654818663616,-0.151041291108251,0.00178154735303261,0.300485994078977,0.33470226547626,0.627830102632661
"ETH",2020-08-19,2020-08-20,-0.0860160251941664,-0.121193201830214,-0.11465745031395,-0.156114452918939,0.00181941184061927,0.48977253128356,0.310187204993498,0.437724226047119
"ETH",2020-08-20,2020-08-21,-0.0868932291982538,-0.119630074390812,-0.114664044335803,-0.154328449375345,0.00180309936369421,0.268903960036681,0.338792548314911,0.824282311694211
"ETH",2020-08-21,2020-08-22,-0.0920882790425226,-0.130038693050825,-0.12333457246255,-0.169874362762337,0.00221560871926468,0.718837594544212,0.280520309696802,0.444399084600742
"ETH",2020-08-22,2020-08-23,-0.0920971175622999,-0.127144193280956,-0.121604630101681,-0.164148365461892,0.00212594324099605,0.226316552401738,0.344308169707711,0.346809380651023
"ETH",2020-08-23,2020-08-24,-0.0895037526234471,-0.122834761917008,-0.1181402539787,-0.15781041672376,0.00195679528326975,0.208319775126854,0.346638985675419,0.596135107875255
"ETH",2020-08-24,2020-08-25,-0.0886399592105518,-0.123438433965726,-0.118142986347185,-0.159096477843992,0.00196074175149543,0.50058751829716,0.308786523969511,0.727824207806557
"ETH",2020-08-25,2020-08-26,-0.0929717437373589,-0.130621251523839,-0.1242126416444,-0.170064796365897,0.00225553800709787,0.608266983069093,0.294840637322632,0.378229780272248
"ETH",2020-08-26,2020-08-27,-0.0912465697846655,-0.127873198627074,-0.120748500446323,-0.163816035786236,0.00210148988688018,0.17004990620247,0.351595429832536,0.341890098129256
"ETH",2020-08-27,2020-08-28,-0.0886536658481021,-0.123203378644907,-0.117284788053411,-0.157783800920689,0.00193139414900204,0.214813009904882,0.345798027593228,0.513218112028925
"ETH",2020-08-28,2020-08-29,-0.0877928551791071,-0.120876443332257,-0.116421928342147,-0.155971264352862,0.00188029990714934,0.404232230180711,0.321265782932634,0.349431367057887
"ETH",2020-08-29,2020-08-30,-0.0869356824977177,-0.120228599966778,-0.114694203467096,-0.15448916815509,0.00181086013027804,0.203077018102199,0.347317990677327,0.802540872367021
"ETH",2020-08-30,2020-08-31,-0.0903983460417548,-0.128838774283625,-0.12162909956683,-0.16631994900467,0.00212971681013679,0.707143320844832,0.282034869745689,0.420029723512823
"ETH",2020-08-31,2020-09-01,-0.0904077572246412,-0.126917363432459,-0.119900464378122,-0.161935695748083,0.00204968579705219,0.204144297535226,0.347179764154517,0.779249376418337
"ETH",2020-09-01,2020-09-02,-0.10166063054118,-0.147309563658329,-0.137235780079531,-0.192207277625111,0.00291450072411746,0.725017977292289,0.27971987000831,0.594637526413537
"ETH",2020-09-02,2020-09-03,-0.108585183919409,-0.15619820128287,-0.14590422574315,-0.204915800992131,0.0033942601776187,0.525164995006347,0.305603422112731,0.459991982364292
"ETH",2020-09-03,2020-09-04,-0.12937315693708,-0.188506021970243,-0.175406602774482,-0.248479129184777,0.00517679063474696,0.490400352598123,0.310105893994173,0.508742344843828
"ETH",2020-09-04,2020-09-05,-0.118089192206388,-0.171425352067079,-0.15890672578551,-0.22539940940337,0.00420979519672597,0.236327313661642,0.343011646344828,0.338592967804111
"ETH",2020-09-05,2020-09-06,-0.140629401354833,-0.204135465293753,-0.191047454637011,-0.271054592456378,0.00628685275100637,0.429783104544169,0.317956613460477,0.45446326981102
"ETH",2020-09-06,2020-09-07,-0.131933896230073,-0.19354385974976,-0.179746692716426,-0.256094039659859,0.00553050259757894,0.377357459032045,0.324746414201501,0.517383775458893
"ETH",2020-09-07,2020-09-08,-0.136226877610361,-0.197421418627731,-0.187576118899609,-0.260389206423784,0.00500737732246794,0.477693722424409,0.909823845214278,0.491708880167849
"ETH",2020-09-08,2020-09-09,-0.122302627141163,-0.179353367443881,-0.169299486080195,-0.238791325264996,0.00410475304905806,0.981036907787082,0.81662259577975,0.489568923196377
"ETH",2020-09-09,2020-09-10,-0.115342667962039,-0.169429203316198,-0.159726919835088,-0.225993429157567,0.00367240297393656,0.954540273378224,0.821528829746017,0.488838426936812
"ETH",2020-09-10,2020-09-11,-0.109254017359593,-0.16175981288456,-0.151895793515392,-0.214726838856649,0.00333216673451868,0.952518111199216,0.82190326223487,0.444939134055122
"ETH",2020-09-11,2020-09-12,-0.102300735255754,-0.151054651857795,-0.141457346589762,-0.20253484930686,0.00292302447645302,0.810872191995333,0.848131046837918,0.463853275977545
"ETH",2020-09-12,2020-09-13,-0.0970864968167812,-0.143739926415346,-0.134499914292343,-0.193117770729053,0.00267299338486046,0.937955348562914,0.824599767745209,0.555966452676891
"ETH",2020-09-13,2020-09-14,-0.098824758853161,-0.146467430944919,-0.137109120719953,-0.196218679907732,0.00276738502679173,0.964495956664479,0.819685391415597,0.452821373429924
"ETH",2020-09-14,2020-09-15,-0.0944821125764828,-0.141149995051727,-0.131893049952598,-0.186870188615229,0.0025531129983742,0.903312240220085,0.831014438839884,0.46718805072588
"ETH",2020-09-15,2020-09-16,-0.0918781661754089,-0.136823980694302,-0.127546659197729,-0.183507791282285,0.00242474015381964,0.930334535967562,0.826010871096259,0.351371123209528
"ETH",2020-09-16,2020-09-17,-0.0884093584387046,-0.132605278703753,-0.123203816238298,-0.175281279040318,0.00222313976250842,0.63065195954032,0.881501421815948,0.686872862158636
"ETH",2020-09-17,2020-09-18,-0.0944937699457311,-0.141871434161408,-0.131899768731918,-0.188359629257583,0.00257283155691316,0.977120678784775,0.817347742055096,0.415057133966579
"ETH",2020-09-18,2020-09-19,-0.0910231777022807,-0.135461512509665,-0.126685851145226,-0.180250695539098,0.00236717588945782,0.832162876292287,0.844188769609386,0.339196429697155
"ETH",2020-09-19,2020-09-20,-0.0875548283455896,-0.129144035485662,-0.121473964218704,-0.172460953983824,0.00217247077820209,0.715699953746888,0.865753559219494,0.537383773997366
"ETH",2020-09-20,2020-09-21,-0.0866899235664726,-0.129365562767215,-0.120607359444225,-0.173272012773682,0.00218981602577744,0.955879647863199,0.821280825245131,0.783730400170332
"ETH",2020-09-21,2020-09-22,-0.100590097854915,-0.150955227757017,-0.140602420170245,-0.199259856856642,0.00288290033167692,0.965589413009162,0.819482922204748,0.396071985982884
"ETH",2020-09-22,2020-09-23,-0.0962509386660916,-0.142866391976802,-0.133649437377875,-0.189287871449688,0.00258438240742045,0.589150353405912,0.889186042682483,0.664720075459874
"ETH",2020-09-23,2020-09-24,-0.101461192237383,-0.149525989086679,-0.14060307442158,-0.200555656955023,0.00289559822534818,0.981827220930958,0.81647625790413,0.654430114120503
"ETH",2020-09-24,2020-09-25,-0.111885702423958,-0.165928568883093,-0.155384857513618,-0.220675339443099,0.00349048722895187,0.973677354232739,0.817985323251764,0.432000419668728
"ETH",2020-09-25,2020-09-26,-0.10493469620561,-0.15595361289289,-0.145819249989757,-0.205815933069781,0.00305679030714836,0.620477959169997,0.883385284702814,0.390051558705911
"ETH",2020-09-26,2020-09-27,-0.0971154225495962,-0.142565658992204,-0.134516212547888,-0.190490837408073,0.00263360012985252,0.761986767826763,0.857182888094823,0.355573675190341
"ETH",2020-09-27,2020-09-28,-0.0919666277645736,-0.129075368520758,-0.121516596314698,-0.167876738895893,0.00248616438677179,0.752569797347935,0.60736429025938,0.324229109582466
"ETH",2020-09-28,2020-09-29,-0.0893702979444904,-0.125050368378766,-0.11717875257537,-0.164199735232412,0.00228068408715474,0.762719651706807,0.605980762931229,0.32804808085876
"ETH",2020-09-29,2020-09-30,-0.0876429461060138,-0.121994283072203,-0.115448280641638,-0.157337670302782,0.00213597811520527,0.73415686652264,0.609874158094664,0.273801898447226
"ETH",2020-09-30,2020-10-01,-0.085916501517033,-0.120649210089784,-0.112849752950174,-0.155346757240038,0.00201144362395215,0.783609748148519,0.603133232484692,0.404514674861119
"ETH",2020-10-01,2020-10-02,-0.0850570265497106,-0.119225666073543,-0.111987704405552,-0.153826018590481,0.00194968404784166,0.647322459358677,0.621710561956961,0.383965150719189
"ETH",2020-10-02,2020-10-03,-0.0850668128406974,-0.117564659754475,-0.111994794029689,-0.150184022323256,0.00190432439115094,0.693186847629292,0.615458784116834,0.235704063923022
"ETH",2020-10-03,2020-10-04,-0.084209645739406,-0.11712796285024,-0.111134492117394,-0.146758540624426,0.00183553895179403,0.803429594539826,0.600431587894279,0.349318166132956
"ETH",2020-10-04,2020-10-05,-0.0833515656540489,-0.116071676375418,-0.110273579161016,-0.145587067686978,0.00178513345936274,0.70070806782242,0.614433566088052,0.205093389081919
"ETH",2020-10-05,2020-10-06,-0.0833630780617743,-0.114787161118506,-0.10941362316876,-0.144976420452301,0.00174381729884975,0.812223457542568,0.599232895838794,0.79315564372056
"ETH",2020-10-06,2020-10-07,-0.0833680664908725,-0.115867299986347,-0.110285612522367,-0.149719850351596,0.00180733396125746,0.400425861183537,0.655365053807297,0.252954384309649
"ETH",2020-10-07,2020-10-08,-0.0842477106030093,-0.116809134726978,-0.110293952352021,-0.148664613473076,0.00179935635501444,0.835109282972715,0.59611332744004,0.571915399280135
"ETH",2020-10-08,2020-10-09,-0.083387815422961,-0.115516089464154,-0.110300014582013,-0.1468513608229,0.00177980676697536,0.546535616750906,0.63544882323004,0.797144206517833
"ETH",2020-10-09,2020-10-10,-0.0851271630855411,-0.119319306155788,-0.11290662253715,-0.154029724891106,0.00193259266790817,0.387233839205943,0.657163259207517,0.354056550513321
"ETH",2020-10-10,2020-10-11,-0.0860056238357311,-0.117951283528399,-0.112914096866364,-0.149898350511571,0.00190343742287442,0.77710206698494,0.604020294940404,0.265862897473153
"ETH",2020-10-11,2020-10-12,-0.0842806237259363,-0.117349447301969,-0.111186084045929,-0.147209254822576,0.0018216932426956,0.781122043145586,0.603472331720429,0.677799567196118
"ETH",2020-10-12,2020-10-13,-0.0842865534064283,-0.116945092489136,-0.11119039416611,-0.151698931445876,0.00185839339855832,0.446586681691246,0.649072869269058,0.371354214302869
"ETH",2020-10-13,2020-10-14,-0.0851643058078534,-0.116357701054317,-0.111197644317787,-0.150205497961947,0.00184721100661371,0.749111549214046,0.607835684294368,0.25586314224035
"ETH",2020-10-14,2020-10-15,-0.0843074126294604,-0.114898439963619,-0.110337874107163,-0.146410494319697,0.00178335164349909,0.788932636077791,0.602407669274182,0.213059129490864
"ETH",2020-10-15,2020-10-16,-0.0834508720502294,-0.114021596565177,-0.10947841436548,-0.143881180877266,0.00172814581454829,0.80453912971374,0.600280347080334,0.671095672662625
"ETH",2020-10-16,2020-10-17,-0.0825903808530916,-0.115012517040037,-0.109483604016532,-0.146078871608651,0.00174202844414986,0.496721974538768,0.642238924139712,0.248496773068168
"ETH",2020-10-17,2020-10-18,-0.0816971230898853,-0.111449210000976,-0.106861705594403,-0.144643092770463,0.00165630568348338,0.8342154281976,0.589186827509236,0.580866098424446
"ETH",2020-10-18,2020-10-19,-0.079103069504136,-0.112276036496001,-0.106000759271458,-0.143616016445197,0.0016177958221895,0.537488006200306,0.651933362640114,0.229190434369923
"ETH",2020-10-19,2020-10-20,-0.0808502355268599,-0.112377885918959,-0.106877237150667,-0.142112724098512,0.00163269585195414,0.833509284087462,0.589336150062292,0.654268122813449
"ETH",2020-10-20,2020-10-21,-0.0791231185473888,-0.111078968478662,-0.106015607307674,-0.142694081470073,0.00160739787774059,0.493280945155494,0.661281470375525,0.911833460061525
"ETH",2020-10-21,2020-10-22,-0.0851902966023258,-0.123123555618097,-0.115554438838968,-0.160682514532719,0.00205571343122184,0.274203034959144,0.707608094642358,0.72401592137612
"ETH",2020-10-22,2020-10-23,-0.0903942894969842,-0.128343751698114,-0.120758855227587,-0.169990804700117,0.00233225680720891,0.440106245192438,0.672525891793833,0.383490190359433
"ETH",2020-10-23,2020-10-24,-0.0886692781323221,-0.124129019358911,-0.117295651900956,-0.160461071988755,0.00216148687613703,0.791232343716951,0.598276110873222,0.320388318613641
"ETH",2020-10-24,2020-10-25,-0.0852104881469367,-0.120097798297252,-0.112966246247748,-0.154772642788501,0.00198083827315037,0.761478671681533,0.604567877960593,0.33530695039808
"ETH",2020-10-25,2020-10-26,-0.083486215207021,-0.116661890267001,-0.110371773376502,-0.151483555117374,0.00186718466657332,0.725581107111431,0.612158844044043,0.559666090988522
"ETH",2020-10-26,2020-10-27,-0.082625559214817,-0.116867406255626,-0.110376559320178,-0.152340327415828,0.00186401351128096,0.514892295845812,0.656711493774818,0.482815970459771
"ETH",2020-10-27,2020-10-28,-0.0835014993911828,-0.116451114647121,-0.110382919484602,-0.152561093558122,0.0018621106493423,0.64670488763647,0.628838156805105,0.648806790656152
"ETH",2020-10-28,2020-10-29,-0.0835059685075117,-0.118427686780751,-0.112120385725988,-0.153755944728976,0.00192122563981098,0.459723183774375,0.668377657304393,0.306272930271541
"ETH",2020-10-29,2020-10-30,-0.084384081612818,-0.116110703852398,-0.111261284712605,-0.149099192265232,0.00186075284185854,0.824230213931504,0.591298319576668,0.280914653177334
"ETH",2020-10-30,2020-10-31,-0.081794130972888,-0.115165379679325,-0.108668388669572,-0.146447421428229,0.0017543884204137,0.759396550835479,0.605008167125424,0.2614411410469
"ETH",2020-10-31,2020-11-01,-0.0809385168499657,-0.113518411009374,-0.10694297856149,-0.145712234055833,0.00168871975043977,0.776115097658161,0.601472831973434,0.496822132455022
"ETH",2020-11-01,2020-11-02,-0.0800810314234385,-0.11217397051144,-0.106949867775309,-0.143304595066262,0.00165869647779097,0.598400399402259,0.639052714150582,0.64018757023435
"ETH",2020-11-02,2020-11-03,-0.0809548375158715,-0.112881654214547,-0.107821808739967,-0.146486634096138,0.00170559953784705,0.537338937885965,0.65196488490442,0.328593773994814
"ETH",2020-11-03,2020-11-04,-0.0818322608920513,-0.113204267428789,-0.107829788186829,-0.145710331667704,0.00170077983988741,0.780433163814954,0.600559725635027,0.683942362920629
"ETH",2020-11-04,2020-11-05,-0.0801056964005731,-0.114528943506884,-0.107834608824412,-0.147309142164934,0.00171105023049683,0.449771050984313,0.670482153901086,0.700493042741044
"ETH",2020-11-05,2020-11-06,-0.0827106091834939,-0.116558063807525,-0.110438045661169,-0.151834090830082,0.00182900643279175,0.496413127955232,0.660619133147785,0.88213503468337
"ETH",2020-11-06,2020-11-07,-0.0964482443761872,-0.140028361431892,-0.130290477068777,-0.186060269157165,0.00317563552352244,0.277569774294157,0.652658527351014,0.55709040211172
"ETH",2020-11-07,2020-11-08,-0.0947149903577859,-0.136937644437177,-0.127688632966338,-0.179704318914219,0.00306523925466749,0.50290802295114,0.610858830210687,0.528563107220809
"ETH",2020-11-08,2020-11-09,-0.0921154302467736,-0.134408204473992,-0.124220062916756,-0.178191773559688,0.00297572102359394,0.474916436831569,0.616051201364936,0.446983070741451
"ETH",2020-11-09,2020-11-10,-0.0886529836082736,-0.129319383443498,-0.119019545418541,-0.171083391814503,0.00273544336915028,0.638434265426491,0.585719041809032,0.394106908621975
"ETH",2020-11-10,2020-11-11,-0.085192867245613,-0.124612428320252,-0.114688685655681,-0.163556421073193,0.00252200549520157,0.677457925358571,0.578480247790751,0.464853795701425
"ETH",2020-11-11,2020-11-12,-0.0834660153124498,-0.123373642451046,-0.112959399913849,-0.162352693894947,0.00245557844997799,0.541836077822213,0.603637770698727,0.324935061672233
"ETH",2020-11-12,2020-11-13,-0.081742708632059,-0.119365143664575,-0.109498002458818,-0.156688321407855,0.00226877189034852,0.758790859377774,0.563393186318502,0.50107924267021
"ETH",2020-11-13,2020-11-14,-0.0817506447108043,-0.117266014651759,-0.10950375867044,-0.157461759005472,0.0022752672961627,0.496260189132095,0.612091987217682,0.526149985082698
"ETH",2020-11-14,2020-11-15,-0.0817579503611278,-0.118629467930593,-0.109509057618529,-0.158407726752562,0.00226622881144169,0.538381027318794,0.604278674164998,0.520416881184799
"ETH",2020-11-15,2020-11-16,-0.0817654941896885,-0.118300864271963,-0.109514529322506,-0.1576486396831,0.00224931352524811,0.539378737426412,0.604093601366301,0.515963880546476
"ETH",2020-11-16,2020-11-17,-0.0817735559050274,-0.117551741464595,-0.1095203766611,-0.156238155840177,0.00222850538188424,0.545147058500629,0.603023591834642,0.678846432219622
"ETH",2020-11-17,2020-11-18,-0.0835109677395351,-0.121076025878466,-0.112991004021974,-0.159679598451337,0.00236937598384141,0.399638530305724,0.630015069961998,0.334322248182921
"ETH",2020-11-18,2020-11-19,-0.0826550355160804,-0.116664481219176,-0.109530905479931,-0.154684074145174,0.00219675590001385,0.77752853970185,0.559917392185342,0.379594627153518
"ETH",2020-11-19,2020-11-20,-0.0800642321571192,-0.116134187168025,-0.107804341676237,-0.151084027468568,0.00211744634624351,0.624768594152139,0.58825399059776,0.862821417561404
"ETH",2020-11-20,2020-11-21,-0.0913193365799043,-0.13435223462442,-0.124265872772583,-0.177079554379613,0.00290844763276431,0.269976301843144,0.654067098024601,0.672069047380012
"ETH",2020-11-21,2020-11-22,-0.0973790807455507,-0.142876185156386,-0.132063443983948,-0.188346885503583,0.00334473123219622,0.353006785979618,0.638665145133761,0.492329757036918
"ETH",2020-11-22,2020-11-23,-0.0939168925776016,-0.135695072326672,-0.125997673141236,-0.179697600422362,0.00306207830867884,0.603970247437039,0.592112033335254,0.612779166689419
"ETH",2020-11-23,2020-11-24,-0.0982428735147802,-0.144081053987052,-0.133795740385736,-0.190436676631535,0.00351745838888415,0.319720328232504,0.644839702098662,0.427924766198059
"ETH",2020-11-24,2020-11-25,-0.0930499765279523,-0.134177020469186,-0.12426366302957,-0.177817300591727,0.00302395682865279,0.78613077092079,0.558321699213439,0.59035454593
"ETH",2020-11-25,2020-11-26,-0.0947783658613902,-0.14016186756792,-0.129462487776154,-0.185567733693203,0.00334273749449652,0.3259708765439,0.643680240587203,0.600541514353026
"ETH",2020-11-26,2020-11-27,-0.105262388222481,-0.153865145526609,-0.14250996689173,-0.201938637743687,0.00340502664003861,0.446765037249527,0.66195547870057,0.45921469814206
"ETH",2020-11-27,2020-11-28,-0.0966100246001024,-0.140525224705721,-0.129522722324324,-0.184600573783082,0.00282097139036749,0.75993715452439,0.617379593597815,0.509933683506344
"ETH",2020-11-28,2020-11-29,-0.0948802345596512,-0.137134737643035,-0.126925912928486,-0.183792800376674,0.00271016273757724,0.528046602817529,0.650386129043074,0.558387404525623
"ETH",2020-11-29,2020-11-30,-0.096608305997124,-0.141684589091378,-0.130387800968945,-0.186855618530256,0.00284487682633221,0.487840871598181,0.656108880068616,0.556768869274184
"ETH",2020-11-30,2020-12-01,-0.0992009454322842,-0.1444798926469,-0.133848978504955,-0.190913161640573,0.00300152517468563,0.487200769824166,0.656199990041563,0.505428666794096
"ETH",2020-12-01,2020-12-02,-0.0957383823371513,-0.140087006636404,-0.128653166710805,-0.185314541827812,0.00278542021198246,0.591851376709582,0.641304368205716,0.439058353434321
"ETH",2020-12-02,2020-12-03,-0.0914168248558904,-0.129979894238566,-0.121729976635487,-0.172517166835669,0.00244981174586464,0.70183209381561,0.625650076080679,0.470518726844663
"ETH",2020-12-03,2020-12-04,-0.0888256889848464,-0.127010349337214,-0.118270515086217,-0.168665754315057,0.0022940821271953,0.607324600722216,0.639101960591148,0.650664381652027
"ETH",2020-12-04,2020-12-05,-0.0966055564470452,-0.141477677094113,-0.130386129131962,-0.18617998024262,0.00281525578851218,0.411489097442622,0.666976539494256,0.510651628871012
"ETH",2020-12-05,2020-12-06,-0.0940115223638577,-0.135062242607915,-0.125192018976783,-0.180119582755761,0.00261046536611485,0.612444135852616,0.638373262864997,0.414605522155526
"ETH",2020-12-06,2020-12-07,-0.0888249435924997,-0.128169325769922,-0.118270003273039,-0.168521338391831,0.00229658790650023,0.727534393458064,0.621991695616581,0.406271979397835
"ETH",2020-12-07,2020-12-08,-0.0862361000982504,-0.12146978851635,-0.113946442734118,-0.161377140886287,0.00209513350202027,0.68887033132028,0.627495010555525,0.670783218415311
"ETH",2020-12-08,2020-12-09,-0.0914232719569789,-0.13302093283193,-0.122600313828756,-0.176035404424945,0.00245623811132315,0.39434333236354,0.66941701108162,0.510649631014803
"ETH",2020-12-09,2020-12-10,-0.0896969277952548,-0.128837875292183,-0.120006080445205,-0.167762267861084,0.00231898236374247,0.622804362361061,0.636898622432453,0.445216588348034
"ETH",2020-12-10,2020-12-11,-0.0871067913780361,-0.123204896179981,-0.11568166573811,-0.161726612347903,0.00213779465565094,0.662329917365324,0.631272685443476,0.458399980856711
"ETH",2020-12-11,2020-12-12,-0.085382222195783,-0.120182405971585,-0.113089131500478,-0.158320985896775,0.00202493994853679,0.629529956760613,0.635941323533014,0.573960414580226
"ETH",2020-12-12,2020-12-13,-0.0853861435291554,-0.123327721090459,-0.113957743491833,-0.161434167687557,0.00206259596865462,0.510673504064706,0.65285895855492,0.552817600138675
"ETH",2020-12-13,2020-12-14,-0.085391236719401,-0.12349409799663,-0.113961342679607,-0.160857157798192,0.00205705587630639,0.558922743791228,0.645991321087511,0.353190463267402
"ETH",2020-12-14,2020-12-15,-0.0836703831261827,-0.116319603258867,-0.110506079238947,-0.151054038187167,0.00188473436599365,0.769643417878655,0.615998036121301,0.309641667900955
"ETH",2020-12-15,2020-12-16,-0.0810846137931825,-0.113665189850834,-0.107051774157503,-0.147169701397723,0.00174844477377609,0.759010615943641,0.61751147404004,0.823158533736706
"ETH",2020-12-16,2020-12-17,-0.0966249734220498,-0.125145393510879,-0.119140281429581,-0.156703504877873,0.00256253209956193,0.309529514683214,0.337431186082826,0.41174232690486
"ETH",2020-12-17,2020-12-18,-0.0888417271749392,-0.122624569099764,-0.113086268605949,-0.156618574846252,0.00231923072372604,0.462931230322886,0.48047884442348,0.378723142534259
"ETH",2020-12-18,2020-12-19,-0.0853887287177497,-0.11959260326211,-0.110496438038356,-0.15898385966297,0.0022093583314206,0.576888017295982,0.58674396317102,0.349244663077784
"ETH",2020-12-19,2020-12-20,-0.0819367006673332,-0.121313359786771,-0.10963870912818,-0.161095952199023,0.00214129901730927,0.683912099593498,0.686544309567915,0.539402598570471
"ETH",2020-12-20,2020-12-21,-0.0828082021600074,-0.120788800467929,-0.108777325032759,-0.160712407749634,0.00213457770900713,0.63690434402898,0.642709406357647,0.639379924340849
"ETH",2020-12-21,2020-12-22,-0.086273217942195,-0.118082780013431,-0.110510446675661,-0.153390199481391,0.00217696150851449,0.524696200145723,0.53807490365786,0.562710901596672
"ETH",2020-12-22,2020-12-23,-0.0862794111551375,-0.117850196560341,-0.109649524874905,-0.151069423817238,0.00215889662159915,0.471205009132823,0.488194173287012,0.773282656092899
"ETH",2020-12-23,2020-12-24,-0.0983838805379553,-0.124461787635862,-0.120891999119861,-0.151949622611309,0.00260225688574397,0.261371337366685,0.292523510400339,0.538033650044126
"ETH",2020-12-24,2020-12-25,-0.094059841972336,-0.122784398891124,-0.11570117934984,-0.149000536946386,0.00243327699943037,0.233955428141019,0.26695807523126,0.44091145799355
"ETH",2020-12-25,2020-12-26,-0.0897402772612003,-0.116825430300066,-0.111379590740015,-0.144925496156209,0.00224989842789137,0.305640240931866,0.333804424149583,0.392823614610569
"ETH",2020-12-26,2020-12-27,-0.0854225315760437,-0.1179167079597,-0.107925079440449,-0.150358183122505,0.00214422254139338,0.414040193905889,0.434887774961606,0.742936911411756
"ETH",2020-12-27,2020-12-28,-0.0992566691866063,-0.127754233759104,-0.121762877029828,-0.155561298384423,0.0026781827051511,0.235971702124044,0.268838258061304,0.590883561943578
"ETH",2020-12-28,2020-12-29,-0.100119296297571,-0.12691096724357,-0.121760665125459,-0.151216493997817,0.00269363529811576,0.144162860472612,0.183226178962699,0.415809322906448
"ETH",2020-12-29,2020-12-30,-0.091472977412019,-0.120860925643006,-0.113111922390238,-0.151558746064548,0.0023672485375924,0.290956302197696,0.320111597818523,0.44945598981865
"ETH",2020-12-30,2020-12-31,-0.0888844005876855,-0.116947050485533,-0.110521479996077,-0.148569381693014,0.00225249919877502,0.333224885776259,0.359527205897459,0.399072445069887
"ETH",2020-12-31,2021-01-01,-0.0854317655495638,-0.11795881287266,-0.108797579870493,-0.150117360662473,0.00217163514911132,0.433022161050506,0.452588528433716,0.356515130548676
"ETH",2021-01-01,2021-01-02,-0.0828458587748101,-0.118928398275625,-0.107939889310858,-0.155147072438281,0.00212392526528773,0.555942273327522,0.567211980660935,0.719401987743916
"ETH",2021-01-02,2021-01-03,-0.0906304727039041,-0.121333781771365,-0.113129347496591,-0.1538399710836,0.00233432325953105,0.371269775730967,0.39500420429448,0.480160355246038
"ETH",2021-01-03,2021-01-04,-0.141689774279682,-0.218570017686088,-0.204642419027201,-0.294906196038816,0.00726026002779861,0.996590459788574,0.97811801885265,0.537893620763635
"ETH",2021-01-04,2021-01-05,-0.134392234957594,-0.207216034070051,-0.193692444968087,-0.281168942779222,0.00652763568901567,0.98363839906378,0.966040175070774,0.44859124177743
"ETH",2021-01-05,2021-01-06,-0.136195141565586,-0.207199163746293,-0.194635485002389,-0.282156952856199,0.00658490015018003,0.949888947079299,0.933852347276371,0.393910123048724
"ETH",2021-01-06,2021-01-07,-0.13253776679711,-0.201520331460308,-0.187335136251754,-0.274123874128011,0.00621912482890211,0.886509621535653,0.875339680938816,0.528020990128564
"ETH",2021-01-07,2021-01-08,-0.122495510877903,-0.189164176813822,-0.175460810943808,-0.259513473281563,0.00536898239214427,0.904568295745918,0.892011697712427,0.514515660030603
"ETH",2021-01-08,2021-01-09,-0.114281856404429,-0.177841171891352,-0.164502018634136,-0.246438639703774,0.00467239613833131,0.91947077574989,0.90576987252093,0.490585221203148
"ETH",2021-01-09,2021-01-10,-0.10971662013017,-0.170910981753603,-0.157197282459274,-0.234478384898077,0.00429194794648696,0.872473415303115,0.862381262008276,0.471321796443597
"ETH",2021-01-10,2021-01-11,-0.10333026957452,-0.162977670467729,-0.148980530930814,-0.223572717421265,0.00382195030647551,0.884797475091652,0.87375900375837,0.43358806856439
"ETH",2021-01-11,2021-01-12,-0.129777747947935,-0.201548423693348,-0.186438989618414,-0.273930225876766,0.0060058506602061,0.967189016824439,0.949824009958655,0.495535495872653
"ETH",2021-01-12,2021-01-13,-0.122467596731966,-0.188583108365876,-0.175471909339181,-0.259258198760543,0.00530242959988763,0.949615696112235,0.933600078219781,0.451557917052148
"ETH",2021-01-13,2021-01-14,-0.12154785311276,-0.185160864491776,-0.171818167786689,-0.252613060093959,0.00516468609142932,0.881839975288679,0.871028599203251,0.464863109047276
"ETH",2021-01-14,2021-01-15,-0.117888074451268,-0.179742695726998,-0.164506485478141,-0.241800017069382,0.00483801447245296,0.795772024774797,0.791569481776893,0.489148378913747
"ETH",2021-01-15,2021-01-16,-0.11057731492062,-0.169814631187007,-0.154451764549332,-0.230942741692095,0.00428574714459902,0.783262759031066,0.780020755337911,0.49410265206187
"ETH",2021-01-16,2021-01-17,-0.106921493413927,-0.16059247435068,-0.146225406624291,-0.219084189109569,0.00391372021398253,0.712511871974654,0.714702561874856,0.453520583313566
"ETH",2021-01-17,2021-01-18,-0.100529713696317,-0.155088914034896,-0.140743283669402,-0.212151119856498,0.00353479836687992,0.778035255875371,0.775194652420216,0.422338838022869
"ETH",2021-01-18,2021-01-19,-0.0959670101849851,-0.14902637026275,-0.135262353470812,-0.206335930100087,0.00322316404699342,0.82573404766004,0.819230834005627,0.616816580438578
"ETH",2021-01-19,2021-01-20,-0.108745910049856,-0.16160743487987,-0.148052618146517,-0.220898131698023,0.00392895782986285,0.773073420658486,0.770613817802979,0.45901746831447
"ETH",2021-01-20,2021-01-21,-0.101438775073759,-0.153967764927869,-0.141655676354839,-0.211723526875559,0.00350825958111929,0.831122367504756,0.824205405105737,0.44151586796635
"ETH",2021-01-21,2021-01-22,-0.139798572202931,-0.213682145915693,-0.20020917613267,-0.289146752834744,0.00692028688581075,0.977026088380322,0.958905729916241,0.41340115947237
"ETH",2021-01-22,2021-01-23,-0.137048614908186,-0.207385879764143,-0.193807746062126,-0.280975494262918,0.00658017456815306,0.923626844959075,0.909606812861126,0.524497110241948
"ETH",2021-01-23,2021-01-24,-0.125151342136976,-0.195111008458932,-0.180073556370084,-0.266147863861656,0.00562582975713735,0.942198865754712,0.926752758273261,0.397504624894585
"ETH",2021-01-24,2021-01-25,-0.132462573563947,-0.200962788706763,-0.186492109290192,-0.272372989878396,0.00616131161509558,0.881372433132811,0.870596957844963,0.489427136302706
"ETH",2021-01-25,2021-01-26,-0.146175984172783,-0.204476781641825,-0.19387210217597,-0.262707889876931,0.00586186185549123,0.141161537966846,0.218885611880934,0.493381749068825
"ETH",2021-01-26,2021-01-27,-0.137005848193705,-0.19031104927488,-0.18102890339593,-0.245364822972155,0.00497726891649418,0.161998865013472,0.213578769455933,0.489320109890684
"ETH",2021-01-27,2021-01-28,-0.13700023855876,-0.195275744427876,-0.183785953981015,-0.254271876231582,0.00514683885041993,0.368293225337021,0.161039801240204,0.489477776305995
"ETH",2021-01-28,2021-01-29,-0.137915653834729,-0.192185668867747,-0.182870538705046,-0.249634503473209,0.00509055910378673,0.236862317704529,0.194512574164475,0.479500354167145
"ETH",2021-01-29,2021-01-30,-0.131496020155697,-0.181048010789805,-0.172777557461683,-0.234790747304476,0.00445470932936342,0.146558110827469,0.217511214783731,0.441225002400048
"ETH",2021-01-30,2021-01-31,-0.124161176222323,-0.169973642549475,-0.163603519565241,-0.216710839862048,0.0038296223650935,0.120810634911824,0.22406857203114,0.497850766034168
"ETH",2021-01-31,2021-02-01,-0.118658053712991,-0.165424784971686,-0.158099962063464,-0.211107608745808,0.00352287195655125,0.237028500480709,0.194470250799057,0.484660323873703
"ETH",2021-02-01,2021-02-02,-0.115909127351864,-0.161964024401987,-0.154431327239637,-0.204210561172174,0.00331325845195946,0.179346991400594,0.209160555310738,0.640988288804652
"ETH",2021-02-02,2021-02-03,-0.124152518116507,-0.179017006231547,-0.169109184686523,-0.233739715402602,0.0042136550072079,0.536501444846652,0.118200596694911,0.539894146736762
"ETH",2021-02-03,2021-02-04,-0.132405660063006,-0.185075344390304,-0.17553384044738,-0.240628797601064,0.004674445595461,0.230492310072297,0.196134885254312,0.47547146151747
"ETH",2021-02-04,2021-02-05,-0.125984473432863,-0.176573114797468,-0.167274820837292,-0.223963485771964,0.00412187594054807,0.151677084019491,0.216207516663186,0.531660642842186
"ETH",2021-02-05,2021-02-06,-0.123230058972115,-0.17625850939794,-0.16543992849551,-0.226398679509546,0.00403398933215001,0.320045011745312,0.173327637690919,0.44777073071208
"ETH",2021-02-06,2021-02-07,-0.12048068673365,-0.166146293335919,-0.159016806285879,-0.211153361492572,0.00363244816082536,0.1124704462518,0.226192648066156,0.48611553306821
"ETH",2021-02-07,2021-02-08,-0.114976919012754,-0.160778180400944,-0.152594358761086,-0.206885967634584,0.003311315757287,0.21952924686398,0.198926953968869,0.605587572529493
"ETH",2021-02-08,2021-02-09,-0.116807880857431,-0.164988186202604,-0.156263970599233,-0.216534241953719,0.00355559482180726,0.384721649874632,0.156855816407743,0.426969456932785
"ETH",2021-02-09,2021-02-10,-0.114977611796544,-0.160216394003248,-0.151676993189144,-0.203450628108282,0.00327735985652608,0.0909615779330808,0.231670518363633,0.387351727773223
"ETH",2021-02-10,2021-02-11,-0.109477825051736,-0.151111914645511,-0.145256123745572,-0.19027454056167,0.00288492126319673,0.129150025382756,0.221944699278614,0.396956030596648
"ETH",2021-02-11,2021-02-12,-0.105813767248482,-0.14423830525257,-0.139753854202969,-0.184301424227093,0.00262722056110145,0.140610347152163,0.21902598894528,0.474676582512708
"ETH",2021-02-12,2021-02-13,-0.102149120951097,-0.142048358141521,-0.136086555388817,-0.180900829659381,0.00247675684343294,0.197525668941015,0.204530816717777,0.356109086173565
"ETH",2021-02-13,2021-02-14,-0.100320484903309,-0.13924155159399,-0.133337492677306,-0.174926859146568,0.00233745328899308,0.10959959079943,0.226923796426816,0.291927034616886
"ETH",2021-02-14,2021-02-15,-0.0948156905234585,-0.136571912538106,-0.127833685025157,-0.179203636868035,0.00256696611549935,0.5504232173867,0.552639582908174,0.310488685161751
"ETH",2021-02-15,2021-02-16,-0.0893199518205263,-0.132325387354058,-0.122334573758294,-0.176450030899201,0.00237675383721053,0.660986621226187,0.658100087514974,0.247377056228727
"ETH",2021-02-16,2021-02-17,-0.0829091394127512,-0.126082712483351,-0.115920055943602,-0.172073787384315,0.00216981206665809,0.787086566982417,0.778380066681032,0.625492143869072
"ETH",2021-02-17,2021-02-18,-0.086582575640566,-0.127574701422307,-0.119591007226349,-0.171377894366342,0.00226915710685803,0.71157602559017,0.706354608692058,0.732874925826524
"ETH",2021-02-18,2021-02-19,-0.0920869804388633,-0.132902957381726,-0.124177101970217,-0.176003342345938,0.00246442237475203,0.558787128781727,0.56061746967337,0.352675208200971
"ETH",2021-02-19,2021-02-20,-0.087510715267613,-0.130180503743663,-0.120514057608265,-0.171818926033802,0.00231423603858753,0.652148121978843,0.649669516835864,0.44051654190926
"ETH",2021-02-20,2021-02-21,-0.0865997053909116,-0.12813082963326,-0.118683788381771,-0.171358545695981,0.00225953026315128,0.659458132152345,0.656642143716071,0.291898597733493
"ETH",2021-02-21,2021-02-22,-0.0820250521819199,-0.124051603166473,-0.114105538065883,-0.168936616945036,0.00211563897516359,0.75724166241253,0.749912611930349,0.913659992075933
"ETH",2021-02-22,2021-02-23,-0.0985089366510752,-0.143709322959897,-0.133347426510555,-0.187886600815819,0.00296004941633836,0.495302427900673,0.50006281635022,0.74031331926788
"ETH",2021-02-23,2021-02-24,-0.114985583239753,-0.166025654162871,-0.154430493548759,-0.21517057122635,0.0041287134891771,0.364618689048274,0.375410602645897,0.493968236787252
"ETH",2021-02-24,2021-02-25,-0.112237406572571,-0.158665047568624,-0.149844707098094,-0.206534432787104,0.00380977341361352,0.36901124781073,0.379600429003596,0.545542064169726
"ETH",2021-02-25,2021-02-26,-0.11498110989653,-0.160085615118877,-0.151677664541667,-0.205647303739212,0.00384669837607769,0.267313909074994,0.282596788668774,0.476215187893765
"ETH",2021-02-26,2021-02-27,-0.112231570547858,-0.155304192299273,-0.14709134154666,-0.202190735841723,0.0036066599551387,0.277816985676604,0.292615110463006,0.41845448311701
"ETH",2021-02-27,2021-02-28,-0.1076506860823,-0.152028865543514,-0.143423799079098,-0.195853437048895,0.00338972149367078,0.368258777876466,0.378882688266488,0.413563951103114
"ETH",2021-02-28,2021-03-01,-0.103986699876779,-0.147519211712056,-0.13883943260748,-0.192752950316697,0.00317450358208328,0.43110481738842,0.438828156742581,0.674440807054636
"ETH",2021-03-01,2021-03-02,-0.111314334964368,-0.156432732546923,-0.147091375916055,-0.198538823897727,0.003557363953269,0.267327237848537,0.28260950227142,0.520526770565932
"ETH",2021-03-02,2021-03-03,-0.110397130803233,-0.15348694888722,-0.145256703055212,-0.19292828737116,0.00340718805615786,0.227881661598883,0.244984481411591,0.553070550997218
"ETH",2021-03-03,2021-03-04,-0.111313603738702,-0.152359082169478,-0.145256430349054,-0.190570884249511,0.00336514969985201,0.165948034014404,0.185909313766869,0.458603767928251
"ETH",2021-03-04,2021-03-05,-0.10856493552584,-0.150116367085272,-0.141588188389303,-0.189505859631498,0.00321370236050098,0.190907143863652,0.209716470817312,0.380549794917192
"ETH",2021-03-05,2021-03-06,-0.104901708260314,-0.145495620456275,-0.137921377158572,-0.185860705508972,0.00304472104731105,0.290692720688598,0.304896583937897,0.673107126402819
"ETH",2021-03-06,2021-03-07,-0.114005484073689,-0.165216703969882,-0.156259546668246,-0.215954097298567,0.00349481158795208,0.0466066617636218,0.0557364252661748,0.485662830890887
"ETH",2021-03-07,2021-03-08,-0.110335183609445,-0.160498708002961,-0.150748911261912,-0.211113331201685,0.00324932164585435,0.0535730443192984,0.0624877570783178,0.581277390273192
"ETH",2021-03-08,2021-03-09,-0.112171740487261,-0.161695748204124,-0.152585829143176,-0.214355153527294,0.00334587409626317,0.0433791173895801,0.0526085144985104,0.421053295642599
"ETH",2021-03-09,2021-03-10,-0.107584917636036,-0.156114655302628,-0.14707625122309,-0.205040170535187,0.00306348465787307,0.0584256134430909,0.0671905284283331,0.458761461758885
"ETH",2021-03-10,2021-03-11,-0.105751452676083,-0.153038354026449,-0.144322024624651,-0.20181452636353,0.0029485431511519,0.0606178506520426,0.0693150917422583,0.365882576368027
"ETH",2021-03-11,2021-03-12,-0.102084640925627,-0.14760458849238,-0.139732619966803,-0.19425810232175,0.00272866929307457,0.0948860599871017,0.102525448764704,0.479367994103993
"ETH",2021-03-12,2021-03-13,-0.102088020579277,-0.147358774740145,-0.139733817481876,-0.193572929577576,0.00273772775616004,0.0771792419844592,0.0853652364568608,0.780862754293927
"ETH",2021-03-13,2021-03-14,-0.112180867849543,-0.16129218671766,-0.152587306906593,-0.214150442451994,0.00336045987090255,0.0342775595258746,0.0437879197846552,0.465459423536981
"ETH",2021-03-14,2021-03-15,-0.10851128172755,-0.155742944585992,-0.147996556511984,-0.205148589196911,0.00310687153815663,0.042793145051941,0.0520406310019438,0.518770665008135
"ETH",2021-03-15,2021-03-16,-0.107594418985748,-0.154266039902694,-0.146160409349815,-0.204962249324384,0.00304591805347941,0.0432569585256896,0.0524901266526913,0.35311568765657
"ETH",2021-03-16,2021-03-17,-0.103009750191741,-0.149438215619006,-0.140653225219005,-0.197252613393467,0.0027917419859477,0.0728972904240138,0.0812154678277273,0.340887996133774
"ETH",2021-03-17,2021-03-18,-0.09934405399805,-0.144800404644945,-0.136065282432238,-0.191152704141773,0.00259041871954779,0.118023250165783,0.124948398817833,0.382406540578287
"ETH",2021-03-18,2021-03-19,-0.0975135292116025,-0.142713471766913,-0.134231524574105,-0.187045593435081,0.00250522334043028,0.138232842570477,0.144534125415789,0.344135365489061
"ETH",2021-03-19,2021-03-20,-0.0947667982851836,-0.139558223512453,-0.130562960822295,-0.184022255234037,0.00237095699658762,0.185478733289591,0.190321545566161,0.257061921995224
"ETH",2021-03-20,2021-03-21,-0.0892677192793413,-0.131655073141169,-0.123224350874828,-0.176628811812121,0.00208846431161731,0.317821786978752,0.318579197417293,0.324598392055342
"ETH",2021-03-21,2021-03-22,-0.0865216107689543,-0.12911640973331,-0.120474964353234,-0.172585963764832,0.00199425637633976,0.388060151153531,0.386649318272148,0.830751833260183
"ETH",2021-03-22,2021-03-23,-0.0993670366943876,-0.146941947648573,-0.136992126056726,-0.194611685295201,0.0027274714854171,0.17819621264972,0.183263834785049,0.336341248746587
"ETH",2021-03-23,2021-03-24,-0.0947854112570267,-0.139934668325527,-0.130571421264041,-0.185961923157661,0.00241975453605785,0.221095864169535,0.224839183213132,0.736519718476097
"ETH",2021-03-24,2021-03-25,-0.101207650579342,-0.146911140773637,-0.138829406754727,-0.194536944220104,0.00276529120563192,0.129525169094633,0.13609525596276,0.315069636532372
"ETH",2021-03-25,2021-03-26,-0.0966267448350082,-0.140535048004014,-0.1324093017553,-0.187106978117607,0.00247469090246023,0.174417432642263,0.179601704910391,0.786649971116645
"ETH",2021-03-26,2021-03-27,-0.0946931519899198,-0.126158134575449,-0.119502921158579,-0.156693016054738,0.0022175635448131,0.615807361019926,0.446076618395044,0.379498903658063
"ETH",2021-03-27,2021-03-28,-0.0891879950031169,-0.121229689774526,-0.114913709009176,-0.15168186240278,0.00194293616346216,0.317858732030549,0.335321789919948,0.378854860847467
"ETH",2021-03-28,2021-03-29,-0.0864386166035728,-0.11863639253276,-0.112161913878813,-0.147723990491668,0.00180826920802864,0.254383085932751,0.311726332140016,0.791030212176056
"ETH",2021-03-29,2021-03-30,-0.0974585712682243,-0.126886158280114,-0.122264880392967,-0.160528993746634,0.00235616799371672,0.634822357498617,0.453144959943033,0.406774277905722
"ETH",2021-03-30,2021-03-31,-0.0919536412507896,-0.123434929107969,-0.117675852533135,-0.157008361482917,0.00208661888340778,0.346043330067637,0.345798697740687,0.544457578488547
"ETH",2021-03-31,2021-04-01,-0.0928766204249355,-0.123507556903126,-0.118597182651584,-0.154726678292013,0.00211999217768126,0.423832226746695,0.37471474255747,0.457606575076771
"ETH",2021-04-01,2021-04-02,-0.0901274394424239,-0.123121501839104,-0.115845588346593,-0.154328455538692,0.00200558250571424,0.351174501082236,0.347706080122428,0.766890291167127
"ETH",2021-04-02,2021-04-03,-0.100224469677834,-0.132472918107827,-0.125945409289704,-0.168256028829414,0.00256643223075631,0.662793870346667,0.463542658761728,0.581955532399923
"ETH",2021-04-03,2021-04-04,-0.100223530666358,-0.133221489347961,-0.126863491009905,-0.168718460763702,0.00258124309918343,0.59138388633838,0.436997812567691,0.444059949021853
"ETH",2021-04-04,2021-04-05,-0.0956367706721203,-0.131525100257846,-0.123192653905213,-0.165349035405123,0.00235855097545455,0.38858811500584,0.361613639981983,0.36645028170575
"ETH",2021-04-05,2021-04-06,-0.0919704136093463,-0.123862274351224,-0.118604746457074,-0.158743945968638,0.00211109343536203,0.249007443870112,0.309728073861028,0.332640650114795
"ETH",2021-04-06,2021-04-07,-0.0883049294524373,-0.119711828186812,-0.114017906151655,-0.154257139326624,0.00191462162036279,0.194816005790294,0.289583784391708,0.728217209207776
"ETH",2021-04-07,2021-04-08,-0.0956466511153327,-0.129245379526357,-0.122279940611532,-0.158584843830255,0.00231664187297132,0.540623439404874,0.418128906835488,0.582704650453648
"ETH",2021-04-08,2021-04-09,-0.0956496573597369,-0.129962692050126,-0.122281710244763,-0.160443901368143,0.00232788239743771,0.525360838260073,0.412455422860717,0.358120523599695
"ETH",2021-04-09,2021-04-10,-0.0910654918407442,-0.122226127379823,-0.116776391496585,-0.157491889097959,0.00204736051062194,0.275380350134886,0.319531531321639,0.469630041154586
"ETH",2021-04-10,2021-04-11,-0.0901533445109073,-0.121782445649992,-0.115862011821384,-0.153852700919279,0.00199743224060889,0.317727920646043,0.335273164113201,0.318745537695683
"ETH",2021-04-11,2021-04-12,-0.0864890269637589,-0.116319815917667,-0.112194790200673,-0.146613357465404,0.00179554270084296,0.202920648069715,0.292596479125542,0.275292927375902
"ETH",2021-04-12,2021-04-13,-0.0828254335891248,-0.114670079397486,-0.108528327731863,-0.142799141497059,0.00164246619936886,0.158486379086108,0.276079169224206,0.83575838900601
"ETH",2021-04-13,2021-04-14,-0.0956733099319054,-0.124035414872901,-0.120459611082622,-0.15482294645223,0.0022382838785773,0.611127147870403,0.444336868135543,0.662511082154029
"ETH",2021-04-14,2021-04-15,-0.0975099026015133,-0.127676065268257,-0.122295978937953,-0.162174875888598,0.00237288481491026,0.633698963926036,0.452727366940966,0.512983998250613
"ETH",2021-04-15,2021-04-16,-0.0974368043175111,-0.127633929215407,-0.124089833027276,-0.161498918907669,0.00238112446430388,0.873314222877248,0.855440959350176,0.514054775200178
"ETH",2021-04-16,2021-04-17,-0.0965205630714066,-0.129245238308382,-0.124091440711039,-0.158715328863274,0.00236226947633779,0.884379546787249,0.865877265979294,0.514858385816127
"ETH",2021-04-17,2021-04-18,-0.09652356062603,-0.127714455246617,-0.123174158232819,-0.159728260190354,0.00234360841304706,0.892110078753162,0.873168349607632,0.571380053977878
"ETH",2021-04-18,2021-04-19,-0.0965249646487519,-0.129264553062358,-0.12409394232694,-0.157132814887675,0.00235834038413383,0.913817083239394,0.893641401879801,0.506240339421653
"ETH",2021-04-19,2021-04-20,-0.0965284388826567,-0.126842105941821,-0.123177000957904,-0.157451316981082,0.00233166849389554,0.910660835507183,0.890664573600871,0.723539761061762
"ETH",2021-04-20,2021-04-21,-0.100200639921284,-0.129672330713018,-0.126850735098528,-0.162834550887017,0.00249683983792219,0.950971632100846,0.928683870382162,0.412441402288597
"ETH",2021-04-21,2021-04-22,-0.0974508061540242,-0.130142544862586,-0.125016772628125,-0.159760793100102,0.00240378915706754,0.905036613559571,0.885360065095482,0.418343791202705
"ETH",2021-04-22,2021-04-23,-0.0965385222219758,-0.126570026373216,-0.123182876860673,-0.159017945358654,0.00233199800841677,0.87290442518594,0.855054456939838,0.440099596111453
"ETH",2021-04-23,2021-04-24,-0.0947059271688855,-0.127556907021869,-0.122266977141334,-0.156200036935614,0.00227617972755037,0.852031480046753,0.835368051237027,0.66237916572908
"ETH",2021-04-24,2021-04-25,-0.0965421353487809,-0.128955888219995,-0.124103701214007,-0.157002467719644,0.002355830784227,0.908452395140987,0.888581673812198,0.471410707106977
"ETH",2021-04-25,2021-04-26,-0.0956295118858761,-0.127552578179749,-0.122269851561569,-0.158693624254168,0.00230744812800952,0.89159897307281,0.872686298142765,0.779702774797898
"ETH",2021-04-26,2021-04-27,-0.102048614661867,-0.136440279289646,-0.130531747415389,-0.167263976475643,0.00264661294618067,0.945552809066653,0.92357308472295,0.538466893895183
"ETH",2021-04-27,2021-04-28,-0.102051416944373,-0.135193113404934,-0.130533181654466,-0.165380998705386,0.00263071491055799,0.945476171305279,0.923500803497062,0.483345210794254
"ETH",2021-04-28,2021-04-29,-0.101137419956233,-0.13321043984834,-0.128698199637003,-0.166113979822384,0.00257380670494909,0.932395137945732,0.911163372051195,0.383516822426026
"ETH",2021-04-29,2021-04-30,-0.0983884067190981,-0.131433294675256,-0.125946046519449,-0.164435578405498,0.00245640394549696,0.86936719571532,0.851718304137336,0.345090580141947
"ETH",2021-04-30,2021-05-01,-0.0956399955450905,-0.12810953638807,-0.123194506491813,-0.161941086659871,0.00232420320459671,0.776990615177215,0.764592944980551,0.688012593724938
"ETH",2021-05-01,2021-05-02,-0.0983945454560203,-0.132539164067838,-0.126867953977944,-0.161944975670488,0.00246898568301325,0.878125701674662,0.859978925746616,0.369609001762528
"ETH",2021-05-02,2021-05-03,-0.0956463273729682,-0.12932932990326,-0.124116537809911,-0.159655015417986,0.00233833756146599,0.787819046911631,0.774805825761266,0.748285896408044
"ETH",2021-05-03,2021-05-04,-0.113981550928235,-0.153458192861126,-0.147067008993571,-0.19207845559002,0.00341833638092709,0.846794370099148,0.830428649037133,0.508461709286083
"ETH",2021-05-04,2021-05-05,-0.112143744595445,-0.150563806392675,-0.144309979045073,-0.188510602394626,0.00327894509394288,0.856099308547943,0.839204640739365,0.496057394067912
"ETH",2021-05-05,2021-05-06,-0.113923562216352,-0.150830939783618,-0.145209981183089,-0.187166849597388,0.00331772597493841,0.0705561286934774,0.086090703874539,0.466217838272387
"ETH",2021-05-06,2021-05-07,-0.110248365840328,-0.147581195105857,-0.141531316933998,-0.18283006028243,0.00314552505449982,0.122350582687506,0.135449674009604,0.434040863238603
"ETH",2021-05-07,2021-05-08,-0.106574083254587,-0.144463258316361,-0.137853509622454,-0.179888807996703,0.00298171452404311,0.194365879519519,0.204078660541811,0.586229956941027
"ETH",2021-05-08,2021-05-09,-0.113919701012792,-0.153303891421062,-0.146128984854343,-0.189858692594161,0.0033733602197188,0.109445854083671,0.123151752810719,0.467995167022751
"ETH",2021-05-09,2021-05-10,-0.110244547386601,-0.149185669167753,-0.142450037495133,-0.185049589059663,0.00319164976307378,0.172244076701596,0.182997071290006,0.43250478014902
"ETH",2021-05-10,2021-05-11,-0.106570224368333,-0.145415379803293,-0.138771942600032,-0.181584355879767,0.0030184942944546,0.249592151794671,0.256708077664626,0.521842284899944
"ETH",2021-05-11,2021-05-12,-0.106572594651354,-0.143544385114721,-0.13785288619033,-0.177840102824927,0.00296199107884237,0.186196809364768,0.196293717199304,0.514810053629331
"ETH",2021-05-12,2021-05-13,-0.105653319505076,-0.142618604476796,-0.136013195693963,-0.176788287351353,0.00289496477052974,0.150623262292483,0.162392912921269,0.614254763691574
"ETH",2021-05-13,2021-05-14,-0.108405586813459,-0.14465805173672,-0.138769972867656,-0.177751362801514,0.00300678595260044,0.0831315346353537,0.0980747878537419,0.59223605073431
"ETH",2021-05-14,2021-05-15,-0.114835223805463,-0.1487634869848,-0.145207138781746,-0.186978155932875,0.00331330926426402,0.0483910277750784,0.0649678524897538,0.496052096899541
"ETH",2021-05-15,2021-05-16,-0.119421148729462,-0.156976328042681,-0.151646276008448,-0.194190778533468,0.00361083966226564,0.0341972156216505,0.0514414631534642,0.487544821172488
"ETH",2021-05-16,2021-05-17,-0.116661885389569,-0.151785637221395,-0.147964225809165,-0.189604733177324,0.00343487136270283,0.0554438500059624,0.0716890362269598,0.503533264174492
"ETH",2021-05-17,2021-05-18,-0.118494892359008,-0.15334944372209,-0.149803440336368,-0.192202712443468,0.00352422401692216,0.0388105976478918,0.0558379142808598,0.476350696873523
"ETH",2021-05-18,2021-05-19,-0.114816108526926,-0.151262776710495,-0.146121514249364,-0.187734899392818,0.00335040425086512,0.0630072059799416,0.0788967473398821,0.217039900909145
"ETH",2021-05-19,2021-05-20,-0.161778499957583,-0.217997546767254,-0.209805827797692,-0.273013699111803,0.00727400350569009,0.199072648801247,0.208564107660073,0.377959830232629
"ETH",2021-05-20,2021-05-21,-0.158083731010344,-0.21255901561042,-0.204271036201216,-0.264134111981063,0.00680445145357708,0.159101221609311,0.170472220809597,0.247304788777471
"ETH",2021-05-21,2021-05-22,-0.161779658010312,-0.213348277176084,-0.207074008197535,-0.267426157144429,0.00695552241006624,0.121564985211676,0.134701016974776,0.52957088466553
"ETH",2021-05-22,2021-05-23,-0.154384923966894,-0.207090342160237,-0.198752965588997,-0.25776673171504,0.00640354778598302,0.141625073821978,0.153817838145182,0.402263602867172
"ETH",2021-05-23,2021-05-24,-0.15253410989352,-0.203703669106641,-0.19598968162167,-0.251028351445117,0.00614918784903834,0.106795632333034,0.120626150045295,0.152807641144598
"ETH",2021-05-24,2021-05-25,-0.171968736145457,-0.227928480378341,-0.221049449217874,-0.281953768036451,0.00792007560985377,0.12437838270339,0.137382122615693,0.550193581521085
"ETH",2021-05-25,2021-05-26,-0.220228243860501,-0.291078243666179,-0.283310259925024,-0.355877773437011,0.0122796693903366,0.0206761587401704,0.0233763624416628,0.49775994388778
"ETH",2021-05-26,2021-05-27,-0.210951004518618,-0.276256758043624,-0.270321759159329,-0.342939292351871,0.0111704008697858,0.0234347571907278,0.0261195130591469,0.512499845703451
"ETH",2021-05-27,2021-05-28,-0.199817805788953,-0.26307150482874,-0.257331499675591,-0.323559431691551,0.0100246444305512,0.0303373798135265,0.0329834817915892,0.389584578838316
"ETH",2021-05-28,2021-05-29,-0.203551149530754,-0.270306776723718,-0.262023350722896,-0.331955516008383,0.0104513076886282,0.0171085287851622,0.0198287108028178,0.488396153257716
"ETH",2021-05-29,2021-05-30,-0.194269987608369,-0.257888582798198,-0.249958028164779,-0.318329618421505,0.00949572209153982,0.0205249852678734,0.0232260355233703,0.494442933923322
"ETH",2021-05-30,2021-05-31,-0.184986904610173,-0.244389559360602,-0.23788679424777,-0.303077534267707,0.00856877462183745,0.0263274419676395,0.0289959991350267,0.458633547310964
"ETH",2021-05-31,2021-06-01,-0.189637802771676,-0.252033968580883,-0.244413602251216,-0.30944259068445,0.00903958338417557,0.0139094944712082,0.0166475907119606,0.489603603623605
"ETH",2021-06-01,2021-06-02,-0.179423755747973,-0.237377800867621,-0.230481622640399,-0.295584376564454,0.00805704754978285,0.0226531026243389,0.025342235668153,0.475776149099485
"ETH",2021-06-02,2021-06-03,-0.170139549320535,-0.22495809164496,-0.21933593138571,-0.278169307184275,0.00723155076892424,0.0321265763203917,0.0347626590044291,0.491159553887772
"ETH",2021-06-03,2021-06-04,-0.163641764809922,-0.217012068331761,-0.210979506393287,-0.268667364878733,0.00669316339040424,0.0315703524637918,0.0342095499372567,0.513874931063997
"ETH",2021-06-04,2021-06-05,-0.159000756161672,-0.211961055775198,-0.205412093102166,-0.260852978106748,0.00633269031988333,0.0259501777979603,0.0286208476011741,0.453709381087261
"ETH",2021-06-05,2021-06-06,-0.151575581440838,-0.201183065714565,-0.195199075858239,-0.250622427729974,0.00573533586326474,0.0348301454019499,0.0374510884110318,0.462700054291871
"ETH",2021-06-06,2021-06-07,-0.145079773023936,-0.193523034800698,-0.18684338187653,-0.241716217175935,0.00526580977894769,0.0395593343233019,0.0421537944200141,0.472988551843226
"ETH",2021-06-07,2021-06-08,-0.139512289077028,-0.186743013691193,-0.180345867587509,-0.231019727800923,0.00487681755844162,0.041601359591333,0.0441843845821255,0.439226440312768
"ETH",2021-06-08,2021-06-09,-0.133945991410884,-0.178047867929012,-0.172920672255731,-0.221501670185051,0.00447568803637592,0.0499890454931383,0.0525251004105384,0.449657678384284
"ETH",2021-06-09,2021-06-10,-0.128381182825174,-0.17312421367673,-0.166424326339181,-0.213647861330548,0.00414565900913289,0.0553160417402836,0.0578222660932565,0.555220021511393
"ETH",2021-06-10,2021-06-11,-0.126525942739016,-0.168482650641991,-0.162712764319947,-0.211952451100258,0.00399717894699993,0.0433809354157049,0.0459539949871843,0.607379877064432
"ETH",2021-06-11,2021-06-12,-0.125597513859111,-0.167862404317247,-0.161784919566318,-0.209557500318325,0.00394670952240059,0.0299335259264163,0.0325818894396555,0.369422503365699
"ETH",2021-06-12,2021-06-13,-0.120034992478855,-0.159461743583234,-0.154362575013756,-0.20086030576129,0.00359353246183137,0.046524799255728,0.0490802535523998,0.582291992454237
"ETH",2021-06-13,2021-06-14,-0.119109204077653,-0.157854802198944,-0.153435136911645,-0.197125191659897,0.00353263482978851,0.0343931510686944,0.0370165411956281,0.432373929748466
"ETH",2021-06-14,2021-06-15,-0.10419619599381,-0.13580093817087,-0.132991301920395,-0.169766464188696,0.00288554985001917,0.0270885545124794,0.0360968776682933,0.313196621685488
"ETH",2021-06-15,2021-06-16,-0.100487808063961,-0.132171984852874,-0.128350732810904,-0.167576214804307,0.00288918716954753,0.0624327761654585,0.0698049093570597,0.788987743407368
"ETH",2021-06-16,2021-06-17,-0.106982325512584,-0.139774798370286,-0.136706580542735,-0.173898997723325,0.00301686509097549,0.0251400958023758,0.0342386189523628,0.355243507158725
"ETH",2021-06-17,2021-06-18,-0.102345228363717,-0.136176798756502,-0.131136970845178,-0.171520559142475,0.00301845558197492,0.0689437737431628,0.076014493340252,0.661399493198192
"ETH",2021-06-18,2021-06-19,-0.105129231448409,-0.140047366652647,-0.134850973873405,-0.172977856917626,0.00295962383134236,0.0288079884797348,0.0377367138832209,0.405760217882501
"ETH",2021-06-19,2021-06-20,-0.102348497323268,-0.135615807570046,-0.131138618400791,-0.168829273546026,0.00286413796933549,0.0417522848493658,0.0500817799735228,0.439625982753533
"ETH",2021-06-20,2021-06-21,-0.100497124284607,-0.133654230204757,-0.12928433562637,-0.164299897947727,0.00275785058470869,0.0393735108058,0.0478131265107814,0.832987557010001
"ETH",2021-06-21,2021-06-22,-0.132973417975634,-0.17702008114739,-0.171082123401545,-0.216004848941643,0.00465208942958604,0.0330814657575896,0.041812359088185,0.49168373880328
"ETH",2021-06-22,2021-06-23,-0.125541339051129,-0.166905873209292,-0.161787166558638,-0.205087901723703,0.0043419877894312,0.0685242296286861,0.075614371180413,0.489958198302943
"ETH",2021-06-23,2021-06-24,-0.122755204480107,-0.163195390053056,-0.157140438954721,-0.202784871993895,0.00400502848112414,0.0367781472070412,0.0453379100725815,0.422966668869346
"ETH",2021-06-24,2021-06-25,-0.116255307106326,-0.154930488165987,-0.149707105209236,-0.192239831634793,0.00384296312434811,0.083156233784226,0.0895690160043296,0.602219673548401
"ETH",2021-06-25,2021-06-26,-0.121823347136907,-0.163082484084382,-0.156210834315709,-0.201069802841822,0.0039016328198056,0.024995218506092,0.034100448460392,0.422185743097757
"ETH",2021-06-26,2021-06-27,-0.115322931217684,-0.154919620728924,-0.148777074349216,-0.190576908098996,0.00373544879507689,0.0701251192958915,0.0771411508662753,0.609173678313362
"ETH",2021-06-27,2021-06-28,-0.120894094675278,-0.16072745026174,-0.155281460769408,-0.196656964132762,0.00381121474753764,0.0215172263596753,0.0307834629956743,0.52634056430447
"ETH",2021-06-28,2021-06-29,-0.119965815992481,-0.157178221232709,-0.153422875532403,-0.193872320598958,0.00367706234604524,0.0117669157773292,0.0214845235166283,0.483965035334181
"ETH",2021-06-29,2021-06-30,-0.116251570166426,-0.155016307513458,-0.148776905190029,-0.191435651795487,0.00349133336946184,0.0118885476957893,0.0216005247289926,0.498003260525251
"ETH",2021-06-30,2021-07-01,-0.114395885474964,-0.150717298141859,-0.145989929253295,-0.187341307307304,0.00335390502810989,0.0105856893069533,0.0203579795602788,0.6026598859149
"ETH",2021-07-01,2021-07-02,-0.116250574630553,-0.154688521931474,-0.148776643206904,-0.190577026278938,0.00345806892771658,0.00601465480988904,0.0159985519517068,0.408610607847961
"ETH",2021-07-02,2021-07-03,-0.111609748586466,-0.147063636333309,-0.143202773752872,-0.180613122194793,0.00325958345014748,0.0246888817925012,0.0338082929915141,0.4299673074557
"ETH",2021-07-03,2021-07-04,-0.107898163076532,-0.1445110014118,-0.138558920516899,-0.177791982391267,0.00309555509270776,0.0281062035110792,0.0370674166443567,0.540274390746423
"ETH",2021-07-04,2021-07-05,-0.102278912960882,-0.143254263362729,-0.132033374815092,-0.182261999937062,0.00294917390027896,0.488423165522133,0.517173978580869,0.543075594541042
"ETH",2021-07-05,2021-07-06,-0.102280706596239,-0.138271250696557,-0.13017465363959,-0.179207892001937,0.00288256519674935,0.459540038476726,0.497523426443152,0.525527575239859
"ETH",2021-07-06,2021-07-07,-0.100425341151657,-0.13916779802266,-0.128317320276415,-0.176934254511479,0.00280813701823054,0.450497694463022,0.491371493786792,0.330298470505725
"ETH",2021-07-07,2021-07-08,-0.0976440600585539,-0.134122442874053,-0.125532520596924,-0.173874797212879,0.00260998922155163,0.573624026246384,0.575140138311707,0.774928440005551
"ETH",2021-07-08,2021-07-09,-0.105070420431481,-0.143362485738128,-0.133893999439726,-0.18262314860037,0.00306596884942543,0.422755499945488,0.472497171802041,0.407400739669459
"ETH",2021-07-09,2021-07-10,-0.1013584065493,-0.141076616550288,-0.130178491294783,-0.18209910534655,0.00285957495135986,0.527932111714922,0.544053776112731,0.367847223815021
"ETH",2021-07-10,2021-07-11,-0.0985761490093771,-0.135495257964599,-0.126463493638179,-0.178327977293785,0.00265827310681697,0.599889939153993,0.59301007636323,0.325568349703467
"ETH",2021-07-11,2021-07-12,-0.0948659772511594,-0.132212050565922,-0.122749857684661,-0.172810962289093,0.00245388319069257,0.66741770281581,0.638952395506645,0.623617177612754
"ETH",2021-07-12,2021-07-13,-0.0957963885218693,-0.132926003583202,-0.122750410459891,-0.169171964698067,0.00250401291434745,0.540558697359499,0.552644237219662,0.589137243556782
"ETH",2021-07-13,2021-07-14,-0.0967278521679888,-0.130069753904284,-0.122751601581903,-0.1646681990769,0.00250927851457028,0.47333287757407,0.506907344721231,0.42675650448501
"ETH",2021-07-14,2021-07-15,-0.0948759697988628,-0.126916833705122,-0.119967635255851,-0.164787372874195,0.00238665302316944,0.530332873166691,0.5456871272386,0.539952961106967
"ETH",2021-07-15,2021-07-16,-0.0939501682931727,-0.128523482090223,-0.119969776451886,-0.159272569352658,0.00236613319118957,0.491212934735965,0.519071990015102,0.362276389491794
"ETH",2021-07-16,2021-07-17,-0.0911697352084556,-0.126118435442929,-0.117186568895973,-0.158212480595576,0.00221691502729491,0.584816306566029,0.582754773929775,0.292091714130933
"ETH",2021-07-17,2021-07-18,-0.0883910499734532,-0.121444825739537,-0.113475633844469,-0.157455160656006,0.00204809400013699,0.6794837332422,0.647161484488468,0.245031443547282
"ETH",2021-07-18,2021-07-19,-0.0846840758299823,-0.11900903067815,-0.110694536840011,-0.150792191233587,0.00188018203938951,0.754655516508024,0.698304390311232,0.609156351560993
"ETH",2021-07-19,2021-07-20,-0.086546471318323,-0.119184712303335,-0.11162645715093,-0.148092363968836,0.00194160077433293,0.639197272728713,0.61975270733218,0.38295051559696
"ETH",2021-07-20,2021-07-21,-0.084696425300677,-0.116897324600431,-0.108845056530118,-0.148516553354268,0.00184378686442622,0.677548618826555,0.645844934979916,0.921424196044728
"ETH",2021-07-21,2021-07-22,-0.102328972839056,-0.136484991795094,-0.129270726110962,-0.170817484996734,0.00281050200312589,0.410308637199981,0.464028984650869,0.427542598383295
"ETH",2021-07-22,2021-07-23,-0.098620033843459,-0.133563359433928,-0.125558662570774,-0.170779315174174,0.00260756865797376,0.530804278754247,0.546007846669765,0.518141661827842
"ETH",2021-07-23,2021-07-24,-0.097695158396634,-0.133631977821708,-0.124632050223661,-0.166503980666338,0.002574364300692,0.482675249500741,0.513263400502393,0.449071401339189
"ETH",2021-07-24,2021-07-25,-0.103254256807842,-0.135995547951655,-0.132985035064516,-0.168362432673068,0.00262465445579287,0.990564352812768,0.985169359932517,0.323616252049752
"ETH",2021-07-25,2021-07-26,-0.0995456286453018,-0.131892177339594,-0.128343666757701,-0.163638033066401,0.00243214442211443,0.964072589477205,0.959832883083531,0.394005571153236
"ETH",2021-07-26,2021-07-27,-0.0976947599263444,-0.130711730608418,-0.126489551432268,-0.160449252155928,0.00235440846156189,0.961248982972074,0.95713241199968,0.363713466887191
"ETH",2021-07-27,2021-07-28,-0.0958446438881128,-0.128456104245833,-0.123707285203987,-0.159590725024359,0.00226166282069566,0.948130104740013,0.944585638483661,0.264943297190567
"ETH",2021-07-28,2021-07-29,-0.0921382140345184,-0.12505625021963,-0.119997349640791,-0.153363563702732,0.00207491915360083,0.881430791399587,0.88079503357423,0.588474897581192
"ETH",2021-07-29,2021-07-30,-0.0949298295794877,-0.125381398222916,-0.121857981835113,-0.158182952171248,0.00219622336049107,0.94035609745982,0.937150649993708,0.47154190765024
"ETH",2021-07-30,2021-07-31,-0.0949367956604892,-0.12448135908756,-0.121862082435986,-0.156607160735043,0.00219239750072682,0.950460198538831,0.94681411859055,0.59292241177725
"ETH",2021-07-31,2021-08-01,-0.0958708664325407,-0.126585718743277,-0.122793811256757,-0.159881786016942,0.00225689080439605,0.974241438902969,0.969558276398926,0.281945657720335
"ETH",2021-08-01,2021-08-02,-0.0930940972012992,-0.124823825233077,-0.120013696828734,-0.155921540780318,0.00212986741944269,0.937874342732734,0.934777122781071,0.3823533582817
"ETH",2021-08-02,2021-08-03,-0.0921736492485636,-0.124053757709984,-0.119090165760378,-0.154262255928387,0.00208861832676356,0.928980453761477,0.926271089824208,0.68523274756443
"ETH",2021-08-03,2021-08-04,-0.0949610943160497,-0.125594759625461,-0.121876385899898,-0.157805526996141,0.00221421967077665,0.969834375925484,0.965343402225141,0.877340135881702
"ETH",2021-08-04,2021-08-05,-0.103308900989068,-0.138639099849684,-0.133011246501039,-0.172239685700995,0.00265899238204365,0.995094789847413,0.989502227910769,0.506633732142092
"ETH",2021-08-05,2021-08-06,-0.102385975821054,-0.135771363357595,-0.132085621490857,-0.167323400734077,0.0025931720711205,0.994399530744836,0.988837288550812,0.397808014516355
"ETH",2021-08-06,2021-08-07,-0.0996085051394444,-0.134540467308666,-0.128376784911104,-0.167026786332544,0.00247627316752508,0.987509633398166,0.982247854604697,0.76763061280598
"ETH",2021-08-07,2021-08-08,-0.107955105289601,-0.142885836183235,-0.138582604446228,-0.178622001915431,0.00288318830874373,0.997821047298363,0.992109595261724,0.500864627004247
"ETH",2021-08-08,2021-08-09,-0.106101936828259,-0.140389428843057,-0.136727719077382,-0.173481289715742,0.00278314738546108,0.996269017638505,0.990625248483903,0.512860335069539
"ETH",2021-08-09,2021-08-10,-0.105177922062025,-0.139024838733149,-0.134873477938522,-0.174368249155224,0.00273328104929818,0.996499595189416,0.99084577071591,0.351537929546567
"ETH",2021-08-10,2021-08-11,-0.101472924012247,-0.134295098384192,-0.130237102594717,-0.168523990824079,0.00253400965781141,0.977903947629548,0.973061065789906,0.322901541339841
"ETH",2021-08-11,2021-08-12,-0.0977690121242433,-0.130806300101731,-0.126529702620761,-0.161271259403566,0.00234812553885469,0.943538244946597,0.94019402634837,0.564895971562642
"ETH",2021-08-12,2021-08-13,-0.0986992937343465,-0.133226404585999,-0.127458810705802,-0.164668922766756,0.00242410021836926,0.976600744966014,0.971814694844495,0.800151256152113
"ETH",2021-08-13,2021-08-14,-0.105185355885018,-0.137252455090976,-0.134260867451116,-0.169429485015848,0.00279427712242793,0.00808278529227842,0.0150458006218175,0.411227987608246
"ETH",2021-08-14,2021-08-15,-0.102013760825438,-0.133039431961698,-0.130453329374654,-0.164126907144268,0.00266892247902232,0.024183751782441,0.0305005067400109,0.359371200822491
"ETH",2021-08-15,2021-08-16,-0.0988411303370033,-0.129201959919938,-0.126644263447672,-0.159837038864105,0.0025839534655554,0.0522089734006465,0.0574008523975985,0.575016953101406
"ETH",2021-08-16,2021-08-17,-0.0994742490770937,-0.131855551395267,-0.127909708895254,-0.16025122920288,0.00254909087338062,0.0191224879142256,0.0256423918114636,0.563519013431573
"ETH",2021-08-17,2021-08-18,-0.100105842340431,-0.130755139420459,-0.127909297505448,-0.161300750157089,0.0025340001200022,0.00907814247435644,0.0160012061709842,0.337673336034085
"ETH",2021-08-18,2021-08-19,-0.0969338818888117,-0.127430865069161,-0.124101060695443,-0.15767583866171,0.00245388137963983,0.036085519595896,0.0419245615603414,0.567715379276285
"ETH",2021-08-19,2021-08-20,-0.0975594942159259,-0.127775153245406,-0.124724520401175,-0.157840692226197,0.00242698664070951,0.0156633376274242,0.0223220848513911,0.488466565354377
"ETH",2021-08-20,2021-08-21,-0.0962868786446357,-0.128095554566595,-0.123448675058733,-0.157175224321942,0.0023768726034881,0.0123687632202582,0.0191597480265563,0.335536819782747
"ETH",2021-08-21,2021-08-22,-0.0943816648515292,-0.123890183417022,-0.120908174711364,-0.15288596518165,0.0023125026303291,0.0304779339936815,0.036542053152055,0.269591030306053
"ETH",2021-08-22,2021-08-23,-0.0912123457851319,-0.121328535857894,-0.117734636689112,-0.149004243792464,0.00231772737092687,0.0857010020503801,0.0895485784611239,0.40965786523445
"ETH",2021-08-23,2021-08-24,-0.0905708263837478,-0.119687742378395,-0.116457976502793,-0.148243655966087,0.00225515377097495,0.0764612459275379,0.0806796875427091,0.68305406584892
"ETH",2021-08-24,2021-08-25,-0.0924641121274085,-0.121225980946168,-0.118350944195656,-0.150048992757427,0.00221690394886114,0.029917506282107,0.0360041198802749,0.337813830100913
"ETH",2021-08-25,2021-08-26,-0.0905589732465384,-0.119146661310078,-0.116441803555578,-0.146474072447084,0.00218768363209765,0.0526516674110179,0.0578257775618584,0.566975802916747
"ETH",2021-08-26,2021-08-27,-0.0911860030317834,-0.119199707307202,-0.116436043912514,-0.148592722493262,0.00214931669259984,0.0284801050089123,0.0346244129996529,0.70926853444229
"ETH",2021-08-27,2021-08-28,-0.0930755256364728,-0.121415495231139,-0.118955328707325,-0.15007102063989,0.00219186724541361,0.0109575153155834,0.0178051447709076,0.313906308200291
"ETH",2021-08-28,2021-08-29,-0.0905404227974721,-0.120254309735747,-0.116416492498408,-0.147388155464397,0.00215491969254269,0.0360214621108439,0.0418630752137451,0.253466701070401
"ETH",2021-08-29,2021-08-30,-0.0880055929104729,-0.117298888479811,-0.113246728717943,-0.146102491835462,0.00218540046210224,0.0963439073227446,0.0997642989477581,0.226287669008549
"ETH",2021-08-30,2021-08-31,-0.0842093688198275,-0.114983763196696,-0.110077511534675,-0.142567666096045,0.00232635260905917,0.21572909105956,0.214357601818509,0.859684405020458
"ETH",2021-08-31,2021-09-01,-0.0911500732344231,-0.11994430025854,-0.11701838609143,-0.148544974280332,0.00223211899540506,0.0635064098823217,0.0682448325288487,0.865686494262066
"ETH",2021-09-01,2021-09-02,-0.1038004047275,-0.136849537124527,-0.132834292847053,-0.168273849072886,0.00275208194723688,0.0169665114059223,0.0235729518586561,0.415250878783505
"ETH",2021-09-02,2021-09-03,-0.0980209376293555,-0.130019896091785,-0.126387898688384,-0.158880994602637,0.00239301004025712,0.791497929272527,0.793259293771582,0.462056804920017
"ETH",2021-09-03,2021-09-04,-0.0967512401552017,-0.129178467733821,-0.124484611888995,-0.159133670690498,0.00234165371960347,0.794650027239782,0.796256213406659,0.353005205362817
"ETH",2021-09-04,2021-09-05,-0.0942190601549975,-0.126109965077292,-0.121948360723611,-0.153904518657799,0.00222393496991875,0.751766997262128,0.755484322467125,0.364342365348152
"ETH",2021-09-05,2021-09-06,-0.0929474976485058,-0.122397690835633,-0.119412359415574,-0.153285818535701,0.00214507301656293,0.724394554534928,0.729459429865002,0.300210303112816
"ETH",2021-09-06,2021-09-07,-0.0910464984981476,-0.120346176254797,-0.117507418599895,-0.150005430184675,0.00206412212490401,0.683715491303542,0.69078300400478,0.875413982034943
"ETH",2021-09-07,2021-09-08,-0.108783704769733,-0.144631396387161,-0.140318931885289,-0.177133168738616,0.0029260565730606,0.737732851889312,0.742141080516447,0.483764928775795
"ETH",2021-09-08,2021-09-09,-0.104987158915868,-0.139200159336779,-0.135256613162301,-0.172600511538337,0.00271904384887327,0.693893022181198,0.700459493263904,0.438267057081875
"ETH",2021-09-09,2021-09-10,-0.101824883425257,-0.134493659951622,-0.13146040798809,-0.16692922701064,0.0025528342797199,0.653838820194894,0.662377166620786,0.58266070795907
"ETH",2021-09-10,2021-09-11,-0.105624290405119,-0.139357217560364,-0.135896036645966,-0.171252325301049,0.00275728401442222,0.767402189729996,0.770349791685385,0.426805532363688
"ETH",2021-09-11,2021-09-12,-0.101827934875302,-0.135312519269608,-0.131464558427807,-0.166292970929034,0.00257123939241321,0.719944152458747,0.72522812185851,0.527081587780766
"ETH",2021-09-12,2021-09-13,-0.102454283668494,-0.13431335946316,-0.131458865381392,-0.166557636822262,0.00258914063408011,0.767494006973478,0.770437088749972,0.494871713318096
"ETH",2021-09-13,2021-09-14,-0.10119010809507,-0.133687289472272,-0.130193586233051,-0.164274513777816,0.00254034090328795,0.783527907076111,0.785681637156662,0.502109542447938
"ETH",2021-09-14,2021-09-15,-0.100552278089934,-0.131865723051389,-0.128922682545771,-0.163251479041961,0.00250079302581388,0.800066727095847,0.801406248184956,0.568154179328278
"ETH",2021-09-15,2021-09-16,-0.101179199711445,-0.132078858980823,-0.129548376897106,-0.163118253375756,0.00252947957429022,0.83672659378068,0.836261343244954,0.361246257299211
"ETH",2021-09-16,2021-09-17,-0.0980155323484264,-0.128247252752398,-0.125750206194945,-0.15883853715013,0.00237499998426255,0.791440240875221,0.793204445384127,0.594963231964609
"ETH",2021-09-17,2021-09-18,-0.0986481888093256,-0.129982431275243,-0.126383677081605,-0.160885913471814,0.00241816223707454,0.829110665961958,0.829020348879814,0.351015385307954
"ETH",2021-09-18,2021-09-19,-0.0961148809591203,-0.125956844603783,-0.123215805764352,-0.156691884415988,0.00228758873988168,0.788151454918232,0.790077566932868,0.471980297440296
"ETH",2021-09-19,2021-09-20,-0.0948489413582093,-0.125785713523791,-0.121947911743117,-0.155470177247615,0.00224405923391347,0.789138254365053,0.791015786070973,0.832627674477222
"ETH",2021-09-20,2021-09-21,-0.108145335852605,-0.142898489863074,-0.139047185441038,-0.17333301974268,0.00290912762671028,0.857486796772699,0.855999517826234,0.583128875029969
"ETH",2021-09-21,2021-09-22,-0.112583591288744,-0.146401945801129,-0.143493315922952,-0.180111789893508,0.00313933219924332,0.918161364400297,0.913687065917049,0.547920037115469
"ETH",2021-09-22,2021-09-23,-0.124749273735298,-0.159809303901503,-0.157607733846617,-0.19573580680445,0.00386926815322883,0.999580060632327,0.994094017189808,0.480907681322772
"ETH",2021-09-23,2021-09-24,-0.119680680044678,-0.154705916997291,-0.151902920225185,-0.187618672790983,0.00356560967582677,0.994463408952389,0.989200576986829,0.520469368750556
"ETH",2021-09-24,2021-09-25,-0.120332359549552,-0.156978553118847,-0.153192886639683,-0.188519459651961,0.00362863829776592,0.998736030561951,0.993286807526681,0.44188609387669
"ETH",2021-09-25,2021-09-26,-0.114629739475928,-0.150022897269524,-0.146221343277662,-0.180299717922686,0.00327289222445557,0.979270620108839,0.974670566274181,0.478356034539988
"ETH",2021-09-26,2021-09-27,-0.112725565659609,-0.145228143948556,-0.143050681416159,-0.17696765246407,0.00314406414284179,0.988801451481151,0.983785619696314,0.459974111312029
"ETH",2021-09-27,2021-09-28,-0.109559989621007,-0.142302873755558,-0.139251119071183,-0.172977483225274,0.00298121808698321,0.989550582185404,0.984502069932677,0.529508319155485
"ETH",2021-09-28,2021-09-29,-0.108929234860353,-0.140410091434068,-0.13798895394213,-0.172224618088247,0.00293895353788187,0.995621937147571,0.990308564944816,0.38144211577887
"ETH",2021-09-29,2021-09-30,-0.104493580099343,-0.136186067018873,-0.132917041534276,-0.165871878555002,0.00270510763769303,0.97821034287474,0.973656543126194,0.5956586103915
"ETH",2021-09-30,2021-10-01,-0.105755593210494,-0.136267762722931,-0.134178641950423,-0.166496626955326,0.00276614327910175,0.994233938370337,0.988981116948927,0.712007803650702
"ETH",2021-10-01,2021-10-02,-0.113365501811105,-0.148454198825962,-0.144325084296906,-0.179110122633953,0.00321898688948368,0.998999484754133,0.993538768656011,0.468330051516712
"ETH",2021-10-02,2021-10-03,-0.110194701441874,-0.143019308330392,-0.139886808774492,-0.174335161458141,0.00301953766644495,0.99473121009076,0.989456695428905,0.389971826267068
"ETH",2021-10-03,2021-10-04,-0.10575877487361,-0.137373182870044,-0.134182872513467,-0.16869531871828,0.00276355216409802,0.974183386925564,0.96980526120005,0.360091255225165
"ETH",2021-10-04,2021-10-05,-0.101325260144752,-0.131409795968655,-0.129113637881662,-0.160507790510605,0.00250385929659061,0.931943278090689,0.929407856866039,0.501098172599966
"ETH",2021-10-05,2021-10-06,-0.100685772642707,-0.132010484125309,-0.128471433863251,-0.159855338452648,0.00251019500479842,0.966300011126946,0.962265793891889,0.387111389311088
"ETH",2021-10-06,2021-10-07,-0.0981482485485778,-0.127385781607573,-0.124667027132244,-0.156859732373099,0.00236157792440801,0.950839831123508,0.947480056830534,0.298190340623103
"ETH",2021-10-07,2021-10-08,-0.0937169078460575,-0.121491024530414,-0.119600258725609,-0.149596808076721,0.00211048521658147,0.875265428726106,0.875202551512449,0.285146400045312
"ETH",2021-10-08,2021-10-09,-0.0880252099507539,-0.117218867193783,-0.113273577846807,-0.144960794500679,0.00184092613762363,0.763021432719771,0.767855146029692,0.254816016208961
"ETH",2021-10-09,2021-10-10,-0.0810722733653228,-0.109113115777497,-0.105685577898368,-0.136176008265168,0.00151593023121707,0.59049972875506,0.602859618705177,0.70353566720859
"ETH",2021-10-10,2021-10-11,-0.0886443508104841,-0.115661584043646,-0.113257211197089,-0.144225269539691,0.00186623019971662,0.808136587003332,0.811002173332794,0.469038137841127
"ETH",2021-10-11,2021-10-12,-0.0880041605152866,-0.116256950615477,-0.113244768250799,-0.141329472618279,0.00186356607914907,0.831572941616034,0.833416128209324,0.278032298937589
"ETH",2021-10-12,2021-10-13,-0.0824170018145534,-0.110545891403316,-0.107062646050653,-0.138211633270284,0.00159086388071798,0.65391351561947,0.661451932738252,0.545243959051754
"ETH",2021-10-13,2021-10-14,-0.0849365838104592,-0.11220747550054,-0.109579147089031,-0.139704975395648,0.00170462750461345,0.741829242566062,0.745798652725684,0.788256995704416
"ETH",2021-10-14,2021-10-15,-0.0912528407783704,-0.120268767546437,-0.117158276712926,-0.146378441412974,0.00203817260875701,0.913797193519492,0.910785431651975,0.406537432264515
"ETH",2021-10-15,2021-10-16,-0.0893468911686823,-0.118912287350036,-0.114616711670392,-0.145996020963074,0.00195643126531021,0.894248330625647,0.892030169973009,0.277926060155262
"ETH",2021-10-16,2021-10-17,-0.0855463492328515,-0.113989804087939,-0.11018066646544,-0.141146120962132,0.00175839864105265,0.796498649891362,0.798248713160801,0.235494926012896
"ETH",2021-10-17,2021-10-18,-0.0798519165814455,-0.107845958862165,-0.104482317391924,-0.132790748115825,0.00149898858767336,0.636079146498317,0.644341563630705,0.461937024427126
"ETH",2021-10-18,2021-10-19,-0.080476895189425,-0.107208189866218,-0.104473160059427,-0.133910885403759,0.0015173990724985,0.66003430000128,0.667324239142197,0.64711731132628
"ETH",2021-10-19,2021-10-20,-0.0842586317323487,-0.110947155182367,-0.108252246840507,-0.138569332135672,0.0016909615389729,0.782800155572986,0.785106319818329,0.878689427307483
"ETH",2021-10-20,2021-10-21,-0.0937364915454222,-0.122698184985446,-0.119626675886028,-0.150915225021132,0.00216096881677946,0.951388473630725,0.94685066466128,0.433525355668327
"ETH",2021-10-21,2021-10-22,-0.0918337947303449,-0.121897017790374,-0.117721009495437,-0.148506324136719,0.00208549178933997,0.941477516704199,0.937342050699674,0.407862136197235
"ETH",2021-10-22,2021-10-23,-0.0905630651442032,-0.120348176151083,-0.116447386722614,-0.145436301580033,0.0020263677417281,0.934644018773157,0.93078596390448,0.639715453431514
"ETH",2021-10-23,2021-10-24,-0.0930837898158315,-0.121837536215595,-0.118966501310321,-0.148527492396528,0.00214246844964726,0.975443580851118,0.969929236191705,0.405249574144703
"ETH",2021-10-24,2021-10-25,-0.0918126880162236,-0.119168032702974,-0.117061133774656,-0.146510134148324,0.00206927366577612,0.964770859915532,0.959689782620391,0.526315555472853
"ETH",2021-10-25,2021-10-26,-0.0918046632120737,-0.119928486232126,-0.117050305545476,-0.147321072064032,0.00208177573314446,0.976299191722308,0.970750112877559,0.396793692098767
"ETH",2021-10-26,2021-10-27,-0.0905340368931903,-0.118097460313627,-0.11514564551149,-0.146512394389757,0.00201802797763921,0.965951646308609,0.960822634076221,0.675642888871617
"ETH",2021-10-27,2021-10-28,-0.0924272035982975,-0.120474233024726,-0.117669867343956,-0.148364858704874,0.00211241056190416,0.98636191713135,0.980404334162705,0.814946158265772
"ETH",2021-10-28,2021-10-29,-0.100014857669562,-0.130206284767893,-0.127155731100029,-0.1604057470073,0.00248167484159628,0.996987056365402,0.990598137648475,0.488434973450212
"ETH",2021-10-29,2021-10-30,-0.0987431676292012,-0.12801977481873,-0.125249737629621,-0.158946742854219,0.00241065664589347,0.993627484035503,0.987374949756738,0.424245959490974
"ETH",2021-10-30,2021-10-31,-0.0968416729227129,-0.125789178900418,-0.123345442370714,-0.154386824134455,0.00231660706156724,0.987102877426344,0.981115214601215,0.331942700482271
"ETH",2021-10-31,2021-11-01,-0.0936753233470076,-0.122929156984981,-0.11954416389072,-0.15113904729423,0.00216380308922226,0.956860209004868,0.952100270704219,0.309775224859147
"ETH",2021-11-01,2021-11-02,-0.0843278167000527,-0.110375326278483,-0.107714994970215,-0.134306403790471,0.00171378677009828,0.373651181613244,0.461704211867117,0.746421470522361
"ETH",2021-11-02,2021-11-03,-0.0881208617921486,-0.115757550526913,-0.112772402258675,-0.140033437554332,0.00189120418965572,0.607634776270953,0.447629852633357,0.343091327051397
"ETH",2021-11-03,2021-11-04,-0.0855818127086996,-0.112493347613935,-0.109597376590878,-0.135623569791072,0.00177489834604666,0.359274631694456,0.462568976460529,0.337720943037224
"ETH",2021-11-04,2021-11-05,-0.083677005822877,-0.108937484406895,-0.106425456822345,-0.134514092253836,0.00167748110041434,0.385481594993733,0.460992600063544,0.321517615152815
"ETH",2021-11-05,2021-11-06,-0.0817726209181843,-0.106697437610799,-0.104517899292571,-0.130078932696463,0.00159349023735908,0.376626053413774,0.461525270200475,0.271815290449609
"ETH",2021-11-06,2021-11-07,-0.0798674728614424,-0.104717805518897,-0.101977379971449,-0.128771409267783,0.00151232564129783,0.356665434657537,0.462725922405662,0.423343042105711
"ETH",2021-11-07,2021-11-08,-0.0792270504848246,-0.102808842701285,-0.101333731393015,-0.125891392533444,0.00147139432699541,0.410012543974656,0.459517037690004,0.752894551198879
"ETH",2021-11-08,2021-11-09,-0.080485610008461,-0.10675094176686,-0.103222164693715,-0.130101018009911,0.00154628919181175,0.568727491413509,0.449970166725441,0.372608297173987
"ETH",2021-11-09,2021-11-10,-0.0798461530740502,-0.103959136392311,-0.101948246649411,-0.128059009180696,0.0014972870224093,0.366970108786225,0.462106085422278,0.471193868955155
"ETH",2021-11-10,2021-11-11,-0.0792085869268723,-0.103297648054029,-0.101308429480266,-0.126974708852439,0.0014692507525389,0.430277427970803,0.458298083610726,0.457131234506683
"ETH",2021-11-11,2021-11-12,-0.0785688350075129,-0.102846653305805,-0.100665560185247,-0.126082463994786,0.0014428986132851,0.415237850903858,0.459202729984219,0.328237809766918
"ETH",2021-11-12,2021-11-13,-0.0772983806700592,-0.102132839164987,-0.0993921282362584,-0.124460748905733,0.00139404302277653,0.358401097904388,0.462621520436452,0.227682136749393
"ETH",2021-11-13,2021-11-14,-0.0760272705387696,-0.100490497352828,-0.0981176509601338,-0.121642058356979,0.00133577270553536,0.321199630405628,0.464859227820881,0.232723949680245
"ETH",2021-11-14,2021-11-15,-0.0753879288981548,-0.0978091716890927,-0.096844009953806,-0.120342995847177,0.00128628614200957,0.324105596283292,0.464684430917948,0.237624628588183
"ETH",2021-11-15,2021-11-16,-0.0741179261639821,-0.0980492491465575,-0.0955709097531526,-0.120432098028177,0.00124524840073097,0.320818757548796,0.464882137723676,0.964058563826452
"ETH",2021-11-16,2021-11-17,-0.0835985547929626,-0.109785410455106,-0.1069503092967,-0.135028252518779,0.00166138048277215,0.858279695677953,0.432553297197871,0.371226775310889
"ETH",2021-11-17,2021-11-18,-0.0823264641422011,-0.107517473950054,-0.105043532242118,-0.132562282524265,0.0015985408189899,0.324097751803599,0.464684902771649,0.759312596305079
"ETH",2021-11-18,2021-11-19,-0.0880173796035773,-0.116285262854442,-0.112631723707391,-0.141554608336849,0.00187688059611802,0.704781199646424,0.441786393125601,0.690184459145296
"ETH",2021-11-19,2021-11-20,-0.0949693121370167,-0.125351537618798,-0.121480379956104,-0.151598617130676,0.00221941174563787,0.633861721174853,0.446052274321845,0.471675264810584
"ETH",2021-11-20,2021-11-21,-0.0930663984516065,-0.121803096981725,-0.118311853016035,-0.149778865741246,0.00211833630177704,0.418829479106636,0.458986689771511,0.434051222882514
"ETH",2021-11-21,2021-11-22,-0.0944945782994993,-0.125883319098465,-0.122326180963961,-0.154579048001224,0.00222597400854007,0.795951570478463,0.774384350243532,0.590069129690771
"ETH",2021-11-22,2021-11-23,-0.0963946728110092,-0.126466193051722,-0.124227175479694,-0.156371944317746,0.00230223754814255,0.811186088652359,0.785098057100901,0.625996368949116
"ETH",2021-11-23,2021-11-24,-0.0989260554361141,-0.131789431224798,-0.127391529166418,-0.162584212945911,0.00245617876184531,0.844488829186071,0.808518279227555,0.431486438767185
"ETH",2021-11-24,2021-11-25,-0.0951214225101152,-0.126590102360545,-0.122950929296775,-0.155944086392754,0.00226402769106512,0.770565559471071,0.756531584760134,0.628251046411177
"ETH",2021-11-25,2021-11-26,-0.0989177896894338,-0.12999415702683,-0.127380299606187,-0.160126305785343,0.0024397745840102,0.820684693031482,0.79177797055208,0.668079543232339
"ETH",2021-11-26,2021-11-27,-0.114793202172132,-0.148945346029172,-0.146439112517455,-0.183560141791497,0.00329586618151582,0.969272398029803,0.896272585727301,0.468566778349065
"ETH",2021-11-27,2021-11-28,-0.108449641943036,-0.142821530358265,-0.138824803762933,-0.175931812571213,0.00296559931151641,0.879112370120118,0.832867357005879,0.51072942679724
"ETH",2021-11-28,2021-11-29,-0.106546899448095,-0.14060777253338,-0.136920561964012,-0.171470343628089,0.00287000018298086,0.828726464891992,0.797433363479108,0.484773889376227
"ETH",2021-11-29,2021-11-30,-0.103374092375653,-0.137051406946866,-0.133111818987866,-0.166869510888585,0.00270946744329686,0.778818328123458,0.762335361623577,0.513208285411469
"ETH",2021-11-30,2021-12-01,-0.102102359975396,-0.133785464559678,-0.130572479955633,-0.166437932278632,0.00262667187117807,0.751099445908874,0.742841999570956,0.406426783963805
"ETH",2021-12-01,2021-12-02,-0.0976628055119205,-0.12974249006166,-0.125496383755526,-0.160540868598604,0.00241820782851447,0.70442134316799,0.710015525919766,0.377067882289113
"ETH",2021-12-02,2021-12-03,-0.0938569015603382,-0.125641733406113,-0.121054086664066,-0.1551542681458,0.00223802527368284,0.664740356085437,0.68210978853045,0.688378660873495
"ETH",2021-12-03,2021-12-04,-0.09956212572707,-0.132371568577269,-0.128028846013601,-0.162951717593192,0.0025104341860416,0.762827673821148,0.751089900448046,0.492660827336171
"ETH",2021-12-04,2021-12-05,-0.0970260918369076,-0.129579187624601,-0.124858185807395,-0.160016032932507,0.00238874116293334,0.726488101539878,0.72553402002573,0.425438155669796
"ETH",2021-12-05,2021-12-06,-0.0944852425125257,-0.124009736168787,-0.121680921083261,-0.153391716037062,0.00223889570844985,0.687376531189437,0.698028726147517,0.511928157249025
"ETH",2021-12-06,2021-12-07,-0.0932125657378935,-0.12309262014693,-0.119772988532895,-0.153947324113117,0.00218377266081199,0.677224783569637,0.690889488342485,0.348919751928233
"ETH",2021-12-07,2021-12-08,-0.0894080191874168,-0.120166557011715,-0.115964564893278,-0.147949665025157,0.00202301176863535,0.634934579961939,0.661148813959513,0.470058815817629
"ETH",2021-12-08,2021-12-09,-0.0881346931423251,-0.118220369825714,-0.114055641764392,-0.14724837185974,0.00195820699006176,0.624699115919969,0.653950702405011,0.754763426884032
"ETH",2021-12-09,2021-12-10,-0.0950982961549251,-0.1254903984609,-0.12228699253363,-0.156091994901898,0.00226286738416654,0.761632514045009,0.75024940182885,0.649576489216625
"ETH",2021-12-10,2021-12-11,-0.0976325890664182,-0.127773768824047,-0.125455401936727,-0.15822920251229,0.00237830519090958,0.78938550249623,0.769766749163916,0.520090411866737
"ETH",2021-12-11,2021-12-12,-0.0927253982427264,-0.122087865810749,-0.117437684495459,-0.149753102426696,0.00222592499009231,0.107085460334933,0.11296745882689,0.390160145031789
"ETH",2021-12-12,2021-12-13,-0.08954602618382,-0.118090376299798,-0.113620836480129,-0.1427863727876,0.00207613566144263,0.0881057779834954,0.0956144953590538,0.750615758783126
"ETH",2021-12-13,2021-12-14,-0.101613906131108,-0.132287616513141,-0.128866573669573,-0.164630648752929,0.00266204324333247,0.169143945511695,0.169707008319935,0.444271019104507
"ETH",2021-12-14,2021-12-15,-0.097165282002482,-0.127551408656844,-0.123146319298487,-0.158014354871261,0.00244278999226164,0.138538775851963,0.141724959874742,0.519932513165555
"ETH",2021-12-15,2021-12-16,-0.0958916759619148,-0.127207494532012,-0.121870590659819,-0.15597005759168,0.00239230307254983,0.130474437924874,0.134351803735991,0.387801383696712
"ETH",2021-12-16,2021-12-17,-0.0927126197010385,-0.119835099496086,-0.116787053392783,-0.149250786396214,0.00220312348510868,0.105243129884787,0.111283031637589,0.416830092976212
"ETH",2021-12-17,2021-12-18,-0.0901701342060406,-0.116317460990899,-0.113608264433962,-0.14367249962862,0.00208056342621723,0.0893131095917868,0.0967183484638798,0.403823238021777
"ETH",2021-12-18,2021-12-19,-0.0876261946206432,-0.114009468313926,-0.110427483673347,-0.139946275495393,0.00197279090405799,0.0760779329613066,0.0846175381180368,0.315845672259916
"ETH",2021-12-19,2021-12-20,-0.0850826652217397,-0.110161591631062,-0.107247185623827,-0.133955042628694,0.00185394214640532,0.0625972081569003,0.0722922251481332,0.273489939580423
"ETH",2021-12-20,2021-12-21,-0.0825394598852703,-0.107974688946214,-0.104067251111271,-0.130547941330682,0.00175329784269059,0.0522013478476477,0.0627873777632912,0.433515192693772
"ETH",2021-12-21,2021-12-22,-0.0818973693687763,-0.105509440216472,-0.102789001775783,-0.12893315995882,0.00171186679197825,0.0486436332512776,0.0595345893194886,0.303561438018807
"ETH",2021-12-22,2021-12-23,-0.0799893332622131,-0.10488187337716,-0.100877925938377,-0.125948835266945,0.00164761960446027,0.0430389591714433,0.0544102830874019,0.576772318897951
"ETH",2021-12-23,2021-12-24,-0.0806146259966214,-0.10311830510114,-0.100867679331804,-0.126872413695404,0.00165194755648614,0.0444916927456085,0.0557385051394996,0.343242951409578
"ETH",2021-12-24,2021-12-25,-0.0793405154831677,-0.102012837733939,-0.0995907600378201,-0.123894704392847,0.00160405461292192,0.0405764672799987,0.0521588475237901,0.321545676924895
"ETH",2021-12-25,2021-12-26,-0.0780657855695768,-0.10177399329417,-0.0983128856039523,-0.122246606751445,0.00156389852110145,0.0376575305781395,0.0494900883204279,0.241362609137871
"ETH",2021-12-26,2021-12-27,-0.0774243643673583,-0.0988199983920112,-0.0970357952129769,-0.120014818614105,0.0015210232140792,0.0346427822907228,0.046733729392624,0.218116939924305
"ETH",2021-12-27,2021-12-28,-0.0761505584175737,-0.0989594870922926,-0.0957590269978058,-0.11898586695685,0.00148500871357738,0.0324193765808252,0.0447008883079517,0.942979735834052
"ETH",2021-12-28,2021-12-29,-0.0824820096301107,-0.107842681629974,-0.103990169613142,-0.131464969477223,0.00175056434755405,0.06228223485899,0.0720042477188604,0.692056474674328
"ETH",2021-12-29,2021-12-30,-0.0843790602107846,-0.110681942493349,-0.106519564466713,-0.135049942015874,0.001835889312515,0.0715381286903754,0.0804668333693542,0.413822139836943
"ETH",2021-12-30,2021-12-31,-0.0831046166723665,-0.107342945950887,-0.104609398341504,-0.131115165252616,0.00176564323823002,0.0620341033987135,0.0717773832178814,0.303456701129152
"ETH",2021-12-31,2022-01-01,-0.0781076078992368,-0.102307884207329,-0.0983691761990083,-0.125310826577368,0.00158706052811107,0.252197560211806,0.264709908966066,0.401013033335158
"ETH",2022-01-01,2022-01-02,-0.0774657762561771,-0.0998691413224007,-0.0970912373592097,-0.123769384619645,0.00154801061462021,0.24698469797699,0.260413084308111,0.39818382169675
"ETH",2022-01-02,2022-01-03,-0.0761910563668623,-0.10003426418593,-0.0958135521697531,-0.12268505288533,0.00151180285989104,0.242915596573252,0.257059031494185,0.386422881910494
"ETH",2022-01-03,2022-01-04,-0.0755505731544515,-0.0981477771969593,-0.0945375430262284,-0.122000529851753,0.00147805832304115,0.239840749460649,0.254524516232179,0.270918429421884
"ETH",2022-01-04,2022-01-05,-0.0742759104503375,-0.0970826965575571,-0.0932598058552951,-0.119289477325521,0.00143286991278239,0.237947676380232,0.25296410609187,0.913246915711174
"ETH",2022-01-05,2022-01-06,-0.0825122068440124,-0.106823293446273,-0.103397789042736,-0.133591290697491,0.00175815668738338,0.298359120262173,0.302759663695687,0.589179768967091
"ETH",2022-01-06,2022-01-07,-0.0825088005578768,-0.107877216933137,-0.104026115229793,-0.131912631905512,0.00176813455586756,0.287787076610502,0.294045407342609,0.722932364903318
"ETH",2022-01-07,2022-01-08,-0.088214745382749,-0.115559764177614,-0.111001163821472,-0.142895376929745,0.00202416487688842,0.31471054059356,0.316237707600862,0.495317918770522
"ETH",2022-01-08,2022-01-09,-0.0869428876270728,-0.113254507181306,-0.109727296278688,-0.138327248743232,0.00196098752919196,0.299923479521122,0.304049123714956,0.41914318258723
"ETH",2022-01-09,2022-01-10,-0.085034621770423,-0.10993695340792,-0.106550087771218,-0.137370202263013,0.00186837230099907,0.288336684838417,0.294498434888617,0.437483245083281
"ETH",2022-01-10,2022-01-11,-0.0831289632237479,-0.109246513653662,-0.104641981537134,-0.134590659260031,0.00180126023721405,0.277608367073344,0.285655365911376,0.657232869705503
"ETH",2022-01-11,2022-01-12,-0.0856582040253182,-0.110774759157661,-0.107803387946287,-0.136086427799908,0.00189714771704214,0.281049076792864,0.288491452057094,0.564103382021242
"ETH",2022-01-12,2022-01-13,-0.0856526340184803,-0.110718563771608,-0.10779595238692,-0.135768642952171,0.00189706519196223,0.274036838369379,0.282711449131973,0.534644727375494
"ETH",2022-01-13,2022-01-14,-0.0850158380781714,-0.110907136372048,-0.107157759929294,-0.135323810180639,0.00187838910176954,0.267244736152941,0.277112898668081,0.398917120884256
"ETH",2022-01-14,2022-01-15,-0.0831084692503903,-0.107986394240747,-0.104614554279257,-0.132362002601987,0.00179092084300861,0.260326895774812,0.271410705558505,0.329152363246759
"ETH",2022-01-15,2022-01-16,-0.0812011259503073,-0.104454329549043,-0.102071379891648,-0.128515665242587,0.00170018249470945,0.254232381822879,0.266387158676331,0.29917223550765
"ETH",2022-01-16,2022-01-17,-0.0792943829761354,-0.101992668302772,-0.0995290059411048,-0.126065140874731,0.00162082104691554,0.248452221885927,0.261622725505982,0.705414967627316
"ETH",2022-01-17,2022-01-18,-0.0805578551471782,-0.106013283232791,-0.101424402533473,-0.129954192313838,0.00169341026824933,0.254078698580073,0.26626048163837,0.376097860080035
"ETH",2022-01-18,2022-01-19,-0.0792849604710867,-0.102675204839114,-0.0995163927465159,-0.126802184083493,0.00162618197916293,0.248777051607178,0.261890474065802,0.402232740666042
"ETH",2022-01-19,2022-01-20,-0.0780131568691189,-0.101743390455464,-0.0982420502179306,-0.124227649625387,0.00158012236054658,0.244155938913797,0.258081412925553,0.567890114470963
"ETH",2022-01-20,2022-01-21,-0.0766251193440391,-0.0960215681175234,-0.0942871193961631,-0.117069438976125,0.00150797906968999,0.0415512031030977,0.049676227901371,0.858443642000898
"ETH",2022-01-21,2022-01-22,-0.124725489796501,-0.167238734731704,-0.163894028062897,-0.209153082147642,0.00413938540127693,0.588673622108366,0.565074765896328,0.486635076301314
"ETH",2022-01-22,2022-01-23,-0.124740346496359,-0.168400995635478,-0.164546256833956,-0.208028991503361,0.00416284566737217,0.583101340061339,0.559825582312232,0.481146834945203
"ETH",2022-01-23,2022-01-24,-0.122212141972598,-0.165974657026844,-0.160754055365418,-0.206645103962674,0.00401258017912825,0.548145249912359,0.526896356363934,0.48894673578225
"ETH",2022-01-24,2022-01-25,-0.117784016758578,-0.159645267611167,-0.155060256493795,-0.19775184980285,0.00372401449402497,0.489561851520855,0.471709807918974,0.462508323889067
"ETH",2022-01-25,2022-01-26,-0.111451293427953,-0.150922463981961,-0.145563067966393,-0.189542852386148,0.0033351745715958,0.412723120310055,0.399326428346564,0.429701052368747
"ETH",2022-01-26,2022-01-27,-0.105752147237288,-0.142057739275508,-0.137332050242629,-0.178351461770818,0.00299269721557056,0.341806029554704,0.33252133386585,0.438201335035685
"ETH",2022-01-27,2022-01-28,-0.101321289119365,-0.135299724720646,-0.130371364377945,-0.17104815742819,0.00274121990323029,0.286532266006625,0.280452517212434,0.577563541798575
"ETH",2022-01-28,2022-01-29,-0.101320638646157,-0.135197017914414,-0.130370482848617,-0.170149150850012,0.00274150254512671,0.279620278364819,0.273941308383333,0.42872378458667
"ETH",2022-01-29,2022-01-30,-0.096888689089674,-0.129958203241162,-0.124040004301506,-0.162418014789726,0.00251573043127971,0.230843922734571,0.227993159473153,0.364436226193332
"ETH",2022-01-30,2022-01-31,-0.0930884702546295,-0.122994688289737,-0.118341503120525,-0.15278480815383,0.00230291181985983,0.185969063477504,0.185720285888716,0.468427323736112
"ETH",2022-01-31,2022-02-01,-0.0905545368186708,-0.119903655211993,-0.114542002968595,-0.148549692987248,0.00218108422067944,0.158578855004273,0.15991824796794,0.579498180513047
"ETH",2022-02-01,2022-02-02,-0.0899176790166757,-0.117369993048568,-0.113272034876826,-0.145576425195943,0.00213369783533501,0.145471278572485,0.147570690099843,0.579903144076238
"ETH",2022-02-02,2022-02-03,-0.0892835992273717,-0.115330414383219,-0.112005817679931,-0.143474048521311,0.00209160496418379,0.134017730969218,0.136781255259442,0.345652093962235
"ETH",2022-02-03,2022-02-04,-0.0861176497556993,-0.112228202747241,-0.108205349474227,-0.13608441219566,0.00195272829079806,0.108006180069411,0.112277936003916,0.81558295335509
"ETH",2022-02-04,2022-02-05,-0.101933770364755,-0.137354087621715,-0.131608510913461,-0.17041349228588,0.00279335690330887,0.273537850415229,0.268211558762804,0.467802209145044
"ETH",2022-02-05,2022-02-06,-0.0981338154913752,-0.129070681867436,-0.125279008653806,-0.161383269635984,0.00255467828578441,0.224720148708322,0.22222446115171,0.411256333044882
"ETH",2022-02-06,2022-02-07,-0.0937033872782594,-0.124685100130085,-0.118950834170361,-0.154971277961872,0.00234351358110934,0.182071381786235,0.182048604057614,0.472468167590568
"ETH",2022-02-07,2022-02-08,-0.0918016669857505,-0.120090649183893,-0.115784032821694,-0.149444744537398,0.00222781810397283,0.157051343095795,0.158479306010798,0.364971019334271
"ETH",2022-02-08,2022-02-09,-0.0886357543966159,-0.115138478766844,-0.111352491612147,-0.141701965101182,0.00206705105757452,0.126387476478632,0.129593426955628,0.530887765746676
"ETH",2022-02-09,2022-02-10,-0.08932382508611,-0.1194087626054,-0.115216832644385,-0.147200699988698,0.0020187195875922,0.680275829475604,0.680147351723768,0.648189821898072
"ETH",2022-02-10,2022-02-11,-0.0912204561185748,-0.120745048471124,-0.117114193629768,-0.1511764556914,0.0020901370520115,0.703214543511679,0.701804154299001,0.629801520515123
"ETH",2022-02-11,2022-02-12,-0.093117709288342,-0.12239839992924,-0.119643934908398,-0.153011783752202,0.00216611959409256,0.727612200284541,0.724838367777457,0.377444032499274
"ETH",2022-02-12,2022-02-13,-0.0893173108612655,-0.118753644348501,-0.115207901376838,-0.146226756766767,0.00201231324168485,0.679971237853404,0.679859781957752,0.351699387576132
"ETH",2022-02-13,2022-02-14,-0.0867814554679784,-0.113780303490585,-0.110774064393239,-0.143382627016312,0.00189038950261412,0.638316092470928,0.640532500647552,0.394146953941319
"ETH",2022-02-14,2022-02-15,-0.0842464216515492,-0.112658694930056,-0.108235510095607,-0.138734099470357,0.00180587365057664,0.606745226221712,0.61072594669631,0.814243850962379
"ETH",2022-02-15,2022-02-16,-0.0930975363381525,-0.123095600786638,-0.119616489306638,-0.15417508667379,0.00217179030301596,0.726517258804857,0.72380461621581,0.416789171570164
"ETH",2022-02-16,2022-02-17,-0.0892989612267461,-0.120043974467566,-0.115182743280642,-0.14829195759908,0.00202329075891023,0.680537961666512,0.680394834869431,0.702956191219253
"ETH",2022-02-17,2022-02-18,-0.0994251712957384,-0.132101194981597,-0.128474683755022,-0.162997493897664,0.00247586723427603,0.809903614038092,0.802530992503272,0.506663257749812
"ETH",2022-02-18,2022-02-19,-0.0975260208111839,-0.130135019291436,-0.125942339799292,-0.160962288199583,0.00238985087183421,0.792037130803545,0.785662963218116,0.408263052128586
"ETH",2022-02-19,2022-02-20,-0.0937262397523667,-0.124672944076501,-0.120875608194454,-0.15447787087992,0.00220811030371304,0.744245054779419,0.740541708666213,0.550300790766137
"ETH",2022-02-20,2022-02-21,-0.0937252940925808,-0.125293483249581,-0.120874316463427,-0.155368551143118,0.00221426842082024,0.74749550702913,0.743610512023781,0.437018688948207
"ETH",2022-02-21,2022-02-22,-0.0911913962712286,-0.121022939087016,-0.117705934932178,-0.149050222604326,0.00209183651982374,0.711666782449533,0.70978404670744,0.425052498295052
"ETH",2022-02-22,2022-02-23,-0.0886566651522515,-0.118224000342448,-0.113905122912815,-0.147185461605288,0.00198707073648344,0.677905554522753,0.677909537667488,0.387392371528749
"ETH",2022-02-23,2022-02-24,-0.0861230956706609,-0.115219397658002,-0.110737117110283,-0.142330694237196,0.00188345289741426,0.641872642130377,0.643890295408957,0.303997961039679
"ETH",2022-02-24,2022-02-25,-0.0835885527640545,-0.111508606825244,-0.107567691165937,-0.136175335043693,0.00177660557627547,0.602802179651303,0.607003254090874,0.819006056670352
"ETH",2022-02-25,2022-02-26,-0.0905388851554841,-0.120526812627654,-0.11641439447134,-0.150320283635811,0.00206611968486737,0.698289675041345,0.697154508115555,0.388664188784177
"ETH",2022-02-26,2022-02-27,-0.0873729771440292,-0.115982968175732,-0.112613522301729,-0.142607925850035,0.00192729174643538,0.652172701374643,0.65361474418213,0.678692052020597
"ETH",2022-02-27,2022-02-28,-0.0911658553068211,-0.121265301141084,-0.117670942685787,-0.14963435319513,0.00209255765377921,0.706029865077513,0.704462143898644,0.686307419583947
"ETH",2022-02-28,2022-03-01,-0.108880847638184,-0.143090000812406,-0.139819009791317,-0.178470949422546,0.0029518389295607,0.899233478076886,0.886868729419045,0.480870779766943
"ETH",2022-03-01,2022-03-02,-0.0958167774279478,-0.127552838600203,-0.12240321847857,-0.157847524628515,0.00242656090527857,0.146527342584503,0.14786240552669,0.429773258636562
"ETH",2022-03-02,2022-03-03,-0.0932730231887765,-0.121149921336568,-0.117956511901966,-0.149143848880464,0.0022652522595812,0.110467646947291,0.113834575320212,0.507344541420818
"ETH",2022-03-03,2022-03-04,-0.092637097170276,-0.119845775856111,-0.116686683622462,-0.148100200277485,0.00222853603389046,0.102021790726131,0.105864620045675,0.622871185399486
"ETH",2022-03-04,2022-03-05,-0.0970882187884467,-0.128852455424535,-0.124309572996583,-0.159556781036685,0.00248797634047514,0.157392681777341,0.158115512510993,0.453635874252849
"ETH",2022-03-05,2022-03-06,-0.0945445558358583,-0.122892869408386,-0.119229924682464,-0.154238595561508,0.0023298009315083,0.122060752659618,0.124774441166936,0.50630091002923
"ETH",2022-03-06,2022-03-07,-0.0932753438332532,-0.122850521032486,-0.117959609414551,-0.151484731676713,0.00228248224141898,0.11129474097543,0.114615064857268,0.440952170049488
"ETH",2022-03-07,2022-03-08,-0.0913679086426246,-0.120266957485614,-0.115416349798367,-0.145660824910327,0.00218588448488882,0.0903238346923174,0.0948258119069097,0.473171154473698
"ETH",2022-03-08,2022-03-09,-0.0907265384120769,-0.116845609760488,-0.113506546853474,-0.143858620463264,0.00212834092508629,0.0782540841043454,0.0834361588223664,0.631037024944088
"ETH",2022-03-09,2022-03-10,-0.0913596205105849,-0.119662179109208,-0.115405286785116,-0.144572925883361,0.00217949541803808,0.0887871577255512,0.0933757224931386,0.554590551934016
"ETH",2022-03-10,2022-03-11,-0.0913576904018422,-0.118360191708596,-0.114769946786493,-0.14499235663856,0.00216633690478397,0.0858969332500248,0.0906483542784626,0.421903627985422
"ETH",2022-03-11,2022-03-12,-0.0900830071660031,-0.11526822981009,-0.112226862140579,-0.142601514148008,0.00208953807465271,0.0701826085618182,0.0758194888970265,0.350130303629844
"ETH",2022-03-12,2022-03-13,-0.0888065575139981,-0.112596895945731,-0.110314288531019,-0.138400395744239,0.00201811632087022,0.0565866741918201,0.0629896483211314,0.437827132310515
"ETH",2022-03-13,2022-03-14,-0.0875337257410276,-0.11328413158474,-0.109039030541798,-0.137334842333596,0.0019797237135777,0.0501744671711098,0.0569387516650776,0.493755688224464
"ETH",2022-03-14,2022-03-15,-0.087525385182137,-0.110636062663954,-0.108395620660566,-0.135859567490022,0.00195480908081867,0.0466376997610851,0.0536012714456402,0.346161806007721
"ETH",2022-03-15,2022-03-16,-0.0862501922955125,-0.111003319225672,-0.107749530010539,-0.131478613505983,0.00191400535326385,0.0406148605562721,0.047917802791767,0.762813971033257
"ETH",2022-03-16,2022-03-17,-0.0875146336781243,-0.111635953502278,-0.109013900059,-0.135149814773445,0.00196443205460849,0.050963447473021,0.0576832750803553,0.409501072270705
"ETH",2022-03-17,2022-03-18,-0.0868723158482576,-0.109673490513928,-0.10773615646716,-0.133639593981,0.00192387249641721,0.0443603046346392,0.051452201318831,0.648867976797963
"ETH",2022-03-18,2022-03-19,-0.0868684709272424,-0.111695318490274,-0.108363321654135,-0.134406887213377,0.00194281253501389,0.0488163505696586,0.0556571612273844,0.335937561232772
"ETH",2022-03-19,2022-03-20,-0.0862257979560642,-0.109109385700059,-0.107085171751995,-0.131862782646183,0.00189676503883729,0.0413530346500106,0.0486143827900361,0.512647640477738
"ETH",2022-03-20,2022-03-21,-0.0855878480577613,-0.110101493006115,-0.106445375223567,-0.132626241649914,0.00188413033756053,0.0403131180820366,0.0476330626824031,0.349017172207955
"ETH",2022-03-21,2022-03-22,-0.0850656239706022,-0.108383453180764,-0.105325059545603,-0.130111875988373,0.0018558654981388,0.0272163116723361,0.0341900884497759,0.500533000642599
"ETH",2022-03-22,2022-03-23,-0.0850569757891884,-0.107260993454596,-0.105313737530322,-0.128435584285772,0.00184583953018827,0.0268454198120611,0.0338393188087231,0.361273029483643
"ETH",2022-03-23,2022-03-24,-0.0844138183269253,-0.107419061867689,-0.10466741638951,-0.127774785966106,0.00182550081383459,0.0248174980132097,0.031921419071213,0.563340381045516
"ETH",2022-03-24,2022-03-25,-0.0844057442974199,-0.10696790719067,-0.104656821687378,-0.127290417297177,0.00182165883074968,0.0255569526138293,0.0326207555965329,0.269469664006103
"ETH",2022-03-25,2022-03-26,-0.0837625653266714,-0.106848060242015,-0.104010385084374,-0.126161306115818,0.0017989762100284,0.0231953542526245,0.0303872824519448,0.32332842546681
"ETH",2022-03-26,2022-03-27,-0.0837524826921802,-0.105046827296715,-0.103364478657142,-0.126378271916758,0.00178317600068956,0.0221481967506374,0.0293969370158781,0.813875214199855
"ETH",2022-03-27,2022-03-28,-0.0843811284947059,-0.10547614661508,-0.10399191493687,-0.128597910950568,0.00180884961411276,0.0276895833542968,0.0346376834384571,0.415096118974672
"ETH",2022-03-28,2022-03-29,-0.0837388609102528,-0.105947891309978,-0.103346696528025,-0.128418736320191,0.0017915037346728,0.0256508275110328,0.0327095374424636,0.364859300252646
"ETH",2022-03-29,2022-03-30,-0.0830966243760587,-0.106543726769632,-0.103333874077423,-0.125466834881977,0.00177527701628619,0.0240004560956322,0.0311487046203184,0.247224588953539
"ETH",2022-03-30,2022-03-31,-0.0830865928839329,-0.104375754863499,-0.102688334241027,-0.124986443857037,0.00175628591130957,0.0220918547450993,0.0293436517670615,0.67299693669176
"ETH",2022-03-31,2022-04-01,-0.0830814122448562,-0.104979673810673,-0.102681555593876,-0.126296269113715,0.00176185500936159,0.0241987208034665,0.0313362127536835,0.814652169389564
"ETH",2022-04-01,2022-04-02,-0.0837112890555715,-0.106738436614768,-0.103942942895291,-0.127822635840159,0.00179923883558264,0.0314516586563186,0.0381956526058716,0.323820648013206
"ETH",2022-04-02,2022-04-03,-0.0830689402661303,-0.106079023283549,-0.103297375126523,-0.125499660651383,0.00177162871445505,0.0269286506605287,0.0339180340838976,0.415824309505267
"ETH",2022-04-03,2022-04-04,-0.0830598167004627,-0.104614509771978,-0.102653298737282,-0.126085142749204,0.00175863179737492,0.0253759596039066,0.032449582109262,0.262896486272596
"ETH",2022-04-04,2022-04-05,-0.0824178275859473,-0.104766262359938,-0.102008212331177,-0.125326717743678,0.00173864980529536,0.0228624383526888,0.030072428438609,0.591243655285419
"ETH",2022-04-05,2022-04-06,-0.0824119356748094,-0.104898500966233,-0.102000484749232,-0.12576893799128,0.00173995704686997,0.0240176399740424,0.0311649562114354,0.889800377215113
"ETH",2022-04-06,2022-04-07,-0.0849524375466395,-0.109184332930351,-0.105808892058327,-0.132794838061252,0.00186563694325275,0.0475045726888914,0.0533776382360781,0.436626693589294
"ETH",2022-04-07,2022-04-08,-0.0843108883891124,-0.1073499596309,-0.104532352227209,-0.130909279823286,0.00182651700710678,0.0390250351621301,0.0453581461600058,0.391500815995505
"ETH",2022-04-08,2022-04-09,-0.0836704341866368,-0.106446742707863,-0.103889207673589,-0.127936941338463,0.00179635344358244,0.0330466783366356,0.0397041367239161,0.436239311319372
"ETH",2022-04-09,2022-04-10,-0.0830299606247205,-0.106959734519243,-0.103245984057002,-0.127566533622134,0.0017791207527271,0.0299925565618196,0.0368157120550944,0.348216224079615
"ETH",2022-04-10,2022-04-11,-0.0805410733005539,-0.10494120697474,-0.102034027529639,-0.130548913216287,0.00163479576217863,0.589289249970872,0.588157951664708,0.838652758289885
"ETH",2022-04-11,2022-04-12,-0.0849803925122846,-0.113468139187673,-0.108374895678896,-0.140257271039976,0.00186106482008458,0.541689330798074,0.543882522005663,0.42885950981086
"ETH",2022-04-12,2022-04-13,-0.0843380194973075,-0.109692107151305,-0.107096695289752,-0.136227863867572,0.00180412144745327,0.546310067430738,0.548180535601229,0.485699628801456
"ETH",2022-04-13,2022-04-14,-0.0836980744275044,-0.109348671709302,-0.10645399803551,-0.134623360336669,0.00178131362313657,0.538022845827978,0.540472112908116,0.518301969643016
"ETH",2022-04-14,2022-04-15,-0.0830606545327234,-0.110006566250819,-0.105814675726758,-0.134486748498061,0.00176814460864165,0.52719174658319,0.53039748292814,0.345756529632715
"ETH",2022-04-15,2022-04-16,-0.0824184802133751,-0.106834438456276,-0.104536886106071,-0.131880046196411,0.00171641975111026,0.544544125691934,0.546537931357416,0.322120735118286
"ETH",2022-04-16,2022-04-17,-0.081144751957853,-0.106425868222904,-0.103259632956622,-0.130308098077066,0.00167023855938127,0.564352489588524,0.564962832861564,0.454018457481619
"ETH",2022-04-17,2022-04-18,-0.0805056886529864,-0.10617307476863,-0.102617954784693,-0.129294958326124,0.00164751472647714,0.568464779281589,0.568787910639153,0.436724146763119
"ETH",2022-04-18,2022-04-19,-0.0798653038927553,-0.105681218827058,-0.101342727172771,-0.130702073064545,0.00162224728029357,0.577308216773544,0.577013701804844,0.366274578416911
"ETH",2022-04-19,2022-04-20,-0.0792245625340235,-0.104492973334004,-0.100698728851956,-0.128744473791166,0.00159003649148741,0.595415563989711,0.593856389605866,0.283602192910133
"ETH",2022-04-20,2022-04-21,-0.0785840730396457,-0.102713962085715,-0.100055004314895,-0.126223578078169,0.00155205543029504,0.622338862618397,0.618899302185118,0.662712428313508
"ETH",2022-04-21,2022-04-22,-0.0785789895889916,-0.103876270412328,-0.10004807233673,-0.127545251032959,0.00156387083318899,0.607502665821822,0.60509930001936,0.290038892494718
"ETH",2022-04-22,2022-04-23,-0.0779386675254073,-0.102111903176474,-0.0987731392146939,-0.127737666783942,0.00152619946769524,0.636345338484179,0.631927533067512,0.261193617417317
"ETH",2022-04-23,2022-04-24,-0.0772986203220307,-0.100558773850802,-0.0981299544591628,-0.125656743655653,0.00149089913975653,0.664736420467811,0.658335715584528,0.231108941921531
"ETH",2022-04-24,2022-04-25,-0.0760275080392015,-0.101114636560833,-0.0974868249578687,-0.123632347917848,0.00145585882394297,0.694042336430963,0.685594837939549,0.731566349462826
"ETH",2022-04-25,2022-04-26,-0.0766520822869617,-0.101090461947907,-0.097477842711164,-0.1263179409406,0.00147572892996982,0.677544684264053,0.67024942032647,0.929506227402077
"ETH",2022-04-26,2022-04-27,-0.0823439014956689,-0.108544761885921,-0.105067278587795,-0.134284959169423,0.0017249707517668,0.598731729307149,0.596940946193388,0.528497877799321
"ETH",2022-04-27,2022-04-28,-0.0817056506599281,-0.109112736268587,-0.104426452594749,-0.133986735986201,0.00171145485099381,0.586540233840171,0.585600933240274,0.403984304642223
"ETH",2022-04-28,2022-04-29,-0.0810655250938792,-0.106958215830593,-0.10315196567994,-0.132665762546585,0.00167096611661126,0.59388612337088,0.592433768691513,0.611724294502966
"ETH",2022-04-29,2022-04-30,-0.0816943099636388,-0.107668581041278,-0.103779948822345,-0.133690023365232,0.00170038068703341,0.565334374915026,0.565876141023894,0.527403418689163
"ETH",2022-04-30,2022-05-01,-0.0779610050404322,-0.103192788621883,-0.0994350349027301,-0.127619257369351,0.00154797148676686,0.457357306719834,0.462311786556756,0.567874521359409
"ETH",2022-05-01,2022-05-02,-0.0779554377396128,-0.103682622004934,-0.0994274212426906,-0.128195379750824,0.00155271059703482,0.44763251855566,0.453149529728109,0.371233580986774
"ETH",2022-05-02,2022-05-03,-0.077314819134129,-0.101503844370135,-0.0981519954657883,-0.126576200739894,0.00151545378755045,0.4482811710339,0.453760660839435,0.513153532124637
"ETH",2022-05-03,2022-05-04,-0.0773090621930962,-0.100361874127277,-0.0981441622509405,-0.124670858134817,0.0015061096346548,0.441915387896831,0.44776310705907,0.740329772305748
"ETH",2022-05-04,2022-05-05,-0.0785719981244187,-0.104834015275739,-0.100669907356609,-0.128133341725312,0.00158161334510352,0.436074926972322,0.442260488175795,0.709828697995432
"ETH",2022-05-05,2022-05-06,-0.0823690592393751,-0.108966192829973,-0.105732996391602,-0.135200835843112,0.00172944120841247,0.461732066031188,0.466433487482007,0.447762938638268
"ETH",2022-05-06,2022-05-07,-0.0810979341782188,-0.106895578254553,-0.103827382355022,-0.132430179045581,0.00167388732434559,0.446944820114352,0.452501611271321,0.444629796491257
"ETH",2022-05-07,2022-05-08,-0.079827992026788,-0.106646436461723,-0.101923429720953,-0.132624671335658,0.00163454509489176,0.436216499726846,0.442393871640297,0.599966608026243
"ETH",2022-05-08,2022-05-09,-0.0804582308531758,-0.107848363143972,-0.103184571553039,-0.132787631675239,0.00166400880974352,0.434903251212124,0.441156588116112,0.689410275402112
"ETH",2022-05-09,2022-05-10,-0.0956556503851387,-0.128377369177693,-0.124712624362,-0.161482382449479,0.00233098704686458,0.626873948587422,0.622022721468676,0.503965203524137
"ETH",2022-05-10,2022-05-11,-0.0937541604095196,-0.127157610851011,-0.122176983192128,-0.159635458263314,0.00225627318143586,0.607708920810346,0.603966296623493,0.429634848229126
"ETH",2022-05-11,2022-05-12,-0.115939899609782,-0.155861744585204,-0.151971706769737,-0.193656668510549,0.00342074920049593,0.850939619599207,0.833127291525646,0.465118403470697
"ETH",2022-05-12,2022-05-13,-0.115311153100447,-0.154496506186957,-0.150712076531425,-0.193467854283805,0.00337678371721748,0.849164408779094,0.831454767951427,0.49506523124528
"ETH",2022-05-13,2022-05-14,-0.110875451208081,-0.148940090005149,-0.145008099758047,-0.186839822503387,0.00312397322164726,0.806604376052324,0.791356624537379,0.481147522580973
"ETH",2022-05-14,2022-05-15,-0.105806395476287,-0.142900621666236,-0.13867016059765,-0.178443932471288,0.00285516957342494,0.753439105302583,0.741266704145263,0.495250319535711
"ETH",2022-05-15,2022-05-16,-0.103904638279296,-0.139741545983092,-0.136134203362262,-0.174285295866444,0.00274818626057423,0.732845956889656,0.721864768444002,0.52714309155705
"ETH",2022-05-16,2022-05-17,-0.104540460033592,-0.140640713748424,-0.136771492361064,-0.1760783563463,0.00278240319720436,0.743789899535352,0.732175657642314,0.488967058322384
"ETH",2022-05-17,2022-05-18,-0.101372638109859,-0.138189763141295,-0.13296863273424,-0.171636166122198,0.00263993989122957,0.712921939286878,0.703093257614837,0.571367447104092
"ETH",2022-05-18,2022-05-19,-0.109615006159211,-0.146771542573238,-0.143116954851875,-0.184594752266746,0.00305008061353063,0.799210068391479,0.784390041336289,0.507132832056604
"ETH",2022-05-19,2022-05-20,-0.108348149096957,-0.145246207897315,-0.141849104715499,-0.181235261073992,0.00298264980522552,0.788311594768375,0.77412199100045,0.474023044789346
"ETH",2022-05-20,2022-05-21,-0.10155199949511,-0.13067036320357,-0.12763568138525,-0.15931679848169,0.00261955519490473,0.311117477109133,0.312731434674772,0.42125764087699
"ETH",2022-05-21,2022-05-22,-0.0979014228173296,-0.124742671501922,-0.122767794041251,-0.15184465009554,0.00241384088471741,0.325372872905384,0.306261281176967,0.496124375294636
"ETH",2022-05-22,2022-05-23,-0.0960760580385581,-0.122947015811879,-0.120333726130529,-0.150468103228812,0.00232475649937624,0.300098837901479,0.317732508515823,0.516340802968331
"ETH",2022-05-23,2022-05-24,-0.0942522199902456,-0.122527419899309,-0.118508143950268,-0.1478439552493,0.00225250293191925,0.309064349301257,0.313663296003453,0.374281636661828
"ETH",2022-05-24,2022-05-25,-0.0912103534072106,-0.118091489032983,-0.114249671104814,-0.143004173592765,0.0020977504433737,0.343669033483726,0.297957129608373,0.392982017571373
"ETH",2022-05-25,2022-05-26,-0.0893831389023403,-0.113068057907069,-0.111812934921923,-0.136767853884713,0.00198208626048514,0.323697659165951,0.307021617136114,0.755897097533562
"ETH",2022-05-26,2022-05-27,-0.0942447311398558,-0.121163836294485,-0.118497760858182,-0.147099484169796,0.00223412098593052,0.231054725600905,0.349069835875187,0.582172881160457
"ETH",2022-05-27,2022-05-28,-0.094244512856975,-0.122005642925692,-0.118497458214768,-0.146755023066386,0.00224613563230026,0.31858372993312,0.309342696647777,0.534681186346849
"ETH",2022-05-28,2022-05-29,-0.0936344864808815,-0.120691603587968,-0.117279699356497,-0.147335062164915,0.00220907210512177,0.293130164700943,0.320895408089286,0.399040849872222
"ETH",2022-05-29,2022-05-30,-0.0905936442647663,-0.117334776686368,-0.1136289042217,-0.141039281594572,0.00206719680312721,0.351879406931862,0.294230654577935,0.700997174745062
"ETH",2022-05-30,2022-05-31,-0.101535513324663,-0.13077903115248,-0.127613057506325,-0.16079492264285,0.00261552834522209,0.229545006964536,0.349755057910086,0.48326765530926
"ETH",2022-05-31,2022-06-01,-0.0978888231375792,-0.126664503874723,-0.122750476673192,-0.153971999933613,0.00243337797553437,0.353518295314275,0.293486805753845,0.554857966303104
"ETH",2022-06-01,2022-06-02,-0.100321442032082,-0.128809439260878,-0.125792101610167,-0.15870969657349,0.00254746755848306,0.261201195145608,0.335387137186285,0.434005392693829
"ETH",2022-06-02,2022-06-03,-0.0960658548237349,-0.124448255496272,-0.12092603661981,-0.148879766528041,0.00234091366652329,0.353732576399845,0.29338954914062,0.489070115817715
"ETH",2022-06-03,2022-06-04,-0.0948479257702673,-0.121135276540286,-0.119099756976614,-0.14660457592363,0.00225843840998237,0.288725453490836,0.322894591980791,0.409869281152047
"ETH",2022-06-04,2022-06-05,-0.0918073668681069,-0.117846811903971,-0.114843138774921,-0.143073680251896,0.00211601461930659,0.347000707676601,0.296444969318987,0.356036214212343
"ETH",2022-06-05,2022-06-06,-0.0887671126533486,-0.115102475550958,-0.111193065549195,-0.13900081408779,0.0019796483420189,0.335039487420684,0.301873856189823,0.476026585342743
"ETH",2022-06-06,2022-06-07,-0.0875484762043927,-0.112637016086432,-0.109971859988675,-0.134590821160585,0.00191163893457524,0.309592340268706,0.313423654631606,0.455783987084236
"ETH",2022-06-07,2022-06-08,-0.086329804418417,-0.110119290479454,-0.10814452658737,-0.132081084709953,0.00184586359601944,0.332081818035228,0.30321626542161,0.336964124183229
"ETH",2022-06-08,2022-06-09,-0.0845038125632912,-0.107413863860543,-0.105709330891133,-0.128795343257517,0.00175844019328795,0.357659533698541,0.29160720532744,0.283510251667802
"ETH",2022-06-09,2022-06-10,-0.0836366162751075,-0.107918124751102,-0.105339247293965,-0.131557097843537,0.00172544718523492,0.543021815407404,0.523727030535449,0.865512446776312
"ETH",2022-06-10,2022-06-11,-0.0890737809331394,-0.115547307114886,-0.111986692338367,-0.138205305161266,0.00200632595308742,0.386819762036327,0.394304628665087,0.713386745534579
"ETH",2022-06-11,2022-06-12,-0.0945203519374085,-0.121108954189291,-0.118043634928367,-0.148520746476099,0.00227241481857563,0.319560318696582,0.338576304244065,0.550446321921808
"ETH",2022-06-12,2022-06-13,-0.0951258062161253,-0.121355687960424,-0.118649936921577,-0.149437750581263,0.00229863784953218,0.312526654201549,0.332748507917119,0.351576405197516
"ETH",2022-06-13,2022-06-14,-0.143044016232429,-0.188047363914884,-0.185972655602081,-0.230233757281662,0.00537935183422847,0.719194420241025,0.669696185032794,0.556696145914363
"ETH",2022-06-14,2022-06-15,-0.13154061636417,-0.174387447600678,-0.171439949143336,-0.213815469595808,0.00454470482129179,0.607788409141155,0.577389885415281,0.537304892405229
"ETH",2022-06-15,2022-06-16,-0.122459984663738,-0.163817106046839,-0.159331533123028,-0.20032010780132,0.00395214953964294,0.523486432593354,0.507540840208969,0.275002918590401
"ETH",2022-06-16,2022-06-17,-0.149200377391701,-0.195331156490745,-0.193984781957012,-0.23639936525161,0.00587245508501032,0.76707773371511,0.709370269371527,0.523754793650956
"ETH",2022-06-17,2022-06-18,-0.137688273147273,-0.18094474394352,-0.178836315514475,-0.223483106835791,0.00496827270938572,0.653678641875216,0.615412587515892,0.398849291464534
"ETH",2022-06-18,2022-06-19,-0.14075413990197,-0.185746279357471,-0.183128038079698,-0.227764797722899,0.005214651979535,0.685827881676344,0.642050085190033,0.307000494140592
"ETH",2022-06-19,2022-06-20,-0.155387578412454,-0.201352526246199,-0.200826781958456,-0.244657393922775,0.0063783375397564,0.804108665958759,0.740052530526483,0.531315193485136
"ETH",2022-06-20,2022-06-21,-0.141435008981388,-0.187343036877623,-0.184443793823684,-0.228153396982185,0.00528378226547356,0.675164919505387,0.633215206611711,0.517004428660953
"ETH",2022-06-21,2022-06-22,-0.130515339434008,-0.172054338459644,-0.169277545257742,-0.213528816512382,0.00446375262114257,0.566846470425586,0.543467130038884,0.482916877123854
"ETH",2022-06-22,2022-06-23,-0.128104232400235,-0.1707714721341,-0.166871065014775,-0.209293277169984,0.00432512876435712,0.553591798540182,0.532484870623015,0.47188987301495
"ETH",2022-06-23,2022-06-24,-0.131162362123758,-0.172884534299566,-0.170546571544455,-0.213046356557476,0.0045054143128463,0.586478634367511,0.559733509106517,0.473797733053572
"ETH",2022-06-24,2022-06-25,-0.130576309329557,-0.174167503920306,-0.169968413415682,-0.214385109601479,0.00449531620344089,0.589721200452925,0.562420161950963,0.479309543084291
"ETH",2022-06-25,2022-06-26,-0.1214715831396,-0.162556451285099,-0.157827771582394,-0.198898954093859,0.00389042853756677,0.504558102805501,0.491857628294215,0.475112599313543
"ETH",2022-06-26,2022-06-27,-0.116009765589326,-0.15365833014495,-0.149332964058933,-0.190003014212247,0.0035243730255449,0.454355146141109,0.450261585910163,0.428638918477586
"ETH",2022-06-27,2022-06-28,-0.110544472580062,-0.144953902455252,-0.14143931738968,-0.178419396067759,0.00317824391275762,0.410793991142281,0.414168658918979,0.512372579962351
"ETH",2022-06-28,2022-06-29,-0.108118660999993,-0.141594337778589,-0.137800902648681,-0.174552323043815,0.003035733729215,0.395837264874639,0.401776149371891,0.514269209101941
"ETH",2022-06-29,2022-06-30,-0.108098841535914,-0.143298179493146,-0.138379009437981,-0.176083334046624,0.00300754205287972,0.378733062704085,0.386176792936159,0.558467800456915
"ETH",2022-06-30,2022-07-01,-0.107493073003128,-0.140238869824801,-0.137167573056616,-0.173335383237451,0.00294594362535547,0.379056049862567,0.386448390169334,0.439039430307577
"ETH",2022-07-01,2022-07-02,-0.103850335814468,-0.135784103775289,-0.132310042896701,-0.167555634839805,0.00274970016243448,0.362548467209538,0.372567300295544,0.3552917276006
"ETH",2022-07-02,2022-07-03,-0.100205859478863,-0.130533855666694,-0.127450026202061,-0.160641786061959,0.00255144086073111,0.350044601580187,0.362052902989833,0.33092240411834
"ETH",2022-07-03,2022-07-04,-0.0971681899775965,-0.125809407051105,-0.123197327756934,-0.155292478094725,0.00238798479913166,0.345215120585587,0.357991832320744,0.752890894132321
"ETH",2022-07-04,2022-07-05,-0.0996001105089252,-0.131707810640238,-0.126844148015021,-0.161901496219742,0.00254033820102343,0.364369838449972,0.374098876324174,0.402501093720845
"ETH",2022-07-05,2022-07-06,-0.0965630307113609,-0.127778916975951,-0.123197566660921,-0.155244725961111,0.00238557081608479,0.358974976395438,0.369562381392741,0.599314128256123
"ETH",2022-07-06,2022-07-07,-0.0965624676530461,-0.127143303088372,-0.123196773141528,-0.154214125374433,0.00237870279753052,0.359687424372747,0.370161473010896,0.549474346380873
"ETH",2022-07-07,2022-07-08,-0.0959536059185579,-0.124655335689667,-0.121375866438226,-0.154790534747479,0.00233044685444043,0.358581275447297,0.369231321518051,0.350365193806362
"ETH",2022-07-08,2022-07-09,-0.0929172582661117,-0.122298274559429,-0.118335427171943,-0.148216606878162,0.00219758874763522,0.362456238842557,0.372489746223705,0.337110201286187
"ETH",2022-07-09,2022-07-10,-0.0910924813627139,-0.117713542820323,-0.115296527908512,-0.144699292727773,0.00208777454646915,0.370154113006189,0.3789628250111,0.621418375662229
"ETH",2022-07-10,2022-07-11,-0.0904842946737399,-0.11937275513302,-0.115292144880224,-0.143816236361097,0.00208322552281872,0.365795186448384,0.375297439680376,0.746394528190308
"ETH",2022-07-11,2022-07-12,-0.0935148136204042,-0.121056606295549,-0.118324732371091,-0.149155085539076,0.00220572069926836,0.359624035893791,0.370108170162632,0.629838518752466
"ETH",2022-07-12,2022-07-13,-0.094120661805032,-0.123084007275517,-0.119535996032824,-0.150136137224394,0.00224788328037905,0.356984022182139,0.367888204443257,0.64972263239518
"ETH",2022-07-13,2022-07-14,-0.0965489235301636,-0.126672248089352,-0.122572486244754,-0.155439662030731,0.00237248107329696,0.35968483197608,0.370159293085955,0.62177981192957
"ETH",2022-07-14,2022-07-15,-0.0995862542973405,-0.131236710997704,-0.126824749318802,-0.160529515481923,0.00253355313564976,0.370294035596712,0.379080484761485,0.497136561455642
"ETH",2022-07-15,2022-07-16,-0.0983710121546734,-0.127776261528673,-0.125002358743664,-0.156580932050246,0.00245083696568361,0.36687019332054,0.376201404077888,0.62237072430667
"ETH",2022-07-16,2022-07-17,-0.105056365849047,-0.138998022765277,-0.134119614878326,-0.170997070900229,0.00283099818743212,0.406503777385435,0.409528957481005,0.446010972219978
"ETH",2022-07-17,2022-07-18,-0.101412372163345,-0.13294730240971,-0.129260236659487,-0.163017031733334,0.00262055319953825,0.39129390110551,0.396739098175221,0.523640865229605
"ETH",2022-07-18,2022-07-19,-0.129392091325889,-0.169102740941464,-0.166370583892542,-0.209337344448033,0.00430779245678356,0.603377328979657,0.575078300524885,0.512380119397234
"ETH",2022-07-19,2022-07-20,-0.131746513151678,-0.173692319311335,-0.169910617524508,-0.210029033198053,0.00436548650739661,0.69044506408126,0.676849093130705,0.485229416442061
"ETH",2022-07-20,2022-07-21,-0.122645963856306,-0.159779057435633,-0.157170143161417,-0.197640489230791,0.00374795367951893,0.606890041818996,0.596127036735545,0.481434617386138
"ETH",2022-07-21,2022-07-22,-0.117187841325465,-0.152758123586114,-0.150497949820149,-0.18725625383876,0.00342375402351818,0.562051429831346,0.552808695509008,0.461069709612432
"ETH",2022-07-22,2022-07-23,-0.111727640532914,-0.145505601804361,-0.142611556104616,-0.180851001927663,0.00311358010235097,0.507827808671282,0.500423547534375,0.41078174354912
"ETH",2022-07-23,2022-07-24,-0.105660165740918,-0.139890816556004,-0.135328225339811,-0.170858883945716,0.00281513036963905,0.444140427306824,0.438895511864357,0.472782162313876
"ETH",2022-07-24,2022-07-25,-0.103231834068284,-0.135891072905376,-0.131686394526142,-0.167085763379603,0.00268052040038868,0.414410336909514,0.410173431865957,0.682281395704629
"ETH",2022-07-25,2022-07-26,-0.112950593231365,-0.149655359341596,-0.145050299951416,-0.183821722939218,0.00321006345514865,0.51664812170747,0.508944804390669,0.458786928016512
"ETH",2022-07-26,2022-07-27,-0.108094971033161,-0.140722152627433,-0.138373609092242,-0.172625532028829,0.00291532684687387,0.458294330412861,0.452569521323069,0.591714651225994
"ETH",2022-07-27,2022-07-28,-0.132414954801428,-0.172229743234964,-0.169996613417524,-0.210752250500479,0.0043775565796943,0.67706637076781,0.663924009671902,0.495957887245025
"ETH",2022-07-28,2022-07-29,-0.128781066516285,-0.168336500555687,-0.165757727177522,-0.204530033188194,0.00415039909486108,0.67006185023855,0.657156980163979,0.469836791131222
"ETH",2022-07-29,2022-07-30,-0.119674883400436,-0.157687171349265,-0.153615450636024,-0.193821787254862,0.0035954874683497,0.589780609685982,0.579597706623045,0.469094436880339
"ETH",2022-07-30,2022-07-31,-0.114211780930471,-0.150630277712355,-0.146936874454913,-0.183112116528377,0.00327792515363715,0.540106317555838,0.531607640889678,0.415192117463079
"ETH",2022-07-31,2022-08-01,-0.108139292411914,-0.142548534154845,-0.138435448802517,-0.174532682164038,0.00294164734689285,0.473059368966432,0.466833945441789,0.447340026749003
"ETH",2022-08-01,2022-08-02,-0.105101509394656,-0.136494030897358,-0.133576737004495,-0.169489769452731,0.0027581748810046,0.433961478199058,0.429061684026439,0.363656865209707
"ETH",2022-08-02,2022-08-03,-0.100849332428399,-0.131766498602495,-0.128108452129814,-0.162480957008292,0.0025513701481124,0.383682300960454,0.380487242051934,0.366351534345745
"ETH",2022-08-03,2022-08-04,-0.0978107846870176,-0.128346808653589,-0.124460225687077,-0.156310913770176,0.00240763639790773,0.3461219404455,0.344200380321542,0.313891942476866
"ETH",2022-08-04,2022-08-05,-0.0953779595051648,-0.124167755315326,-0.120812022026322,-0.152203723532779,0.00228108594812917,0.311414995216688,0.310670187710617,0.788184488652241
"ETH",2022-08-05,2022-08-06,-0.09962816361229,-0.130355651935054,-0.126883422359731,-0.159834589004783,0.00249029690077599,0.349718696694661,0.347675187136542,0.41652396675171
"ETH",2022-08-06,2022-08-07,-0.096590660308791,-0.127056937576897,-0.123236505116834,-0.153668872264714,0.00235023327004079,0.312214589842572,0.311442671766468,0.324174629674848
"ETH",2022-08-07,2022-08-08,-0.0941582955520849,-0.122294349242106,-0.119588901445348,-0.14846115724551,0.00222009024614951,0.275503220315476,0.275976015650835,0.620589749336741
"ETH",2022-08-08,2022-08-09,-0.0936385964618768,-0.122735119749051,-0.11910435595616,-0.150148598996223,0.00220061730395553,0.479170664756766,0.484939001185361,0.588883060255839
"ETH",2022-08-09,2022-08-10,-0.0936352424035324,-0.121628689553076,-0.119099627551957,-0.14838765529923,0.00218974390680848,0.472209035786505,0.478779679689033,0.767166329311435
"ETH",2022-08-10,2022-08-11,-0.0985043000647831,-0.129001251930249,-0.125188720572731,-0.159302512685023,0.0024477844360927,0.443074308615605,0.453002645015112,0.426374603215776
"ETH",2022-08-11,2022-08-12,-0.0960685892880018,-0.126316159563015,-0.122142566935002,-0.15517080883388,0.00232898572381737,0.449733087594272,0.458894019099799,0.517080071440502
"ETH",2022-08-12,2022-08-13,-0.0954582003821472,-0.125244893486547,-0.121530540632894,-0.15290767519529,0.00229560077204132,0.449137714844595,0.458367261326427,0.381626064066083
"ETH",2022-08-13,2022-08-14,-0.0936296233348865,-0.121781166140895,-0.119091706035671,-0.148627222814313,0.00219252481892899,0.46532380305733,0.47268794998939,0.414127414153936
"ETH",2022-08-14,2022-08-15,-0.0918030672746691,-0.120850215610989,-0.116655681061305,-0.1482454524576,0.00211730011186607,0.4795520070256,0.485276394867776,0.378450494700742
"ETH",2022-08-15,2022-08-16,-0.0905823058860551,-0.117243597447746,-0.114825296303437,-0.14468176582821,0.00203666708302811,0.501011033487779,0.504262330996146,0.334525317426248
"ETH",2022-08-16,2022-08-17,-0.0887553667101581,-0.115185786750672,-0.11238868574394,-0.143116548779033,0.00195161098715852,0.530002065118806,0.529912230622874,0.432256160908743
"ETH",2022-08-17,2022-08-18,-0.0875362516654719,-0.113954193282414,-0.111166556118981,-0.140587745074885,0.00189749750431627,0.546475384621197,0.544487048005473,0.288661010845767
"ETH",2022-08-18,2022-08-19,-0.0857099448315972,-0.111521866755667,-0.109336505674374,-0.136291611506133,0.00181133604060502,0.584103844826123,0.577778937706003,0.920421879784867
"ETH",2022-08-19,2022-08-20,-0.105170158863087,-0.139693149395647,-0.135491205002757,-0.170395527176366,0.00281625345631426,0.502096143783935,0.505222385489362,0.499797170949475
"ETH",2022-08-20,2022-08-21,-0.102129343633318,-0.135135903031117,-0.130627612850593,-0.166856185873796,0.00264902270503013,0.483145252831869,0.488455529554599,0.464225081559645
"ETH",2022-08-21,2022-08-22,-0.09969643595273,-0.132036073691516,-0.127585282918206,-0.161553737804657,0.00252386989199198,0.473119241620822,0.4795849869505,0.406293892678609
"ETH",2022-08-22,2022-08-23,-0.0972609260625561,-0.1269125957274,-0.12393299988772,-0.155817429368611,0.00237885453051768,0.469040817738025,0.475976589548145,0.477857039586817
"ETH",2022-08-23,2022-08-24,-0.0960429457468493,-0.124952716584035,-0.122106569663619,-0.153950895753733,0.00231385408426525,0.467748670174484,0.474833358229936,0.360971702056256
"ETH",2022-08-24,2022-08-25,-0.0936084242489799,-0.122105436617161,-0.119061820495051,-0.149767712807497,0.00219597242327101,0.479598016766601,0.485317102120058,0.405383626351874
"ETH",2022-08-25,2022-08-26,-0.0917824200786962,-0.120608030980004,-0.116626525975534,-0.148395641650393,0.00211536974853481,0.490689746275086,0.495130542090059,0.800643121728125
"ETH",2022-08-26,2022-08-27,-0.104558412402791,-0.138579232566444,-0.134270872048401,-0.170240863963912,0.00278050106240654,0.490326855632444,0.494809473537629,0.464810281203426
"ETH",2022-08-27,2022-08-28,-0.100909453545415,-0.133878491303303,-0.12940476821512,-0.163302405659235,0.00258981688913732,0.469627722628335,0.476495855358292,0.47883895077657
"ETH",2022-08-28,2022-08-29,-0.0985461867210684,-0.130577095783943,-0.127067815580226,-0.161154001261879,0.00247852381201994,0.338986884043071,0.33277698068234,0.6005113344668
"ETH",2022-08-29,2022-08-30,-0.100379861829955,-0.131737205438365,-0.128299975256989,-0.164792296183994,0.00255987109044332,0.282348678469738,0.284883152755174,0.432716812350956
"ETH",2022-08-30,2022-08-31,-0.0985484481052933,-0.130321015453696,-0.126464175187953,-0.162062251890188,0.00247513524817854,0.306643603641705,0.305427182247475,0.401431817400731
"ETH",2022-08-31,2022-09-01,-0.0967179782220955,-0.129383076913485,-0.124629478017508,-0.159882404728119,0.00239655637284503,0.328366860313713,0.323796583370534,0.415331798250958
"ETH",2022-09-01,2022-09-02,-0.0954959872012398,-0.127580323731522,-0.123403803704059,-0.156499377732084,0.00233114825615585,0.33764136226698,0.331639194134126,0.340126512276145
"ETH",2022-09-02,2022-09-03,-0.0942723035998526,-0.124865472901768,-0.121568950059055,-0.154804129609594,0.00225651340596898,0.366839344669151,0.356329297410428,0.345392617574892
"ETH",2022-09-03,2022-09-04,-0.0930495926372178,-0.122880359303807,-0.119735517162492,-0.153803117014161,0.00219029648438495,0.387061941607034,0.373429725790516,0.332304796610461
"ETH",2022-09-04,2022-09-05,-0.0912210401568781,-0.123085996453448,-0.117902918635867,-0.153097627623185,0.00212704636273835,0.407480413206572,0.390695787725649,0.432710154042331
"ETH",2022-09-05,2022-09-06,-0.0906071323453603,-0.12092052033602,-0.116679296149175,-0.151624416400998,0.00208110721848941,0.406556718932363,0.389914702693409,0.538258278594523
"ETH",2022-09-06,2022-09-07,-0.0899943562756745,-0.120402195839474,-0.116063647466094,-0.149647625787907,0.00205293103742296,0.388503027234603,0.374648322078594,0.693349595310446
"ETH",2022-09-07,2022-09-08,-0.0905981574965326,-0.119675272070796,-0.116060125820835,-0.14978436327661,0.00206477929897786,0.337477759518518,0.331500850028695,0.300235244231443
"ETH",2022-09-08,2022-09-09,-0.0893762371372401,-0.117660850790804,-0.114834051341735,-0.147151666750103,0.00200016425176554,0.384130819940732,0.37095114026157,0.740874049620722
"ETH",2022-09-09,2022-09-10,-0.089982358725598,-0.11999664704392,-0.115440165598554,-0.148805786946328,0.00204438022297006,0.312914698056124,0.310730081831932,0.575798147106146
"ETH",2022-09-10,2022-09-11,-0.0899777977495419,-0.119375176356101,-0.115433619534474,-0.147214025013549,0.00203686696934947,0.293169491185807,0.294033339223996,0.346532837389313
"ETH",2022-09-11,2022-09-12,-0.0887568038434346,-0.117972737991445,-0.1142087092211,-0.145419437351712,0.00197895309922231,0.337411039756053,0.33144443113635,0.482721198769671
"ETH",2022-09-12,2022-09-13,-0.0881442432600139,-0.117731811927133,-0.113593200625637,-0.144450678098458,0.0019543913401391,0.33671057460583,0.330852110863592,0.85456358206998
"ETH",2022-09-13,2022-09-14,-0.0930084398271868,-0.121799185028457,-0.118464339034152,-0.151269058554474,0.00216557420925251,0.229516362414791,0.240207622721773,0.53032207262021
"ETH",2022-09-14,2022-09-15,-0.092398160845063,-0.122428137506919,-0.118458361803861,-0.149004849490368,0.00215043720940044,0.223832179275702,0.235401021128127,0.693494028111775
"ETH",2022-09-15,2022-09-16,-0.0984929294270084,-0.129166206211975,-0.12577918346094,-0.157370377278554,0.00244451380819364,0.171761636676175,0.191369654277935,0.485298687937887
"ETH",2022-09-16,2022-09-17,-0.0972729324530151,-0.127901499879152,-0.123949875229148,-0.157801499519624,0.00238627831376407,0.194628584934808,0.210706172340824,0.458416556941264
"ETH",2022-09-17,2022-09-18,-0.0953957208009002,-0.12344633765713,-0.120836854169649,-0.152170168470809,0.00228631959306348,0.35185903246263,0.376030691316137,0.614583783144006
"ETH",2022-09-18,2022-09-19,-0.0972386172571202,-0.127815136173733,-0.123295666308527,-0.157217704701778,0.00242068697618102,0.296678914781482,0.331048580057793,0.481881609385814
"ETH",2022-09-19,2022-09-20,-0.0966263561732921,-0.12790038699896,-0.123286811381689,-0.155106197411054,0.00239371735860616,0.329958399908183,0.358177581689138,0.496915319813971
"ETH",2022-09-20,2022-09-21,-0.0966222627972561,-0.126670258555204,-0.122675161218684,-0.155943388499246,0.00237807257836883,0.338230542311753,0.364920924138902,0.551679477662927
"ETH",2022-09-21,2022-09-22,-0.097230667204585,-0.125748354511122,-0.123284565543927,-0.154618165669685,0.0023936739916162,0.318598326708627,0.348916998384149,0.561243757772687
"ETH",2022-09-22,2022-09-23,-0.0972372612998337,-0.127526527205834,-0.123293772967247,-0.156930136698637,0.00241678840059514,0.301951153136456,0.335346439907139,0.417630022718986
"ETH",2022-09-23,2022-09-24,-0.0966206367049318,-0.126382040055317,-0.12267288468943,-0.156440241942366,0.00237286207579035,0.365441791037272,0.387103178709699,0.389572928286876
"ETH",2022-09-24,2022-09-25,-0.0953987267949007,-0.126447004677977,-0.12205259638972,-0.154451465723006,0.00231970444111013,0.421019432415403,0.432409346093999,0.390817787634073
"ETH",2022-09-25,2022-09-26,-0.0947835581371115,-0.124127938287394,-0.120827790480817,-0.154091185445383,0.0022643020393128,0.463684724183804,0.467189534717113,0.473197658627121
"ETH",2022-09-26,2022-09-27,-0.0941718868104378,-0.123218027760178,-0.120213629929958,-0.152214868073164,0.00222804628983676,0.471032652752552,0.473179470119347,0.322737612851315
"ETH",2022-09-27,2022-09-28,-0.0923451196479883,-0.123280389682672,-0.118988149775245,-0.150101807532918,0.00215380835105669,0.531524462899475,0.522491603702874,0.29745629505921
"ETH",2022-09-28,2022-09-29,-0.0911246631966406,-0.120713740560572,-0.117158062155798,-0.149378850653121,0.00207507413900211,0.584939227548695,0.566034622225837,0.266939408017857
"ETH",2022-09-29,2022-09-30,-0.0892990404927411,-0.119422006080254,-0.115328234432106,-0.147601029369729,0.00199085547368278,0.635443233904842,0.607204828604003,0.247587355984177
"ETH",2022-09-30,2022-10-01,-0.0874740466531717,-0.117742342988865,-0.113499055151635,-0.145155368465737,0.00190541947953706,0.679595912184286,0.643197515285031,0.29286538805742
"ETH",2022-10-01,2022-10-02,-0.0862551270509525,-0.114944940781641,-0.111670979348247,-0.143394085138624,0.00183122011919587,0.707501464657837,0.665945757203328,0.577926219436694
"ETH",2022-10-02,2022-10-03,-0.0856434550912128,-0.115407184682996,-0.111056241801784,-0.14268890930161,0.00181213630207921,0.68487753538442,0.64750302553758,0.729784434488938
"ETH",2022-10-03,2022-10-04,-0.0868500855025935,-0.115181183182398,-0.111656236531175,-0.143242844180397,0.00184780420000221,0.619819250749874,0.594468361591802,0.566839916998161
"ETH",2022-10-04,2022-10-05,-0.0868445555246863,-0.114005062968942,-0.11164822863967,-0.140997425460744,0.00183252520490234,0.606729606478401,0.583797854537905,0.285765228146835
"ETH",2022-10-05,2022-10-06,-0.0844163619096731,-0.112641255659171,-0.109216135073164,-0.139598614297109,0.00173462062028968,0.673373030414331,0.638124703339593,0.225351816495722
"ETH",2022-10-06,2022-10-07,-0.0819888486057009,-0.110491535982832,-0.106784682214594,-0.136966939806562,0.00163420525762258,0.733229154930771,0.686918634299469,0.324340111126426
"ETH",2022-10-07,2022-10-08,-0.0807282803550146,-0.104573598358844,-0.103678973510676,-0.12519435769957,0.00154277840990934,0.218376665687759,0.321842122675952,0.314613540915796
"ETH",2022-10-08,2022-10-09,-0.0807165678959953,-0.104211738131868,-0.103662766233435,-0.124732739698391,0.00153519079204266,0.210702093398607,0.325002213383296,0.199187058612632
"ETH",2022-10-09,2022-10-10,-0.0798219329942689,-0.103400170630099,-0.102322240088982,-0.124117795364825,0.001505774355205,0.201217761367758,0.328907492842116,0.570611304551785
"ETH",2022-10-10,2022-10-11,-0.0806943965217791,-0.105437728931203,-0.10451430512471,-0.126031463013568,0.00153096423387899,0.243027164485142,0.311692004956544,0.290142568551331
"ETH",2022-10-11,2022-10-12,-0.0811235164273748,-0.104982139442405,-0.104497660342958,-0.125052632268388,0.00153840167515312,0.19410172594643,0.331837599766752,0.319088293841472
"ETH",2022-10-12,2022-10-13,-0.0802303575115689,-0.103940004879735,-0.103159182305123,-0.125504963063195,0.00150688766131251,0.214228377157807,0.323550226729309,0.189489214201064
"ETH",2022-10-13,2022-10-14,-0.0797773621405649,-0.103092376044367,-0.102701490795552,-0.122861921789292,0.00148963109457785,0.197483114780299,0.33044527521377,0.204507471672029
"ETH",2022-10-14,2022-10-15,-0.0793249266399937,-0.102074911183559,-0.101803746814154,-0.123208490483163,0.0014689723017544,0.205502375210784,0.327143255321148,0.530057977263874
"ETH",2022-10-15,2022-10-16,-0.0797550895454911,-0.10438495222909,-0.103111224524796,-0.125366236891975,0.00148960734344294,0.223913776124342,0.319562155717935,0.706967856371458
"ETH",2022-10-16,2022-10-17,-0.0815091961287102,-0.106564372671554,-0.105743246458128,-0.128501220964506,0.00154003447483595,0.238027557312954,0.313750648952579,0.556637818002999
"ETH",2022-10-17,2022-10-18,-0.0823807348309471,-0.107412828524062,-0.106610960988065,-0.129513180288049,0.00156742741585013,0.215815399377541,0.322896752635904,0.41624499406374
"ETH",2022-10-18,2022-10-19,-0.0819290407575835,-0.10587504758295,-0.105714372197515,-0.127767257737474,0.00154783174093761,0.209350715464824,0.325558658314657,0.531338856232689
"ETH",2022-10-19,2022-10-20,-0.0819188414598355,-0.106086430249626,-0.106140591737863,-0.127412058310138,0.00154735214706041,0.227446181084732,0.31810764859111,0.200414901476623
"ETH",2022-10-20,2022-10-21,-0.0810258946932035,-0.104293384217317,-0.103921827793408,-0.126473883238654,0.00151929959863464,0.18631465714734,0.335044012166338,0.358945551638473
"ETH",2022-10-21,2022-10-22,-0.0801346974514321,-0.103496755648739,-0.103466766141039,-0.124172570216265,0.00149017764750157,0.217958603752557,0.322014264338934,0.299868329610474
"ETH",2022-10-22,2022-10-23,-0.0801236792852305,-0.103724666367345,-0.103011260452244,-0.125634738667011,0.0014915055748501,0.201661288840463,0.328724865460141,0.879493469085693
"ETH",2022-10-23,2022-10-24,-0.0823208835014041,-0.10890949751389,-0.108287994458953,-0.133144797731447,0.00156625324222556,0.32942807055445,0.276115468559637,0.380761640789086
"ETH",2022-10-24,2022-10-25,-0.0849498249431543,-0.110145617283265,-0.109592039786641,-0.131897959912299,0.00165073624982059,0.164687183301678,0.343949365656799,0.942214031908849
"ETH",2022-10-25,2022-10-26,-0.0673711207766267,-0.0923280849468059,-0.0867424024898427,-0.117633560359662,0.00125002071721101,0.876065708158989,0.0510313265651391,0.687464206090343
"ETH",2022-10-26,2022-10-27,-0.121995659214029,-0.157463741004206,-0.158108383791487,-0.186565283576278,0.00318193772736779,0.174564442268135,0.339882294151323,0.510536310699582
"ETH",2022-10-27,2022-10-28,-0.0962670208965688,-0.124650040222078,-0.122186753169996,-0.149536788753759,0.00231009664007157,0.9022995638441,0.84524620763902,0.461647860418737
"ETH",2022-10-28,2022-10-29,-0.0940611801899872,-0.122597925030089,-0.119977633542567,-0.147402114125706,0.00219068690448029,0.816119687089853,0.782189623579672,0.527583171416068
"ETH",2022-10-29,2022-10-30,-0.093619174650549,-0.121432002547595,-0.119534649915671,-0.146024854711875,0.00215986230876583,0.792602669857482,0.764982558197497,0.41821423735183
"ETH",2022-10-30,2022-10-31,-0.0909715319790141,-0.118734941393593,-0.116882505262757,-0.143341707967993,0.00201621248932947,0.698964914085796,0.696469150655927,0.366590308488519
"ETH",2022-10-31,2022-11-01,-0.0878844692190197,-0.114856828505329,-0.113351375035436,-0.141155299212926,0.00184708032737107,0.595271802928893,0.620598383299343,0.321494220373477
"ETH",2022-11-01,2022-11-02,-0.0839201964670511,-0.111415957497511,-0.109382045368719,-0.137938232557674,0.0016631564276578,0.488240408390343,0.542285041706212,0.617820605792067
"ETH",2022-11-02,2022-11-03,-0.0878674287790838,-0.115969588766179,-0.113766826483747,-0.141068198216504,0.00184224835982814,0.605315949909157,0.627947542084653,0.330317548289344
"ETH",2022-11-03,2022-11-04,-0.0839043207522554,-0.111249740866697,-0.109798639751407,-0.136324771043311,0.00164438237762485,0.488592164312488,0.542542416486827,0.824268722727977
"ETH",2022-11-04,2022-11-05,-0.0975358272601798,-0.124242060951112,-0.122999906935772,-0.151119165033305,0.00234757303578454,0.942970455463929,0.875004517731614,0.407639962726296
"ETH",2022-11-05,2022-11-06,-0.0944484632466917,-0.121496039163228,-0.119907656026444,-0.148335094849645,0.00217241083628941,0.821755903474336,0.786313562550231,0.508791031080844
"ETH",2022-11-06,2022-11-07,-0.0931243981033977,-0.120395723582331,-0.119019956401852,-0.145386905099251,0.00210317568687419,0.774030315336362,0.751393431847495,0.340717445614063
"ETH",2022-11-07,2022-11-08,-0.0891606486786743,-0.116793908691674,-0.115051054621035,-0.141897299533622,0.00189530815825894,0.64244976133873,0.655117821157226,0.76465253759655
"ETH",2022-11-08,2022-11-09,-0.100320926238305,-0.128097431950256,-0.125833489363635,-0.152375275704903,0.00254732934286737,0.999997823690048,0.916730627975284,0.167924142934532
"ETH",2022-11-09,2022-11-10,-0.105269829087647,-0.133045171910759,-0.131893485402507,-0.157968714728639,0.00275194428474377,0.993449025924488,0.91193896625164,0.11818962395946
"ETH",2022-11-10,2022-11-11,-0.117446071522632,-0.146565642962975,-0.146612774015387,-0.173112555458456,0.00332909546310455,0.786157797806103,0.760266937433518,0.577937212446842
"ETH",2022-11-11,2022-11-12,-0.111872302708581,-0.139861892647769,-0.139182119788468,-0.166394207934288,0.00305836065680535,0.834517519719536,0.795651054756136,0.570606463705008
"ETH",2022-11-12,2022-11-13,-0.108617405220079,-0.135950330849913,-0.134997394443197,-0.160713662542421,0.0029120009343452,0.843698039217766,0.802368309656597,0.541942923136738
"ETH",2022-11-13,2022-11-14,-0.106290143227352,-0.132571227570428,-0.131740908214019,-0.157119232334145,0.00280592941371052,0.83772715873574,0.797999501749192,0.523773672081757
"ETH",2022-11-14,2022-11-15,-0.103961422617304,-0.129969770408439,-0.1289453202447,-0.153576787433422,0.00270566994810733,0.833861727582051,0.79517122102232,0.496711460937145
"ETH",2022-11-15,2022-11-16,-0.101631459786619,-0.12863564155331,-0.126148087600089,-0.152801742780442,0.00261489306349886,0.826340307509793,0.789667905458474,0.478336607075419
"ETH",2022-11-16,2022-11-17,-0.0898406961432196,-0.115266540011969,-0.114285283249402,-0.138515578884928,0.00184014470719484,0.346822542954639,0.423924920141936,0.443872871561095
"ETH",2022-11-17,2022-11-18,-0.0861372827665527,-0.110426597988921,-0.109655035883036,-0.130850237789271,0.00172037449554772,0.28268126322021,0.425216761994036,0.410872910234953
"ETH",2022-11-18,2022-11-19,-0.0838181842501758,-0.106806256156794,-0.106409383379861,-0.126479901112473,0.00164276105896308,0.283862388874298,0.425192973451636,0.381311276005537
"ETH",2022-11-19,2022-11-20,-0.0824218439214872,-0.105018142715173,-0.104086829255292,-0.126097438530224,0.00159932541706057,0.289255855131765,0.425084345973854,0.649508717861549
"ETH",2022-11-20,2022-11-21,-0.0971901768931721,-0.124225348279473,-0.124392371542196,-0.1482531447635,0.00208100730556657,0.746252666794373,0.415880170285023,0.467188735779935
"ETH",2022-11-21,2022-11-22,-0.0930304571749889,-0.118628354965795,-0.118385191537717,-0.142778177412107,0.00194081942953317,0.329495978596078,0.424273887002033,0.431654798535891
"ETH",2022-11-22,2022-11-23,-0.0893322388676053,-0.114735334843463,-0.113761698188281,-0.137167315800579,0.00182461680180664,0.321249073056764,0.424439984369751,0.546725997600479
"ETH",2022-11-23,2022-11-24,-0.0916352708966726,-0.116873366777977,-0.116525145916433,-0.141063163231388,0.00189320658948863,0.460824820719551,0.421628849432695,0.389781882846428
"ETH",2022-11-24,2022-11-25,-0.0874745905471493,-0.112484468243585,-0.111438636127213,-0.133645394218702,0.00176558936823048,0.288145862125318,0.425106701864276,0.31494213614127
"ETH",2022-11-25,2022-11-26,-0.0842347967014864,-0.108093413107715,-0.106811903992884,-0.129152235504044,0.0016610136878986,0.274853192685005,0.425374423786574,0.289289125831857
"ETH",2022-11-26,2022-11-27,-0.0823785234460499,-0.106034071011097,-0.104490649417467,-0.12573314169546,0.0016051864580757,0.284705942289608,0.425175983806109,0.273239647627148
"ETH",2022-11-27,2022-11-28,-0.0819046811371655,-0.103452951447513,-0.10309141529019,-0.125020643390794,0.00157733497084046,0.291265646289002,0.425043867636945,0.455042383291134
"ETH",2022-11-28,2022-11-29,-0.0832761136698468,-0.105614160671981,-0.105380764748145,-0.126172955522863,0.00162220292107583,0.343884552623906,0.423984092938083,0.710381015139869
"ETH",2022-11-29,2022-11-30,-0.0878789724463367,-0.112116041177235,-0.111824949184417,-0.133860817796594,0.00177109957034581,0.455088379532246,0.42174438462062,0.825550101429872
"ETH",2022-11-30,2022-12-01,-0.0984883156174765,-0.127204377393931,-0.126124063480864,-0.152186663804235,0.00213760123645604,0.721264287681356,0.41638345045168,0.412185353917169
"ETH",2022-12-01,2022-12-02,-0.0920267144323651,-0.118056673823057,-0.117355230823555,-0.140963011542572,0.00191312258637198,0.271990854826427,0.425432072898906,0.349130973423906
"ETH",2022-12-02,2022-12-03,-0.0874087223493722,-0.112030873007191,-0.11135155959331,-0.132897894262611,0.00176088836999701,0.281503377253487,0.42524048528729,0.61724559876389
"ETH",2022-12-03,2022-12-04,-0.0901679687649856,-0.11576603199725,-0.11503059190384,-0.138033800242835,0.00185061003816866,0.456868911257892,0.421708523699046,0.519760272095633
"ETH",2022-12-04,2022-12-05,-0.0892399174716783,-0.114716681771456,-0.113639811632329,-0.137284790400351,0.00182202162885812,0.365568750643376,0.423547360857794,0.377428358379341
"ETH",2022-12-05,2022-12-06,-0.0864653737972784,-0.110188939697588,-0.109940587035708,-0.13099567824716,0.00172613528546951,0.296753461771697,0.424933339912108,0.302085836573899
"ETH",2022-12-06,2022-12-07,-0.0818778487416362,-0.105091512096263,-0.103977130165626,-0.127033324974467,0.00157791272512251,0.337341997969059,0.475502300513371,0.544119868041871
"ETH",2022-12-07,2022-12-08,-0.0837111976946998,-0.108380319320651,-0.106728592663711,-0.129718202377401,0.00164519305391306,0.436862552741499,0.481090244069544,0.6662289126984
"ETH",2022-12-08,2022-12-09,-0.0873908232747334,-0.112261455130088,-0.111327897349128,-0.134949773887902,0.00176205280997986,0.514509468855061,0.485450012617313,0.362237106825395
"ETH",2022-12-09,2022-12-10,-0.0836955317764352,-0.10799104754554,-0.106707823840474,-0.129498188052032,0.00164022926511273,0.352897893049659,0.476375742827624,0.259729705959081
"ETH",2022-12-10,2022-12-11,-0.0813810126629153,-0.103809822159835,-0.10346851731684,-0.124505063334283,0.0015576627441517,0.330219556461295,0.475102385126861,0.232950283199918
"ETH",2022-12-11,2022-12-12,-0.0799874858103892,-0.102090517976147,-0.101610616130087,-0.122227743917269,0.00151467671818926,0.336409124635443,0.475449920946705,0.25791937248701
"ETH",2022-12-12,2022-12-13,-0.0795151408785876,-0.101659238047324,-0.10067429592345,-0.122994463365226,0.00150140520176845,0.349059477163599,0.476160221005368,0.746647683351932
"ETH",2022-12-13,2022-12-14,-0.0841100200218921,-0.107330844609311,-0.106647554126881,-0.130276022858722,0.00164796430048946,0.480420450458898,0.483535960679815,0.2987600236667
"ETH",2022-12-14,2022-12-15,-0.0813375328041586,-0.105050554752472,-0.103410983362324,-0.126489666774513,0.00156553611548323,0.345909311338847,0.475983343486332,0.697554576533652
"ETH",2022-12-15,2022-12-16,-0.0845502457415482,-0.109625939887083,-0.108001210247576,-0.130476310227616,0.0016744282361298,0.46970272192968,0.48293417482554,0.9103143945238
"ETH",2022-12-16,2022-12-17,-0.106661772249602,-0.137113532743036,-0.136103023035966,-0.161597361273387,0.00250435678557671,0.927795236993671,0.508655445406637,0.444466373195194
"ETH",2022-12-17,2022-12-18,-0.0946887241816958,-0.121986209631794,-0.120905811254293,-0.147370051219778,0.00201288733001568,0.35377262481408,0.476424857824395,0.339458294628732
"ETH",2022-12-18,2022-12-19,-0.0873152705006356,-0.112399638051279,-0.111687878513777,-0.13431613272709,0.00175563385874625,0.301559655267692,0.473493170723248,0.375406982450649
"ETH",2022-12-19,2022-12-20,-0.0845441226606166,-0.108177657482366,-0.10753329549688,-0.130711490791202,0.00166115505718565,0.350655415725964,0.476249830781218,0.635319224524434
"ETH",2022-12-20,2022-12-21,-0.0886812931077705,-0.114991712263221,-0.113509310677792,-0.136414316186008,0.00181453059390457,0.543080229504326,0.487054221900813,0.326456594128181
"ETH",2022-12-21,2022-12-22,-0.0836103333921129,-0.108388389756329,-0.106594873539434,-0.130306987906087,0.00164057650476155,0.328688619886648,0.475016425124058,0.281467323102845
"ETH",2022-12-22,2022-12-23,-0.0812990311996286,-0.104401165299201,-0.103360036794713,-0.125511380763767,0.00155988655057263,0.329369169780988,0.475054637073393,0.253491792589236
"ETH",2022-12-23,2022-12-24,-0.0799076026002877,-0.102489480584644,-0.101504928721533,-0.122912462507848,0.00151559320342295,0.335890694272555,0.475420811788178,0.227485444055939
"ETH",2022-12-24,2022-12-25,-0.07897609879998,-0.101891891326309,-0.100569341113755,-0.120914945847333,0.00149076332332866,0.339917900073477,0.475646933906931,0.208627994909947
"ETH",2022-12-25,2022-12-26,-0.0785043128662525,-0.101539619087855,-0.0996341361323238,-0.121835308295025,0.00147791523403622,0.343149775855089,0.475828399328718,0.208101132964918
"ETH",2022-12-26,2022-12-27,-0.0785151197504576,-0.100925327505345,-0.100567271198246,-0.121259742539651,0.00133627463910562,0.282534270062958,0.464729031461207,0.27315109575571
"ETH",2022-12-27,2022-12-28,-0.0785027731268852,-0.102481818949711,-0.101010098890853,-0.121850790817995,0.00134139283673845,0.295943538724524,0.464850842951617,0.5325264060399
"ETH",2022-12-28,2022-12-29,-0.080328986704226,-0.103115744894372,-0.102832593439073,-0.124118258110966,0.00138282619435053,0.35289910216251,0.46536823448464,0.298411063813922
"ETH",2022-12-29,2022-12-30,-0.0793986083031031,-0.103561361883481,-0.101898192005526,-0.124311715592406,0.00136220528816412,0.291148576526548,0.4648072849093,0.16760324166562
"ETH",2022-12-30,2022-12-31,-0.0789266476633528,-0.101598185620882,-0.100962779517909,-0.122843036511273,0.00133436711380116,0.267306747293845,0.464590702720798,0.152173741053664
"ETH",2022-12-31,2023-01-01,-0.0784549060722019,-0.101443446426486,-0.100486775017841,-0.122312478031674,0.00131950563288636,0.267426865829082,0.464591793892746,0.151144347085463
"ETH",2023-01-01,2023-01-02,-0.0784425068478788,-0.10084390731263,-0.100470199212693,-0.12135707201152,0.00131173678981232,0.267988449895651,0.464596895393347,0.393108800891045
"ETH",2023-01-02,2023-01-03,-0.0788900435358026,-0.101939118522469,-0.100913931501004,-0.123456861466981,0.00132695307801175,0.297240241149321,0.464862622360246,0.12963236348414
"ETH",2023-01-03,2023-01-04,-0.0784186785039338,-0.101472457669288,-0.100438344479209,-0.122435327133291,0.00131104674715055,0.261659269170509,0.464539400316124,0.941283900235779
"ETH",2023-01-04,2023-01-05,-0.0834600406121144,-0.107988833624063,-0.106854337153393,-0.130165067363645,0.0014753265370371,0.560965443416564,0.467258335411991,0.240542386254412
"ETH",2023-01-05,2023-01-06,-0.0806948981897349,-0.104713322102268,-0.103626119562582,-0.125265420055427,0.00138818062039112,0.261996194665969,0.464542460989885,0.395963128416407
"ETH",2023-01-06,2023-01-07,-0.0806839132371649,-0.10334638340091,-0.103152860944074,-0.12499000754733,0.00137824062806675,0.310807246113247,0.464985866747152,0.197395624709468
"ETH",2023-01-07,2023-01-08,-0.0792957238945191,-0.102623355492038,-0.101760419458391,-0.122949126198959,0.00134108391298273,0.26470330554786,0.464567052727105,0.472183051653546
"ETH",2023-01-08,2023-01-09,-0.0797437372813402,-0.104002988197603,-0.102663305027562,-0.123473727849334,0.00136027818469361,0.324398513708951,0.46510933153887,0.765521814177913
"ETH",2023-01-09,2023-01-10,-0.0824867483188388,-0.106608272036052,-0.10586223750781,-0.12744450787342,0.00144335320393288,0.450395513016458,0.466253904196799,0.329080546082511
"ETH",2023-01-10,2023-01-11,-0.0806417483947539,-0.104925001770096,-0.103554952887946,-0.125628611408964,0.00138941755185771,0.286149303382891,0.464761870880544,0.783739388567383
"ETH",2023-01-11,2023-01-12,-0.0843027198084132,-0.109207699442159,-0.108130733202407,-0.130818830176446,0.00150967822557978,0.532786428418373,0.467002353680112,0.605279184425107
"ETH",2023-01-12,2023-01-13,-0.0842946487213292,-0.108636258441703,-0.108119963102279,-0.129985908062468,0.00150862111119987,0.415333763639185,0.465935398836378,0.516957920119873
"ETH",2023-01-13,2023-01-14,-0.0833691541960409,-0.108132852721369,-0.106733253947614,-0.130595472760229,0.00148584852421219,0.373583180252263,0.465556131262866,0.897031484450574
"ETH",2023-01-14,2023-01-15,-0.0994267988346681,-0.128492646113175,-0.127379685971988,-0.153095821146994,0.00209011382510625,0.966328150788448,0.470940701452068,0.371789448841514
"ETH",2023-01-15,2023-01-16,-0.0912528658700714,-0.116331505950308,-0.116480308041115,-0.139253237076606,0.00169911816471252,0.10899488309669,0.406013543017117,0.381150264798183
"ETH",2023-01-16,2023-01-17,-0.0825266730584444,-0.105539996197014,-0.105915602258768,-0.126654891048008,0.00140847928804194,0.245192680145403,0.385406450967698,0.299754649544558
"ETH",2023-01-17,2023-01-18,-0.0774695774616744,-0.0992169030283139,-0.0994784425965373,-0.117945587616692,0.00125385925375971,0.200217442437555,0.39221132508074,0.594338543111523
"ETH",2023-01-18,2023-01-19,-0.0802139111266046,-0.105090903987262,-0.104512915545026,-0.124945454471686,0.00132931961801458,0.437504976162902,0.35630908469495,0.434250853637005
"ETH",2023-01-19,2023-01-20,-0.0802040171528489,-0.10264171652897,-0.10312422944398,-0.122314276861491,0.0013222376319964,0.238936328702536,0.386353053723912,0.844131499488921
"ETH",2023-01-20,2023-01-21,-0.0939780859523443,-0.126969431763242,-0.126533613701285,-0.15395657854422,0.00180500532251941,0.959246774161513,0.277368151064862,0.439687098696542
"ETH",2023-01-21,2023-01-22,-0.0925893421621547,-0.118972494942209,-0.118721147235769,-0.141146706501041,0.00178505642823796,0.146295190898989,0.400369906387086,0.331313031946889
"ETH",2023-01-22,2023-01-23,-0.0815733631407594,-0.105394637353782,-0.104949978311643,-0.124712439149558,0.00142087129983441,0.206309669195291,0.391289554829656,0.29793526316594
"ETH",2023-01-23,2023-01-24,-0.0765192294176481,-0.0986991581899507,-0.0980582720967613,-0.118424925047938,0.00125520829870848,0.210908428652001,0.390593750187503,0.72260294791275
"ETH",2023-01-24,2023-01-25,-0.0847686202816108,-0.111854035039812,-0.111348862187189,-0.135683528567014,0.00149193469630454,0.667275634639006,0.321544167698685,0.579136904100612
"ETH",2023-01-25,2023-01-26,-0.0884299264002734,-0.114054894601053,-0.114091928531486,-0.136558115955288,0.00162047909140809,0.325945939391459,0.373188266219975,0.329135798627035
"ETH",2023-01-26,2023-01-27,-0.0806268725020437,-0.104678368643175,-0.103535034319741,-0.124759945668256,0.00138565864060536,0.189360236634202,0.393854049443669,0.286344499740424
"ETH",2023-01-27,2023-01-28,-0.0760333208558402,-0.0982746572519055,-0.0975629187369471,-0.117593929053734,0.0012321847542054,0.211487072670064,0.390506199795335,0.391639273060153
"ETH",2023-01-28,2023-01-29,-0.0760229655404412,-0.0980385236630602,-0.0980070250257434,-0.11640566732013,0.00121296125478445,0.265164430212019,0.382384671607613,0.788172136670276
"ETH",2023-01-29,2023-01-30,-0.08427008675953,-0.112127774093488,-0.111293335669896,-0.135745850309595,0.00145827506114171,0.716276291545987,0.314130236862469,0.728087599430921
"ETH",2023-01-30,2023-01-31,-0.0929754555343142,-0.122421438606293,-0.121831860146647,-0.147988430342754,0.00176423967681557,0.614129985055408,0.329585247045979,0.388579206698359
"ETH",2023-01-31,2023-02-01,-0.0865504500939702,-0.111957537772456,-0.111280315312184,-0.132273169622618,0.00157816087675442,0.167276804172484,0.397195332014803,0.573032456881677
"ETH",2023-02-01,2023-02-02,-0.0856305117071599,-0.111443230201745,-0.11127487844388,-0.132876770365462,0.00153480447819882,0.428757569977831,0.357632590716013,0.327947764541766
"ETH",2023-02-02,2023-02-03,-0.0801228865506605,-0.10324369126619,-0.102557558763155,-0.123911200529516,0.00136751092219552,0.18102795911335,0.395114745384236,0.333920381242361
"ETH",2023-02-03,2023-02-04,-0.0764493416861303,-0.0992016152835041,-0.098422440850189,-0.117894992252592,0.00124721001002143,0.234330431524761,0.38704993832241,0.26984468155314
"ETH",2023-02-04,2023-02-05,-0.0735200976724661,-0.100165044818495,-0.0972526239494229,-0.125379414212061,0.00122871343704227,0.568930259732195,0.405509502633577,0.517274488120931
"ETH",2023-02-05,2023-02-06,-0.075793475353089,-0.101818902216732,-0.0995227507791919,-0.126399238294331,0.00135939774411732,0.333781229825498,0.37007751802161,0.315742901389555
"ETH",2023-02-06,2023-02-07,-0.0739570953167514,-0.101175405862118,-0.0981383156117066,-0.124671134110009,0.00126870857184099,0.504759828153986,0.39584037601577,0.730217644617786
"ETH",2023-02-07,2023-02-08,-0.0785161577984793,-0.104655743806881,-0.101783659509914,-0.129951084415272,0.00151643231396575,0.19966587664501,0.349869171289306,0.37275870855656
"ETH",2023-02-08,2023-02-09,-0.0757679178357023,-0.101700757923754,-0.0990313815265327,-0.127337139324765,0.00137332534234337,0.42143188376731,0.383284617463727,0.87901585535876
"ETH",2023-02-09,2023-02-10,-0.0908383742131364,-0.118826830026887,-0.116388359128707,-0.145346474464949,0.002069735101038,0.110836835480342,0.336484513819568,0.459918787361861
"ETH",2023-02-10,2023-02-11,-0.0830715269827154,-0.109969195883777,-0.106792921483235,-0.134734547590871,0.0017340675622479,0.316991270684967,0.367547626343389,0.400804578380332
"ETH",2023-02-11,2023-02-12,-0.0784996485968239,-0.104483049883829,-0.101761282926485,-0.129047220477369,0.00152239815503749,0.387217812743558,0.37812928070343,0.396652045611892
"ETH",2023-02-12,2023-02-13,-0.0762088780016837,-0.10275460287833,-0.0999227863685867,-0.126267204836189,0.0014119809571007,0.430368245829295,0.384631138192275,0.298209979413503
"ETH",2023-02-13,2023-02-14,-0.0743733613027685,-0.100666935571125,-0.0980828738713372,-0.125408803089031,0.00128980282473484,0.508358279503577,0.396382586514772,0.630837607022391
"ETH",2023-02-14,2023-02-15,-0.0780167515202344,-0.10400312111832,-0.101268799066903,-0.129251173005008,0.00149139138419803,0.255638928667059,0.358303126210221,0.843044292045922
"ETH",2023-02-15,2023-02-16,-0.0949138985157485,-0.123736176065813,-0.12182253416577,-0.15112188470331,0.00225262558977298,0.152386109819008,0.342745110555136,0.447051084775548
"ETH",2023-02-16,2023-02-17,-0.084868723210457,-0.111845168467862,-0.109037035513587,-0.136344913166285,0.00181049069123583,0.303447114673432,0.365506808537025,0.508295348784353
"ETH",2023-02-17,2023-02-18,-0.0821271110146292,-0.108740006253766,-0.105837503262083,-0.132774199820469,0.00169133556971042,0.368079348710486,0.3752455190167,0.348887188585755
"ETH",2023-02-18,2023-02-19,-0.0770996383728052,-0.102579404422735,-0.100349773638865,-0.127405385011199,0.00144606928825301,0.411535438503778,0.381793432505704,0.316002076846326
"ETH",2023-02-19,2023-02-20,-0.074808904754415,-0.100397719000495,-0.0980547836499391,-0.126538125816656,0.00130854193159665,0.492422653027365,0.393981424697047,0.324978902512885
"ETH",2023-02-20,2023-02-21,-0.0738869333527392,-0.100335783842964,-0.097584575203458,-0.125489786897297,0.00125292733867934,0.536686492153276,0.400651048923854,0.547956112445982
"ETH",2023-02-21,2023-02-22,-0.076613923753909,-0.101969691732484,-0.0998531535698067,-0.127837004911543,0.00140261989451423,0.301610746763267,0.365230106738337,0.309891333873954
"ETH",2023-02-22,2023-02-23,-0.0743246437336793,-0.100706310228342,-0.0980153212569495,-0.125699040688417,0.00128214788368073,0.495091592512828,0.394383577420435,0.256470325295756
"ETH",2023-02-23,2023-02-24,-0.0734026548440633,-0.099631942130448,-0.097089090350628,-0.125025371450516,0.00120884365867623,0.589979699915895,0.408681208002616,0.580742313490709
"ETH",2023-02-24,2023-02-25,-0.0748160408383202,-0.10133372355261,-0.0985204598517606,-0.124915132349301,0.00131730989202979,0.386519540397264,0.414234557364181,0.302460539845434
"ETH",2023-02-25,2023-02-26,-0.0729816121647555,-0.0980660687615223,-0.0962259062200475,-0.122922037829618,0.00121180024728184,0.563150086045619,0.451695714978608,0.668762155823545
"ETH",2023-02-26,2023-02-27,-0.0761660311302686,-0.101548301814005,-0.0994081252494893,-0.126606496803153,0.0013754857326397,0.342877412973849,0.404978601051323,0.269084515783006
"ETH",2023-02-27,2023-02-28,-0.0729646976363895,-0.0993880245709578,-0.0966580735285627,-0.122736496889427,0.00123265896071092,0.554761447316236,0.449916588290988,0.416494357954456
"ETH",2023-02-28,2023-03-01,-0.0734104034043134,-0.0987274554642751,-0.0966443130004518,-0.123645773759049,0.00123699513493111,0.529894554237008,0.444642627337051,0.761169925374394
"ETH",2023-03-01,2023-03-02,-0.0775065392162719,-0.102951265157068,-0.100739019413433,-0.128225370446574,0.00144493594997845,0.288157544361479,0.39337319262548,0.315859784560465
"ETH",2023-03-02,2023-03-03,-0.0743066112520837,-0.0997495269764705,-0.0975348612277315,-0.124480440394449,0.00129232649590301,0.506858433236328,0.439756950533733,0.849064619535068
"ETH",2023-03-03,2023-03-04,-0.082052204114339,-0.10886840292623,-0.106192360389248,-0.133350507152679,0.00167744743797631,0.198214725317557,0.374297431362769,0.331800461167581
"ETH",2023-03-04,2023-03-05,-0.0770300783491223,-0.103329169489751,-0.100254964069219,-0.128453788870106,0.00144230042500146,0.432678794665821,0.42402436519822,0.273586773229572
"ETH",2023-03-05,2023-03-06,-0.0742863747086754,-0.0992409019305102,-0.0975069513481609,-0.123755635175824,0.00129013461116003,0.541884908202072,0.447185633350474,0.249484293578353
"ETH",2023-03-06,2023-03-07,-0.0724542585687131,-0.0976851604672476,-0.0956705776098834,-0.122535270925085,0.00119303978175559,0.614517773687037,0.46259016721483,0.239594142117711
"ETH",2023-03-07,2023-03-08,-0.0715330826495185,-0.0966745968995176,-0.0947451422837116,-0.121765212090431,0.0011358169536262,0.66073607660011,0.47239249853721,0.433531633264469
"ETH",2023-03-08,2023-03-09,-0.0728888578500947,-0.0982008493804684,-0.0960971787491305,-0.123456209403382,0.00119965025792592,0.537497342587217,0.4462550848633,0.937814006103191
"ETH",2023-03-09,2023-03-10,-0.0870128098495351,-0.115545391109191,-0.112502291841801,-0.140517521929131,0.00191954952634708,0.0623830970071773,0.345489220311383,0.376575732016584
"ETH",2023-03-10,2023-03-11,-0.0806280464911579,-0.107435244397874,-0.104292511610813,-0.132843308182796,0.0016149429248705,0.355122932636173,0.407575724558228,0.532384109425756
"ETH",2023-03-11,2023-03-12,-0.0797122374215728,-0.105871645309482,-0.103374701576182,-0.130484410820503,0.00156707838231596,0.406225081206598,0.418413859236495,0.783314868617929
"ETH",2023-03-12,2023-03-13,-0.0933917575302549,-0.12226468982447,-0.120704152677139,-0.149674506454183,0.00221704516628621,0.263705123847119,0.388187136184447,0.609044439631494
"ETH",2023-03-13,2023-03-14,-0.0952246533078641,-0.124798214114444,-0.122996333907586,-0.153578836940944,0.00231280351329304,0.40836559342062,0.418867835445031,0.448539779197453
"ETH",2023-03-14,2023-03-15,-0.0865635812318973,-0.113461660533752,-0.111599917052723,-0.139650261526355,0.0018824222133158,0.389444063697731,0.414854812642812,0.493137906648328
"ETH",2023-03-15,2023-03-16,-0.0833703219889448,-0.110001722854907,-0.107493907251099,-0.136091282767035,0.00173711630860405,0.413256888999353,0.419905218837247,0.403376727120617
"ETH",2023-03-16,2023-03-17,-0.0811550840790916,-0.104467197669258,-0.103933441583859,-0.123483010321171,0.00141958859381118,0.237321284487224,0.405967251262499,0.696172162628068
"ETH",2023-03-17,2023-03-18,-0.0953004129564798,-0.124113910492221,-0.123553389713443,-0.148265473952555,0.00188651624336896,0.901252526315443,0.362645620069843,0.440503714042885
"ETH",2023-03-18,2023-03-19,-0.087996516105264,-0.113546406957485,-0.112599743656225,-0.134633773380521,0.00165866241432698,0.204382549609121,0.408116509550771,0.439834259568722
"ETH",2023-03-19,2023-03-20,-0.0829752721263802,-0.106041351762289,-0.105752951926557,-0.127612605513101,0.00148044597543569,0.28563230316255,0.402814948732149,0.554641517282033
"ETH",2023-03-20,2023-03-21,-0.0843372448970891,-0.10864572771323,-0.108024474209403,-0.130371629313714,0.0015192321455145,0.448508413500744,0.392187253667316,0.575002946879947
"ETH",2023-03-21,2023-03-22,-0.0861575406441052,-0.110666648758432,-0.110299699595671,-0.133100944019743,0.00157307156209004,0.459974332087467,0.391439100447517,0.569353633385146
"ETH",2023-03-22,2023-03-23,-0.087064442150096,-0.111126782805799,-0.111205256251904,-0.134346649573763,0.00159790459142686,0.446587576838317,0.392312588599955,0.613001602564714
"ETH",2023-03-23,2023-03-24,-0.089800431577392,-0.115861796914073,-0.115308726179784,-0.139209731242375,0.00169815596528723,0.568260766719446,0.384373391397019,0.558603135103494
"ETH",2023-03-24,2023-03-25,-0.0893409500056182,-0.114532244308825,-0.11439243369289,-0.137264209863338,0.0016867778635368,0.427971396795291,0.393527297646963,0.379275511221557
"ETH",2023-03-25,2023-03-26,-0.0820405016198122,-0.105256587378957,-0.104810371745217,-0.125108133163173,0.00145418014391382,0.212622976152362,0.407578820258438,0.43114707402635
"ETH",2023-03-26,2023-03-27,-0.0797544895735005,-0.101531241890568,-0.101610607886237,-0.122199531848475,0.00136590994558086,0.293121184364462,0.402326297906528,0.59242707052887
"ETH",2023-03-27,2023-03-28,-0.0829373907750913,-0.105844235756334,-0.10615803818485,-0.127132543378493,0.00145234024345605,0.468990455178171,0.390850796817992,0.575806892787942
"ETH",2023-03-28,2023-03-29,-0.0842995629653467,-0.107496117720769,-0.107974271763599,-0.128386523415468,0.00149287664388517,0.418795110821351,0.394126051933004,0.375440202796138
"ETH",2023-03-29,2023-03-30,-0.0797355719079645,-0.101962013787637,-0.101585491941208,-0.122661940972179,0.00135396976654769,0.227127890689195,0.406632372014317,0.305997872533791
"ETH",2023-03-30,2023-03-31,-0.0760823552269068,-0.098031270009252,-0.0974731445705337,-0.115775568750357,0.00124003446557915,0.222753601019087,0.406917795190513,0.408899813955286
"ETH",2023-03-31,2023-04-01,-0.0760732306878065,-0.0974786297138848,-0.0974609236174427,-0.115474999067827,0.00122234524957714,0.28260500639183,0.403012480382942,0.269797421800676
"ETH",2023-04-01,2023-04-02,-0.0742418392195381,-0.0959742181998175,-0.0951706572691017,-0.113412600586552,0.0011655487329802,0.216019521283024,0.407357195086719,0.382421223809072
"ETH",2023-04-02,2023-04-03,-0.0746867388747809,-0.0959006275091986,-0.0956121367478987,-0.114073187544926,0.00116089959171929,0.265690474128782,0.404116156610737,0.294563353050703
"ETH",2023-04-03,2023-04-04,-0.0742214502990909,-0.0949441086714823,-0.0946884724713324,-0.113988349144113,0.00113613002810625,0.226530591708937,0.406671345878633,0.726443957158098
"ETH",2023-04-04,2023-04-05,-0.0778551971904927,-0.100869670822001,-0.100139847720192,-0.120239084991789,0.00123458056762673,0.474259903438865,0.390506964385118,0.550073221471808
"ETH",2023-04-05,2023-04-06,-0.070636928639062,-0.095699385822211,-0.0929441819312523,-0.120128510571663,0.00118694699383169,0.515271990941764,0.521443530691922,0.497383466791428
"ETH",2023-04-06,2023-04-07,-0.0701730425568263,-0.0951428660920375,-0.09247692401844,-0.119366248451064,0.00116900174330681,0.554928754591023,0.531480077648715,0.260337973291756
"ETH",2023-04-07,2023-04-08,-0.0678868488734344,-0.0920284906245397,-0.0897314511905525,-0.117036460709341,0.00106986909807175,0.672192468671184,0.561157808870116,0.268709229144224
"ETH",2023-04-08,2023-04-09,-0.0665117584927527,-0.0914430885608975,-0.0888073687420541,-0.114911375663315,0.00101963975386002,0.700284622914806,0.568267522302034,0.227781248284715
"ETH",2023-04-09,2023-04-10,-0.0655921649942064,-0.0898840483469459,-0.087883715841515,-0.113260604795205,0.00097281494345263,0.731659806405276,0.576208122426774,0.732086930210156
"ETH",2023-04-10,2023-04-11,-0.0696807547385001,-0.0942738274379902,-0.0919700320102634,-0.118607101893616,0.00113086690004397,0.47847615979158,0.512131043913645,0.341574623057629
"ETH",2023-04-11,2023-04-12,-0.0673967030233113,-0.0921188910545372,-0.0896820292684183,-0.115840520927358,0.0010477855953922,0.638232035300238,0.55256291980617,0.433241643255649
"ETH",2023-04-12,2023-04-13,-0.0673883135448431,-0.0920196656001436,-0.0896701997527539,-0.11577530947041,0.00104492903727019,0.631846244118532,0.550946769441044,0.891881689712738
"ETH",2023-04-13,2023-04-14,-0.0751212160251,-0.100640363601547,-0.097858732832889,-0.125659020647708,0.00137729154759818,0.266021466695104,0.458361867933662,0.756082257470141
"ETH",2023-04-14,2023-04-15,-0.077851674492595,-0.104521635085885,-0.101499405905532,-0.128986962257077,0.00151241638022567,0.34545029376261,0.478464142532684,0.35151798025866
"ETH",2023-04-15,2023-04-16,-0.0742023350413779,-0.0989650924108103,-0.0969363647445533,-0.123566952692628,0.001341850372738,0.545844982225231,0.529181107699971,0.351062189066864
"ETH",2023-04-16,2023-04-17,-0.0714645626969782,-0.0972248866080685,-0.0941948224468389,-0.120529793559858,0.00123886868194515,0.604174044244234,0.543943340318776,0.459699439622404
"ETH",2023-04-17,2023-04-18,-0.0710014675152951,-0.0966974692698706,-0.0937283978586124,-0.119790016792848,0.00121647812760101,0.581015598851042,0.538082276448542,0.351475688356731
"ETH",2023-04-18,2023-04-19,-0.0696285502404262,-0.0937585797306122,-0.09189728116355,-0.117598631898021,0.00114344038094146,0.631339451512128,0.550818507643473,0.897844420230874
"ETH",2023-04-19,2023-04-20,-0.0878424844701239,-0.116812147554627,-0.114213864294785,-0.143943445881265,0.00198022906714302,0.193313133637541,0.439960452091047,0.43559799894476
"ETH",2023-04-20,2023-04-21,-0.0828284812479494,-0.110470915384055,-0.107831332947925,-0.136248516004465,0.00174045197214761,0.433775603716297,0.500817986851998,0.601398999970575
"ETH",2023-04-21,2023-04-22,-0.0851048767446325,-0.114014233410347,-0.111018148993676,-0.140027116413854,0.00185543589754982,0.468084145164307,0.509500976979672,0.427965791418795
"ETH",2023-04-22,2023-04-23,-0.0805480918785738,-0.108454461539965,-0.105093654329024,-0.133624851027239,0.00164429998724274,0.517201596280662,0.521931885585509,0.371956812228025
"ETH",2023-04-23,2023-04-24,-0.0764458694014949,-0.103448372780168,-0.100078126473941,-0.127440367247269,0.0014605314929054,0.560596008794764,0.532914376812281,0.364193126733736
"ETH",2023-04-24,2023-04-25,-0.0737086363337114,-0.0991258004229594,-0.0964280525111928,-0.123725905953474,0.0013298523589624,0.591944386735278,0.54084819284432,0.372856089298644
"ETH",2023-04-25,2023-04-26,-0.0672873761013633,-0.0903711217367851,-0.0886200983205414,-0.112046052600853,0.00106430684527339,0.479835497612552,0.563607688657742,0.288783462898164
"ETH",2023-04-26,2023-04-27,-0.0659158920158577,-0.0887959762075105,-0.0863370453156086,-0.110787496692092,0.00102363842068844,0.409687727730879,0.593727751057812,0.502793107402374
"ETH",2023-04-27,2023-04-28,-0.0681780271661476,-0.0932611023808732,-0.0904116186829317,-0.116072281827129,0.00107533902501706,0.568101581896232,0.52570798107019,0.309665951149932
"ETH",2023-04-28,2023-04-29,-0.0686217533820789,-0.0917238548679736,-0.0899440067484904,-0.113315746656492,0.00108860905762899,0.368238472805008,0.611525239800641,0.26769528814831
"ETH",2023-04-29,2023-04-30,-0.0654367731391491,-0.0888495621362071,-0.086301647493854,-0.109830978779793,0.000990675364577681,0.449445041809632,0.576656748188709,0.315480924212382
"ETH",2023-04-30,2023-05-01,-0.0663346154259177,-0.0885603804026661,-0.0867423338333532,-0.111566781284322,0.00100052086517019,0.436388451213703,0.582262989472571,0.731276299184293
"ETH",2023-05-01,2023-05-02,-0.069503217337176,-0.0954352541584821,-0.0930829920702015,-0.118803177959735,0.00107472621802951,0.686680778653907,0.474792423644543,0.561472153482158
"ETH",2023-05-02,2023-05-03,-0.0735767320500929,-0.0996699034642304,-0.0967001461506404,-0.123741990922667,0.00122328388648815,0.437982576860026,0.581578503507846,0.455392436835841
"ETH",2023-05-03,2023-05-04,-0.0703945966106628,-0.0955568969888596,-0.0930613165596062,-0.117827807822139,0.00111800685503452,0.48241530080847,0.562499972284548,0.40334154288393
"ETH",2023-05-04,2023-05-05,-0.0694787022059001,-0.0934311885592808,-0.0912351964964309,-0.116387047434349,0.0010875551159999,0.439146451742503,0.581078758695642,0.908584339762414
"ETH",2023-05-05,2023-05-06,-0.0839991148968338,-0.116646762576964,-0.115281166419088,-0.147539764068675,0.00151762961286789,0.994851443896682,0.342470046430829,0.679642107661486
"ETH",2023-05-06,2023-05-07,-0.0921637601139483,-0.125216743693095,-0.123447436808583,-0.15421080972845,0.00186680361451347,0.759013397172519,0.443734230532829,0.389317299964833
"ETH",2023-05-07,2023-05-08,-0.0839899783869863,-0.111053999609135,-0.108921736077678,-0.137073925038467,0.00163740183104394,0.233271750124476,0.66947727613662,0.495210443849054
"ETH",2023-05-08,2023-05-09,-0.0735570079453099,-0.10029075607161,-0.0980326445857263,-0.124963124523563,0.00124022167725391,0.658686033941946,0.486812812304377,0.339621513075886
"ETH",2023-05-09,2023-05-10,-0.0717334338240882,-0.0959583478381999,-0.0934856396684443,-0.119300552960258,0.00120524579024835,0.310515604977727,0.636310295459594,0.306437570252579
"ETH",2023-05-10,2023-05-11,-0.0658327481140764,-0.0880712331696383,-0.0862217857436114,-0.111049394755655,0.00100603963062364,0.475219238043193,0.565589819045045,0.541684276644989
"ETH",2023-05-11,2023-05-12,-0.0699038044950383,-0.0954478731235978,-0.0930086369820129,-0.117973479604524,0.00111786721892619,0.584216771178601,0.518788438116897,0.315977512570895
"ETH",2023-05-12,2023-05-13,-0.069441105125424,-0.0930596375078428,-0.0907301458428749,-0.115739148638386,0.00111440695607787,0.348338746356693,0.620069788021898,0.269750647267921
"ETH",2023-05-13,2023-05-14,-0.065355211947007,-0.0890772836167491,-0.0861876030563565,-0.110235217158739,0.000988212264241087,0.448392944607201,0.57710849787999,0.23235539413462
"ETH",2023-05-14,2023-05-15,-0.0653459383203186,-0.0876634929476292,-0.0857218382607664,-0.108840705919256,0.000977310741440195,0.397393164543541,0.599006792872098,0.318139248100089
"ETH",2023-05-15,2023-05-16,-0.0549935205995642,-0.0784875211791316,-0.0753995492015942,-0.100376853031507,0.000745299678544495,0.444193681242965,0.520100111900268,0.21009196981829
"ETH",2023-05-16,2023-05-17,-0.0522655284724542,-0.0741299656610787,-0.0717610490886691,-0.0963690746098002,0.000674919913325327,0.375325001303542,0.464477714604207,0.180595375343081
"ETH",2023-05-17,2023-05-18,-0.0495384879970075,-0.0721918676136107,-0.0685771103572709,-0.0939382936181324,0.000624122509216668,0.325467826126113,0.42421012695453,0.324195200499676
"ETH",2023-05-18,2023-05-19,-0.04907884456259,-0.0714545934300679,-0.068114115955743,-0.0924537291527495,0.00061405340414952,0.320678608392293,0.420342072974663,0.207244445487365
"ETH",2023-05-19,2023-05-20,-0.0481661173777103,-0.0691087016955435,-0.0667448426906502,-0.0899693662256414,0.000589080686090473,0.297899389979407,0.401944236138387,0.166570731101089
"ETH",2023-05-20,2023-05-21,-0.0468006017562866,-0.0687024193094331,-0.0653759718405077,-0.0884775005825056,0.000568828242930255,0.279960692937186,0.387455889117161,0.247220949709015
"ETH",2023-05-21,2023-05-22,-0.0467945560400275,-0.067596290006253,-0.0649136222951638,-0.0880796065165186,0.000563249028456581,0.278922088466991,0.386617051048456,0.234127431642224
"ETH",2023-05-22,2023-05-23,-0.0463357364121545,-0.0676529395743466,-0.0644516228188585,-0.0876919920114679,0.000557611726426434,0.277219971953113,0.385242321620473,0.816789148631349
"ETH",2023-05-23,2023-05-24,-0.0499539493007192,-0.0724169712367658,-0.0689730716903768,-0.0929896022105544,0.000633709645880452,0.373222635421272,0.462779720240613,0.880487771867717
"ETH",2023-05-24,2023-05-25,-0.0581005044446556,-0.081272738598269,-0.0780233105694,-0.104610994292829,0.000828887895213766,0.598330388827357,0.644589984433138,0.259600239635483
"ETH",2023-05-25,2023-05-26,-0.0553762068158121,-0.07723006841299,-0.074842749083908,-0.0998496715230668,0.000750224443748433,0.511776538492738,0.574684003150345,0.36849942251213
"ETH",2023-05-26,2023-05-27,-0.0540114950122573,-0.0768447356121413,-0.073474910421253,-0.0989057129880891,0.000724068938141172,0.482250067385309,0.550836688113485,0.196691044400906
"ETH",2023-05-27,2023-05-28,-0.0517413755984458,-0.0730751930271929,-0.0707487484553067,-0.0945068030734428,0.000664162188453501,0.413367475203399,0.495203054471969,0.931987411926633
"ETH",2023-05-28,2023-05-29,-0.0666771400666991,-0.0920265944171027,-0.0884004190244158,-0.115761056259048,0.0011099170757861,0.870831816106404,0.864678167700059,0.356303325510822
"ETH",2023-05-29,2023-05-30,-0.0644054029113505,-0.0886097625641236,-0.085672429918057,-0.111901570240395,0.00102331354618394,0.796048398779196,0.804278680540005,0.263045583670182
"ETH",2023-05-30,2023-05-31,-0.0612294793402595,-0.0853016397553356,-0.0820403476334001,-0.107949893693224,0.000922879664002558,0.699397194519495,0.726217482224537,0.406542629045177
"ETH",2023-05-31,2023-06-01,-0.0603171452504428,-0.0833112384902912,-0.0806723677861108,-0.106580854821299,0.000887821531291408,0.662525913514269,0.69643806663691,0.262832410548877
"ETH",2023-06-01,2023-06-02,-0.0571430527750838,-0.0808036391801198,-0.0774947101451982,-0.10226084411998,0.00080573301729622,0.574582600651836,0.625409873677952,0.666905492545385
"ETH",2023-06-02,2023-06-03,-0.0603036254315468,-0.0836781933430991,-0.0806530260356328,-0.107103601620155,0.000890432157838414,0.664114216717872,0.697720873740155,0.306645789960161
"ETH",2023-06-03,2023-06-04,-0.0575827169699055,-0.0810251683381916,-0.0779286203440489,-0.102726700891877,0.000815846289146252,0.584661591069496,0.633550259261753,0.210914677968187
"ETH",2023-06-04,2023-06-05,-0.0476715102375913,-0.0712583684506553,-0.0666806087226334,-0.0956478364001719,0.000658587214460904,0.908503502965595,0.899147407699519,0.911180088931944
"ETH",2023-06-05,2023-06-06,-0.0698490551651336,-0.100497670405234,-0.0970050360537221,-0.131323774924466,0.0014907050899123,0.806702238165258,0.79913976690595,0.736354943805088
"ETH",2023-06-06,2023-06-07,-0.0698478941323011,-0.101611582731736,-0.0970033199454319,-0.132182657992771,0.00150095962364608,0.786019363880007,0.778821301647638,0.5683713809614
"ETH",2023-06-07,2023-06-08,-0.0635062132808862,-0.0921229207776907,-0.0879434740846235,-0.119708213108711,0.00120000179596492,0.762612040493286,0.755826389022639,0.356349506894116
"ETH",2023-06-08,2023-06-09,-0.0544482092329299,-0.0788500961860331,-0.074809068622976,-0.103880553556557,0.00083545028938413,0.776045658122336,0.769023321389237,0.302970518136524
"ETH",2023-06-09,2023-06-10,-0.0503693084683773,-0.074139979723959,-0.0698217335971927,-0.0976882775188731,0.000713377561859704,0.824316965977835,0.816444142988229,0.804122615417825
"ETH",2023-06-10,2023-06-11,-0.0716341311508609,-0.103173725924101,-0.0987783794957373,-0.13321813028471,0.00157020358653491,0.664370791749538,0.659316040799109,0.359444388447046
"ETH",2023-06-11,2023-06-12,-0.05760153915635,-0.08253722599827,-0.0784083637731992,-0.106771755043604,0.000924901744060823,0.655618921299043,0.650718368481367,0.316510908151202
"ETH",2023-06-12,2023-06-13,-0.0530711700413721,-0.0761588940499698,-0.0725175555867512,-0.0990887442096828,0.000764955636077646,0.714514111069585,0.708575891122106,0.282464064488278
"ETH",2023-06-13,2023-06-14,-0.0503510233844767,-0.0731596792167557,-0.0693417577635665,-0.0963314440727988,0.000696061739862919,0.790308139356059,0.783034513714251,0.844355429997368
"ETH",2023-06-14,2023-06-15,-0.0729641598830362,-0.104582415900317,-0.100096098634674,-0.135077152684495,0.00162830369526393,0.595521357921879,0.591679656707206,0.390148798846335
"ETH",2023-06-15,2023-06-16,-0.0598424411343963,-0.0839382701218721,-0.0806400615764231,-0.108455317312247,0.000983613668067089,0.577070835737653,0.57355421201187,0.592320072829762
"ETH",2023-06-16,2023-06-17,-0.0630038690727367,-0.0883994313687899,-0.0847042450797885,-0.113395247161612,0.00110911328708984,0.498015968776829,0.495892203062299,0.349473135379983
"ETH",2023-06-17,2023-06-18,-0.0571190816917103,-0.0801744598617373,-0.0765556490940754,-0.102912291968921,0.00086472685257089,0.538065386370353,0.535235994876087,0.302519967490943
"ETH",2023-06-18,2023-06-19,-0.0539477603490937,-0.0762647613067517,-0.0729289596727272,-0.0984893852159752,0.000766087313883919,0.629259106304713,0.624822983836509,0.313532703888737
"ETH",2023-06-19,2023-06-20,-0.0525853369423569,-0.075345588773523,-0.0715633570075669,-0.0983996610082768,0.000743083062007556,0.700921123545467,0.695222396779088,0.703652221618929
"ETH",2023-06-20,2023-06-21,-0.0611673297697874,-0.0876682206523745,-0.0828550073494837,-0.113040268178373,0.00106448341761365,0.570856120601183,0.567448993179653,0.839083275012986
"ETH",2023-06-21,2023-06-22,-0.0760884228346387,-0.107210042934804,-0.103654575446703,-0.138278106523547,0.0017635855694876,0.489663746503427,0.487687137569402,0.42021616267278
"ETH",2023-06-22,2023-06-23,-0.0625230608552698,-0.087449092335954,-0.0833071907448584,-0.112349803064432,0.00106793934904532,0.457289766069984,0.455883550329148,0.365999017093173
"ETH",2023-06-23,2023-06-24,-0.0579973423932724,-0.0818337654588601,-0.0778745291184101,-0.103301161640999,0.000887755618538938,0.502813022098239,0.500604737689212,0.339689192368108
"ETH",2023-06-24,2023-06-25,-0.0520205428877069,-0.0708882137228614,-0.0668887587915189,-0.0896539579486711,0.000730955897037125,0.345439564049262,0.398909314265388,0.368763319674124
"ETH",2023-06-25,2023-06-26,-0.0506628916998408,-0.068075301380878,-0.0646277778478666,-0.0865435867679022,0.00067278036239471,0.35128601421491,0.400702429976286,0.535433377100518
"ETH",2023-06-26,2023-06-27,-0.0515588827009675,-0.0687913974387208,-0.0655219670798574,-0.0870772982426634,0.000702717179192637,0.474339032864623,0.438442989591543,0.447969419224773
"ETH",2023-06-27,2023-06-28,-0.0506526261900145,-0.0683921821791833,-0.0646137011906795,-0.0858430586745561,0.000676935058987556,0.436859802412346,0.426948049063146,0.697883570257457
"ETH",2023-06-28,2023-06-29,-0.0533517655934395,-0.0728693001997389,-0.0682124474366676,-0.0915491742271196,0.000789175703141662,0.599569018283421,0.476851228431825,0.397207596134642
"ETH",2023-06-29,2023-06-30,-0.0515444320721526,-0.069737540356477,-0.0659525301053004,-0.0879640219628725,0.000714494094534097,0.43563182611773,0.42657142674976,0.780015144286374
"ETH",2023-06-30,2023-07-01,-0.056948998438926,-0.0784591357447787,-0.0736089422549909,-0.100502874246595,0.000944562765307778,0.635525749685216,0.487879216041801,0.363716746044437
"ETH",2023-07-01,2023-07-02,-0.0537900065368641,-0.0732524681358628,-0.0690964726970736,-0.0942279083755215,0.000805847478980148,0.430117219844364,0.424880088096726,0.318341596985211
"ETH",2023-07-02,2023-07-03,-0.0510823774449327,-0.0691068499837322,-0.0654860062468628,-0.0879138583429039,0.000698925430196873,0.345367277196319,0.398887143770809,0.328759782075296
"ETH",2023-07-03,2023-07-04,-0.049275981609289,-0.0668009282764988,-0.0632272086969044,-0.0836834899897261,0.000634943334262412,0.325238607103759,0.392713648135024,0.303781994057961
"ETH",2023-07-04,2023-07-05,-0.0479199279881269,-0.0646127540879076,-0.0614188181229491,-0.0806540657594098,0.000585872711839513,0.299379713452881,0.384782683676577,0.395937446941639
"ETH",2023-07-05,2023-07-06,-0.0479144207038921,-0.0638072634779885,-0.0609612870439906,-0.0803929557553674,0.000580395949708345,0.351740203160239,0.400841730459572,0.760841123283195
"ETH",2023-07-06,2023-07-07,-0.0515104997170266,-0.0690779768236601,-0.0654560417274699,-0.0868289633507042,0.00071614574702472,0.606469499343631,0.4789676171209,0.335885668622511
"ETH",2023-07-07,2023-07-08,-0.0492552317769369,-0.0667697759812843,-0.0631984682458826,-0.0830985683479937,0.000640514710234558,0.395042416171671,0.414122589146043,0.250839110008631
"ETH",2023-07-08,2023-07-09,-0.0474501335917538,-0.0635196573446194,-0.0604915429395397,-0.0807922870096144,0.000573576169379238,0.292005954733903,0.382521139964965,0.218878466174559
"ETH",2023-07-09,2023-07-10,-0.0460952916926699,-0.061138081186307,-0.0586848141889876,-0.0779620844504626,0.000526235306623598,0.246013525969408,0.368415187760916,0.311398563773924
"ETH",2023-07-10,2023-07-11,-0.0456404203523578,-0.0611894029942849,-0.0582279169861594,-0.0769857772637449,0.00051695350296316,0.283606503134357,0.379945014589849,0.192147413874507
"ETH",2023-07-11,2023-07-12,-0.0447358480202353,-0.0592428555576959,-0.0573211739869187,-0.0738259782137453,0.000485854699868685,0.230641735376801,0.363700634752631,0.190189460808245
"ETH",2023-07-12,2023-07-13,-0.0438316229357127,-0.0593526543165103,-0.0564147934216185,-0.0733176750473395,0.000468898170214591,0.221092594318719,0.360771897763228,0.979982044632698
"ETH",2023-07-13,2023-07-14,-0.0627228823614557,-0.0889295516807268,-0.0843012007925664,-0.11660534400377,0.00123324875962139,0.631596835189803,0.486674211618793,0.593289297056025
"ETH",2023-07-14,2023-07-15,-0.0734218158983648,-0.0939138948066406,-0.0922746699642251,-0.112722702952775,0.00158314718298118,0.125773870107485,0.383896131762579,0.382570893573099
"ETH",2023-07-15,2023-07-16,-0.063537598433196,-0.0831913764862818,-0.0814895284930574,-0.102438311663147,0.00140306217029186,0.715854415146624,0.525035594612804,0.342295593958914
"ETH",2023-07-16,2023-07-17,-0.0585928179227373,-0.0777224434098841,-0.0756441565015575,-0.0959628445880936,0.00130359277428667,0.795437813072916,0.544070890945727,0.328169839006787
"ETH",2023-07-17,2023-07-18,-0.0554444754617383,-0.0748971551562503,-0.071595591774844,-0.0927756071913465,0.00122944616966172,0.747453487941643,0.532593674943276,0.32013697690617
"ETH",2023-07-18,2023-07-19,-0.053643011171245,-0.0713919284803245,-0.0688942525532108,-0.0894374107006559,0.0011727943672551,0.695171787622388,0.520088583626519,0.275487819857893
"ETH",2023-07-19,2023-07-20,-0.0513935252887765,-0.0686118499272741,-0.0661936316620517,-0.0865165738967866,0.00113442739319738,0.747962665559396,0.53271546349582,0.239874538727564
"ETH",2023-07-20,2023-07-21,-0.0495932228878035,-0.0667206404003155,-0.0639423478931405,-0.0848885763333257,0.00110347204545857,0.777740317173798,0.539837883967282,0.215144975613195
"ETH",2023-07-21,2023-07-22,-0.0482418788390847,-0.0656073833412578,-0.0625885116846383,-0.0825425136059029,0.00107715883643176,0.779880175042971,0.540349709671027,0.51935138355251
"ETH",2023-07-22,2023-07-23,-0.0504780633436357,-0.0667193644230878,-0.0643743305809745,-0.0830920756212544,0.00104112270465894,0.435730408058659,0.458033636618704,0.465600257301822
"ETH",2023-07-23,2023-07-24,-0.0504725545913315,-0.0675444715049531,-0.0643667766631442,-0.0840149462587395,0.00103737327688675,0.41379293137453,0.452786482308131,0.638165718302125
"ETH",2023-07-24,2023-07-25,-0.0527083986763038,-0.0685869851574013,-0.0666008134743886,-0.0852736479022106,0.00104713399901303,0.27412780547483,0.419380431195083,0.256527195214546
"ETH",2023-07-25,2023-07-26,-0.0495652256266006,-0.0664638808612427,-0.0639033578422628,-0.0828485987945382,0.00105979126695535,0.654419468886182,0.510341167914063,0.270691706449489
"ETH",2023-07-26,2023-07-27,-0.048663252810788,-0.0656181562466036,-0.0625510413365679,-0.0829658512255962,0.00104128022312608,0.659966110657806,0.511667851274243,0.252069299728772
"ETH",2023-07-27,2023-07-28,-0.0477614507374776,-0.0652301837285745,-0.0616469129765343,-0.0820736277828392,0.00102707698113326,0.676686996300671,0.51566726599458,0.304832296318291
"ETH",2023-07-28,2023-07-29,-0.0477558772434529,-0.064597210985716,-0.0616391100848997,-0.0805104882309103,0.00101055532907779,0.624465372608193,0.503176544212464,0.186360513624471
"ETH",2023-07-29,2023-07-30,-0.046854497050851,-0.0632279448545789,-0.0602876236380092,-0.0810059702900414,0.0010091072832341,0.727159707202848,0.527739670965761,0.399309181097778
"ETH",2023-07-30,2023-07-31,-0.0472968039139428,-0.0645317814183625,-0.0611754872080253,-0.0795529581960162,0.000987982185004237,0.57799811721674,0.492062191229282,0.175890748294581
"ETH",2023-07-31,2023-08-01,-0.0463957775551098,-0.0630656252263149,-0.0598244953062267,-0.0803864746271218,0.000993817484424036,0.721263805817033,0.526329449324652,0.226770942486368
"ETH",2023-08-01,2023-08-02,-0.0463903188927303,-0.0623973956100102,-0.0598168385247683,-0.0790967255346775,0.000982465152354707,0.696473845493978,0.520400018650332,0.706536720420502
"ETH",2023-08-02,2023-08-03,-0.0486229258342746,-0.0640031105269769,-0.0620475034548175,-0.0795286121494599,0.000965066989881811,0.423257395551738,0.455050256976465,0.178055056159599
"ETH",2023-08-03,2023-08-04,-0.0459529964327287,-0.0617954949124037,-0.0602790704650085,-0.0786886623137923,0.000475863426181257,0.682820861221525,0.744558420382126,0.211367708658705
"ETH",2023-08-04,2023-08-05,-0.0437092612283719,-0.0598655265190554,-0.0580328658244763,-0.0756656032452655,0.00042039566705792,0.539914381201585,0.664086480384648,0.204194991026663
"ETH",2023-08-05,2023-08-06,-0.0419139004113966,-0.0580128655670251,-0.0557875324023792,-0.0744543103222794,0.000378497743064801,0.431614413013741,0.603101782276312,0.192481627240572
"ETH",2023-08-06,2023-08-07,-0.0405665567553488,-0.0563623422433686,-0.0544378024477211,-0.0720044297418628,0.000348177962989503,0.354271533946759,0.559549302902095,0.1157036695679
"ETH",2023-08-07,2023-08-08,-0.038324883677068,-0.0538028527590759,-0.0521937287151953,-0.0683876695782084,0.000302794651758157,0.230594087186289,0.489905406604592,0.851748493994367
"ETH",2023-08-08,2023-08-09,-0.048609799785413,-0.0654061942811995,-0.063371386619426,-0.0817082256078706,0.00057049809928934,0.98513835221229,0.914796152021745,0.174058793244003
"ETH",2023-08-09,2023-08-10,-0.045472971544627,-0.061311224787633,-0.059784773543983,-0.0773204470715576,0.000468906378087454,0.711279205210182,0.760583572982367,0.147996470301664
"ETH",2023-08-10,2023-08-11,-0.0418900766756651,-0.0573167110193762,-0.0557522584990869,-0.0731769492924079,0.000375469775607013,0.447455298941194,0.612021929366094,0.136904578662854
"ETH",2023-08-11,2023-08-12,-0.0392026020018791,-0.0544085296175693,-0.0526153234695936,-0.0706073358493983,0.000317544578846229,0.283838671349835,0.519887916714712,0.11288869476177
"ETH",2023-08-12,2023-08-13,-0.0374100905705917,-0.052767598834825,-0.0508205284223838,-0.0682380393641962,0.000285301367894906,0.195651117435588,0.470228702198187,0.229169261717843
"ETH",2023-08-13,2023-08-14,-0.0387468141489751,-0.0538795274219935,-0.0521549979798302,-0.0695530655902259,0.000309450303765363,0.276957552176853,0.516013095858958,0.131438120311282
"ETH",2023-08-14,2023-08-15,-0.0374018954815527,-0.0529444551865083,-0.0508078222751582,-0.0681800113196672,0.000286676190209356,0.213840931882573,0.48047155232324,0.555062723955992
"ETH",2023-08-15,2023-08-16,-0.0436530475087516,-0.0594058806330902,-0.0575035996757061,-0.0753546816862373,0.000426697915844952,0.646215884721261,0.723945824843231,0.64323946431263
"ETH",2023-08-16,2023-08-17,-0.0467752946972968,-0.064211919763528,-0.061517115695922,-0.0788828752651507,0.000528764682919325,0.940718924914533,0.889783168091774,0.992805787139786
"ETH",2023-08-17,2023-08-18,-0.0660020064641128,-0.0881570600003239,-0.0856643296562493,-0.110460967510527,0.00105771275283905,1,0.923164881199522,0.483544712953301
"ETH",2023-08-18,2023-08-19,-0.0642073535346739,-0.0858034003273371,-0.0834201134558794,-0.107402424890448,0.000998694410056347,0.992188980872427,0.918766425213023,0.371181005393241
"ETH",2023-08-19,2023-08-20,-0.0588381512643078,-0.079849583306816,-0.0771542937140965,-0.10033774548403,0.00080314703341306,0.771530004055865,0.794511346368385,0.361520907642565
"ETH",2023-08-20,2023-08-21,-0.0561509926195491,-0.0772639202354285,-0.0740176029738343,-0.0966293383357596,0.000728772879321783,0.723301043696489,0.767353179687357,0.355863633324525
"ETH",2023-08-21,2023-08-22,-0.0552509706795075,-0.0750400503025659,-0.0726681542355624,-0.0938641237867928,0.000704813938794894,0.754059723390608,0.78467367226685,0.53329457859369
"ETH",2023-08-22,2023-08-23,-0.0583717019424205,-0.0781551984258553,-0.0757867991375023,-0.0982795995679309,0.000825498376113722,0.998739469207459,0.922455064833685,0.65007414735572
"ETH",2023-08-23,2023-08-24,-0.0655955087624984,-0.0855417229867449,-0.0834840921234047,-0.104167154740837,0.000972344032184583,0.746762835342268,0.612247494223456,0.417910524656905
"ETH",2023-08-24,2023-08-25,-0.0606686735611818,-0.0801618485954296,-0.0785544494940816,-0.0973975363556816,0.00081341294254244,0.544413893455779,0.505920842031527,0.29118798344212
"ETH",2023-08-25,2023-08-26,-0.0530602915354625,-0.0718719231483729,-0.0704959044899814,-0.089746382364731,0.000611605724064849,0.248804588542135,0.350589425641502,0.272216511639134
"ETH",2023-08-26,2023-08-27,-0.0494774992834844,-0.0681484035963834,-0.0664631282093572,-0.0861425163186355,0.000532745745359784,0.160535729185153,0.304207506266341,0.279922896649635
"ETH",2023-08-27,2023-08-28,-0.0481307369022753,-0.0671613767361388,-0.0651135622140294,-0.0839159595102904,0.000503983057340731,0.155913626127191,0.30177876737768,0.223884112446835
"ETH",2023-08-28,2023-08-29,-0.0463373572974172,-0.0645488894706329,-0.0628704284360817,-0.0816219245092618,0.000461373951649826,0.11851227641117,0.282125784437967,0.923724319260219
"ETH",2023-08-29,2023-08-30,-0.0686828620829156,-0.0885900317167321,-0.087004450393488,-0.107850149043527,0.00106601476727795,0.805055745769327,0.642878195597275,0.431906753586455
"ETH",2023-08-30,2023-08-31,-0.0624190208202952,-0.081292306950543,-0.080290957718199,-0.100188137979135,0.000851827862350621,0.554752468772099,0.511353369088847,0.711561324866976
"ETH",2023-08-31,2023-09-01,-0.0704592803383541,-0.090602619840185,-0.0892241237495428,-0.109583103287387,0.00113329315900064,0.837628720330868,0.659994051527989,0.395787804333854
"ETH",2023-09-01,2023-09-02,-0.0619625533223422,-0.0829264936725142,-0.0802776682582577,-0.101849147976745,0.000857094546959453,0.510015525671105,0.487845811575164,0.318406131796645
"ETH",2023-09-02,2023-09-03,-0.0548082947464074,-0.0747671615929646,-0.0726737491235502,-0.0934695442414859,0.000663678940218448,0.261552171939776,0.357287794575741,0.275474060799866
"ETH",2023-09-03,2023-09-04,-0.0503356217862733,-0.0699528749438283,-0.0677514929145494,-0.088281192618999,0.00056291705729554,0.151478387389904,0.299448218563285,0.272394897168948
"ETH",2023-09-04,2023-09-05,-0.0485434424992482,-0.0681344924039335,-0.0655099154509169,-0.0862769273596654,0.000522767496156561,0.138856385304549,0.292815837819489,0.240578859302298
"ETH",2023-09-05,2023-09-06,-0.0471983182545372,-0.06566580476865,-0.0637155647283143,-0.0836997222671502,0.000486032602631936,0.122111842946288,0.284017219379277,0.206894952448557
"ETH",2023-09-06,2023-09-07,-0.0458535805709907,-0.0639234155962091,-0.0623680575907556,-0.0807548175480971,0.000453790611435334,0.106107112469621,0.275607343869413,0.305460056937427
"ETH",2023-09-07,2023-09-08,-0.0467409737206307,-0.0653374043857009,-0.0632528625615499,-0.0815338000947748,0.000466915487573159,0.165961065019552,0.307058313346974,0.248672652767913
"ETH",2023-09-08,2023-09-09,-0.0458430437929833,-0.064190988331476,-0.0623522165843636,-0.0798843727229428,0.000444155546813326,0.149058101525857,0.298176450641632,0.168573046178444
"ETH",2023-09-09,2023-09-10,-0.0440531070602687,-0.0622077566886374,-0.0601134125154568,-0.0790428848553266,0.000406935106230425,0.103788136276143,0.274388810316103,0.437992375982888
"ETH",2023-09-10,2023-09-11,-0.0471706143843655,-0.0653058088129877,-0.0632284116759087,-0.0817095626001094,0.000458905376244094,0.222525680520385,0.336780861647232,0.9688103107791
"ETH",2023-09-11,2023-09-12,-0.0685827339239154,-0.0882663382611232,-0.0868713483026082,-0.105689837367929,0.00106546925734707,0.879928556253915,0.682221002161062,0.666664098404503
"ETH",2023-09-12,2023-09-13,-0.0445278262660475,-0.0662345302052541,-0.0623888368341108,-0.0885595878291584,0.000552132032277075,0.993642840430948,0.958992322820892,0.371027989562298
"ETH",2023-09-13,2023-09-14,-0.0436298341435756,-0.0653921083858353,-0.0610415059851207,-0.0881090711584041,0.000530062693783648,0.953506438047785,0.925285595358585,0.387417847925991
"ETH",2023-09-14,2023-09-15,-0.0436252065890954,-0.0645780087350324,-0.0610342437645861,-0.0869366741960518,0.000524685923024714,0.950351072019082,0.922635705073004,0.353881708025088
"ETH",2023-09-15,2023-09-16,-0.0427277683112877,-0.064936573993026,-0.0601340683667255,-0.0868438646565202,0.000511737967160123,0.93026856239796,0.905770325059714,0.285698018848198
"ETH",2023-09-16,2023-09-17,-0.041384046456686,-0.062746083454966,-0.0583411732289742,-0.084310967939566,0.000474001482964002,0.851741598809647,0.839823035244218,0.31841992404478
"ETH",2023-09-17,2023-09-18,-0.0409332416904092,-0.0618544555257914,-0.0578875931931578,-0.0827778779062845,0.000461041407718717,0.831087291274742,0.822477456825017,0.363497023006748
"ETH",2023-09-18,2023-09-19,-0.0413750271969943,-0.061562528299206,-0.0578806584743936,-0.0838092275053429,0.000466859090795578,0.85510971975172,0.842651598042915,0.230747850553925
"ETH",2023-09-19,2023-09-20,-0.0386941509867916,-0.0585457006681656,-0.0547509998648855,-0.0793971304636862,0.000405733349017078,0.716583956364112,0.726317051950837,0.458594321675702
"ETH",2023-09-20,2023-09-21,-0.0404740452796631,-0.0613647734980148,-0.056974390892242,-0.0828991628846482,0.000451645432260434,0.838157558595145,0.828415098454664,0.785215658501398
"ETH",2023-09-21,2023-09-22,-0.0427005826970926,-0.0641212509801853,-0.060090939309619,-0.085365524139172,0.00050893975210028,0.977246808016246,0.945222862598982,0.29742204212709
"ETH",2023-09-22,2023-09-23,-0.0413582466242417,-0.0630021630348443,-0.0582999341267207,-0.0842788604968768,0.000478101602283081,0.912818071790157,0.891115326203924,0.212293314524793
"ETH",2023-09-23,2023-09-24,-0.0391247032860363,-0.0584963666373398,-0.0551720313760057,-0.0793509565315497,0.000412915799190976,0.761324808942892,0.763890616963153,0.284273241841016
"ETH",2023-09-24,2023-09-25,-0.0382290877892106,-0.0575084503446428,-0.0538281186339559,-0.0786843270526242,0.00039378314087754,0.723097924705911,0.731787511248585,0.212410310691493
"ETH",2023-09-25,2023-09-26,-0.0351056660692655,-0.0538581367280628,-0.0502565269096817,-0.0731840188311516,0.00033068329760682,0.572369935364625,0.605205482068023,0.181160520882673
"ETH",2023-09-26,2023-09-27,-0.0310921728553015,-0.048585072685513,-0.0449039187609664,-0.0673775326464245,0.000259203592614441,0.397624509350173,0.458453503808385,0.168150710484716
"ETH",2023-09-27,2023-09-28,-0.0275254733992246,-0.0435139098274244,-0.0404440170768329,-0.0607230793136005,0.000205027281741345,0.265045932335126,0.347113431020461,0.966529543580175
"ETH",2023-09-28,2023-09-29,-0.0413344323059935,-0.0621121437943275,-0.058261868720387,-0.0827964517387293,0.000474165857004181,0.941799559515801,0.915454107216103,0.374525831887844
"ETH",2023-09-29,2023-09-30,-0.0408846835651439,-0.0612359704081841,-0.0573641215129261,-0.0825438680974423,0.00046110545344857,0.918750414104361,0.896097333402503,0.24951552119119
"ETH",2023-09-30,2023-10-01,-0.0386535432836092,-0.0578650607724948,-0.0542396508493842,-0.0791392081471659,0.000403936896545573,0.781642439881332,0.780953452894084,0.859276307589836
"ETH",2023-10-01,2023-10-02,-0.0422157338354303,-0.0626766402352249,-0.0591375913992865,-0.0840801868520903,0.000493656420050535,0.989941361994285,0.955883804930297,0.77971177033543
"ETH",2023-10-02,2023-10-03,-0.060728897703864,-0.079307405461028,-0.0780271581689532,-0.0978112017848095,0.000845796137148111,0.99898275984744,0.800867111013692,0.376220094284569
"ETH",2023-10-03,2023-10-04,-0.0531819924236994,-0.0718239973119336,-0.0700339205649901,-0.0891505915252491,0.000597962327463344,0.538235062481989,0.579093347892849,0.329128186798247
"ETH",2023-10-04,2023-10-05,-0.0482980232928553,-0.0662286074004958,-0.064703789854638,-0.0830240483630471,0.000473051726734862,0.308598490149948,0.468561342876979,0.551993596259283
"ETH",2023-10-05,2023-10-06,-0.0571612181638431,-0.0748490001485334,-0.0735652046149815,-0.09319126292694,0.000733745544593333,0.895202982429992,0.750914323608971,0.532600053463817
"ETH",2023-10-06,2023-10-07,-0.0575994681186502,-0.076143153073682,-0.0740015765785121,-0.0948239924749032,0.000757976049995464,0.949004382181903,0.776810793525968,0.331892819641427
"ETH",2023-10-07,2023-10-08,-0.0518303388276342,-0.0705131315249753,-0.0682298144441889,-0.0869526421772186,0.000576813523905493,0.58659977024864,0.602372950384584,0.268801076139563
"ETH",2023-10-08,2023-10-09,-0.0460629299338775,-0.0634782182491146,-0.0620165521162331,-0.0793467724737851,0.000428760437702269,0.276193485030277,0.452963695899182,0.794625074737661
"ETH",2023-10-09,2023-10-10,-0.0584698147288369,-0.0763544855264359,-0.0748660559463299,-0.0954096847415284,0.000781754988460723,0.985473047108106,0.794364420170057,0.359627052150385
"ETH",2023-10-10,2023-10-11,-0.0527026938409447,-0.0717072628539482,-0.0690963391140288,-0.0886967134498471,0.000603165233868107,0.634219081443715,0.625293767789294,0.277621476032743
"ETH",2023-10-11,2023-10-12,-0.0469372377402287,-0.0638273798576049,-0.0624422114789705,-0.0815263436643488,0.000444230387588102,0.302959599975565,0.465847150487199,0.519577282911817
"ETH",2023-10-12,2023-10-13,-0.0535770570559091,-0.0715386125801088,-0.0695229961704297,-0.0887066133638285,0.000635854596619104,0.779491597452,0.695218441829795,0.327856070663696
"ETH",2023-10-13,2023-10-14,-0.0500278187229352,-0.0667374476642533,-0.0655284274104618,-0.0837450400958556,0.00052619157484739,0.549681670778371,0.584602995388375,0.248972785647964
"ETH",2023-10-14,2023-10-15,-0.0451510575212733,-0.0615866014732906,-0.0602063805691197,-0.0784960704818196,0.000410113978227991,0.291124411983699,0.460150466177746,0.210071827186633
"ETH",2023-10-15,2023-10-16,-0.0420467492408544,-0.0588456532541104,-0.0570996414459632,-0.0746328326108684,0.000352875317576933,0.17266392625272,0.403131347358701,0.850350657784806
"ETH",2023-10-16,2023-10-17,-0.0548834119865597,-0.0732492189711704,-0.0708207898329307,-0.0899455825304107,0.000694503008887132,0.97053128904227,0.787172436503402,0.662536039351004
"ETH",2023-10-17,2023-10-18,-0.0557644777304318,-0.0740647080304614,-0.0717002349663018,-0.0917686767065182,0.000716524181820044,0.97959713535408,0.791536141116451,0.288406182767756
"ETH",2023-10-18,2023-10-19,-0.0486762077102673,-0.0663685998177269,-0.0641668218713243,-0.0832516582952687,0.000497684182730835,0.487306373865495,0.554579612957499,0.246219718109826
"ETH",2023-10-19,2023-10-20,-0.0438028310550317,-0.0612774569336411,-0.0592909786382237,-0.076591744183312,0.000388281525689101,0.242811627768211,0.436895856282613,0.733595284462834
"ETH",2023-10-20,2023-10-21,-0.054862290258873,-0.0719706595026314,-0.0703491403029609,-0.0900872626450331,0.000683599781052701,0.947554063380291,0.776112705048917,0.475830071883267
"ETH",2023-10-21,2023-10-22,-0.0535294560835243,-0.0720151217559379,-0.0694566669466148,-0.0881040697424277,0.000651454493242756,0.883653150870949,0.745354991195793,0.614011724705423
"ETH",2023-10-22,2023-10-23,-0.0548365717710182,-0.0704867200832755,-0.0694294778961929,-0.0853569258361958,0.000644723253354599,0.70890447193935,0.493623264928105,0.885251140702502
"ETH",2023-10-23,2023-10-24,-0.0782907929503726,-0.0999621872757535,-0.0986377617590823,-0.117747000507598,0.0013132205148515,0.942794267199759,0.553274756517726,0.45759299157753
"ETH",2023-10-24,2023-10-25,-0.065013454860493,-0.0856091640700992,-0.0840306750135844,-0.102266761143491,0.000894721887305601,0.417949682931616,0.419417859214996,0.367960784625428
"ETH",2023-10-25,2023-10-26,-0.0561611799314713,-0.0745587105439671,-0.0734065338481254,-0.0916314533778389,0.000678987648507575,0.145236815759113,0.349864891825334,0.38106841960337
"ETH",2023-10-26,2023-10-27,-0.0535019645234767,-0.0712487068555043,-0.0694183590350731,-0.0880204968297028,0.000629696878571061,0.234884890434842,0.372728828093229,0.409930453555635
"ETH",2023-10-27,2023-10-28,-0.0526121407469918,-0.0696558364869078,-0.0680842312078907,-0.0846298244697315,0.000613863865788444,0.34864407838167,0.401742087245886,0.302526762270771
"ETH",2023-10-28,2023-10-29,-0.0486278538663878,-0.0645577510109098,-0.0632134680027383,-0.0806000736207481,0.000528424795823229,0.16456626906361,0.354794695282306,0.390154787629098
"ETH",2023-10-29,2023-10-30,-0.0490646551933803,-0.0652719359946454,-0.0636481690800915,-0.0793804986057789,0.000539548865079792,0.320972576910663,0.394684719328521,0.30224595530045
"ETH",2023-10-30,2023-10-31,-0.0468497459066426,-0.0632205989304837,-0.0609891240051761,-0.0780986755633205,0.000495915239085865,0.218862530600889,0.368642469123113,0.241339286262227
"ETH",2023-10-31,2023-11-01,-0.0450771845729146,-0.0612613483030336,-0.0592142943916527,-0.0749180390263885,0.000460665433694293,0.149238391879797,0.350885457874581,0.594620950619487
"ETH",2023-11-01,2023-11-02,-0.0499323250277647,-0.0650117510026919,-0.0636259828304688,-0.080184968974706,0.000548700086129765,0.519109811844824,0.445217841520135,0.760852558939106
"ETH",2023-11-02,2023-11-03,-0.0556714855347324,-0.0719863204238567,-0.0706891588344887,-0.0855303093042665,0.000681154485008463,0.776288227224977,0.510808886503524,0.561733944569228
"ETH",2023-11-03,2023-11-04,-0.0547831557532585,-0.0713245950368579,-0.0697990526935375,-0.085489464976181,0.000656861175974213,0.666595033568429,0.482832622675695,0.463929244872701
"ETH",2023-11-04,2023-11-05,-0.0525696601225656,-0.0694077555947946,-0.0675835529651668,-0.0831024276085882,0.000605802382233432,0.527018073782328,0.447234772698891,0.578051563378952
"ETH",2023-11-05,2023-11-06,-0.0543313898569968,-0.0707546575089898,-0.0693436061177825,-0.0845444329669883,0.000645390251617957,0.649824942652762,0.478555561608968,0.278805350062252
"ETH",2023-11-06,2023-11-07,-0.0481443275036443,-0.0639412779276489,-0.0627126994282439,-0.0788066160840466,0.000504881980968671,0.192956762270951,0.362035435584367,0.291564451386677
"ETH",2023-11-07,2023-11-08,-0.0468147810758151,-0.0622074146626439,-0.0609395333627606,-0.0768023648155113,0.000478683183608201,0.197892140585336,0.363294159496132,0.23766971499571
"ETH",2023-11-08,2023-11-09,-0.0450441828353187,-0.0607208375500728,-0.0591667263698767,-0.0740388895942699,0.000446788240450858,0.149940355287068,0.351064487336891,0.939735232891373
"ETH",2023-11-09,2023-11-10,-0.111376369059164,-0.141799442392117,-0.141869275128528,-0.169416620430361,0.00253379075965872,0.467772862187649,0.432124813595158,0.542658156505795
"ETH",2023-11-10,2023-11-11,-0.0923637877612425,-0.119647439886197,-0.119317969097765,-0.144775711595974,0.00177557149528837,0.281754897697149,0.384682602480436,0.496332027807881
"ETH",2023-11-11,2023-11-12,-0.0446778429118427,-0.0679800179014399,-0.06343773331455,-0.0899714450360728,0.000654218552320779,0.0885795708091654,0.13877161934356,0.464915361201328
"ETH",2023-11-12,2023-11-13,-0.0429281815644217,-0.0652480350744431,-0.0608127924170935,-0.0886697151022472,0.000681491754822656,0.258817912809438,0.264715488985673,0.440960300435363
"ETH",2023-11-13,2023-11-14,-0.0424876981681753,-0.0646997130260836,-0.0603697133409444,-0.0877079004894382,0.000675440817129218,0.279914879969577,0.280323216661123,0.56138264520327
"ETH",2023-11-14,2023-11-15,-0.0446708720413255,-0.0676454522003186,-0.0629904476256367,-0.0907607669838175,0.000652405242625322,0.0944384633830331,0.143106081215663,0.548431873251927
"ETH",2023-11-15,2023-11-16,-0.0455438716706739,-0.0683445885046832,-0.0638638074330254,-0.0920364184166095,0.000651024565083222,0.0441444670682437,0.10589812652564,0.569964352103838
"ETH",2023-11-16,2023-11-17,-0.0464223081688706,-0.0691254068203493,-0.0651818383681972,-0.0925574370860839,0.000670112234844767,0.0322241456487786,0.0970793646104028,0.440999120348706
"ETH",2023-11-17,2023-11-18,-0.0446724571385632,-0.0671315859005654,-0.0629929509861018,-0.0909532677498461,0.000699158908634984,0.187324987836264,0.211824374578906,0.402206101690148
"ETH",2023-11-18,2023-11-19,-0.0424870023408025,-0.064954414039792,-0.0608047312658483,-0.0878104646773204,0.000726546883955126,0.358993197171663,0.338826073045858,0.500738708813524
"ETH",2023-11-19,2023-11-20,-0.0446651423425808,-0.0674399649959237,-0.0629813986531365,-0.0910310217764071,0.00067886150266376,0.152062158628926,0.185736613662542,0.384026521273415
"ETH",2023-11-20,2023-11-21,-0.0437884718596586,-0.0659763269220123,-0.062102066501255,-0.0889136576991214,0.000684698117069673,0.226809867003093,0.241035646353472,0.669236505557759
"ETH",2023-11-21,2023-11-22,-0.0455351247272722,-0.0685694248798338,-0.0642862008649871,-0.0914545845048536,0.000667742647205586,0.0783281925019165,0.131187556681706,0.683796990778567
"ETH",2023-11-22,2023-11-23,-0.0468537546653164,-0.0708158024150009,-0.0660468155572021,-0.0942486516214758,0.000697680022293032,0.0426640188355388,0.104802877493954,0.444107202579153
"ETH",2023-11-23,2023-11-24,-0.0451041517053771,-0.0686431915319973,-0.0638582106484828,-0.0924572301279303,0.000729207038224858,0.199368191552328,0.220734045931831,0.409592390243611
"ETH",2023-11-24,2023-11-25,-0.0442273994860558,-0.0676801345751609,-0.0629787699320342,-0.0909493792126079,0.000732577804315169,0.258483818670896,0.264468323111415,0.368876220409883
"ETH",2023-11-25,2023-11-26,-0.042042702146561,-0.0654438613287437,-0.0603552749929137,-0.0889044316703842,0.000756134915667448,0.420535117979785,0.384355344305859,0.372060017004036
"ETH",2023-11-26,2023-11-27,-0.0424747872660356,-0.0647811396085731,-0.0607849157001153,-0.0879048880524681,0.000736688454204018,0.390960682434201,0.362475908619825,0.47531243437856
"ETH",2023-11-27,2023-11-28,-0.0442156522954875,-0.0677260898521558,-0.0629599579974877,-0.0903548399733301,0.000692032145033438,0.200760349586417,0.221763977073702,0.382324610451465
"ETH",2023-11-28,2023-11-29,-0.0442114600796638,-0.0673638164548969,-0.0629532445889309,-0.0897141738314199,0.000681385354404768,0.190968261485532,0.214519701472733,0.360969393298145
"ETH",2023-11-29,2023-11-30,-0.0442074238724116,-0.0664079329413421,-0.0625109820090294,-0.0895632892904435,0.000673535541955028,0.196253082387655,0.218429459914682,0.36725449408524
"ETH",2023-11-30,2023-12-01,-0.0442032442304501,-0.0660468533328555,-0.062068606646047,-0.0901399971769401,0.000663698367400579,0.186924249641261,0.21152790482715,0.503792592795724
"ETH",2023-12-01,2023-12-02,-0.0687108609992332,-0.0920821762724754,-0.0908028170990718,-0.112210648352835,0.00106017781715197,0.146377937377153,0.240774967949269,0.82052302423457
"ETH",2023-12-02,2023-12-03,-0.0773773100470153,-0.0999135796730246,-0.0999034701491925,-0.120828812072753,0.00129193565178649,0.310870735548378,0.323570364128005,0.435913522605649
"ETH",2023-12-03,2023-12-04,-0.0708722204354063,-0.092925462788117,-0.092529308561088,-0.113972859730759,0.00111008579625427,0.192326370232155,0.263902537936023,0.520233215582803
"ETH",2023-12-04,2023-12-05,-0.0708669083983998,-0.0931009688613835,-0.0929551089690871,-0.113327734501798,0.00110853908091861,0.185163167782627,0.260297029419474,0.586578816810984
"ETH",2023-12-05,2023-12-06,-0.0717289982206191,-0.0944876670359237,-0.0938156503026851,-0.115431475557386,0.00113383499713841,0.203644440970489,0.269599347529984,0.623133368693455
"ETH",2023-12-06,2023-12-07,-0.0730259245177041,-0.0962705367878579,-0.0955447889772646,-0.115960499469023,0.00117255625686213,0.232863274958251,0.284306282804921,0.790176495787714
"ETH",2023-12-07,2023-12-08,-0.0890684810328278,-0.112377560793271,-0.11202629500621,-0.132107243691733,0.00172378313161157,0.593524541621767,0.46584062833078,0.414539146558207
"ETH",2023-12-08,2023-12-09,-0.0734657393025754,-0.0964848471816303,-0.0951209164218368,-0.116429124340876,0.00120186238493976,0.266692503174411,0.301333802451479,0.377158719287057
"ETH",2023-12-09,2023-12-10,-0.0699932208575008,-0.0918594762082939,-0.0916454739820882,-0.111742290852956,0.00109487348172199,0.167073344062503,0.251191742511095,0.337057512887079
"ETH",2023-12-10,2023-12-11,-0.0682531471544675,-0.0900999886336105,-0.0899023048072641,-0.109839693624584,0.00104720017565954,0.129576439156159,0.232318143595442,0.791459461575042
"ETH",2023-12-11,2023-12-12,-0.0890611445551044,-0.11167660591092,-0.112016742954017,-0.132468887576921,0.00171359778595427,0.560947080494587,0.449443170019477,0.438549327736139
"ETH",2023-12-12,2023-12-13,-0.0743269738528336,-0.0956876839575656,-0.0955473254919636,-0.116832376612852,0.00122090643352372,0.269938501934562,0.302967635399366,0.528202007094986
"ETH",2023-12-13,2023-12-14,-0.0747571465575585,-0.0978592667334212,-0.0968425986439012,-0.118001871265804,0.00124129837224354,0.263354807571761,0.299653815042804,0.529913789350051
"ETH",2023-12-14,2023-12-15,-0.0743207221027529,-0.0967882106769601,-0.0964049572625321,-0.116558090459086,0.00122469165327858,0.249299122264056,0.292579061335935,0.654673167924243
"ETH",2023-12-15,2023-12-16,-0.082557352542011,-0.105665691925396,-0.105077582977607,-0.126045309884788,0.0014918652594885,0.429242159270781,0.383151142328007,0.402026381290982
"ETH",2023-12-16,2023-12-17,-0.0721549698044933,-0.0943025387828023,-0.093805949535137,-0.11318470066894,0.00117042627590785,0.2135221044419,0.274571146110396,0.397234043084376
"ETH",2023-12-17,2023-12-18,-0.0704158658732118,-0.091858006868311,-0.0916312278802715,-0.11264238219558,0.0011147761552989,0.160703278066067,0.247985449325477,0.355231577508475
"ETH",2023-12-18,2023-12-19,-0.0691093425090968,-0.0905165192350018,-0.0903218198920603,-0.111042100213521,0.00107760354305879,0.134157746380959,0.234624087386969,0.471514977026554
"ETH",2023-12-19,2023-12-20,-0.0699699520520352,-0.0926213247995114,-0.0916133577220729,-0.113157891513861,0.0011044031121176,0.155171751073767,0.245201224277983,0.35623309272716
"ETH",2023-12-20,2023-12-21,-0.068664049302868,-0.0910336431141136,-0.0903046151250594,-0.110693108764859,0.00106705903455428,0.133844395070655,0.234466365917287,0.511307541614245
"ETH",2023-12-21,2023-12-22,-0.0529464629129844,-0.0686926195488111,-0.0667492452777492,-0.0854862157960202,0.000797627951340377,0.477144696013548,0.538624157668342,0.78625392054635
"ETH",2023-12-22,2023-12-23,-0.0628710896791906,-0.0797334264811473,-0.0784004282369115,-0.0946496417185947,0.00102203870440424,0.171298641813584,0.44575218783246,0.375856193839976
"ETH",2023-12-23,2023-12-24,-0.0494936685122525,-0.066027193965413,-0.0632956560615699,-0.0832747064006004,0.000750917799078485,0.671366635627712,0.597600802518303,0.484445661175751
"ETH",2023-12-24,2023-12-25,-0.0529406831262527,-0.0684736286972383,-0.0667414659972293,-0.0851503232827544,0.000796085358025425,0.477134709479203,0.538621125197909,0.307212148111192
"ETH",2023-12-25,2023-12-26,-0.0481916888597841,-0.0654905602365526,-0.062421731715714,-0.0816580759528471,0.00072184707524102,0.772722955199373,0.628378250599359,0.535948837260096
"ETH",2023-12-26,2023-12-27,-0.0529318572843665,-0.0692348179029244,-0.0671607659413342,-0.0841081994246273,0.000786860352785432,0.473801497110865,0.537608975476577,0.869668674632558
"ETH",2023-12-27,2023-12-28,-0.0792651693389276,-0.0985137580326532,-0.0982460453308496,-0.116629740106101,0.00149618299592656,0.145072765546016,0.437788544829079,0.46062338675222
"ETH",2023-12-28,2023-12-29,-0.0507893229368204,-0.0681897028162824,-0.0650232705631117,-0.0846725006356804,0.000803029055444057,0.602660984271363,0.576737923652618,0.4992081478391
"ETH",2023-12-29,2023-12-30,-0.0555317317684533,-0.071232053739789,-0.0697649288115434,-0.0873700824507228,0.000872527576177974,0.367618737561196,0.505365950246832,0.373222709697163
"ETH",2023-12-30,2023-12-31,-0.0490570330359376,-0.06552397054736,-0.0632882288511634,-0.0825023701397787,0.000764667316617643,0.755340999348301,0.623100116527262,0.353986489676148
"ETH",2023-12-31,2024-01-01,-0.0486210373318719,-0.0667063132611836,-0.0632815250231351,-0.0824569134198296,0.000754276065410024,0.77602415393103,0.629380679189883,0.618330339615541
"ETH",2024-01-01,2024-01-02,-0.0576753599182094,-0.0737517894169746,-0.0723356227439553,-0.0893124496472733,0.000901874240543826,0.321372078180849,0.491322877609466,0.349865029597708
"ETH",2024-01-02,2024-01-03,-0.0490467170031695,-0.0653037071002665,-0.0628427110106745,-0.0830832172399289,0.000744593571636286,0.73062011112069,0.615593472075704,0.81383696138351
"ETH",2024-01-03,2024-01-04,-0.0788278141891356,-0.0999725777567833,-0.0982383116135191,-0.118828448438989,0.00150058811922932,0.242824557591809,0.467471456730714,0.532275617767644
"ETH",2024-01-04,2024-01-05,-0.0581223620732861,-0.0752720055169313,-0.0727877714104852,-0.0912687230118143,0.000956235381162926,0.250335436917719,0.469752179822014,0.412774341335595
"ETH",2024-01-05,2024-01-06,-0.0494906053712804,-0.0673471044886447,-0.0637227087752765,-0.0854729639577001,0.000807829749898908,0.722344664537506,0.613080583598322,0.416978640715756
"ETH",2024-01-06,2024-01-07,-0.0507801528944102,-0.0687230729847301,-0.0654418690504734,-0.084657038852443,0.000815729900033798,0.64647600728064,0.590042615471907,0.3819787664148
"ETH",2024-01-07,2024-01-08,-0.0499130890176041,-0.0671816752270604,-0.0641417989353391,-0.084660581948963,0.000791139941915158,0.705444071125487,0.607948618088173,0.730811004123032
"ETH",2024-01-08,2024-01-09,-0.0693282684135694,-0.0869397479794233,-0.0861477201965242,-0.104487540198462,0.00122081291035076,0.208454724021544,0.457034852750481,0.408455251805333
"ETH",2024-01-09,2024-01-10,-0.0494849438203774,-0.0669405509725901,-0.0637148362044942,-0.0851737194537597,0.000804418479593693,0.741129502313101,0.618784711094198,0.6405073073151
"ETH",2024-01-10,2024-01-11,-0.102671594051896,-0.133615866379698,-0.132331268512003,-0.160107503580107,0.00252678258209129,0.99999999999995,0.797673142815449,0.517990128525597
"ETH",2024-01-11,2024-01-12,-0.055812505385882,-0.0756669408872448,-0.0734341447837502,-0.0955295904493535,0.000727180569285994,0.602994581554037,0.644558306601281,0.48937166017772
"ETH",2024-01-12,2024-01-13,-0.0669929419225078,-0.0890848786585696,-0.0871955068530701,-0.110784515375464,0.00105665184418207,0.944396556385736,0.776228316708891,0.486234102553228
"ETH",2024-01-13,2024-01-14,-0.0605424692122104,-0.082491241217698,-0.0794543756301695,-0.102072797794862,0.000868049612341558,0.835564401581969,0.734254538056588,0.512138883204427
"ETH",2024-01-14,2024-01-15,-0.0674260284946551,-0.091102674099002,-0.0880596664474718,-0.112131762646729,0.00108261319490108,0.974328852701597,0.787772437859322,0.459826160980402
"ETH",2024-01-15,2024-01-16,-0.0571041153757082,-0.0778726988611335,-0.0751564612284558,-0.0971262370684037,0.000763303023306201,0.704879963419395,0.683852892599627,0.511133228843791
"ETH",2024-01-16,2024-01-17,-0.0631212425763297,-0.0855818125649992,-0.0824629175517994,-0.106451079270923,0.000940681298263923,0.892242277465565,0.75611374521012,0.498516529139918
"ETH",2024-01-17,2024-01-18,-0.0618304693849059,-0.0823941142169873,-0.080741814466695,-0.102560955303618,0.000890662953604755,0.870990685975887,0.747917549896287,0.48713010497739
"ETH",2024-01-18,2024-01-19,-0.0605387593038954,-0.0815381777020894,-0.0790194059921719,-0.102313799210827,0.000854612449938308,0.832290890886943,0.732992028703752,0.400657227104498
"ETH",2024-01-19,2024-01-20,-0.055375980937087,-0.0760075502441481,-0.073424547469925,-0.0942402971436798,0.000705414049846338,0.598621687682315,0.642871793274658,0.369956822412734
"ETH",2024-01-20,2024-01-21,-0.0540816897125402,-0.073945282797733,-0.0716983355500362,-0.0931175473900028,0.000659912962547767,0.484751113265867,0.598954825038712,0.337041139672147
"ETH",2024-01-21,2024-01-22,-0.0532171478562675,-0.0722063468130341,-0.0704018976814789,-0.092316120877812,0.000627310744638865,0.411697497560301,0.570779913856399,0.811504138018283
"ETH",2024-01-22,2024-01-23,-0.0773030082677791,-0.103067301734506,-0.100512249130046,-0.126777687115403,0.00140826015809323,0.999976224186836,0.797663973092414,0.558888775629561
"ETH",2024-01-23,2024-01-24,-0.0648402659859637,-0.0859539593185897,-0.084181852608999,-0.107564324681995,0.000983079950954867,0.966186861126414,0.78463227994568,0.398414710659113
"ETH",2024-01-24,2024-01-25,-0.0549489068017583,-0.0753329417749176,-0.0725688614493358,-0.0944499814971294,0.000692794285819632,0.599097730341663,0.643055390753258,0.372610703665381
"ETH",2024-01-25,2024-01-26,-0.0536544841845293,-0.0740681044639919,-0.071272201124555,-0.0931660187972848,0.000650678868745123,0.470528141096642,0.593469388435115,0.492155432907238
"ETH",2024-01-26,2024-01-27,-0.0592373538608105,-0.0799141686747816,-0.0777131773492003,-0.099900164230791,0.000801705294895971,0.739462352462813,0.697190435585829,0.328743093648488
"ETH",2024-01-27,2024-01-28,-0.0536461413183872,-0.0729203424184485,-0.0708306264733294,-0.0929809293673369,0.000638522227673937,0.46897245843118,0.592869401418676,0.308120627946703
"ETH",2024-01-28,2024-01-29,-0.0527817581312002,-0.0717464996501769,-0.069964012397736,-0.0916838040339897,0.000608171868911158,0.38301971787111,0.559719627683769,0.62745902064394
"ETH",2024-01-29,2024-01-30,-0.0618005574068581,-0.0837631578483484,-0.0807003066557477,-0.104412933747693,0.000887149878067056,0.890929242934664,0.755607341373291,0.431510900556858
"ETH",2024-01-30,2024-01-31,-0.0556660056611316,-0.0749118024569918,-0.0727989546144163,-0.0922697193132454,0.000696677460451417,0.718297052432821,0.68177498948882,0.655537011022471
"ETH",2024-01-31,2024-02-01,-0.060805563215321,-0.0810648110705911,-0.0787950363917369,-0.099867333852952,0.000850985556879985,0.964437167572988,0.762699180699187,0.340615961785674
"ETH",2024-02-01,2024-02-02,-0.0535188062205212,-0.0724363094628144,-0.0702211282538198,-0.0899541250224105,0.000633510166668569,0.57503222622183,0.634673401909664,0.272776690637284
"ETH",2024-02-02,2024-02-03,-0.051372267738455,-0.070239106542845,-0.0680723172507025,-0.0871488937371167,0.000571189855432716,0.381305163047249,0.570981200034992,0.264941074981405
"ETH",2024-02-03,2024-02-04,-0.0509391060194512,-0.0700189127506891,-0.0676369718308071,-0.0870475682725284,0.000557823980020001,0.336158273197475,0.556138127646422,0.232838349396028
"ETH",2024-02-04,2024-02-05,-0.050505968012925,-0.0693780713359536,-0.0672016107792161,-0.0862154935797642,0.000543195357822961,0.298512230376686,0.5437611302366,0.223544464286808
"ETH",2024-02-05,2024-02-06,-0.0505009559790914,-0.0691840760108182,-0.0671943648103024,-0.0860234749936348,0.00053933996357296,0.290451760530534,0.541111066460104,0.89169868375523
"ETH",2024-02-06,2024-02-07,-0.0629154837442556,-0.0834298183024972,-0.0813215834008224,-0.103086807173031,0.000906526596307707,0.998224043819727,0.773807388852235,0.59650689867108
"ETH",2024-02-07,2024-02-08,-0.0590597717102033,-0.0781511433718445,-0.0761805071782469,-0.09771230870891,0.000792590905150555,0.947474615984231,0.757122353990535,0.283074790112048
"ETH",2024-02-08,2024-02-09,-0.0526342022713944,-0.0703547756287129,-0.0688967262821967,-0.0887636226416524,0.000592244133938097,0.480131206767328,0.603472521711727,0.715685676008779
"ETH",2024-02-09,2024-02-10,-0.0611925240636676,-0.0812398441617154,-0.0791665561952314,-0.100254363099036,0.000856727109200217,0.990792602111183,0.771364132459637,0.308345084070786
"ETH",2024-02-10,2024-02-11,-0.0526282167039849,-0.071943866058978,-0.0693161782283287,-0.089245139120665,0.000602498697831389,0.512722221052526,0.614187562899764,0.251470828707849
"ETH",2024-02-11,2024-02-12,-0.0509115808957678,-0.0689502967278498,-0.0671694776045295,-0.0871846971742933,0.000543186189348488,0.319861020584799,0.550780033189203,0.917403459230045
"ETH",2024-02-12,2024-02-13,-0.0740381085294377,-0.0972025088756045,-0.0954382184907015,-0.120070915072489,0.0012525299193106,0.999999998940243,0.774391274707947,0.415749281833669
"ETH",2024-02-13,2024-02-14,-0.0530610142308049,-0.0717869966341446,-0.0697510200548455,-0.0891691672552649,0.000615718801307194,0.527428481336056,0.619022582248382,0.701861538716347
"ETH",2024-02-14,2024-02-15,-0.0706225241529349,-0.0942397877085271,-0.0915977042394913,-0.11484757571991,0.00115282587748237,0.999997757866215,0.774390537903614,0.464358338416963
"ETH",2024-02-15,2024-02-16,-0.0564921731126239,-0.0764080831363199,-0.0736131102447571,-0.0945447015464947,0.000725522757143725,0.787217000466628,0.704433998361552,0.393332894473148
"ETH",2024-02-16,2024-02-17,-0.0530632297881521,-0.0725053348448406,-0.0697541597484123,-0.0902266994114844,0.000622772864887088,0.531146131814062,0.620244844852607,0.35688399176268
"ETH",2024-02-17,2024-02-18,-0.051774493466321,-0.0703491579102983,-0.0684633468887842,-0.0874585477952322,0.000578864297522336,0.398489136318675,0.576630824184955,0.624534272492225
"ETH",2024-02-18,2024-02-19,-0.0624732043213721,-0.0827941898362966,-0.0808740060080046,-0.101882804768581,0.000895714207149977,0.99112974638273,0.771474976348211,0.542936523654755
"ETH",2024-02-19,2024-02-20,-0.0594254935208574,-0.0799642841318773,-0.0773781509586721,-0.0986882410388033,0.00082616734333234,0.993964252189708,0.812765848688495,0.512371271537542
"ETH",2024-02-20,2024-02-21,-0.0589949273741569,-0.078770425613369,-0.0765189499007351,-0.0982960858630175,0.000809226403581148,0.985899909127784,0.809952034140359,0.446815055155021
"ETH",2024-02-21,2024-02-22,-0.0577090012544705,-0.0764861335413517,-0.0748041997672492,-0.0960141766986626,0.000763618782724136,0.925991694950242,0.789048830579793,0.315119218011132
"ETH",2024-02-22,2024-02-23,-0.0525751199624257,-0.071922488426776,-0.0692406947524906,-0.0905303197640409,0.000605678519141645,0.512091903175076,0.64463071163017,0.455288339389002
"ETH",2024-02-23,2024-02-24,-0.0572721160191865,-0.0769216545401314,-0.0747909291211514,-0.0949703063593753,0.000753236434657599,0.893637470951559,0.777759778826652,0.581435388153974
"ETH",2024-02-24,2024-02-25,-0.0589783993787581,-0.0796762980586724,-0.0769233796395462,-0.0979312806719573,0.000814008659268276,0.994578960006512,0.812980332842318,0.779229040499116
"ETH",2024-02-25,2024-02-26,-0.0636834181093618,-0.0856016152184325,-0.082912135692726,-0.105383075660023,0.000949289301978924,0.999999596759154,0.814871704084541,0.51081816086296
"ETH",2024-02-26,2024-02-27,-0.0585522428853152,-0.0784891980892145,-0.0760703870878002,-0.0976261672551716,0.00079772268024601,0.976550139124126,0.806689707791392,0.509526984423381
"ETH",2024-02-27,2024-02-28,-0.0589762281792928,-0.078206644700143,-0.0764931189199229,-0.0974816487288223,0.000804812870678143,0.984655403626709,0.809517800668733,0.707466193556918
"ETH",2024-02-28,2024-02-29,-0.0636809662681255,-0.0857483197845794,-0.0829087527725392,-0.10559984636594,0.000951069576782853,0.99999823339639,0.814871228379335,0.393590290929954
"ETH",2024-02-29,2024-03-01,-0.0542758576782463,-0.0733237116848167,-0.0713652100257738,-0.0909841885343667,0.00065705876666116,0.655061083599872,0.694515588392646,0.552970267522708
"ETH",2024-03-01,2024-03-02,-0.059828037228389,-0.0801486610067136,-0.0777711437829025,-0.0993081932617195,0.000835025618865125,0.994777645530984,0.813049658293253,0.349227908230941
"ETH",2024-03-02,2024-03-03,-0.0534147737291601,-0.0729956901539106,-0.070501325513001,-0.0904106429070245,0.000633754694331087,0.594790502193722,0.673485947480421,0.467285626864331
"ETH",2024-03-03,2024-03-04,-0.0576823872837722,-0.0776712534521874,-0.0751945239144074,-0.0961536854234479,0.000769603343717742,0.926729606431428,0.789306303016799,0.763590953160151
"ETH",2024-03-04,2024-03-05,-0.064522575693302,-0.0856815010563019,-0.0837455227879574,-0.106173470132337,0.000968029312384754,0.999999739991078,0.814871754061095,0.517169658722511
"ETH",2024-03-05,2024-03-06,-0.0589673048990883,-0.078416330887334,-0.076480792342152,-0.0978206028678841,0.000806315296058503,0.981838529661332,0.808534935619072,0.750809561694467
"ETH",2024-03-06,2024-03-07,-0.0773774395191002,-0.10301506491762,-0.100459172386079,-0.126222935041377,0.00140828543331645,0.999999999999987,0.814871844783531,0.475487078683115
"ETH",2024-03-07,2024-03-08,-0.0551457789896773,-0.0751337334319453,-0.0722414069490037,-0.0936894060079419,0.000696401617145741,0.726889666074559,0.719578052723256,0.421854804432996
"ETH",2024-03-08,2024-03-09,-0.0530037418360007,-0.0721364485331291,-0.0696698586397485,-0.0909965969722464,0.000623534708921323,0.530587775446752,0.651084300481596,0.387677036540235
"ETH",2024-03-09,2024-03-10,-0.051716731197805,-0.0706072411585687,-0.0683806925929519,-0.0889793909995375,0.000581860410855992,0.408469359122866,0.60847468258601,0.390118575377605
"ETH",2024-03-10,2024-03-11,-0.053412519009984,-0.0716327782305849,-0.0700709764802039,-0.0893714048799712,0.00062110278080911,0.501857149176478,0.636081439825251,0.721717901868012
"ETH",2024-03-11,2024-03-12,-0.0662400023821695,-0.0880836494444856,-0.0858933480299394,-0.10778720658536,0.00101809197526401,0.999999582850895,0.795896070592838,0.519876279456691
"ETH",2024-03-12,2024-03-13,-0.0602578876673513,-0.0802376521845929,-0.0782019952343707,-0.0984179658348131,0.0008407752295331,0.977052208856894,0.78853406757116,0.39857427044876
"ETH",2024-03-13,2024-03-14,-0.0546984408700997,-0.0735462969149755,-0.0713586991622051,-0.0919458681578584,0.000666059727475299,0.638523852456194,0.679927009378048,0.574064692185379
"ETH",2024-03-14,2024-03-15,-0.0606809404751387,-0.0801591036122573,-0.0781962674594203,-0.100160771943304,0.000849463438535626,0.995742827017348,0.79453041327112,0.632860546948959
"ETH",2024-03-15,2024-03-16,-0.0628232528979231,-0.0834761386766019,-0.0811953102678608,-0.103358918638876,0.000914869594235522,0.999861359896251,0.795851725744926,0.670327651822504
"ETH",2024-03-16,2024-03-17,-0.070113897652831,-0.0936364961351911,-0.0906320468709865,-0.115528663239736,0.001147494282065,0.999999987544344,0.795896200427058,0.526983852179052
"ETH",2024-03-17,2024-03-18,-0.0624208532360611,-0.0838731292818931,-0.0808021649082488,-0.103645040468762,0.000912618035213997,0.994300634153021,0.794067727291112,0.512078522195344
"ETH",2024-03-18,2024-03-19,-0.0611398665039871,-0.0804277783020288,-0.0786667547344777,-0.100940385743649,0.000863892742832686,0.987449355970714,0.791869692313616,0.489977260313288
"ETH",2024-03-19,2024-03-20,-0.0924888758582445,-0.121196973652852,-0.119040611731783,-0.146975675189105,0.00201709762579531,1,0.795896204423096,0.238367664087208
"ETH",2024-03-20,2024-03-21,-0.0938994932039256,-0.122636378239118,-0.120921546137812,-0.147989106178037,0.00209148318440597,0.999999999874876,0.795896204382953,0.541924747515007
"ETH",2024-03-21,2024-03-22,-0.0591513198776027,-0.0798803582142806,-0.0775927297727094,-0.0984094657332907,0.000824089061881019,0.612009714539332,0.671420713036159,0.440943882023266
"ETH",2024-03-22,2024-03-23,-0.0668864236221845,-0.0883125360556173,-0.0861911111258155,-0.110128287988285,0.00105996662266939,0.985502190630785,0.791245000480903,0.514742655723026
"ETH",2024-03-23,2024-03-24,-0.0561564018826259,-0.0753215461004691,-0.0733140563076168,-0.0933323722722827,0.000742452616963502,0.691429516570791,0.696900265628517,0.492289088443794
"ETH",2024-03-24,2024-03-25,-0.0591583069054031,-0.0794253572434513,-0.0767446416252938,-0.0987795745251328,0.000827031281470739,0.853352381723775,0.748848546196335,0.493020837413576
"ETH",2024-03-25,2024-03-26,-0.0630231950819773,-0.0838876170493266,-0.0814690508546132,-0.104057100800164,0.000938936520520963,0.974507789643847,0.787717764061235,0.459661228941257
"ETH",2024-03-26,2024-03-27,-0.0544381979634772,-0.074139693031671,-0.071594841620945,-0.0908784199425064,0.000690930655130911,0.624361205838575,0.675383332736828,0.485275685686332
"ETH",2024-03-27,2024-03-28,-0.0587268678685632,-0.0775892250596002,-0.0758833271093997,-0.0974061867146611,0.000798797677526964,0.848928716901196,0.747429340940028,0.457972693979039
"ETH",2024-03-28,2024-03-29,-0.0570074065653676,-0.0758668995599679,-0.0741623768777702,-0.0940815526003161,0.000748890586987322,0.779758662468712,0.725238124207573,0.424472722913482
"ETH",2024-03-29,2024-03-30,-0.0552878588832323,-0.0740907938142907,-0.0720123511268105,-0.0926851473188261,0.00069716955002502,0.671286037693467,0.690437811475779,0.363147659000572
"ETH",2024-03-30,2024-03-31,-0.0619380362007837,-0.0797007328384685,-0.0796922081004624,-0.0956403909255796,0.000849736543602443,0.55872226751512,0.670918749957838,0.634667791040989
"ETH",2024-03-31,2024-04-01,-0.0671401019564259,-0.0853904838954245,-0.0848974874609862,-0.100396222896994,0.00110617870369652,0.999999899680186,0.878570267959922,0.612739442543192
"ETH",2024-04-01,2024-04-02,-0.067430152229652,-0.0847869091765501,-0.0849186375360127,-0.100862403556176,0.00110921795678143,0.999999930218172,0.878570282330148,0.685575220962792
"ETH",2024-04-02,2024-04-03,-0.0686017705973094,-0.0870140917265291,-0.0866570716971912,-0.101791060567265,0.00115913902326723,1,0.878570315167304,0.454862605842129
"ETH",2024-04-03,2024-04-04,-0.0666750284319239,-0.0843958971930911,-0.0844536815095889,-0.10033287762776,0.00105451829379225,0.853750279362447,0.809749748965551,0.40091639341904
"ETH",2024-04-04,2024-04-05,-0.0611926829216907,-0.0798632255894985,-0.0792413903371346,-0.0955393072003276,0.000820498623489691,0.481706914771884,0.634677722221773,0.366870858463129
"ETH",2024-04-05,2024-04-06,-0.0570796788347663,-0.0757911523961735,-0.0751249780136513,-0.091743151175877,0.000676763804501932,0.253995143934932,0.5275236508739,0.393542642808735
"ETH",2024-04-06,2024-04-07,-0.0633580991600295,-0.0809950501893539,-0.0808538397862193,-0.0973605708729856,0.000916530602855123,0.696388795881202,0.735700333046555,0.503923835790082
"ETH",2024-04-07,2024-04-08,-0.0663606370982116,-0.0843669857707771,-0.0838552031028077,-0.0999288960354896,0.00107674841054632,0.998096864825678,0.877674758993355,0.795482035519379
"ETH",2024-04-08,2024-04-09,-0.068076497678734,-0.0860187105506623,-0.0858638380765343,-0.101489530955671,0.00113632223716814,1,0.878570315167304,0.586921168442837
"ETH",2024-04-09,2024-04-10,-0.0689478729857122,-0.0865405816968866,-0.0867479906691273,-0.10242983005084,0.00116469352767384,0.999999999999952,0.878570315167282,0.456447788144694
"ETH",2024-04-10,2024-04-11,-0.0672934873764458,-0.0854338759911529,-0.0850906734889953,-0.101418906116883,0.00108898287740911,0.902442627634226,0.832662852410457,0.42298248910459
"ETH",2024-04-11,2024-04-12,-0.0656408035570021,-0.0842761846182105,-0.0834353666364697,-0.100290037823734,0.00101765814619166,0.809305808406455,0.788835564361336,0.637143586191816
"ETH",2024-04-12,2024-04-13,-0.0701355532619907,-0.0876745465042376,-0.0879586987658451,-0.104254712739856,0.00120772508181911,1,0.878570315167304,0.501310064864693
"ETH",2024-04-13,2024-04-14,-0.0713052053012881,-0.0888403367374824,-0.0894207293900683,-0.104809310376974,0.00125189389302594,1,0.878570315167304,0.490660220366755
"ETH",2024-04-14,2024-04-15,-0.0713214593205022,-0.089296528834737,-0.0894410392326024,-0.105438870043247,0.00125624002200424,0.999999996367013,0.878570313457733,0.475824955472866
"ETH",2024-04-15,2024-04-16,-0.0707659208830465,-0.0886681032175915,-0.088883876501631,-0.10458347927239,0.00123147786071473,0.988264989915447,0.873048184698394,0.438621933397186
"ETH",2024-04-16,2024-04-17,-0.065812619203589,-0.0842922090947845,-0.0842017897071085,-0.100128759778873,0.000983736538618607,0.630269054451512,0.704586440845818,0.515964287311379
"ETH",2024-04-17,2024-04-18,-0.0702145994286824,-0.0882427577719808,-0.0883319742228874,-0.103763328542065,0.0012143950245344,0.999997594327487,0.878569183132701,0.495270322430196
"ETH",2024-04-18,2024-04-19,-0.0699388176380589,-0.0880565274305207,-0.0880558678720059,-0.103445219622048,0.00120477897666098,0.999933126445382,0.878538846554081,0.389495143745552
"ETH",2024-04-19,2024-04-20,-0.0660196910875818,-0.0839994891863011,-0.0841162783925829,-0.100237339339853,0.000973863421613184,0.58863566969679,0.687817571461908,0.546744467810431
"ETH",2024-04-20,2024-04-21,-0.0704106180777794,-0.0883453524889981,-0.0882339779889853,-0.104165810137516,0.00121092624791598,0.999988998012931,0.866832145849686,0.362910206606123
"ETH",2024-04-21,2024-04-22,-0.0646397486225468,-0.0834586285106803,-0.0827338691243574,-0.0993470212875867,0.000932714645540435,0.562950800152467,0.676639915483034,0.434508188727794
"ETH",2024-04-22,2024-04-23,-0.0690176892252175,-0.0862599962790567,-0.0865613789806402,-0.102468971604381,0.00114770802757012,0.968446736154995,0.853105443783508,0.317577289658341
"ETH",2024-04-23,2024-04-24,-0.0637968143714771,-0.0814052738992919,-0.0813371109256941,-0.0983863908218807,0.00089979783627786,0.565262114476999,0.677645763549893,0.576644491792447
"ETH",2024-04-24,2024-04-25,-0.0681837321208969,-0.0860860886963816,-0.0857244941232219,-0.101678084376356,0.00113008965839718,0.999639773529482,0.866680168782851,0.336935550519278
"ETH",2024-04-25,2024-04-26,-0.0648827327556517,-0.0829932023550221,-0.0824202864128513,-0.0988425166926833,0.000970982364577333,0.745935433166923,0.756271983449218,0.319437113578323
"ETH",2024-04-26,2024-04-27,-0.0632281895726803,-0.0807166974764057,-0.080488937449785,-0.0973637470108105,0.000896784843602269,0.640940709073397,0.710579911566625,0.78921262659644
"ETH",2024-04-27,2024-04-28,-0.0670757514424464,-0.0849902346537651,-0.0846135165894145,-0.0997766789653227,0.00109185145689663,0.999999904251447,0.866836892075161,0.328571006601199
"ETH",2024-04-28,2024-04-29,-0.0621310853342634,-0.0794616984858021,-0.0793915110709282,-0.0957849406875364,0.000854049894366823,0.584972267912877,0.686223315949638,0.374031995779479
"ETH",2024-04-29,2024-04-30,-0.0640403039139371,-0.0814286990366528,-0.0812984562349323,-0.0968100273222749,0.000951352849076316,0.805162491310785,0.78204667852526,0.881978827035262
"ETH",2024-04-30,2024-05-01,-0.0676750612312957,-0.0857775552036561,-0.0852258693054703,-0.101053674623388,0.0011137805062814,1,0.866836933743443,0.452234816589583
"ETH",2024-05-01,2024-05-02,-0.0665696119765659,-0.084672018451828,-0.0841182159295041,-0.0996717047508207,0.00106470609592482,0.944508433112705,0.842687866397608,0.370551748658516
"ETH",2024-05-02,2024-05-03,-0.0627189514167681,-0.0801510847635827,-0.0799901467967924,-0.0964408832722642,0.000879467227897654,0.629578968456119,0.705635458657414,0.632678868761606
"ETH",2024-05-03,2024-05-04,-0.0668433408995504,-0.0841190565997246,-0.0841176292643431,-0.0996842458775697,0.00107891316147616,0.999999924842598,0.86683690103611,0.366938177802777
"ETH",2024-05-04,2024-05-05,-0.0616216793965763,-0.0797125829882385,-0.0788926858626487,-0.0958736081679588,0.000845152206466725,0.586981966147776,0.687097905382623,0.338800805636481
"ETH",2024-05-05,2024-05-06,-0.059417451489869,-0.0773295708722974,-0.0766853053311378,-0.0932084605661792,0.000762156807819665,0.454331296447136,0.629370395857129,0.510714893355103
"ETH",2024-05-06,2024-05-07,-0.0651715545030188,-0.0825220327878544,-0.0821648428794881,-0.0980704472386609,0.0010232965533383,0.996287656634572,0.865221379615648,0.445763558522222
"ETH",2024-05-07,2024-05-08,-0.0646172622002466,-0.0819142800726562,-0.0816089724227909,-0.0970909197381432,0.00100285698312816,0.984947876664777,0.860286483638864,0.407310895776025
"ETH",2024-05-08,2024-05-09,-0.06378745260046,-0.0813576379861923,-0.0807771709723974,-0.0962244851002937,0.000973177444831304,0.956368137853564,0.847849025553024,0.524520947077803
"ETH",2024-05-09,2024-05-10,-0.0626781524791616,-0.0806450050124615,-0.0796643687781536,-0.0958447111635448,0.000950920484539944,0.996911346549316,0.865127340572493,0.78529862838043
"ETH",2024-05-10,2024-05-11,-0.0632467167957213,-0.0806995957251255,-0.0802383622031155,-0.096136690207914,0.000965437641138221,0.999999992885191,0.866297100905445,0.343532652932131
"ETH",2024-05-11,2024-05-12,-0.0588500875738768,-0.0763827506884888,-0.0758384314539997,-0.0917138430993446,0.000777439775156411,0.575722077103304,0.705610695905108,0.312529699988441
"ETH",2024-05-12,2024-05-13,-0.0571950549411923,-0.0748796455989379,-0.0739062506023008,-0.0909261556172794,0.000721847628623885,0.470687714263763,0.665831123275022,0.290101690895757
"ETH",2024-05-13,2024-05-14,-0.0560884098840053,-0.0734080011021939,-0.0727964524861927,-0.0888819579057892,0.00068468473646906,0.408747651126256,0.642372617185404,0.586046587685906
"ETH",2024-05-14,2024-05-15,-0.061290981426831,-0.0781903946004938,-0.077724708682722,-0.0940962773092522,0.000901205403003721,0.996195177839499,0.864856106621647,0.854946012178033
"ETH",2024-05-15,2024-05-16,-0.0621405591333252,-0.0796934609556683,-0.0788555311824257,-0.0954073732444006,0.000931894848750114,0.999999999987141,0.86629710359516,0.579611710183134
"ETH",2024-05-16,2024-05-17,-0.0621448869766604,-0.0793423288322164,-0.078860999407806,-0.0949074680587291,0.000929530301675858,0.999968615476632,0.866285217366868,0.698142000382416
"ETH",2024-05-17,2024-05-18,-0.0629950689411903,-0.0805321328758715,-0.0799926396297209,-0.0957727601762168,0.00095810591234146,0.999999999987771,0.866297103595399,0.417005217220359
"ETH",2024-05-18,2024-05-19,-0.0610650118914922,-0.0780567108241019,-0.0777854850678217,-0.0940241455888675,0.000869640620012773,0.820213320870467,0.798206651418387,0.428338630241191
"ETH",2024-05-19,2024-05-20,-0.06188116066648,-0.0788203676008993,-0.078600001112854,-0.0942810433770398,0.000915052894646711,0.968472542627929,0.854356737166903,0.545841073857561
"ETH",2024-05-20,2024-05-21,-0.0769856702051482,-0.095625125425069,-0.0960861429649377,-0.110489826075808,0.00148929287232311,1,0.86629710360003,0.511442248293383
"ETH",2024-05-21,2024-05-22,-0.0766533401321564,-0.0956917952668731,-0.0957553275400827,-0.110604492073788,0.00147811565408883,0.999999508046445,0.866296917282889,0.55159949431482
"ETH",2024-05-22,2024-05-23,-0.0756191161619974,-0.0939510665298808,-0.0943781255851887,-0.110371840791463,0.00141432311422579,0.94704819385819,0.846242712243077,0.534758171720437
"ETH",2024-05-23,2024-05-24,-0.0715099826189321,-0.0909014206577042,-0.0906071135937249,-0.107258264992402,0.00119624658459781,0.638776551177619,0.729491261876864,0.503915252033653
"ETH",2024-05-24,2024-05-25,-0.0711557237988278,-0.0897692029328275,-0.0902504438371945,-0.105444473647625,0.00117970789430385,0.655453844966004,0.735807438807854,0.473121540243169
"ETH",2024-05-25,2024-05-26,-0.0677301079616481,-0.0861449195340113,-0.0868218455243899,-0.102424149381656,0.001015415962098,0.416288428506757,0.645228529225859,0.465553458371029
"ETH",2024-05-26,2024-05-27,-0.0731751363373292,-0.091158079542952,-0.0915833460521564,-0.107718392579351,0.00131652636709552,0.981764440379552,0.85939076600954,0.44341862333852
"ETH",2024-05-27,2024-05-28,-0.0724810010575969,-0.0903065010164493,-0.0908870698874293,-0.106539937683815,0.00128537585961314,0.971295699571652,0.855425948933918,0.408286245504015
"ETH",2024-05-28,2024-05-29,-0.0704232875895988,-0.0889331752938718,-0.0888271301860665,-0.105427318193579,0.00118742446993216,0.840343000158852,0.805830347298715,0.440602238354203
"ETH",2024-05-29,2024-05-30,-0.0691826049306123,-0.088564179516109,-0.088290836291069,-0.105327360954947,0.00113898064433725,0.657067796549807,0.699187861608646,0.353808511421708
"ETH",2024-05-30,2024-05-31,-0.0671200593273999,-0.0857576721217046,-0.0862254034945667,-0.102462469891687,0.00104131874884636,0.48394251212858,0.648026137447892,0.313397973679516
"ETH",2024-05-31,2024-06-01,-0.0653980543280711,-0.0849888624703897,-0.0845002812521171,-0.10176838401509,0.000981074353949485,0.397450269552539,0.622466079761841,0.393461824646759
"ETH",2024-06-01,2024-06-02,-0.0664089453509779,-0.0856459654876569,-0.0855087982256565,-0.101503372296582,0.00102243577289386,0.551140681312202,0.667884439528801,0.315389542098997
"ETH",2024-06-02,2024-06-03,-0.065030810234693,-0.0840832901117953,-0.083786961164334,-0.101127734479113,0.000965231671400568,0.463363153522877,0.64194455628596,0.258796547861591
"ETH",2024-06-03,2024-06-04,-0.063651568877111,-0.0824050961786167,-0.0824047997684037,-0.0991092706868605,0.000909422311203959,0.376896315522159,0.616392006121872,0.343823999727472
"ETH",2024-06-04,2024-06-05,-0.0639788297227128,-0.0831397876296753,-0.0827294292549019,-0.0992799257690918,0.000929906684690534,0.479684432864423,0.646767796255871,0.388010473323541
"ETH",2024-06-05,2024-06-06,-0.0643067057586735,-0.0831133930987674,-0.082713935304242,-0.0999898287617423,0.000944094213447687,0.564852857412978,0.671936641225722,0.399778000004532
"ETH",2024-06-06,2024-06-07,-0.0642957076068607,-0.082460583700485,-0.0827008714126103,-0.0986891908319353,0.000941650334463498,0.605691905573254,0.684005335431475,0.843564041937936
"ETH",2024-06-07,2024-06-08,-0.0673758788575936,-0.0857830608143891,-0.0857833454400307,-0.10133619074243,0.00108888932251079,0.997909584493519,0.799912915118486,0.290001875249067
"ETH",2024-06-08,2024-06-09,-0.0629290526001138,-0.0817828622726315,-0.081333586017358,-0.0978438708691025,0.000897203001862002,0.535661533766472,0.663310065083002,0.274727703310986
"ETH",2024-06-09,2024-06-10,-0.0615511061828149,-0.0795592389467036,-0.0796120373571667,-0.0965178183184621,0.000838201266905211,0.4232190642448,0.630081235285819,0.327877952049629
"ETH",2024-06-10,2024-06-11,-0.0615390042602173,-0.0800999458618866,-0.0795976406156149,-0.096642379701168,0.000847367023343036,0.494377021190148,0.651109727901738,0.906148350060727
"ETH",2024-06-11,2024-06-12,-0.0663425162468908,-0.0842046533243762,-0.0844071670020096,-0.100271131847816,0.00104895911621776,0.999997791997904,0.800530019065417,0.470441357901266
"ETH",2024-06-12,2024-06-13,-0.0649689088116629,-0.082995992349612,-0.0830316853317329,-0.0989600909717235,0.000990674814166846,0.878555799641603,0.764641663790006,0.557860667194423
"ETH",2024-06-13,2024-06-14,-0.0653094089704981,-0.0840619488392136,-0.0833721294902177,-0.0998640379263881,0.00101852973388085,0.979916960318716,0.794595761832432,0.307448414973356
"ETH",2024-06-14,2024-06-15,-0.0612047820213642,-0.0797768582769073,-0.0792646566449708,-0.0956974486067197,0.00084274922556814,0.531119498548299,0.661967809653718,0.567581432455793
"ETH",2024-06-15,2024-06-16,-0.0646078691370947,-0.0824671820644114,-0.0823261917812217,-0.0988854863182295,0.000986912540520643,0.970552008497377,0.791828245328625,0.406840728707973
"ETH",2024-06-16,2024-06-17,-0.0628922791032198,-0.0810595801461746,-0.0806084180840633,-0.0973533722764298,0.000917559416570672,0.812023757429751,0.74498021455182,0.679114470302386
"ETH",2024-06-17,2024-06-18,-0.0642609800592333,-0.0822585207909939,-0.0819781899749963,-0.0982691707720585,0.00097991856767612,0.998321432191245,0.800034623731863,0.348836788529214
"ETH",2024-06-18,2024-06-19,-0.0570719355959061,-0.0742622806625041,-0.0737607441826973,-0.090450523331994,0.000734386736160928,0.677415311018874,0.684057208796431,0.54347015243961
"ETH",2024-06-19,2024-06-20,-0.0594499126100931,-0.0767772686822309,-0.0761376214293802,-0.0928901671184052,0.000828081292942112,0.933239977202175,0.781902167737934,0.380540512134813
"ETH",2024-06-20,2024-06-21,-0.0577362250162515,-0.0748528620639354,-0.0744219519062954,-0.0909653155543274,0.000757059833211137,0.746548905871658,0.710498653441969,0.253365102371066
"ETH",2024-06-21,2024-06-22,-0.0539763071691153,-0.0721868389401918,-0.0709998129962091,-0.0873473208827115,0.000634562626025219,0.424935610173593,0.587491594810369,0.260299878178639
"ETH",2024-06-22,2024-06-23,-0.0532824938706999,-0.0705513890494495,-0.0699630607742019,-0.0868212742481031,0.000603808406569639,0.350372470355985,0.558973518493302,0.629412304082032
"ETH",2024-06-23,2024-06-24,-0.0594060303893113,-0.0768012692906757,-0.0760858773116393,-0.0928484586049479,0.000824849981229119,0.941713509291277,0.785143029581779,0.603045647274393
"ETH",2024-06-24,2024-06-25,-0.0597417477386729,-0.0768144158664611,-0.0764207578784741,-0.0927679475564488,0.00083618061858173,0.973125403732007,0.797157099873288,0.4060242655433
"ETH",2024-06-25,2024-06-26,-0.0583682907605012,-0.0752274425712093,-0.075045144333311,-0.0911705857615894,0.000776694126780003,0.817888939339479,0.737783992067382,0.278500985470739
"ETH",2024-06-26,2024-06-27,-0.0552923538768605,-0.0727219008423207,-0.0719668012349738,-0.0888817886756334,0.000667202264354073,0.531734769494323,0.628338943561473,0.6334190286464
"ETH",2024-06-27,2024-06-28,-0.0597097070543571,-0.0766294195695104,-0.0763829977277413,-0.0925036548873265,0.000832913858966848,0.972728939718064,0.797005464748557,0.595193635842336
"ETH",2024-06-28,2024-06-29,-0.0597046631063796,-0.0768680672277706,-0.0763770534028936,-0.0927812941328234,0.000835495049173259,0.98042016967512,0.799947120416813,0.24832229759667
"ETH",2024-06-29,2024-06-30,-0.0549271342883439,-0.0724376728429098,-0.0715968933068058,-0.088586954597955,0.00065488346818068,0.50542281308721,0.618275440566496,0.547701230714114
"ETH",2024-06-30,2024-07-01,-0.0593410610743827,-0.0761055182736727,-0.0760092681560105,-0.091917954767487,0.000815483438596672,0.933017185338277,0.781816956796,0.231457650099496
"ETH",2024-07-01,2024-07-02,-0.054564873540839,-0.0715529997373594,-0.0712304667881669,-0.0875679914826001,0.000637197780184686,0.465453492018412,0.602988421385577,0.236824136300202
"ETH",2024-07-02,2024-07-03,-0.0528516386818182,-0.070445033224786,-0.0695147936507359,-0.0866487369358427,0.000586816299604928,0.337519938987566,0.554057825949659,0.899681835786497
"ETH",2024-07-03,2024-07-04,-0.0596668322370536,-0.0773765122939368,-0.0763324694822124,-0.0933444681325932,0.000840664488279348,0.999998422503776,0.807435191730443,0.888617499140769
"ETH",2024-07-04,2024-07-05,-0.0597434090637264,-0.0776314528018171,-0.0764227157606411,-0.0937147424548594,0.000853348107209582,0.999999999999911,0.807435795073533,0.549246858236028
"ETH",2024-07-05,2024-07-06,-0.0597490058012559,-0.0772013990493011,-0.0764293115515,-0.0931938830513549,0.00084971374577587,0.988538630025182,0.803052178390585,0.50510140459982
"ETH",2024-07-06,2024-07-07,-0.0594069107213945,-0.0775116715472295,-0.0764273236211773,-0.0922284572018818,0.000841810969836936,0.96738524100002,0.794961666589985,0.614498672884624
"ETH",2024-07-07,2024-07-08,-0.0597738431772399,-0.0776633269781517,-0.076458582557441,-0.0937639881675873,0.000857142851074764,0.999769608971313,0.807347677688021,0.520419046233637
"ETH",2024-07-08,2024-07-09,-0.0614456827126964,-0.078548107502554,-0.0784654377311425,-0.0941968495555427,0.000895587435756813,0.978623557590683,0.800565064637626,0.425404044757246
"ETH",2024-07-09,2024-07-10,-0.0587109820962263,-0.0770457931667576,-0.0757286119188127,-0.0928873774545293,0.000799917726593697,0.767762519133999,0.712117384571697,0.393325280645607
"ETH",2024-07-10,2024-07-11,-0.0569968206481969,-0.0743588814044468,-0.0736718182314693,-0.0912604165346357,0.000730741485604187,0.61582810446267,0.64838704065321,0.328636312310709
"ETH",2024-07-11,2024-07-12,-0.0539201159121388,-0.0713841593945666,-0.0705924589174797,-0.088268484622786,0.000633679045200431,0.393540366617693,0.555146322199998,0.353145390710814
"ETH",2024-07-12,2024-07-13,-0.0542479512364355,-0.0715048642917363,-0.070917940616574,-0.0881971605121261,0.000641148080048281,0.422163288212516,0.567152480522562,0.425745424632063
"ETH",2024-07-13,2024-07-14,-0.0566192636353704,-0.0738348055094663,-0.0732873862806195,-0.0903403715892704,0.000716515377408697,0.612798173669266,0.647116107192015,0.55909717944822
"ETH",2024-07-14,2024-07-15,-0.05967538589063,-0.0770871124862028,-0.0763425500174837,-0.093506896806364,0.000832349046069765,0.895512481803905,0.765703328705152,0.86631342799023
"ETH",2024-07-15,2024-07-16,-0.0617924429600841,-0.0794847165881015,-0.078813332585842,-0.0954927388218942,0.000913484102017871,0.99999999638867,0.809531616417848,0.449027237975198
"ETH",2024-07-16,2024-07-17,-0.0587174605016229,-0.0759737199742126,-0.0757362834007095,-0.0917818112686834,0.000789481214012265,0.727803677156713,0.695356265984406,0.423083541680515
"ETH",2024-07-17,2024-07-18,-0.0576872864681843,-0.0759358368669441,-0.0747044250731381,-0.0917757478479868,0.000762301029747811,0.679807761114674,0.675223919783191,0.382173909960093
"ETH",2024-07-18,2024-07-19,-0.0559730069532902,-0.0738862847926142,-0.0729877611835953,-0.0895639555029903,0.000701501926217514,0.547248819685056,0.619620803497422,0.483470391127197
"ETH",2024-07-19,2024-07-20,-0.0590292040948042,-0.0769776170530067,-0.0760427732572302,-0.092363447270821,0.000811141599540487,0.821717717491138,0.734749408757456,0.323889269736615
"ETH",2024-07-20,2024-07-21,-0.0552722644580696,-0.0729529949610942,-0.0722831654711646,-0.0883911195367609,0.000676713198901684,0.505417468833743,0.602074243147049,0.287048834887997
"ETH",2024-07-21,2024-07-22,-0.0528771397220684,-0.0710957881866009,-0.0698853691056609,-0.086700771651551,0.000608181290152536,0.347992058364898,0.536040648504309,0.600462037104153
"ETH",2024-07-22,2024-07-23,-0.0596799595540552,-0.0771365375680653,-0.0763479401089885,-0.093561718496487,0.000833245727306928,0.897211089118895,0.766415825795432,0.376802448038295
"ETH",2024-07-23,2024-07-24,-0.057286583993873,-0.0749881775399123,-0.073952323283145,-0.0915205063642889,0.000743726306962644,0.685028886038912,0.677413970587566,0.821708186516049
"ETH",2024-07-24,2024-07-25,-0.0610545790710916,-0.0784238409064325,-0.0780652302221704,-0.0936558173636727,0.000886247731296017,0.999867923951466,0.809476217370414,0.737682756930159
"ETH",2024-07-25,2024-07-26,-0.061429325681456,-0.0790604622579227,-0.0784461545762455,-0.0947264229849057,0.000900759704139577,0.999970949906961,0.809519432593183,0.567442014472227
"ETH",2024-07-26,2024-07-27,-0.0614337633556019,-0.0785531290310368,-0.0784513861098093,-0.0940840475120216,0.000896517109105405,0.991269723389667,0.805869619878536,0.389834163938411
"ETH",2024-07-27,2024-07-28,-0.0573368389954794,-0.0753961013906961,-0.074352088871348,-0.0911551896406235,0.000747754318141353,0.651464125960837,0.663334910830468,0.345510952218214
"ETH",2024-07-28,2024-07-29,-0.0538284308740741,-0.0715847720858616,-0.0704833270178027,-0.0881250586566222,0.000650119372793698,0.470337532070268,0.605841330075313,0.413741566040025
"ETH",2024-07-29,2024-07-30,-0.0555176989152791,-0.0735037886393008,-0.0725105459163641,-0.088759463326883,0.000703866324167382,0.629596065791807,0.666895075179969,0.398939583417114
"ETH",2024-07-30,2024-07-31,-0.0558479350529652,-0.073286768456401,-0.0724991360464216,-0.0897590874200715,0.000708430020899196,0.648465253963833,0.674128813793944,0.39110016061446
"ETH",2024-07-31,2024-08-01,-0.0558379853636932,-0.0732976144514246,-0.072487336130302,-0.0897783765005918,0.000706347131779303,0.648104668320758,0.673990578790605,0.321733283718959
"ETH",2024-08-01,2024-08-02,-0.0544667808865636,-0.0715086752229275,-0.0711138518215235,-0.0878999253132008,0.000654664868184531,0.510935601957513,0.62140510648789,0.905080062498258
"ETH",2024-08-02,2024-08-03,-0.0593112466887513,-0.0765687246503489,-0.0759741122533922,-0.0930740557513119,0.000845403491732386,0.999999999951343,0.808894042855251,0.528124194822625
"ETH",2024-08-03,2024-08-04,-0.0586322927974144,-0.0764293745518345,-0.0756354310364258,-0.0915958098762052,0.000824063395596246,0.94466701785699,0.787681454080725,0.64077047461034
"ETH",2024-08-04,2024-08-05,-0.0594078973149905,-0.0763897122902897,-0.0760880787139485,-0.0928123498622372,0.000856825650202544,0.99999984797024,0.8088939845914,0.430540603061812
"ETH",2024-08-05,2024-08-06,-0.0596038385991407,-0.0766592085645405,-0.0763191246522974,-0.0929129653804323,0.0008844642212808,0.999999995852081,0.808894041283748,0.513830418726907
"ETH",2024-08-06,2024-08-07,-0.0568618426971032,-0.0748577178107863,-0.0735747351126908,-0.0910240519283461,0.000801411028389522,0.746078351969885,0.711550012302261,0.478958577351163
"ETH",2024-08-07,2024-08-08,-0.0585955263990415,-0.0768075734812638,-0.0756547268129896,-0.0917665647086813,0.000856499769450329,0.942068427153851,0.786685251926194,0.260344447784787
"ETH",2024-08-08,2024-08-09,-0.0602924170335137,-0.0769854607774004,-0.0767273311098296,-0.0930594724764956,0.000924875230505404,0.999999998858669,0.808894042436361,0.484692386058977
"ETH",2024-08-09,2024-08-10,-0.0585899840775847,-0.075324902284217,-0.0746841673805387,-0.0919953541722143,0.000874131861725995,0.830866982239441,0.744054791162662,0.539417100099094
"ETH",2024-08-10,2024-08-11,-0.0568634694144042,-0.0748262343367109,-0.073297474814145,-0.0902131336023978,0.000828633345156728,0.696661022835736,0.692605262867455,0.508815274688568
"ETH",2024-08-11,2024-08-12,-0.0565132475394791,-0.073642579892129,-0.0729458235479612,-0.0893578274978385,0.000807347629962053,0.659141098203402,0.678221531827624,0.46367898521406
"ETH",2024-08-12,2024-08-13,-0.0593115441547915,-0.0762774247690644,-0.0757546455020108,-0.0929299780697317,0.000886953722774664,0.963854732760937,0.795037303889908,0.486519336710949
"ETH",2024-08-13,2024-08-14,-0.0572434641585657,-0.0743018070009024,-0.0736842708476475,-0.0906707088574499,0.000822185258382485,0.745914974835193,0.711487379640109,0.465223116497037
"ETH",2024-08-14,2024-08-15,-0.0562049929536761,-0.0734817509552455,-0.0726438026988819,-0.0900482247335327,0.000787737723331672,0.654192492652046,0.676324422172677,0.503349805164827
"ETH",2024-08-15,2024-08-16,-0.0575841245287646,-0.0745550864433544,-0.0740245968504185,-0.0915476917682865,0.000820977757584299,0.794426823801573,0.73008500195985,0.425740204558414
"ETH",2024-08-16,2024-08-17,-0.055858073235769,-0.0737262471282375,-0.0726385253685918,-0.0895449151209117,0.000770326505271851,0.645756549722746,0.673090398241354,0.39245968321954
"ETH",2024-08-17,2024-08-18,-0.0568433531220066,-0.0757970111762832,-0.0746429041618782,-0.0928516788144415,0.000782033242787052,0.428201178067666,0.54523828579264,0.360195949702818
"ETH",2024-08-18,2024-08-19,-0.0547751651482341,-0.0736573070001503,-0.072229577381972,-0.0902033970693531,0.000727652787046263,0.39863977592573,0.535255471718404,0.327796358911618
"ETH",2024-08-19,2024-08-20,-0.0537340143339234,-0.0710822863997964,-0.0705011742029752,-0.0885102250669953,0.000690793625856417,0.386614698138747,0.531194632005886,0.457698123421097
"ETH",2024-08-20,2024-08-21,-0.0550963728757376,-0.0736159221529631,-0.0725466509355601,-0.0889890251399937,0.000730382773736346,0.52598463390339,0.578259522554599,0.454751312824183
"ETH",2024-08-21,2024-08-22,-0.0554302364069002,-0.0736780787708425,-0.072536759295061,-0.0903066623176444,0.00073493714590141,0.556483184994599,0.588558809564576,0.28746725250004
"ETH",2024-08-22,2024-08-23,-0.0530211689325733,-0.0714854951643427,-0.0701249000515064,-0.0871456568087434,0.00067277368619121,0.430106521718331,0.545881715739596,0.841811211001444
"ETH",2024-08-23,2024-08-24,-0.0646906738600576,-0.0836439155560351,-0.0831700226316251,-0.0993556440083918,0.00101664650708584,0.983384582420542,0.732722379955214,0.366240327240082
"ETH",2024-08-24,2024-08-25,-0.0581736937515494,-0.076749890738966,-0.0759657196836995,-0.0935916854394355,0.000799861294431221,0.568622791825394,0.592658325458453,0.307943445813436
"ETH",2024-08-25,2024-08-26,-0.0547377584302298,-0.0732073322929839,-0.0721847906151545,-0.0897171143778382,0.000705846368407078,0.41623870283207,0.54119858681046,0.555591594421559
"ETH",2024-08-26,2024-08-27,-0.057815362579024,-0.0767029771557794,-0.075604243856822,-0.0923106073731008,0.000793427260041689,0.664209808458162,0.624937830008821,0.85001955370341
"ETH",2024-08-27,2024-08-28,-0.0757578772183439,-0.0951822194470364,-0.0956272113448171,-0.11102685435185,0.00143156985549,0.999997482907332,0.738332516307919,0.508712057276191
"ETH",2024-08-28,2024-08-29,-0.0702746298934254,-0.0891347352215404,-0.0898010039653498,-0.105892855213204,0.00118945207992699,0.801249240447161,0.671215715063686,0.416192036881952
"ETH",2024-08-29,2024-08-30,-0.0620373999065918,-0.0820146920222035,-0.0812180806716456,-0.0987844678518733,0.000909266398411183,0.47213959292573,0.560076182321996,0.380015381123326
"ETH",2024-08-30,2024-08-31,-0.0579123386714586,-0.0768154074148186,-0.0764049841729215,-0.0934333762195675,0.000785023134287438,0.368371021413234,0.525033786457802,0.35631994169107
"ETH",2024-08-31,2024-09-01,-0.0555012645717433,-0.0744691389367634,-0.0733062267423091,-0.0915314437283209,0.000723962468212511,0.354178655870043,0.520241058906821,0.59839061151619
"ETH",2024-09-01,2024-09-02,-0.0620160859800706,-0.0807745144427762,-0.0801651886365496,-0.0970770431690436,0.000918188185323898,0.827269573622961,0.680002718704329,0.668391476974782
"ETH",2024-09-02,2024-09-03,-0.0661492406105719,-0.0848918930090417,-0.0846452110268787,-0.101665933126984,0.00105717743827723,0.975594324854895,0.730091628798863,0.598560302511831
"ETH",2024-09-03,2024-09-04,-0.0665077248858158,-0.0859947311310389,-0.085349215483911,-0.102075703991549,0.00107293462350468,0.953862545328867,0.722752859363333,0.38576414323888
"ETH",2024-09-04,2024-09-05,-0.0596416435212376,-0.0781708280460447,-0.0777951434924953,-0.0952055739404214,0.000831488190969489,0.553035454821098,0.587394519415721,0.579447640070112
"ETH",2024-09-05,2024-09-06,-0.0637612114716542,-0.0821133914369004,-0.0819164516949927,-0.0992604636226656,0.000968655345513832,0.871890245825718,0.695071011890452,0.710695868715613
"ETH",2024-09-06,2024-09-07,-0.0652030408482452,-0.0834152439224013,-0.0833714387702526,-0.100120479135776,0.00102858517956887,0.996990932111572,0.722785028319874,0.477752960089939
"ETH",2024-09-07,2024-09-08,-0.0621108266823591,-0.0808975356608121,-0.0806206693450781,-0.0968536455243541,0.000920991292603931,0.720666512111275,0.623393335738874,0.415275804703041
"ETH",2024-09-08,2024-09-09,-0.0596989565226416,-0.0780943736927418,-0.0778636036097688,-0.0956908731806957,0.000840996308481024,0.515387543096299,0.549556125905377,0.492947018210682
"ETH",2024-09-09,2024-09-10,-0.0610672529142947,-0.0796274604003,-0.0792313977244204,-0.0970902701745471,0.000884353730329207,0.627691987635823,0.589951139951332,0.38669468841469
"ETH",2024-09-10,2024-09-11,-0.0589978307078445,-0.0774976841723651,-0.077159408020443,-0.0952100064771274,0.000820578571310022,0.46459861747558,0.531287753961238,0.445361611262078
"ETH",2024-09-11,2024-09-12,-0.0593329401334672,-0.078415649092559,-0.0778356847028586,-0.0948873360346065,0.000834374689873248,0.501087802419182,0.544412623100353,0.34019471838155
"ETH",2024-09-12,2024-09-13,-0.0579484054531775,-0.0768777226028519,-0.0764483317255295,-0.0935001941305893,0.000793249204300011,0.396757695602917,0.506885914807203,0.64734320214327
"ETH",2024-09-13,2024-09-14,-0.0620647729656022,-0.0812663079993533,-0.0805657179513807,-0.0973388386629075,0.000921364481031968,0.726101896655475,0.625348400259324,0.366812512696047
"ETH",2024-09-14,2024-09-15,-0.0593108612377151,-0.0780202645505145,-0.077809214424526,-0.0944321063224726,0.000829999545846257,0.492554624111252,0.541343306841154,0.731308770121969
"ETH",2024-09-15,2024-09-16,-0.0637824796465197,-0.082851636649515,-0.0822843084138118,-0.0985726027496427,0.000980942207259376,0.879445995138216,0.680505050892992,0.381150254623356
"ETH",2024-09-16,2024-09-17,-0.0600004303553233,-0.0790599832841769,-0.0784996611508261,-0.095447049153552,0.000853236419549856,0.552570542971858,0.562930554748354,0.432597583260693
"ETH",2024-09-17,2024-09-18,-0.0593058730756936,-0.0788088214140024,-0.0778032341418815,-0.0953993336628644,0.000835353601927131,0.507619450249059,0.546762004791461,0.331454315947284
"ETH",2024-09-18,2024-09-19,-0.0579221622120903,-0.0772435857919312,-0.0764167907834377,-0.0939870729804931,0.000793858296164813,0.402596017284101,0.508985912605894,0.797068972875391
"ETH",2024-09-19,2024-09-20,-0.0644532065348254,-0.082383795299495,-0.0826097216548529,-0.0991873486791137,0.000995279195829932,0.917671698885845,0.694254532012224,0.627981441273416
"ETH",2024-09-20,2024-09-21,-0.0637743965844334,-0.0822984317729258,-0.0819320930853723,-0.099344142734942,0.000975333743772919,0.866461774009754,0.675834729989749,0.457032952163026
"ETH",2024-09-21,2024-09-22,-0.0610248615029148,-0.0804288010340673,-0.079523447052788,-0.0967307499332314,0.000887649535623033,0.642286071104556,0.595200515513666,0.350796997149389
"ETH",2024-09-22,2024-09-23,-0.0586136806729882,-0.0777940089687249,-0.0771096181116669,-0.0944185921736679,0.00081212461838701,0.4499046075554,0.526002435650366,0.539056996421356
"ETH",2024-09-23,2024-09-24,-0.0606651664569779,-0.0790797715614869,-0.0788178904415948,-0.0966083433825792,0.000867673279267401,0.592744248123576,0.577380716454203,0.305405737294805
"ETH",2024-09-24,2024-09-25,-0.0579104405541077,-0.0773228542988953,-0.0764027028842174,-0.094104520661056,0.000793258217464949,0.40371118699341,0.509387030266516,0.650342522869394
"ETH",2024-09-25,2024-09-26,-0.0616808018362806,-0.0803959582808191,-0.0801737270877768,-0.0964633610705963,0.000902487893288611,0.6832611384977,0.609938920833836,0.503648227673949
"ETH",2024-09-26,2024-09-27,-0.0580174116068707,-0.0768265199697646,-0.0755027205108397,-0.0937762948371699,0.000826083767983548,0.982254599385251,0.844532151973953,0.568957383413352
"ETH",2024-09-27,2024-09-28,-0.0586993354852255,-0.0764682141441896,-0.0761839301034363,-0.0934975991050588,0.000840531211062937,0.998128765764488,0.85009990902702,0.337129483380163
"ETH",2024-09-28,2024-09-29,-0.0552577455766801,-0.0739661730961322,-0.0727397385025837,-0.089812563338073,0.000726588751494074,0.757465280110838,0.765688810664319,0.292242807608592
"ETH",2024-09-29,2024-09-30,-0.0528448522456859,-0.0715601186168521,-0.0699814067181816,-0.0875804644354934,0.000650380978789926,0.589049900594844,0.706618249430218,0.569772016867361
"ETH",2024-09-30,2024-10-01,-0.056952786876756,-0.0749352430317768,-0.0740884267098701,-0.0918375556258125,0.000791253523779408,0.995653615190589,0.849231766616515,0.881822013358513
"ETH",2024-10-01,2024-10-02,-0.0638588087040446,-0.0830379826455377,-0.0827180199868053,-0.0992861120464231,0.00102102431534253,0.999999999990784,0.850756231841869,0.592427898720189
"ETH",2024-10-02,2024-10-03,-0.0635230616884421,-0.0823937219123052,-0.0820407396939392,-0.0996937118071589,0.00100174326693799,0.995020182345542,0.849009594307973,0.38197859918678
"ETH",2024-10-03,2024-10-04,-0.0583652979470842,-0.0773562496007946,-0.0765372995364235,-0.0938465057327428,0.000809257685079418,0.714660649659789,0.750675374531418,0.528338149544981
"ETH",2024-10-04,2024-10-05,-0.0604207330800574,-0.0796402219516035,-0.0785923924198942,-0.0960214080334638,0.00090303075958445,0.999273662322752,0.850501473791746,0.332046518872794
"ETH",2024-10-05,2024-10-06,-0.0552631434711683,-0.0736635048638408,-0.0727461972549482,-0.0904742492330849,0.000710440974329443,0.608950679157006,0.713598313614623,0.340030628971433
"ETH",2024-10-06,2024-10-07,-0.054564569500718,-0.0729585871142572,-0.0717023010232686,-0.0899835761648117,0.000697493818557157,0.66164192981428,0.732079415265771,0.287324471932721
"ETH",2024-10-07,2024-10-08,-0.0518090105593005,-0.0704158436089336,-0.0689440322826909,-0.0862533941615301,0.000615527434365273,0.476575787843738,0.667168711130277,0.268749140147448
"ETH",2024-10-08,2024-10-09,-0.0507674699502907,-0.0685442858243104,-0.0675571197342449,-0.0846782747576369,0.00058218917627681,0.416580598506259,0.646125802129354,0.723432692994888
"ETH",2024-10-09,2024-10-10,-0.0572799874010909,-0.0761214547552465,-0.0747553602723411,-0.0923328446617415,0.000807913488980781,0.999908409425445,0.850724107067315,0.310991812155951
"ETH",2024-10-10,2024-10-11,-0.054182364584555,-0.0716537331766258,-0.0709698051647642,-0.0889194002710304,0.000685858702685762,0.699614474328247,0.745398029767447,0.582360319732754
"ETH",2024-10-11,2024-10-12,-0.0569175946249095,-0.0752887364397384,-0.0740465818584307,-0.0923357237425283,0.000793084327581382,0.995671729699624,0.849238120158681,0.456011523871216
"ETH",2024-10-12,2024-10-13,-0.0562223863085244,-0.0749241831190763,-0.0733494594797514,-0.09173035954372,0.000771346829582564,0.952114642485078,0.833960764878657,0.272283807278857
"ETH",2024-10-13,2024-10-14,-0.0531260718072036,-0.0708153305705014,-0.0699080053880062,-0.0875415138833203,0.000655779414934754,0.643789404203176,0.72581776202291,0.924768039219735
"ETH",2024-10-14,2024-10-15,-0.0651784656798423,-0.0841279825978143,-0.0840277784826648,-0.101204892689243,0.00106679420757016,0.999999999999999,0.850756231845101,0.432732380910023
"ETH",2024-10-15,2024-10-16,-0.0603680851684736,-0.0789013127948902,-0.0785295793377677,-0.0964650958547834,0.000872852391173547,0.775949424256175,0.772171999858412,0.348437564299007
"ETH",2024-10-16,2024-10-17,-0.0622980571509207,-0.0803681110478453,-0.0808440731420916,-0.0956097504096775,0.000849824614447344,0.213556254469055,0.342903693235185,0.315088657402399
"ETH",2024-10-17,2024-10-18,-0.061938748610826,-0.0797739329308858,-0.0804816886767764,-0.0952470158884189,0.000837375375355717,0.186049424534048,0.336226312838639,0.391030144071635
"ETH",2024-10-18,2024-10-19,-0.0622696944801338,-0.0807331036670992,-0.0808102307424228,-0.0961766816820152,0.000847959351954192,0.220766760542242,0.34465406912423,0.278996350043409
"ETH",2024-10-19,2024-10-20,-0.0619103885885516,-0.0797045928103511,-0.0804478297632889,-0.0952908986014156,0.000832717502218161,0.18551886676874,0.336097518061862,0.758852669516335
"ETH",2024-10-20,2024-10-21,-0.0663809668391804,-0.0837555617161266,-0.0842332384115272,-0.0991886911078314,0.000952945439694124,0.514833763506033,0.416039875685775,0.629020785214332
"ETH",2024-10-21,2024-10-22,-0.0656953895072558,-0.0835487103847943,-0.0838911659474171,-0.0980123095995892,0.000935518738217118,0.467479654635085,0.40454449802801,0.439986300583478
"ETH",2024-10-22,2024-10-23,-0.0632817763451493,-0.0816156272100543,-0.0818188818531869,-0.0964289392905837,0.000869954843736483,0.291403452447155,0.361801376280934,0.723982757420828
"ETH",2024-10-23,2024-10-24,-0.0677600370326374,-0.0848023592904263,-0.0852699999041291,-0.100741330923036,0.000993830019053706,0.628637469982067,0.443666128528177,0.350093567304498
"ETH",2024-10-24,2024-10-25,-0.0629375372886666,-0.0807625917069831,-0.0811311824461851,-0.0972287728922829,0.000856835568404368,0.257599369937036,0.353595315516765,0.752007853025449
"ETH",2024-10-25,2024-10-26,-0.0694894635929999,-0.0863059661135077,-0.0870015926549111,-0.100812365670783,0.00105240411135129,0.788013667444552,0.482355264976351,0.535983697858386
"ETH",2024-10-26,2024-10-27,-0.0660527170306177,-0.0837297676082956,-0.0839076849249166,-0.0994791408300836,0.000944811089255367,0.492851089172131,0.410703503628083,0.388183313835582
"ETH",2024-10-27,2024-10-28,-0.0629485983673659,-0.0807879632943359,-0.0811443260725613,-0.0972442609322089,0.000857556108101781,0.258169998443382,0.35373383760786,0.492212619077133
"ETH",2024-10-28,2024-10-29,-0.0636285975865409,-0.0815889102331873,-0.081823085444138,-0.0976320224340901,0.00087527893162241,0.309886108718114,0.366288106556703,0.553634037026437
"ETH",2024-10-29,2024-10-30,-0.0646553010904625,-0.0820232886244834,-0.0828492019398051,-0.0972282024787235,0.00089876548345973,0.376025697515138,0.382343726005125,0.361411182992055
"ETH",2024-10-30,2024-10-31,-0.0622381004520294,-0.0810669669904521,-0.0807725326802661,-0.0967853110888038,0.000842665815448051,0.227920569499062,0.346390681587454,0.805405411734318
"ETH",2024-10-31,2024-11-01,-0.07052239866035,-0.087980901123935,-0.0880349998845317,-0.101732123081687,0.00109559352574142,0.90953207299779,0.511854288345386,0.39080125383204
"ETH",2024-11-01,2024-11-02,-0.0636388813505176,-0.0815619387967673,-0.0818352917460011,-0.0975918899606958,0.000875353008453056,0.309534343705438,0.366202714353916,0.363860618203801
"ETH",2024-11-02,2024-11-03,-0.0622517441679755,-0.0803464618144153,-0.0807888123914218,-0.0958908538525177,0.000838820994878126,0.215208054426983,0.343304673525686,0.389035516187792
"ETH",2024-11-03,2024-11-04,-0.0622399706139136,-0.0806317089679398,-0.080774764161441,-0.0962824353809447,0.000838839294277447,0.220491794147018,0.344587320057852,0.533107245975049
"ETH",2024-11-04,2024-11-05,-0.0636083493414816,-0.0819890970191639,-0.0821422726142243,-0.0966892144780725,0.00087347524877411,0.317723683509636,0.368190705598215,0.393470388711491
"ETH",2024-11-05,2024-11-06,-0.0591705610758077,-0.0777184112836097,-0.0773659820464545,-0.0954258158304945,0.000867258765975212,0.309775724325116,0.391033595020205,0.8491362809782
"ETH",2024-11-06,2024-11-07,-0.0683426934136535,-0.087710467856705,-0.0872703806614576,-0.102688524405478,0.00115775270175507,0.999899367650006,0.620467758601859,0.476992317204794
"ETH",2024-11-07,2024-11-08,-0.0677077795963386,-0.0867071350599451,-0.0863011123012108,-0.103194525931862,0.00113400941622465,0.92764155010346,0.596445379291456,0.492928310181849
"ETH",2024-11-08,2024-11-09,-0.0632247361510773,-0.0821263081748676,-0.0818167508421634,-0.0986378747044595,0.000991333480036307,0.558295917745952,0.473655054612508,0.483946983018698
"ETH",2024-11-09,2024-11-10,-0.0670613208243636,-0.0855354426241772,-0.0856624411932463,-0.101881108900718,0.00110931814190804,0.858739568255525,0.57353865999948,0.479761394821353
"ETH",2024-11-10,2024-11-11,-0.0622261590673731,-0.0810022205759129,-0.0804804070605972,-0.0985137111384292,0.000963723091211431,0.481038581356219,0.447970566728965,0.515533150833773
"ETH",2024-11-11,2024-11-12,-0.0664004806780269,-0.084930010823001,-0.0850068226401474,-0.101239692806552,0.00108901806002397,0.803817065653337,0.555279470406099,0.49705358635641
"ETH",2024-11-12,2024-11-13,-0.0639964017700583,-0.0833832669598484,-0.0826042397911014,-0.0997970511575671,0.00102076074210929,0.624073826334154,0.49552316416803,0.466944598233046
"ETH",2024-11-13,2024-11-14,-0.0615762755868411,-0.0802118927344278,-0.0798379907464965,-0.0972748477908001,0.000946436733189658,0.431819719763478,0.43160757373315,0.538064452379975
"ETH",2024-11-14,2024-11-15,-0.0640083960095065,-0.0824865392392451,-0.0822738867468822,-0.100015931433746,0.00101489122378419,0.611062402490253,0.491197468076458,0.439655358097489
"ETH",2024-11-15,2024-11-16,-0.0608935269925951,-0.0799370543748969,-0.0791564725887688,-0.09681225513691,0.000930801597497412,0.393006760353766,0.418704061493816,0.41005095630123
"ETH",2024-11-16,2024-11-17,-0.0598461440849442,-0.078660977778936,-0.0781064286965249,-0.0950347662046188,0.00090125961710035,0.32017566093159,0.394491092498646,0.4502222631036
"ETH",2024-11-17,2024-11-18,-0.0601834048093271,-0.0786402457913073,-0.0784422748659747,-0.095101708976851,0.000907213392250133,0.340010752758143,0.40108534230708,0.60365225749516
"ETH",2024-11-18,2024-11-19,-0.0626040732391194,-0.0810388099983542,-0.0808646725851497,-0.0983006671876495,0.000972697302420288,0.512722652987519,0.458504053798856,0.495963806927486
"ETH",2024-11-19,2024-11-20,-0.0612218557980211,-0.0805415049585697,-0.0798261991609093,-0.0962982884254947,0.000940233506961313,0.42882402348064,0.43061164339857,0.391431596518607
"ETH",2024-11-20,2024-11-21,-0.0598313428705252,-0.0790476463161607,-0.0780887381105988,-0.0956210205782028,0.000902227184980128,0.332526829633384,0.398597284320592,0.779445527549384
"ETH",2024-11-21,2024-11-22,-0.0685828723192209,-0.0867134158762679,-0.0868652125163907,-0.104001976316634,0.00116337478920451,0.992202930903476,0.617909049674004,0.480159698788809
"ETH",2024-11-22,2024-11-23,-0.0627057058736552,-0.0817264818943599,-0.08098557723983,-0.0988669990933788,0.00098367889324531,0.516355976080933,0.459711965530358,0.463783736261556
"ETH",2024-11-23,2024-11-24,-0.0613176308394989,-0.0797736945048141,-0.0795958742879039,-0.0962740365091588,0.000941248737381821,0.406897213300117,0.423321994069148,0.41317061747131
"ETH",2024-11-24,2024-11-25,-0.0599247062393903,-0.0788059397720314,-0.077855504074197,-0.0961711970517281,0.000906565568096028,0.319951805959555,0.39441667108334,0.440791714242182
"ETH",2024-11-25,2024-11-26,-0.08178172530707,-0.0989648243668922,-0.0997332248696092,-0.112747429861826,0.00171971501885136,0.277981799280303,0.346645360964365,0.540485481771971
"ETH",2024-11-26,2024-11-27,-0.0821303866190464,-0.0993655060841831,-0.100082419381765,-0.113428245553916,0.00173382278514424,0.306000364122903,0.357500564033407,0.710702710772361
"ETH",2024-11-27,2024-11-28,-0.0899303744249677,-0.107018926250247,-0.107566405853037,-0.118673730469709,0.00213248254360939,0.795758475997859,0.547247033525304,0.500146878347042
"ETH",2024-11-28,2024-11-29,-0.0864654311173502,-0.103355040656638,-0.104100450187411,-0.116012937041391,0.00195066032770619,0.4847779468209,0.426764174617363,0.449005071036344
"ETH",2024-11-29,2024-11-30,-0.08437030348615,-0.101420986662211,-0.102002273083968,-0.114389569162526,0.00185059059502582,0.341420939142776,0.371223520109957,0.498320533172886
"ETH",2024-11-30,2024-12-01,-0.0843713922010843,-0.100536391277792,-0.101657796306721,-0.115319697938903,0.00184194107420035,0.334400161375009,0.368503467573366,0.405171661534762
"ETH",2024-12-01,2024-12-02,-0.0833139882331023,-0.0997277895710581,-0.1005974056738,-0.114920164995712,0.0017933217672938,0.285458456829384,0.349542034524517,0.451896039032113
"ETH",2024-12-02,2024-12-03,-0.0829597063284959,-0.10005283393719,-0.100587490514021,-0.11390352357829,0.00178109082732695,0.286845659185653,0.350079476872466,0.358158660620246
"ETH",2024-12-03,2024-12-04,-0.0822490040396336,-0.0996216480643081,-0.0998738366652151,-0.114049588549139,0.00174887696362028,0.26598815982482,0.341998677861304,0.731047006706159
"ETH",2024-12-04,2024-12-05,-0.0854143454902226,-0.101344002823049,-0.102701586902507,-0.116899196301054,0.00188359162444822,0.437219488519719,0.408338651204224,0.433310064749106
"ETH",2024-12-05,2024-12-06,-0.0833244002266315,-0.101095650610679,-0.100955054735995,-0.11544596175085,0.00180210327984528,0.326636671194981,0.365495666749086,0.659046089763908
"ETH",2024-12-06,2024-12-07,-0.0854453117482955,-0.102191732776882,-0.103082882253446,-0.115686274984512,0.0018945184838179,0.438490060797566,0.40883090768372,0.410148650255077
"ETH",2024-12-07,2024-12-08,-0.0836962869762962,-0.0999145395618862,-0.100985099173161,-0.115455861858321,0.00180661663263187,0.32047818760694,0.363109691938417,0.363466303092679
"ETH",2024-12-08,2024-12-09,-0.0826392537901617,-0.099396561645618,-0.100270855820353,-0.113535637505627,0.00176122656475009,0.277391500352871,0.346416662072587,0.73498369979621
"ETH",2024-12-09,2024-12-10,-0.0872431436210252,-0.103762465785751,-0.104890732932995,-0.116489671045551,0.00198306184182958,0.554491950395283,0.453773397602448,0.483790808079279
"ETH",2024-12-10,2024-12-11,-0.0851589220308116,-0.101266064789046,-0.102459310658356,-0.116103330445912,0.00187754147042296,0.388536504682519,0.389477454046967,0.585526814898566
"ETH",2024-12-11,2024-12-12,-0.0862401911474408,-0.102522134526477,-0.103546820150018,-0.116879293752529,0.00193414324687428,0.447533405832903,0.412334561326705,0.437494099717094
"ETH",2024-12-12,2024-12-13,-0.0844912303411182,-0.101012146315717,-0.101795180294491,-0.115609445152726,0.00185172115610849,0.333104648482187,0.368001548377678,0.396334591343246
"ETH",2024-12-13,2024-12-14,-0.0834338886764913,-0.100591927651168,-0.101081039229999,-0.113738502082994,0.00180647372876849,0.288539182108785,0.350735596675031,0.37787088452669
"ETH",2024-12-14,2024-12-15,-0.0830706373048429,-0.0991999278290801,-0.100369212881919,-0.11444867464331,0.00177811773916531,0.272690790919699,0.344595471167475,0.443490225758194
"ETH",2024-12-15,2024-12-16,-0.0615620497782966,-0.0815017843416899,-0.0803010919327978,-0.098868058122134,0.00098719365627316,0.439637027374643,0.502347827414861,0.371365735751187
"ETH",2024-12-16,2024-12-17,-0.0608531409894737,-0.0793994636184519,-0.0792422716609756,-0.0966752808715315,0.00095582431067375,0.416993279339276,0.496909966423368,0.584039877308143
"ETH",2024-12-17,2024-12-18,-0.0618947132197559,-0.0813993187722618,-0.0806309415219315,-0.0986882002601079,0.000992167459424278,0.513544756321669,0.520096653959966,0.799622536050622
"ETH",2024-12-18,2024-12-19,-0.0699399583506766,-0.0899796800524936,-0.0900766851817769,-0.107327760770222,0.00126283776002683,0.888113035373022,0.610048645570295,0.638073525937442
"ETH",2024-12-19,2024-12-20,-0.0724219013938043,-0.0924003209210197,-0.0929157878252907,-0.109817001861174,0.00135783647646012,0.887502020178926,0.609901911218544,0.443172028818759
"ETH",2024-12-20,2024-12-21,-0.0665013155892,-0.0860553534928316,-0.0862974182425387,-0.104366291326161,0.00114025262119308,0.5027581674158,0.517506271354098,0.559185748532464
"ETH",2024-12-21,2024-12-22,-0.0679075682971105,-0.0884242043950819,-0.0880543523517315,-0.105904621785564,0.00119597227965116,0.653886503918539,0.55379950710702,0.433367134830739
"ETH",2024-12-22,2024-12-23,-0.0644215707765036,-0.0845882945289234,-0.083871177298796,-0.102561563514136,0.00107795476540547,0.466073867211536,0.508696593522964,0.592063898901806
"ETH",2024-12-23,2024-12-24,-0.0668674695762528,-0.0874127469056206,-0.0870146495768293,-0.10391916174609,0.00116055769184321,0.656207310119282,0.554356845118737,0.460488679284896
"ETH",2024-12-24,2024-12-25,-0.064425621828775,-0.0837838942322459,-0.0838760313915176,-0.101105569899483,0.00107160411637254,0.498911360170422,0.516582466556908,0.358883851632795
"ETH",2024-12-25,2024-12-26,-0.0619776568445489,-0.081420946486446,-0.0807301426993155,-0.0991728059222699,0.000996979538647235,0.405460826439583,0.494140465735518,0.68085843794219
"ETH",2024-12-26,2024-12-27,-0.0665200551997835,-0.0869063766102275,-0.086319860306513,-0.104096587544813,0.00114678767871099,0.706489871068273,0.566432124189577,0.379113693580209
"ETH",2024-12-27,2024-12-28,-0.0626822873471788,-0.0825312006621221,-0.0817840420690448,-0.0997757154056339,0.00102062683903901,0.45209044703262,0.505338496842158,0.463253775310552
"ETH",2024-12-28,2024-12-29,-0.0623260862603009,-0.0816455651630059,-0.081078798887566,-0.0994990999088456,0.00100531132436709,0.464547360409603,0.508330005280659,0.398903763488002
"ETH",2024-12-29,2024-12-30,-0.0612722293591507,-0.08030270018786,-0.0796753364581529,-0.0982614068558776,0.000971422325229742,0.431726670883794,0.500448167565122,0.303621281562404
"ETH",2024-12-30,2024-12-31,-0.0602143020743677,-0.0785809893751612,-0.0782670584350658,-0.0963740676369906,0.000935500753595947,0.399187812664426,0.492634011200971,0.29663157484918
"ETH",2024-12-31,2025-01-01,-0.0595049541852817,-0.0781416939596335,-0.0775548033671677,-0.0951937596736319,0.000916331465735366,0.399663719661045,0.492748299528524,0.269570472405737
"ETH",2025-01-01,2025-01-02,-0.0587951063662632,-0.0782372247154258,-0.076841907187079,-0.0948276283714436,0.000900946113404603,0.399372285067942,0.492678311962732,0.682021550303435
"ETH",2025-01-02,2025-01-03,-0.060526874362439,-0.0795737313462751,-0.078920045547527,-0.096625496800813,0.000945939910578717,0.501771428193837,0.51726930745945,0.822019609113649
"ETH",2025-01-03,2025-01-04,-0.0643614299881081,-0.0841961356045527,-0.0837991147965946,-0.100939076293248,0.00106659773723716,0.694342643107568,0.563514986223764,0.417836548022449
"ETH",2025-01-04,2025-01-05,-0.0666492421990614,-0.0852952626230766,-0.0854311328823608,-0.102091693349063,0.00103023691764412,0.261758076876212,0.3387062952542,0.310453033356159
"ETH",2025-01-05,2025-01-06,-0.0659366098737577,-0.0851439500309295,-0.0850630485274389,-0.101058431430844,0.00101040653330155,0.203847750343157,0.330233208511413,0.35249752730219
"ETH",2025-01-06,2025-01-07,-0.0659208810863245,-0.0852403226747778,-0.0850443002520167,-0.10143870882922,0.00100676939280374,0.212271461607866,0.331465714707028,0.897600838326723
"ETH",2025-01-07,2025-01-08,-0.0723064662353914,-0.0907259283220672,-0.0907565954505569,-0.105714872879951,0.00121671757197982,0.983106121241683,0.444249553556487,0.479280415627265
"ETH",2025-01-08,2025-01-09,-0.0674209688124515,-0.0861689266754146,-0.0862170056429332,-0.101952844172958,0.00106438211198438,0.332374373798543,0.349038442301165,0.516002556764325
"ETH",2025-01-09,2025-01-10,-0.0677728101503534,-0.0864182656315347,-0.0865695447352647,-0.102100758915962,0.00107316623211883,0.373767076119306,0.355094770736508,0.432649229782509
"ETH",2025-01-10,2025-01-11,-0.0667146739447023,-0.0852957441514463,-0.085508811817827,-0.101484890507154,0.00103981331898953,0.250811482819678,0.337104656193744,0.366994948078216
"ETH",2025-01-11,2025-01-12,-0.0663490881288844,-0.0845011368431193,-0.0851399303631185,-0.100978445134501,0.00102264470774076,0.205067835538815,0.330411723956159,0.353018729348053
"ETH",2025-01-12,2025-01-13,-0.0659852104815403,-0.0853027125221951,-0.0851209790948307,-0.100950184469646,0.00101628554478885,0.204780837115916,0.330369732092568,0.660472751029952
"ETH",2025-01-13,2025-01-14,-0.0680848687602612,-0.0870591120017804,-0.0868749518250019,-0.1033459458167,0.00107347784111836,0.442569780468539,0.365161563949228,0.557593764107372
"ETH",2025-01-14,2025-01-15,-0.0673855603565811,-0.0862579853792762,-0.086175015236574,-0.102853752349933,0.00105185353827126,0.355626220711435,0.352440511113719,0.746570043195157
"ETH",2025-01-15,2025-01-16,-0.0716178147523115,-0.0891842326318143,-0.0900692719999633,-0.104545653016199,0.00118278334283535,0.857131015687709,0.42581764234664,0.566048801565188
"ETH",2025-01-16,2025-01-17,-0.0691956868774051,-0.0879307359539154,-0.0879979998207635,-0.103018761292085,0.0011168201217297,0.555757658955144,0.381722525871996,0.58592022921694
"ETH",2025-01-17,2025-01-18,-0.0702693477505723,-0.0885436604581255,-0.088728634404919,-0.104391723556028,0.00115190607522365,0.67644600471647,0.399380910545331,0.56368243031525
"ETH",2025-01-18,2025-01-19,-0.0703033941195204,-0.0888930736295761,-0.0887687258578009,-0.104507899672791,0.00116047602584134,0.681131069220359,0.400066400686961,0.497922091552863
"ETH",2025-01-19,2025-01-20,-0.068213379148451,-0.0864866642504407,-0.0866787833549811,-0.102739368679706,0.00109433306035641,0.393007817834837,0.357909959033852,0.475627937645633
"ETH",2025-01-20,2025-01-21,-0.0675089706052488,-0.0856718383671052,-0.0859729880841483,-0.10219575956417,0.00107133441162342,0.306206299662033,0.345209688859,0.410733809838596
"ETH",2025-01-21,2025-01-22,-0.0667963676847955,-0.0849056379338626,-0.0852574738298087,-0.101837752168705,0.00104720798236724,0.227573538757894,0.333704621561801,0.480054367319836
"ETH",2025-01-22,2025-01-23,-0.0671396784319334,-0.0856496033939513,-0.0859481724516465,-0.101255080525498,0.00105704387358827,0.285983141222105,0.342250759322023,0.524548757513176
"ETH",2025-01-23,2025-01-24,-0.0674843123323627,-0.0858599031646293,-0.0862921238618985,-0.101445431577842,0.00106435236538543,0.327175977621094,0.348277844591363,0.36589755637763
"ETH",2025-01-24,2025-01-25,-0.0684038660103561,-0.0864093114382223,-0.0869037857850262,-0.103363483843817,0.00113770238145919,0.190384019530099,0.284798688359289,0.319019577835479
"ETH",2025-01-25,2025-01-26,-0.0680363607987918,-0.086929683706683,-0.0868819178022817,-0.102590410209873,0.00113273714808547,0.177390439821897,0.282477258966299,0.528073751284274
"ETH",2025-01-26,2025-01-27,-0.0687287445207995,-0.0870133226456477,-0.0872242985076633,-0.104300387772884,0.00114795027604187,0.230123031518489,0.291898449360486,0.499765861184627
"ETH",2025-01-27,2025-01-28,-0.0687202464547549,-0.0867291166617774,-0.0872142658675118,-0.103948726882894,0.00114569002552832,0.224065787648062,0.290816263829085,0.640053305333382
"ETH",2025-01-28,2025-01-29,-0.0690710657399747,-0.0880100674127975,-0.0879143728141384,-0.104105878071805,0.0011618304885129,0.2780760815501,0.300465728149458,0.436809975399647
"ETH",2025-01-29,2025-01-30,-0.0683592779999501,-0.0873782824323841,-0.087200021232018,-0.103310211957135,0.00114196625191758,0.213032589386105,0.288845075648523,0.727755838874929
"ETH",2025-01-30,2025-01-31,-0.069765990741172,-0.0892075727828245,-0.0889576960429846,-0.104041818551045,0.00118543613284751,0.356792144394467,0.314529118384562,0.388107779687109
"ETH",2025-01-31,2025-02-01,-0.0683536154734174,-0.0872235226530486,-0.0871933133159715,-0.103089231427879,0.00114097495894744,0.208800853905479,0.288089034946215,0.76785950067746
"ETH",2025-02-01,2025-02-02,-0.0715319531140789,-0.0898519442455474,-0.0903785264193619,-0.10597827860761,0.00123134825290145,0.507060679944034,0.341376053801916,0.701036655980989
"ETH",2025-02-02,2025-02-03,-0.0755212785833393,-0.0941953716640206,-0.0943938079493645,-0.1091839731969,0.00137053380725428,0.951371862828419,0.420756568082436,0.484358186957848
"ETH",2025-02-03,2025-02-04,-0.0695633194141284,-0.0882031210997704,-0.0884328139378018,-0.103578555315878,0.00117948897846813,0.297872808233174,0.304002605918259,0.531568593452782
"ETH",2025-02-04,2025-02-05,-0.0720487526266385,-0.0899264865912321,-0.0905757130390484,-0.106903323590783,0.00125005765236271,0.530929116537456,0.345640382148454,0.471485808413984
"ETH",2025-02-05,2025-02-06,-0.0692407497218273,-0.0880491286709126,-0.0877656440199563,-0.104772890660131,0.00117240909956328,0.265549753895743,0.298227777880473,0.507633757047261
"ETH",2025-02-06,2025-02-07,-0.0695952581894933,-0.0886594428799029,-0.0884705892406446,-0.103993449875684,0.00118455769753682,0.305758780978428,0.305411511649725,0.484939869128204
"ETH",2025-02-07,2025-02-08,-0.0692416095493732,-0.0878885063253142,-0.0877666585872643,-0.104531277396054,0.00117153237205146,0.26151548842839,0.297507017116669,0.40499880525344
"ETH",2025-02-08,2025-02-09,-0.0685255103172228,-0.0871977472959873,-0.0870474716244192,-0.103605397955284,0.00115091932426167,0.194289008799267,0.285496352672922,0.364924661652048
"ETH",2025-02-09,2025-02-10,-0.0685079898821994,-0.0865364513409762,-0.0870267765464685,-0.102784082330457,0.00114576500567581,0.180591261174905,0.283049116832834,0.383105402135132
"ETH",2025-02-10,2025-02-11,-0.0684925962221891,-0.0869720265962291,-0.0870085936078922,-0.103442789834598,0.00114784325189175,0.191002448488223,0.28490917670762,0.458130004742047
"ETH",2025-02-11,2025-02-12,-0.0688322949432974,-0.0868399393630856,-0.087346547984309,-0.103339863880134,0.00115407098218919,0.214402573667209,0.28908983666508,0.75365661202394
"ETH",2025-02-12,2025-02-13,-0.0709540508596048,-0.0902810258584455,-0.0898222816769711,-0.106084814987434,0.00122595993495717,0.453706265523312,0.331843768730093,0.495149878613825
"ETH",2025-02-13,2025-02-14,-0.0673715169215253,-0.0862803529978897,-0.0862885994072963,-0.102910205049512,0.00116260912737093,0.42470300291048,0.479193232711004,0.436252081253557
"ETH",2025-02-14,2025-02-15,-0.0659572318703347,-0.0852722431741883,-0.0845215725545874,-0.101411255744161,0.00112101932159373,0.410955549288245,0.479278802349449,0.36679408335046
"ETH",2025-02-15,2025-02-16,-0.0652410595927524,-0.083740854271108,-0.0831020372178557,-0.101204951250689,0.00109305183349811,0.394456789682667,0.47938149721448,0.358232113101124
"ETH",2025-02-16,2025-02-17,-0.0648755782648841,-0.083798253933216,-0.0827337900992371,-0.100934070162808,0.00108469876227075,0.399400279686985,0.479350726959569,0.618692224650582
"ETH",2025-02-17,2025-02-18,-0.066272746364727,-0.0858689212248558,-0.084830634956225,-0.102776643778471,0.00113255632174417,0.473687243111601,0.478888335248629,0.590699089001418
"ETH",2025-02-18,2025-02-19,-0.0666194516823639,-0.0858353074351796,-0.0851767032520233,-0.10307333398978,0.00114068578136764,0.45969315486375,0.478975440039425,0.458081148878657
"ETH",2025-02-19,2025-02-20,-0.0659065987847813,-0.0845440959671875,-0.084111414336663,-0.101803654303589,0.00111422677573124,0.414086644634411,0.479259313162283,0.323791338976102
"ETH",2025-02-20,2025-02-21,-0.0648392335280557,-0.0841369414064604,-0.0830408926085552,-0.100039980097012,0.00108596336294928,0.389015147562427,0.47941536816699,0.664788881106977
"ETH",2025-02-21,2025-02-22,-0.0665895867150094,-0.0856266481029383,-0.0851413135263101,-0.102790481083618,0.00113821315329309,0.48269969941391,0.47883223812341,0.738594726741574
"ETH",2025-02-22,2025-02-23,-0.0683494616930272,-0.0880930984283301,-0.0876030861332998,-0.105282653123501,0.00120001026387825,0.555007070513517,0.478382168185227,0.471528739980225
"ETH",2025-02-23,2025-02-24,-0.0665871284392622,-0.0852724318770976,-0.0851384004910005,-0.10218565932688,0.0011357854050032,0.411338533973182,0.479276418499907,0.791461535116883
"ETH",2025-02-24,2025-02-25,-0.0866525979143816,-0.1070749918727,-0.109387001012673,-0.124210196547879,0.00194458371566319,0.99692547552412,0.475631491646996,0.509449156636042
"ETH",2025-02-25,2025-02-26,-0.0731365854617231,-0.093623375233097,-0.0940913652664499,-0.110874511817573,0.0013611085302331,0.311059255621274,0.479900596753417,0.494493842797838
"ETH",2025-02-26,2025-02-27,-0.0764045939217503,-0.0977813736028571,-0.0980840792622497,-0.115662312833493,0.00149110849833942,0.864937382881849,0.476453038216771,0.479650661231526
"ETH",2025-02-27,2025-02-28,-0.0692819815406518,-0.0887872800298915,-0.0888262290618418,-0.106298042965803,0.00122459866706449,0.362666848992638,0.479579370493837,0.48689776955771
"ETH",2025-02-28,2025-03-01,-0.0682140034587062,-0.0870834528578935,-0.0870471867366689,-0.105584886340763,0.00118575893770207,0.467906883490702,0.478924314514058,0.435624768311802
"ETH",2025-03-01,2025-03-02,-0.0660661281039152,-0.0848651264065533,-0.0841856865669111,-0.102748736355871,0.0011184034062701,0.386506474744664,0.479430983147909,0.505142976165505
"ETH",2025-03-02,2025-03-03,-0.0916181818991291,-0.11166325801755,-0.114416984808552,-0.1276441878432,0.0022441833572316,0.999485272425499,0.475615558449375,0.160914363912666
"ETH",2025-03-03,2025-03-04,-0.112457486575614,-0.140084023338326,-0.142545138795187,-0.16210133873002,0.00310338958673902,0.999995917229997,0.475612379992295,0.563727938309073
"ETH",2025-03-04,2025-03-05,-0.0851632326493042,-0.111302573469857,-0.111235135040574,-0.134193921100612,0.0017568107127698,0.266433774810241,0.480178363557611,0.523580394451713
"ETH",2025-03-05,2025-03-06,-0.0745507741357344,-0.0984436219149291,-0.0974729787542572,-0.120484565535553,0.00137787494201014,0.504869396104799,0.471595439222615,0.529893888639334
"ETH",2025-03-06,2025-03-07,-0.0693124095980459,-0.0922651189569611,-0.0898190271182947,-0.112962505640972,0.00121686904932913,0.378112194333133,0.49239196086696,0.497073042313495
"ETH",2025-03-07,2025-03-08,-0.071724339782441,-0.0954594789213438,-0.0934370654406529,-0.117228025637554,0.00129202231542442,0.497106374993587,0.472869085487351,0.489405365998323
"ETH",2025-03-08,2025-03-09,-0.0717207253950594,-0.0949308145404839,-0.0934324872166363,-0.116044202198729,0.00128861726124756,0.454916271184909,0.479791038597477,0.473623690703995
"ETH",2025-03-09,2025-03-10,-0.0923223100076406,-0.121406316746417,-0.122103498042428,-0.146355104697994,0.00203995282466461,0.950526131300525,0.398478410683748,0.455719586990753
"ETH",2025-03-10,2025-03-11,-0.0883501613358323,-0.11712490180343,-0.116939264156324,-0.141427330208417,0.00188383867226961,0.838940979515833,0.416785717817729,0.489740892143074
"ETH",2025-03-11,2025-03-12,-0.0746513376964996,-0.0991911499235977,-0.0971982793261501,-0.121194018293144,0.00139289483928364,0.316270905203085,0.50253800140692,0.466429497842091
"ETH",2025-03-12,2025-03-13,-0.068599558476813,-0.089766620601079,-0.0883250034933717,-0.110602088156967,0.00118752738584169,0.395962648073787,0.489463311903506,0.462894356556668
"ETH",2025-03-13,2025-03-14,-0.0693972578602698,-0.0917432425173157,-0.0899258970668973,-0.112031321660369,0.00121824268682108,0.442568642375047,0.481816862189443,0.470382050956657
"ETH",2025-03-14,2025-03-15,-0.0705994701798866,-0.0932847138816966,-0.0915292360145658,-0.114571575332252,0.00125554616515406,0.451359578214569,0.480374570273044,0.411926635738431
"ETH",2025-03-15,2025-03-16,-0.0685755713203264,-0.0894423673633581,-0.0882949733000325,-0.110128589617019,0.00118446233549273,0.3949625001828,0.489627401966806,0.484649003769292
"ETH",2025-03-16,2025-03-17,-0.0705838244958539,-0.0938356540260949,-0.0919119293298414,-0.114064905035063,0.00125866554384265,0.469678791073044,0.477369013970177,0.450743639762575
"ETH",2025-03-17,2025-03-18,-0.0697712873377461,-0.0928608757618079,-0.0906949469642129,-0.112715006815907,0.00123393996604354,0.42309367694205,0.485012037962412,0.33476437542276
"ETH",2025-03-18,2025-03-19,-0.0673441349589605,-0.0890699689802829,-0.0866550529064857,-0.1094548964238,0.00115460900748069,0.387948477833397,0.490778163150901,0.765381167494046
"ETH",2025-03-19,2025-03-20,-0.0818633936380924,-0.108787148975774,-0.108023900802077,-0.133089970352025,0.00163661151110634,0.755044053662168,0.430550334029063,0.568291032651145
"ETH",2025-03-20,2025-03-21,-0.076635717098702,-0.101866813308494,-0.100382625320328,-0.124024468971295,0.00145830841515195,0.470752300347912,0.477192887812782,0.38343119496693
"ETH",2025-03-21,2025-03-22,-0.0689757583275506,-0.091205635694267,-0.0890970216941502,-0.111602141673716,0.00120599724593668,0.357824918563973,0.49572040898463,0.346747683504433
"ETH",2025-03-22,2025-03-23,-0.0673536498386185,-0.0885856866265072,-0.0866669527168152,-0.108640484969467,0.00115227789816785,0.407518876106514,0.487567330112724,0.337917956281403
"ETH",2025-03-23,2025-03-24,-0.0673418112754995,-0.0886776540160038,-0.0866521467853948,-0.108841685595447,0.00115239233939553,0.409520390461083,0.487238950060037,0.640951137639114
"ETH",2025-03-24,2025-03-25,-0.0729761079196785,-0.0962606411201239,-0.0951031002046141,-0.118078319982466,0.00132974318613148,0.518789174997903,0.469311679570391,0.327632160862562
"ETH",2025-03-25,2025-03-26,-0.068188913676445,-0.0895861967442101,-0.0879123114051408,-0.11029652132271,0.00113215540609464,0.391095090792854,0.790910178850019,0.562057525052799
"ETH",2025-03-26,2025-03-27,-0.0661727005189201,-0.0890413301951151,-0.0875051532701298,-0.109856272303653,0.00104124391815066,0.827005247383515,0.55786106015515,0.296145376994408
"ETH",2025-03-27,2025-03-28,-0.0673670056630623,-0.0889414433002299,-0.0870860864351087,-0.108948538390103,0.00110760578956113,0.403224581174272,0.784425431934012,0.822780045583899
"ETH",2025-03-28,2025-03-29,-0.0754380520585104,-0.101983393748601,-0.100797840758959,-0.124754764031761,0.0013081379257001,0.972891819184043,0.47986623375918,0.621119820151517
"ETH",2025-03-29,2025-03-30,-0.0750392953217184,-0.100283114786449,-0.0983874437869876,-0.121816344802557,0.00133218429473609,0.695944220561988,0.627929757418112,0.385063252463018
"ETH",2025-03-30,2025-03-31,-0.0677815131996494,-0.0905060406999487,-0.0883086541160684,-0.109619398235938,0.00111979736143206,0.486555095953296,0.739874730978728,0.353914216468761
"ETH",2025-03-31,2025-04-01,-0.0641479531582987,-0.0860364410134426,-0.0838671378728135,-0.106121303513085,0.000997773848957442,0.646699977128188,0.6542570346323,0.708380472837478
"ETH",2025-04-01,2025-04-02,-0.0726095681205204,-0.0978298144880538,-0.096356115914291,-0.119936833607104,0.0012286244624211,0.881884005722477,0.528521421992111,0.737315621320358
"ETH",2025-04-02,2025-04-03,-0.0802887092140306,-0.106674518337385,-0.106459451461201,-0.131000933303691,0.00146044232184062,0.967220308463523,0.482898373651087,0.413457374337621
"ETH",2025-04-03,2025-04-04,-0.0722235315494508,-0.0937139601780227,-0.0927543303811487,-0.114663218884344,0.00126995799543714,0.303764172470529,0.837599601526038,0.348147484293193
"ETH",2025-04-04,2025-04-05,-0.0617447930556297,-0.0824921442303392,-0.0810646374251576,-0.102148878472545,0.000921687085370154,0.74335811241971,0.602581034649737,0.32590559445213
"ETH",2025-04-05,2025-04-06,-0.0657573621985219,-0.0875914166963033,-0.0854764632016388,-0.106900724433444,0.00105570647467424,0.479498081701862,0.743647597765721,0.795244695169329
"ETH",2025-04-06,2025-04-07,-0.122833973564914,-0.149313110440278,-0.153092502103903,-0.17008467610556,0.00393561440065328,0.999999986298527,0.465373489417377,0.528492718569902
"ETH",2025-04-07,2025-04-08,-0.0844908804635428,-0.108407015789513,-0.107483548250547,-0.13126449258611,0.00176849813113938,0.178818961799998,0.904398621442556,0.487554159866666
"ETH",2025-04-08,2025-04-09,-0.0776596743209888,-0.10530915197797,-0.103887266118655,-0.128577476188586,0.00138243859642121,0.994447226132985,0.468342142116421,0.368707566938442
"ETH",2025-04-09,2025-04-10,-0.115828154090031,-0.143588981636807,-0.146957117811426,-0.164844349065578,0.0032912868415169,0.999999479583063,0.465373760320889,0.359822085184655
"ETH",2025-04-10,2025-04-11,-0.100157829245911,-0.128771681900586,-0.130504848771261,-0.153257019561559,0.00228959654300821,0.999696622176465,0.465535675914345,0.504531865074799
"ETH",2025-04-11,2025-04-12,-0.0791118821544369,-0.103360478319561,-0.10217422850818,-0.124790256615366,0.00150923515508986,0.433986871180574,0.767979096682097,0.478717389964555
"ETH",2025-04-12,2025-04-13,-0.0738669087714141,-0.100465707215555,-0.0985520550311882,-0.123688524800157,0.00126549342380033,0.95833269647262,0.487649926489363,0.490483280582734
"ETH",2025-04-13,2025-04-14,-0.0742691174587404,-0.0976683176559253,-0.0965255629488738,-0.119570593051805,0.00131107079936421,0.58750722824591,0.685903046434442,0.47516388666283
"ETH",2025-04-14,2025-04-15,-0.0699528250166163,-0.0933852732256015,-0.0914363565279696,-0.115623284091368,0.00117978826599127,0.611782310744367,0.684366195610023,0.45908436949728
"ETH",2025-04-15,2025-04-16,-0.0687270868230655,-0.0927666504037419,-0.0902079644340357,-0.114338701109722,0.00114519755150536,0.637765352137681,0.670961669013757,0.417612156047673
"ETH",2025-04-16,2025-04-17,-0.067498148017955,-0.0907418274626484,-0.0881649354307857,-0.112045035717395,0.0011127195332635,0.544188490219115,0.71923752384518,0.382631908679286
"ETH",2025-04-17,2025-04-18,-0.0658641280472003,-0.0885697494100018,-0.0865273343937727,-0.108524444380867,0.00105742693663222,0.598717630656855,0.691106201487465,0.351105308375422
"ETH",2025-04-18,2025-04-19,-0.0662560405823549,-0.0885573875201609,-0.0865105531205439,-0.109834377534603,0.00106832789657197,0.566699960434306,0.707623964190912,0.38333707524729
"ETH",2025-04-19,2025-04-20,-0.067055611042725,-0.0897732037077021,-0.0877123583588597,-0.111843824913708,0.00108760404821121,0.638601163828037,0.670530477766234,0.403865404364536
"ETH",2025-04-20,2025-04-21,-0.068260485757317,-0.0920329098909211,-0.0897244855559563,-0.112531939441217,0.00113237671541704,0.611536591388669,0.684492961048634,0.298269579014154
"ETH",2025-04-21,2025-04-22,-0.0670323743674226,-0.0895072738598001,-0.087682868013687,-0.110084731787721,0.00109293823390025,0.553400565248622,0.714485058463218,0.883375191526753
"ETH",2025-04-22,2025-04-23,-0.108909592653883,-0.138461558662624,-0.140132888397164,-0.161499116870163,0.00285903842398047,0.999992349068777,0.484090496361209,0.493986845200126
"ETH",2025-04-23,2025-04-24,-0.086597102229005,-0.111523547071488,-0.110924382312759,-0.135840964068075,0.00183372102785328,0.349413921856784,0.819720790694797,0.437788566566472
"ETH",2025-04-24,2025-04-25,-0.0679351817259036,-0.0907270898423127,-0.089421233149262,-0.112551818574112,0.00110338214939971,0.736445815030088,0.620052890886134,0.402927204202401
"ETH",2025-04-25,2025-04-26,-0.0687337442343828,-0.0923214534160694,-0.0898111113395627,-0.113002187870225,0.00115603299914958,0.500701764507527,0.741672117338746,0.405667384379785
"ETH",2025-04-26,2025-04-27,-0.0666968453677384,-0.0899940713991852,-0.0877713906928672,-0.111061402039045,0.00107782861810023,0.679330025165412,0.649518653293178,0.383795720381427
"ETH",2025-04-27,2025-04-28,-0.0683066529771271,-0.0915410253991007,-0.0893781427925816,-0.11249093644281,0.00113487693129599,0.559960407319414,0.711100867360484,0.316222401231473
"ETH",2025-04-28,2025-04-29,-0.0662675815687999,-0.0887383441428858,-0.0865251717033741,-0.110373647211208,0.00106834486029387,0.584266816498271,0.698561307292603,0.288550184824953
"ETH",2025-04-29,2025-04-30,-0.0662546278820898,-0.088243085057323,-0.086508763700208,-0.109514430176229,0.00106528262294616,0.576321336029406,0.702660342607707,0.258336146991808
"ETH",2025-04-30,2025-05-01,-0.0658365943514151,-0.0887027802479109,-0.0864922713763518,-0.108416444878146,0.00105939466837683,0.579147809923939,0.701202178264303,0.515939734286115
"ETH",2025-05-01,2025-05-02,-0.0682592884409491,-0.0921294424581312,-0.089722958588848,-0.114120831118811,0.00112481865511551,0.692887005165249,0.64252467224908,0.251359246461783
"ETH",2025-05-02,2025-05-03,-0.067841099319648,-0.0907657821584097,-0.0884913004607999,-0.111647092166064,0.00112507639924561,0.495541983377522,0.744334023708409,0.221551403159937
"ETH",2025-05-03,2025-05-04,-0.0653989508760278,-0.0873959561217761,-0.0856408194237048,-0.108497209313175,0.00103721878800884,0.628883810042774,0.675543614038009,0.371276332999043
"ETH",2025-05-04,2025-05-05,-0.0679427069884818,-0.0909704609350267,-0.0894308411215877,-0.113327018429603,0.00110647090502248,0.602524661700727,0.708410198833062,0.245327231879496
"ETH",2025-05-05,2025-05-06,-0.0675241739786093,-0.0900877835174296,-0.0886032967164155,-0.112776391565482,0.00109412234649046,0.567293365021272,0.725459480829142,0.196832848188626
"ETH",2025-05-06,2025-05-07,-0.0667000785141402,-0.0900361386145465,-0.0877755157417248,-0.112341568837082,0.00107383707091495,0.57987212052189,0.719372314874366,0.157423563991894
"ETH",2025-05-07,2025-05-08,-0.0666865864351677,-0.0899400003214687,-0.0877583017099323,-0.112019501125681,0.00107390823019355,0.566318645869646,0.725931171151364,0.977612118136397
"ETH",2025-05-08,2025-05-09,-0.141958465312449,-0.163875293941062,-0.168440319228484,-0.179732417617884,0.00753740405338375,1,0.516062208045,0.461142634107536
"ETH",2025-05-09,2025-05-10,-0.108378201476416,-0.136190029188903,-0.138654708834517,-0.159262134555379,0.00302142042902426,0.847395694227412,0.589911146010714,0.331694029333365
"ETH",2025-05-10,2025-05-11,-0.10808914027241,-0.13767022178843,-0.139239578787599,-0.161608814408808,0.00302142967628632,0.996724208601217,0.517647443235924,0.507971539448231
"ETH",2025-05-11,2025-05-12,-0.0866147637868431,-0.112691978308384,-0.112291373193778,-0.136515930043793,0.00188628338283054,0.445139082127099,0.784572911567729,0.51940655153363
"ETH",2025-05-12,2025-05-13,-0.0680796050361937,-0.0921293715425038,-0.0899641468327447,-0.113816477669462,0.00116704267629718,0.682647760933793,0.669636680910828,0.466592572125001
"ETH",2025-05-13,2025-05-14,-0.0883282044135823,-0.116752229305548,-0.116959444953175,-0.141646065614993,0.0018893626996974,0.971173258864109,0.530012169726097,0.488637264303573
"ETH",2025-05-14,2025-05-15,-0.0790581053330535,-0.104911572042747,-0.103477063852957,-0.127635929414496,0.0015499942417602,0.494833380996151,0.760524630781346,0.475984394765146
"ETH",2025-05-15,2025-05-16,-0.0702083108768649,-0.0942972336931285,-0.0929409835356579,-0.116984356692935,0.00120423250703104,0.735791572526255,0.643919096956141,0.435369826035829
"ETH",2025-05-16,2025-05-17,-0.0685097996768809,-0.0922354942268861,-0.0899758483815702,-0.114301206409938,0.00115857931357814,0.507312943795136,0.75448546658925,0.466597434843235
"ETH",2025-05-17,2025-05-18,-0.0693458401482993,-0.0938993959627187,-0.0920730677258886,-0.116974331453395,0.00116056040271597,0.789438000850036,0.617958284531432,0.386985253016508
"ETH",2025-05-18,2025-05-19,-0.0693312624288384,-0.0927250390423378,-0.0907922128678788,-0.115091455392437,0.00117740861382009,0.462903406264637,0.775976322732347,0.442140132959312
"ETH",2025-05-19,2025-05-20,-0.0676397230358081,-0.0924894658629164,-0.0899400670311799,-0.115252873224057,0.00110377940663044,0.781216340224929,0.621936946223871,0.338174398447613
"ETH",2025-05-20,2025-05-21,-0.0688874383275819,-0.0926812497268571,-0.0903425908469925,-0.114722199470809,0.00116255590035237,0.458602596612404,0.778057589205152,0.35048766660188
"ETH",2025-05-21,2025-05-22,-0.0659302166911962,-0.0900391941020967,-0.0873821352677945,-0.11216244318662,0.00105152906646997,0.694640912039696,0.663832903176319,0.623937432696678
"ETH",2025-05-22,2025-05-23,-0.0718197167878414,-0.0980730576438328,-0.0957955913200396,-0.121728794556676,0.0012232903779969,0.86639167099878,0.580718530487287,0.723341882276123
"ETH",2025-05-23,2025-05-24,-0.0781456749748647,-0.106152931798592,-0.104649960979852,-0.130020585867187,0.00143628138153677,0.960693136743836,0.535083755907201,0.359212286939676
"ETH",2025-05-24,2025-05-25,-0.0709886020760897,-0.0977979900204928,-0.0953879414296039,-0.121436239319413,0.00133090584680098,0.822197564631463,0.939624607518864,0.3198665040838
"ETH",2025-05-25,2025-05-26,-0.0680295220976277,-0.0931881382967344,-0.0911628951512597,-0.117626858923994,0.00120564803055387,0.864109023491423,0.936547197743777,0.292392287564547
"ETH",2025-05-26,2025-05-27,-0.0663329555503498,-0.091562469850461,-0.0890418361801216,-0.115712686188169,0.00114722783925578,0.842861837741169,0.938107303235199,0.674293972254575
"ETH",2025-05-27,2025-05-28,-0.0705393003691558,-0.0971681277990638,-0.0945100605562282,-0.121966487562074,0.00130736516236626,0.999999987350432,0.926569206237371,0.314264348540691
"ETH",2025-05-28,2025-05-29,-0.0680016995289293,-0.0931055780320188,-0.0911274404564844,-0.117465300531325,0.00120472873061846,0.821520292991496,0.939674337173281,0.376533505081077
"ETH",2025-05-29,2025-05-30,-0.0671491469732636,-0.0917615825920418,-0.0898512597218152,-0.116662326135689,0.00116629402227828,0.986160541037688,0.927585387695214,0.749216137834624
"ETH",2025-05-30,2025-05-31,-0.0721985838429306,-0.0983978380408273,-0.0965835807946216,-0.123166721226258,0.00136614573052817,0.999999998529588,0.926569205416525,0.309312420274707
"ETH",2025-05-31,2025-06-01,-0.068400104117342,-0.0948050852984823,-0.0919401812900828,-0.118650442391794,0.00123168485499346,0.798852642120043,0.941338742380534,0.258891190905198
"ETH",2025-06-01,2025-06-02,-0.0667043866455133,-0.091358350647295,-0.0893998414449512,-0.115653777488155,0.00115536810295463,0.814663285672937,0.940177822900669,0.569269764833182
"ETH",2025-06-02,2025-06-03,-0.0679584808815425,-0.0937959635083254,-0.0914926187823032,-0.117210114229901,0.00120561907819457,0.999986582819162,0.92657019048456,0.270782461077311
"ETH",2025-06-03,2025-06-04,-0.0666837190219072,-0.0914250280003678,-0.0893735229267895,-0.115735442399602,0.00115556862636402,0.802323693739891,0.941083875371002,0.240925337197168
"ETH",2025-06-04,2025-06-05,-0.0654094880809473,-0.0911246022387947,-0.0880954921961268,-0.114578018314488,0.00111943851441802,0.850126536993647,0.93757388213508,0.942035333546791
"ETH",2025-06-05,2025-06-06,-0.0839487578130156,-0.11151956349209,-0.11085046566454,-0.137574343224283,0.00189196042251559,1,0.926569205308558,0.485580050397809
"ETH",2025-06-06,2025-06-07,-0.0763735652907333,-0.10412138040942,-0.102011741670475,-0.12880007056266,0.00155345801585604,0.949066931597285,0.930309039875077,0.416027765093319
"ETH",2025-06-07,2025-06-08,-0.0717392232003522,-0.0984334948546507,-0.0961134424894282,-0.122921603653577,0.00135662692330104,0.939398971761623,0.931018923876081,0.330309368664769
"ETH",2025-06-08,2025-06-09,-0.0683633432784631,-0.0942337531463067,-0.0918932040394064,-0.117909282523615,0.00122516260905867,0.851410969700805,0.937479570796941,0.788359988721938
"ETH",2025-06-09,2025-06-10,-0.0805826935385772,-0.107965432166973,-0.107063146369959,-0.132998418527929,0.00173220635476585,0.999999999989931,0.926569205309298,0.615321243427026
"ETH",2025-06-10,2025-06-11,-0.0801728776796883,-0.10701892911876,-0.106235844838692,-0.133028485562184,0.00170822150681621,0.999196964284736,0.926628169372972,0.401564006962854
"ETH",2025-06-11,2025-06-12,-0.0730129025962124,-0.0997489976289783,-0.0978109608854827,-0.123903755413557,0.00140856152186987,0.873871025479796,0.935830408561042,0.600272510043163
"ETH",2025-06-12,2025-06-13,-0.0755423659948857,-0.102911700571257,-0.100762824717261,-0.128258597671853,0.00151402411051696,0.999858831037366,0.926579570844795,0.493880916909707
"ETH",2025-06-13,2025-06-14,-0.0740260951635657,-0.0996154445617057,-0.0980294018391453,-0.125131647338348,0.00139637909849738,0.956888855197195,0.878414403099115,0.409613394112801
"ETH",2025-06-14,2025-06-15,-0.0710663903673123,-0.0963226426522024,-0.0946453666579418,-0.120354586086429,0.00128127760547244,0.871869550416894,0.876938430512109,0.327541567368912
"ETH",2025-06-15,2025-06-16,-0.0685253946160521,-0.0937715868503849,-0.0916793116670027,-0.116759130385069,0.00118896157562479,0.744082548316233,0.874719991857927,0.307820633721906
"ETH",2025-06-16,2025-06-17,-0.0676691932770863,-0.0919498911238094,-0.089977366459364,-0.116567138086642,0.00114946258579851,0.750640142453218,0.874833834581152,0.432397497442727
"ETH",2025-06-17,2025-06-18,-0.0685006760910546,-0.0931471575633607,-0.0912269885126339,-0.1172638244149,0.00118105904072698,0.965759010481699,0.878568392902681,0.270056333171761
"ETH",2025-06-18,2025-06-19,-0.0672236152571342,-0.0920263090263253,-0.0899459863801394,-0.114979463904386,0.00113636736211726,0.693068407006261,0.873834363890046,0.232324597702209
"ETH",2025-06-19,2025-06-20,-0.0667883310119549,-0.090955939801269,-0.0890860264540432,-0.114659726441139,0.0011149701951044,0.638086762586432,0.872879858320259,0.864989026998564
"ETH",2025-06-20,2025-06-21,-0.0743727808397791,-0.101253004971591,-0.0991979325930988,-0.124662041482492,0.00141606954286154,0.999999999841329,0.87916283156314,0.800141548074256
"ETH",2025-06-21,2025-06-22,-0.0807098318815603,-0.108757790738389,-0.106804157796994,-0.133569065446939,0.0016932884570718,0.999999790899686,0.879162827935821,0.432829664849584
"ETH",2025-06-22,2025-06-23,-0.0743843074848502,-0.101005737281976,-0.0987917962531208,-0.125855496263199,0.00141740129886208,0.856784497603151,0.876676547349406,0.758566702084961
"ETH",2025-06-23,2025-06-24,-0.0900297118404426,-0.118120615288045,-0.117823383443332,-0.143169155790856,0.00214845688673622,0.99999999817985,0.879162831534296,0.442375274348855
"ETH",2025-06-24,2025-06-25,-0.0786440422711189,-0.106022360013941,-0.104327931351104,-0.130446687204966,0.00160358639202947,0.77974826511495,0.875339164414405,0.398547420829796
"ETH",2025-06-25,2025-06-26,-0.0727351935253467,-0.0988609842368904,-0.0967310700668754,-0.123436149029639,0.00135465550376946,0.789787166377999,0.87551344416306,0.354562752431639
"ETH",2025-06-26,2025-06-27,-0.0693525916070653,-0.0947136367230948,-0.0925025184880102,-0.118599169541616,0.00122223931329389,0.747385520583032,0.874777332911633,0.325900913291382
"ETH",2025-06-27,2025-06-28,-0.0676545979287406,-0.0929051048856267,-0.090379729418381,-0.116474710310649,0.00116010580056681,0.733889998656611,0.874543044705416,0.311053648912008
"ETH",2025-06-28,2025-06-29,-0.0672198883838964,-0.0915291521754162,-0.0895204797719334,-0.115707336554611,0.00113514674086484,0.746985925800626,0.874770395770165,0.515369870326736
"ETH",2025-06-29,2025-06-30,-0.0693164207997883,-0.0940331661863821,-0.0924565717868746,-0.117561392764113,0.00121073771384466,0.992566696399674,0.879033786140584,0.297515068040102
"ETH",2025-06-30,2025-07-01,-0.0676195333206278,-0.0927496264461618,-0.0903351736381474,-0.116257504836968,0.00115342350800684,0.726954474315309,0.874422640947343,0.688595848019458
"ETH",2025-07-01,2025-07-02,-0.0714048535035921,-0.0975231648892196,-0.0953823043779006,-0.12078060203888,0.00129739343003263,0.999960857294397,0.879162152031281,0.849834086596434
"ETH",2025-07-02,2025-07-03,-0.0844927939141606,-0.111893595740532,-0.111006700808922,-0.137821354590893,0.00185925832126541,0.999999999957357,0.879162831565154,0.40453132747157
"ETH",2025-07-03,2025-07-04,-0.0770930570528305,-0.104644252803343,-0.102391981180667,-0.129808531824393,0.00154895965080436,0.629569234953798,0.883789634500587,0.510896017902705
"ETH",2025-07-04,2025-07-05,-0.0737149499304973,-0.100863536270506,-0.0985908664606742,-0.125492454627563,0.00139585443694596,0.959301114718351,0.822925423021651,0.346196213472972
"ETH",2025-07-05,2025-07-06,-0.0707482618270526,-0.0961925554566881,-0.0943551498757261,-0.120692670765094,0.00128492385937251,0.679398635840139,0.874591775938714,0.42243773808558
"ETH",2025-07-06,2025-07-07,-0.0694729656143699,-0.0949890525795315,-0.0930769252907377,-0.11892286843526,0.00123273355681507,0.876115023300869,0.838280492309325,0.337294799655842
"ETH",2025-07-07,2025-07-08,-0.0686161036923847,-0.0943276295069004,-0.0917947800445676,-0.118514910668766,0.00121018494884139,0.75287617212806,0.861028779510305,0.551064259171172
"ETH",2025-07-08,2025-07-09,-0.070295421155719,-0.0958908155520525,-0.0938937827345823,-0.120878583550061,0.00125969526853027,0.928561751870232,0.828599509138079,0.81515954107967
"ETH",2025-07-09,2025-07-10,-0.0812784709151732,-0.108732915053611,-0.10783388496424,-0.134189992892041,0.00170010722003327,0.999475613239211,0.815509733717421,0.699932286795559
"ETH",2025-07-10,2025-07-11,-0.0855233759970996,-0.114194932606365,-0.113351466738586,-0.13860646419971,0.00190527032690611,0.999679800714065,0.815472043368342,0.403962572883154
"ETH",2025-07-11,2025-07-12,-0.0762311989669792,-0.103841863173353,-0.101525049578208,-0.128279481333829,0.00151495213437962,0.630127271187136,0.88368662827825,0.361319707782637
"ETH",2025-07-12,2025-07-13,-0.0707360521014396,-0.095826289860491,-0.0943396290380824,-0.120520050790171,0.00127675350268307,0.783383188873583,0.855397581458977,0.350077808517726
"ETH",2025-07-13,2025-07-14,-0.0686148112407879,-0.0947247680704111,-0.0922145588795981,-0.117688791355828,0.00121295549144373,0.770978882060833,0.857687254976866,0.365438275069949
"ETH",2025-07-14,2025-07-15,-0.0681807725689136,-0.0941129975916545,-0.0913556357767636,-0.118142349030085,0.00119526070006262,0.808095746931159,0.850835965030272,0.669952709390732
"ETH",2025-07-15,2025-07-16,-0.0732388403591992,-0.098992657045252,-0.0976782602946088,-0.124175635007314,0.00136391365938721,0.980401109189458,0.819030638790867,0.798748021651502
"ETH",2025-07-16,2025-07-17,-0.0876137158164023,-0.115412707615793,-0.115437027549234,-0.140880573420023,0.00199497821130206,0.99997376137561,0.81541778205796,0.53903851150455
"ETH",2025-07-17,2025-07-18,-0.0800239815491545,-0.108267333886875,-0.106582167642371,-0.132882205336286,0.00165764121278841,0.962347661548155,0.822363070146758,0.417726188699027
"ETH",2025-07-18,2025-07-19,-0.0741089497934331,-0.100151996838255,-0.098555770695345,-0.125432850783396,0.00141052132145783,0.750842240123694,0.861404216873947,0.390413993807136
"ETH",2025-07-19,2025-07-20,-0.070302515270828,-0.096398350773485,-0.09390281003921,-0.121162264422387,0.00126987235767699,0.803570217118454,0.851671318905582,0.629584947678981
"ETH",2025-07-20,2025-07-21,-0.0753657783551395,-0.102087297029285,-0.100653479377918,-0.126722020165919,0.00145253081045159,0.991292380299105,0.817020251962134,0.360923625075615
"ETH",2025-07-21,2025-07-22,-0.0715575977609096,-0.0970589812264322,-0.0951554164388331,-0.122350641278876,0.00131522152231451,0.664259479144631,0.877386267133761,0.32278234007971
"ETH",2025-07-22,2025-07-23,-0.068593681229338,-0.0937551708941139,-0.0917662373062477,-0.117796264004173,0.00120351159064489,0.78107631818579,0.855823399749573,0.570246395539433
"ETH",2025-07-23,2025-07-24,-0.071687954299312,-0.0984194894552333,-0.0957427996357597,-0.122795437124659,0.00131485432243822,0.999961491353058,0.876276181692681,0.464559075273409
"ETH",2025-07-24,2025-07-25,-0.0708336302167212,-0.0967691817802243,-0.0944636690151354,-0.12141515135946,0.0012765821198529,0.980641259580297,0.878650444049089,0.295931267443856
"ETH",2025-07-25,2025-07-26,-0.0695525757254966,-0.0949960952706856,-0.0927565523681797,-0.118994711421677,0.00123844798568376,0.67515640081508,0.916191463698839,0.27315036001818
"ETH",2025-07-26,2025-07-27,-0.0686940320299824,-0.0934162391295211,-0.0914721619240286,-0.11792524529834,0.00119619952888945,0.779057326085188,0.903423083973053,0.666644466001154
"ETH",2025-07-27,2025-07-28,-0.0716422343857087,-0.097918853956249,-0.0956845807529699,-0.122092175971756,0.00130733253474978,0.999999993111911,0.876271450213381,0.455805568285359
"ETH",2025-07-28,2025-07-29,-0.0703654322322003,-0.0959939425484582,-0.0939828722552628,-0.120070328105496,0.00125586358135012,0.977427937346694,0.87904532906434,0.257278617693198
"ETH",2025-07-29,2025-07-30,-0.0695068195059351,-0.0948018431944047,-0.0926984296027908,-0.118624440311782,0.00123723756133799,0.626192749239359,0.922208604493828,0.229176607234875
"ETH",2025-07-30,2025-07-31,-0.0686486246080057,-0.0936435924297732,-0.0914145857636562,-0.118116494619376,0.00119975121253565,0.712808186485419,0.911564437562709,0.654734146788636
"ETH",2025-07-31,2025-08-01,-0.0703273858400617,-0.0965078505235096,-0.0939344579898407,-0.120848038073157,0.00125765722957312,0.999999986764598,0.876271450993402,0.906540386954906
"ETH",2025-08-01,2025-08-02,-0.0825809593606216,-0.109936996754488,-0.109146567567113,-0.135076512692057,0.00177437263217303,0.999999999999999,0.876271449366904,0.515409746322625
"ETH",2025-08-02,2025-08-03,-0.0754039120965896,-0.101950964193969,-0.100280495760922,-0.126681790754519,0.00146328568559941,0.934960432474325,0.884264158702358,0.553572101701229
"ETH",2025-08-03,2025-08-04,-0.0741349751770472,-0.100471686576356,-0.098588833245624,-0.125563567640273,0.00140869243344989,0.988933739859728,0.877631381545063,0.729484196655882
"ETH",2025-08-04,2025-08-05,-0.0830155494738777,-0.11004186767275,-0.109584612325502,-0.135378554196348,0.00179482617713678,0.999998106080592,0.876271682110569,0.506201675960367
"ETH",2025-08-05,2025-08-06,-0.0762610872790742,-0.102341191829049,-0.101141407473875,-0.127651087714141,0.00149552331439949,0.935967175330389,0.884140440121036,0.428676001107225
"ETH",2025-08-06,2025-08-07,-0.0720325899567367,-0.0978122801314278,-0.0960663822484911,-0.121924778531119,0.00132828854619573,0.883489221963436,0.890589453294686,0.689328534499605
"ETH",2025-08-07,2025-08-08,-0.0817550428712285,-0.109561488428517,-0.108325375712478,-0.134229849895827,0.00174620600462093,0.999999028404878,0.876271568766182,0.499010326060469
"ETH",2025-08-08,2025-08-09,-0.0754219090700553,-0.102941660393533,-0.100725094427983,-0.126578595991501,0.00147617389283197,0.937931665215771,0.883899024053192,0.644966025633954
"ETH",2025-08-09,2025-08-10,-0.0830384915031504,-0.111181647544664,-0.110035520287682,-0.135404085978153,0.0018109507893144,0.999972140916338,0.87627487296836,0.410942447334885
"ETH",2025-08-10,2025-08-11,-0.0737428558830773,-0.0996694545023839,-0.0982047277175479,-0.123702082025606,0.00140152475870068,0.755581490007191,0.906308028343326,0.369001052116596
"ETH",2025-08-11,2025-08-12,-0.0699324989590868,-0.0952482115590869,-0.0931251885660965,-0.119858231048924,0.00124945537037711,0.800114018318167,0.900835428073928,0.733297685806196
"ETH",2025-08-12,2025-08-13,-0.0926032269226762,-0.120032850196857,-0.12040885197164,-0.142959920353886,0.00192997894035975,0.994149979419684,0.323916032728814,0.51276330255971
"ETH",2025-08-13,2025-08-14,-0.080803939637015,-0.105019890875976,-0.105659725198305,-0.126660200604307,0.00144208446735603,0.276715020686997,0.3144376411638,0.529463764261175
"ETH",2025-08-14,2025-08-15,-0.0816527781212453,-0.107764858724907,-0.107352777581006,-0.129183019160001,0.00145485124470008,0.404087534155162,0.316120423055839,0.484478705466689
"ETH",2025-08-15,2025-08-16,-0.0795399588687981,-0.104379524997087,-0.104395711425073,-0.126822471877124,0.00134497177477248,0.26271631233815,0.314252697236104,0.39112840741038
"ETH",2025-08-16,2025-08-17,-0.0774170818687052,-0.102256748426114,-0.102268470468917,-0.122920756126598,0.00124134206155821,0.15485041208183,0.312827626953847,0.396412197909012
"ETH",2025-08-17,2025-08-18,-0.077824137013456,-0.102906016119209,-0.102671788991475,-0.124392662749448,0.0012410882150971,0.175351354327505,0.313098475141116,0.578148233609273
"ETH",2025-08-18,2025-08-19,-0.0807730749404517,-0.10617499813548,-0.106463261406247,-0.127201797776422,0.0013610870829781,0.434247289302701,0.31651887864448,0.677518864616284
"ETH",2025-08-19,2025-08-20,-0.0841624737932014,-0.110671655307878,-0.110279060468376,-0.133280875021424,0.00153368192772325,0.709804198554897,0.320159398600395,0.638710862369373
"ETH",2025-08-20,2025-08-21,-0.0854508308665956,-0.110777350239122,-0.111573746231315,-0.133170605453827,0.00160261093156039,0.668125985534848,0.31960876691187,0.484144612555888
"ETH",2025-08-21,2025-08-22,-0.0791230282773118,-0.104651068640396,-0.104401217980555,-0.124976605818171,0.00135408394075376,0.241182372437392,0.313968201600879,0.577299210704718
"ETH",2025-08-22,2025-08-23,-0.110561111404956,-0.138272909863716,-0.139691108738599,-0.160699386071767,0.00301870415713898,0.999974350364569,0.323992981402367,0.519665270856666
"ETH",2025-08-23,2025-08-24,-0.0801492699344161,-0.103550038833566,-0.102943038076603,-0.124110816080071,0.00152510317066687,0.199253748060676,0.313414261602852,0.487080789028724
"ETH",2025-08-24,2025-08-25,-0.0780222490463423,-0.101849019569308,-0.102078132953412,-0.12403640199594,0.00132602962535216,0.192062529475755,0.31331925482245,0.481456140091095
"ETH",2025-08-25,2025-08-26,-0.0945724364994495,-0.121746772180084,-0.122449472336494,-0.144623913290729,0.00204956363405227,0.982883699043799,0.323767188271788,0.483986579212619
"ETH",2025-08-26,2025-08-27,-0.0836030474667916,-0.109770656824378,-0.108948971860675,-0.131837750469677,0.00159808037630715,0.391839957594867,0.31595861420481,0.480368368239599
"ETH",2025-08-27,2025-08-28,-0.0785225814107398,-0.103998722287035,-0.103443108967653,-0.124755198825865,0.00134527728042715,0.213122323773231,0.313597486283296,0.445574220617107
"ETH",2025-08-28,2025-08-29,-0.0776614700002336,-0.101703877742127,-0.102155354294411,-0.123438095367813,0.00125031578005813,0.160051503172908,0.312896341165953,0.480254104209527
"ETH",2025-08-29,2025-08-30,-0.0797678558541928,-0.10457595681587,-0.105104997051544,-0.125741922950676,0.00132002841881906,0.309529918201848,0.314871175164375,0.398196714430582
"ETH",2025-08-30,2025-08-31,-0.0772179431288407,-0.102688106944885,-0.102128483886832,-0.123495532449257,0.00122868692689449,0.148400803621029,0.312742417955194,0.368721710191644
"ETH",2025-08-31,2025-09-01,-0.0776242274779539,-0.101794448364745,-0.10210840360902,-0.123988715803831,0.00121814760457181,0.147102005674848,0.312725258886838,0.436070288947414
"ETH",2025-09-01,2025-09-02,-0.0695611831291185,-0.0963110680084629,-0.093611351659577,-0.119971180661275,0.00124009801375757,0.998903338808893,0.864131826939883,0.329744270558701
"ETH",2025-09-02,2025-09-03,-0.0699679242608567,-0.0956113939918076,-0.0935919999495809,-0.119951917190056,0.00125782120750917,0.661158743985439,0.90653688194873,0.546985576674593
"ETH",2025-09-03,2025-09-04,-0.070805839041121,-0.096843686813589,-0.0948501716461208,-0.121448154374529,0.00128023132872624,0.999999885267671,0.863994151567377,0.574460393326746
"ETH",2025-09-04,2025-09-05,-0.0720673304754342,-0.0981401599951252,-0.0965323861461557,-0.122523473950538,0.00132974352529181,0.999393131602234,0.864070331683814,0.3126011775858
"ETH",2025-09-05,2025-09-06,-0.0707865373987206,-0.0976229580575289,-0.0948255421895953,-0.121834307447912,0.0013000841197274,0.671810252815391,0.905199546504184,0.294488988214211
"ETH",2025-09-06,2025-09-07,-0.0695068615181867,-0.0955895220901276,-0.093120148814278,-0.119962297605043,0.001239332710003,0.797881266047112,0.889370874978273,0.292925133232642
"ETH",2025-09-07,2025-09-08,-0.0690709072545798,-0.0942204749899081,-0.0922586479009284,-0.119365072370105,0.00121140430264415,0.86509442521484,0.880932019832965,0.233473551016157
"ETH",2025-09-08,2025-09-09,-0.0694775409915167,-0.0951207111348579,-0.0930827597397283,-0.118845926990703,0.00124336125455438,0.575883953467337,0.917243440212611,0.2066061077463
"ETH",2025-09-09,2025-09-10,-0.0690410655595879,-0.0954105229342899,-0.0926421489722943,-0.119000710502815,0.00123426921580177,0.574482661310786,0.917419377509292,0.265520787098477
"ETH",2025-09-10,2025-09-11,-0.067762756219044,-0.0938508320867971,-0.0913599194671773,-0.11694604164985,0.00116717203010079,0.998940702055765,0.86412713584915,0.71420731377314
"ETH",2025-09-11,2025-09-12,-0.0694400449203658,-0.0960468741336789,-0.0934562828468986,-0.119607469381167,0.00123410707184169,0.999999999999985,0.86399413716232,0.913805940451497
"ETH",2025-09-12,2025-09-13,-0.0761963543117241,-0.102607668562223,-0.101480680188031,-0.128024359210529,0.00150285075212181,0.999999999993216,0.86399413716317,0.356393766934859
"ETH",2025-09-13,2025-09-14,-0.073231801221825,-0.0989936787007678,-0.0976692998867984,-0.123861364203118,0.00138193243158234,0.752610631768308,0.895054766789722,0.340743051255136
"ETH",2025-09-14,2025-09-15,-0.0706905473359304,-0.0974952129800754,-0.0947030560804175,-0.122036583728282,0.00128962452453301,0.847997581818641,0.883078590335662,0.431084551602137
"ETH",2025-09-15,2025-09-16,-0.0702584480688827,-0.0955280829072824,-0.0938467342566859,-0.120734762428416,0.00125327257163018,0.970881879172773,0.867650022509879,0.261798994639256
"ETH",2025-09-16,2025-09-17,-0.0702437648720849,-0.0952752800893578,-0.0938280497994468,-0.119698389668578,0.00126317927782318,0.647800081867388,0.908214110276416,0.467831197860987
"ETH",2025-09-17,2025-09-18,-0.0693904335615881,-0.09475995534576,-0.0929716817148317,-0.119227279123158,0.00122048592951464,0.999184431250334,0.864096534767559,0.234713678638181
"ETH",2025-09-18,2025-09-19,-0.06979684966026,-0.0958216364645456,-0.0933740785145909,-0.120088386372738,0.00125904093198153,0.579642594283523,0.916771529268626,0.675744511680669
"ETH",2025-09-19,2025-09-20,-0.0702114237520457,-0.0957244345434305,-0.0937868955274749,-0.121080063418885,0.00125275616367813,0.999999970233979,0.86399414089955,0.261334891218202
"ETH",2025-09-20,2025-09-21,-0.0701968304017357,-0.0956342483447747,-0.093768325400438,-0.120219547906495,0.00126517241355829,0.654257329282604,0.907403379517005,0.248057456050253
"ETH",2025-09-21,2025-09-22,-0.0775258341379039,-0.105025157015728,-0.104936252921597,-0.126636175147165,0.00122392444483753,0.119431096789237,0.27109614271063,0.937320310755424
"ETH",2025-09-22,2025-09-23,-0.0842979678712071,-0.112824569687036,-0.112558794217051,-0.136456970925053,0.00154592597653177,0.8201387682689,0.279936228951945,0.370615884256994
"ETH",2025-09-23,2025-09-24,-0.077955072247403,-0.104706352732545,-0.104945951202165,-0.126933769395356,0.00128920958012409,0.137986276453552,0.271330233751919,0.29453085714536
"ETH",2025-09-24,2025-09-25,-0.0775169685150199,-0.105001989177256,-0.104503138436444,-0.127977843562941,0.0012452884618725,0.124433013147776,0.271159246589439,0.860366912717722
"ETH",2025-09-25,2025-09-26,-0.0872602686107311,-0.11572621180312,-0.11594557875124,-0.139123168396623,0.00169998719221706,0.936998679117845,0.281410526625718,0.583348970179959
"ETH",2025-09-26,2025-09-27,-0.0813558524534275,-0.107957485072665,-0.108354173747488,-0.131500680869344,0.00146803008322394,0.287807380781965,0.273220367879087,0.381341484797304
"ETH",2025-09-27,2025-09-28,-0.077964557917094,-0.104370306553446,-0.104536378201121,-0.127845821759669,0.00129196011930203,0.135731557451268,0.271301788351302,0.499071673271505
"ETH",2025-09-28,2025-09-29,-0.0792224026345397,-0.106673368121369,-0.106635626173847,-0.12936186677172,0.00132444617427366,0.224919052993471,0.272426972482047,0.437953771960157
"ETH",2025-09-29,2025-09-30,-0.0783667703841149,-0.10572024227843,-0.105776476555052,-0.127709444639572,0.00128217834575096,0.16650411820918,0.271690013144662,0.425081778709257
"ETH",2025-09-30,2025-10-01,-0.078354733606481,-0.105358594450814,-0.105339320570269,-0.12887620177072,0.00126833466136277,0.160802639509344,0.27161808362903,0.709302960353661
"ETH",2025-10-01,2025-10-02,-0.082158054940127,-0.109666477265398,-0.109988344979993,-0.132976662886154,0.00144370604587681,0.534242447180918,0.276329377996317,0.557373072936038
"ETH",2025-10-02,2025-10-03,-0.0796228311084184,-0.107339079685989,-0.107029965097232,-0.130186733860344,0.00136205381907495,0.245004425148694,0.272680368340646,0.364838104881966
"ETH",2025-10-03,2025-10-04,-0.0779206569985449,-0.104605327576821,-0.10490168102746,-0.127246091024925,0.00126385802864359,0.133199844569161,0.271269848412399,0.321635462787222
"ETH",2025-10-04,2025-10-05,-0.0779049872199827,-0.104186238917354,-0.10488152415347,-0.126837233233159,0.00123682239445923,0.123659901340121,0.271149493056928,0.29751142753041
"ETH",2025-10-05,2025-10-06,-0.0778890627683712,-0.10410970822497,-0.104861039679921,-0.126824260119912,0.00122532036942597,0.119325137237047,0.271094805931232,0.723004343050482
"ETH",2025-10-06,2025-10-07,-0.0808395003763368,-0.107708150853944,-0.108233020918072,-0.131624332693304,0.00136404345496764,0.399027942784437,0.274623519863756,0.765954135801909
"ETH",2025-10-07,2025-10-08,-0.0829619931302986,-0.11066349992405,-0.110781240029917,-0.134336797376253,0.00149792325897051,0.570691278582202,0.276789214281971,0.416246110748563
"ETH",2025-10-08,2025-10-09,-0.0783113648688348,-0.104831085325675,-0.105283588361757,-0.127313781795952,0.00130021437294012,0.149834281621186,0.271479707479312,0.597306013948536
"ETH",2025-10-09,2025-10-10,-0.0804180602618257,-0.107335061903247,-0.107811580424905,-0.13063477049817,0.00137162819477926,0.306852274244902,0.273460637120486,0.747792380520406
"ETH",2025-10-10,2025-10-11,-0.104219129227832,-0.131396222577693,-0.133346861026564,-0.154758417453855,0.00266447718192538,0.999872728419445,0.282203741886218,0.510333902307929
"ETH",2025-10-11,2025-10-12,-0.0820865994669692,-0.105634438415597,-0.104418946695784,-0.126041484086983,0.00162117119320483,0.247515971034922,0.330480522041126,0.425700856391994
"ETH",2025-10-12,2025-10-13,-0.100334716851057,-0.126601477118609,-0.127753868951335,-0.148620761822701,0.00239926791620486,0.921174261845595,0.338175229320385,0.497476626200333
"ETH",2025-10-13,2025-10-14,-0.0813419979369354,-0.103985032708022,-0.103696810882233,-0.123229124767752,0.00158275288458065,0.238551968611585,0.330378132779925,0.488944755108404
"ETH",2025-10-14,2025-10-15,-0.0800687118247864,-0.103645652782568,-0.103686950695352,-0.123824713451427,0.00146562155487072,0.266360788038313,0.330695772640058,0.492217999763377
"ETH",2025-10-15,2025-10-16,-0.0809120558009156,-0.10565745735435,-0.105373761796118,-0.126615975788673,0.00145507796108779,0.340723240076663,0.331545160688581,0.469809280393553
"ETH",2025-10-16,2025-10-17,-0.0787933686541732,-0.103046571605903,-0.102830813757838,-0.124162478417676,0.00134603326522377,0.243604538163091,0.33043584459649,0.431513199425472
"ETH",2025-10-17,2025-10-18,-0.0775138123319372,-0.102233187964411,-0.101547561367933,-0.123000597662308,0.00127299270202079,0.193162709176766,0.329859684377022,0.408568440057228
"ETH",2025-10-18,2025-10-19,-0.0774992847239252,-0.101932726395324,-0.101529312080565,-0.122873048723069,0.00124371423901149,0.185961929543638,0.329777435123632,0.463443761747377
"ETH",2025-10-19,2025-10-20,-0.0787549166338271,-0.103080996502107,-0.103204181202355,-0.123684369432606,0.00127443699278931,0.266725879756016,0.330699942816446,0.347549265777672
"ETH",2025-10-20,2025-10-21,-0.0770524616933227,-0.101400378942292,-0.101075992953404,-0.121962731380365,0.0012109890074073,0.155743665108932,0.329432273930659,0.481827827270251
"ETH",2025-10-21,2025-10-22,-0.0787295979012955,-0.103280084594339,-0.103172350334626,-0.124123819165285,0.00126355447374002,0.2762304508608,0.330808506599396,0.451840108416906
"ETH",2025-10-22,2025-10-23,-0.0782971583896096,-0.102510321202382,-0.102737065659268,-0.122642972548496,0.00124967041353644,0.230864427547092,0.330290323605756,0.381088876633036
"ETH",2025-10-23,2025-10-24,-0.0778620327487912,-0.101337502557282,-0.1018770561236,-0.122268933880946,0.00122517705385928,0.187722865940781,0.329797549015642,0.438395954687323
"ETH",2025-10-24,2025-10-25,-0.07827153275672,-0.101861385382991,-0.102283556029422,-0.123361869417465,0.00123660372300049,0.218477213750797,0.330148833497984,0.286944122010237
"ETH",2025-10-25,2025-10-26,-0.0769919835870125,-0.101780403293636,-0.100999951632377,-0.122736763925615,0.00120111649622899,0.155540315167223,0.329429951212601,0.84011605472692
"ETH",2025-10-26,2025-10-27,-0.0837472948838384,-0.109720615434862,-0.109444201818206,-0.131146745439749,0.00146993867953759,0.810117640626104,0.336906710542594,0.387107549093913
"ETH",2025-10-27,2025-10-28,-0.0774138294334207,-0.101902971799404,-0.101421964872942,-0.122683801665988,0.00125662244904929,0.180004889982952,0.329709392205886,0.596763751085869
"ETH",2025-10-28,2025-10-29,-0.0799377451646979,-0.104478774459117,-0.104366249387864,-0.126444902726545,0.00133030849747166,0.360640316195596,0.331772658921267,0.455801259757164
"ETH",2025-10-29,2025-10-30,-0.078241873008791,-0.102445691885851,-0.102246365744157,-0.124146421041556,0.00126840949484305,0.223119334207374,0.330201857053926,0.558788579473234
"ETH",2025-10-30,2025-10-31,-0.0790778161283557,-0.104240619648281,-0.103922925553814,-0.124033718743308,0.00130004851275259,0.306416568319065,0.331153300600906,0.399060410923615
"ETH",2025-10-31,2025-11-01,-0.0717119668478219,-0.0966332465801246,-0.0940848567716272,-0.119504936954186,0.00124312873180826,0.792267171142478,0.830171394864748,0.291174875332956
"ETH",2025-11-01,2025-11-02,-0.0712744597696251,-0.0946029833751847,-0.0932213661616584,-0.117364512578513,0.0012210969014898,0.606055622801415,0.854152907586784,0.266570387931726
"ETH",2025-11-02,2025-11-03,-0.0704151815339997,-0.0936065509119599,-0.0919362680970555,-0.117037492267365,0.00118772703985188,0.629691661640197,0.851108907517183,0.919890400762234
"ETH",2025-11-03,2025-11-04,-0.0848249047242496,-0.110721620344705,-0.11015944566204,-0.135880838159505,0.00180686644280135,1,0.803418234159018,0.656702557944698
"ETH",2025-11-04,2025-11-05,-0.0954764351607192,-0.122783671188775,-0.122945649700813,-0.147164067626272,0.00238557089030229,0.999241452636201,0.803515924734158,0.509773845010291
"ETH",2025-11-05,2025-11-06,-0.0887205504812375,-0.116233698164119,-0.115346020763013,-0.13948039071234,0.00201316752075042,0.829977049267656,0.825314875867607,0.496468168238524
"ETH",2025-11-06,2025-11-07,-0.0832254337290172,-0.109686629409234,-0.108582776807093,-0.133248080233281,0.00173144445046408,0.86116615505361,0.821298143587261,0.507495203375571
"ETH",2025-11-07,2025-11-08,-0.0802689330546738,-0.106969718176888,-0.105204132982548,-0.129845704769031,0.00159988042643208,0.924371644381862,0.813158136912424,0.429884293964503
"ETH",2025-11-08,2025-11-09,-0.0760272884285795,-0.101387390512504,-0.0996906654159322,-0.123756957962442,0.00141547620639558,0.694559128378274,0.842754860774732,0.567265209628301
"ETH",2025-11-09,2025-11-10,-0.0781513078541855,-0.103444044475468,-0.102240106088088,-0.12721083077723,0.00149410851173825,0.999566855157138,0.803474017318828,0.405289727501176
"ETH",2025-11-10,2025-11-11,-0.0747543720654369,-0.0999430470413319,-0.0979938525549159,-0.122404563946064,0.00136688378877773,0.642021763093494,0.849520958286856,0.57048806909316
"ETH",2025-11-11,2025-11-12,-0.0760268294965378,-0.101056048671374,-0.0996900888628639,-0.124239703031316,0.00140410991109002,0.999475942190427,0.803485725671437,0.382630739429143
"ETH",2025-11-12,2025-11-13,-0.0738982555255122,-0.0977569912240886,-0.0962899222657041,-0.121907793710927,0.00132243534500281,0.623488411351779,0.851907801715932,0.635151611121434
"ETH",2025-11-13,2025-11-14,-0.0768664698577347,-0.101806865684599,-0.100528338482539,-0.125784153869385,0.00143863299518483,0.999990919456235,0.803419403609451,0.586160606672487
"ETH",2025-11-14,2025-11-15,-0.0777156809420064,-0.102748922593626,-0.101378592638584,-0.127533900467284,0.00147499425018911,0.981574814714374,0.805791147220907,0.435307642172558
"ETH",2025-11-15,2025-11-16,-0.0751682055154736,-0.0993671783308532,-0.0979829793809093,-0.123781451508462,0.00136926417498798,0.763236349459724,0.833910169531081,0.471251940159667
"ETH",2025-11-16,2025-11-17,-0.0734694844649951,-0.0973846186331067,-0.0962820379009527,-0.120462594379324,0.00129367299564142,0.934112566873838,0.811903638688512,0.464989609871002
"ETH",2025-11-17,2025-11-18,-0.0726150467232927,-0.0966524548409273,-0.0950027464026911,-0.120467512713791,0.00126255159016516,0.931370206594857,0.812256817363544,0.555974571305866
"ETH",2025-11-18,2025-11-19,-0.0730334822477205,-0.0982916103437243,-0.0958425767413762,-0.121706866848574,0.00128847297538769,0.994936883162242,0.804070294688773,0.569907894824623
"ETH",2025-11-19,2025-11-20,-0.0738745564485862,-0.0985622674735296,-0.0966827133209746,-0.122577183418776,0.00131606442133453,0.987670465284978,0.80500611040117,0.725278820344873
"ETH",2025-11-20,2025-11-21,-0.0812608573429308,-0.107439645028712,-0.105810331188184,-0.130197367608517,0.00161489865687573,0.999992157418234,0.803195069053833,0.523189898648386
"ETH",2025-11-21,2025-11-22,-0.0787154779136394,-0.104598418830355,-0.102416976723884,-0.127651323863993,0.00150837692884688,0.884529835967188,0.819729036366529,0.372754540494217
"ETH",2025-11-22,2025-11-23,-0.0757365226644232,-0.0998886353686975,-0.0981643341926681,-0.12330274826886,0.00138424795187251,0.653063423546693,0.852874551274352,0.36053888757138
"ETH",2025-11-23,2025-11-24,-0.0731827333941727,-0.0976993120177723,-0.0956068382455674,-0.11893127160882,0.00128497499521721,0.747302423893335,0.839379719958552,0.729782431018246
"ETH",2025-11-24,2025-11-25,-0.0791237343758493,-0.1036885335959,-0.102821511958039,-0.127024687882514,0.00150706345134882,0.999999999078604,0.803193946144172,0.375094666702636
"ETH",2025-11-25,2025-11-26,-0.0761449412856371,-0.100192945542103,-0.0985691755845735,-0.123883219506106,0.00140117369056522,0.620589692846258,0.857524722821006,0.43384770493491
"ETH",2025-11-26,2025-11-27,-0.073594979471762,-0.0977896286975636,-0.0960163781455607,-0.119949231397748,0.00128770669804566,0.92214450631969,0.814342692819385,0.315311497204545
"ETH",2025-11-27,2025-11-28,-0.0731560692499031,-0.0974266556563856,-0.0951505220599331,-0.119502995241719,0.0012938914505603,0.551027309588234,0.867485913246829,0.299505789884725
"ETH",2025-11-28,2025-11-29,-0.0718719528418942,-0.0955217933068492,-0.0934397160333119,-0.118052728422209,0.00123252053329656,0.691648237752833,0.847349285119702,0.368938879583416
"ETH",2025-11-29,2025-11-30,-0.0705901143756293,-0.0949138039112132,-0.092577448272754,-0.115781972916427,0.00117468734035135,0.988486134708073,0.804842707876595,0.255660830989363
"ETH",2025-11-30,2025-12-01,-0.072265921096176,-0.0958606641379104,-0.0938266418903476,-0.118057487610955,0.00126136827010922,0.459389878174207,0.880608205234188,0.917010433426022
"ETH",2025-12-01,2025-12-02,-0.0820276407738291,-0.108719066522166,-0.106980143737052,-0.130792323833098,0.00165457956449988,1,0.80319394601223,0.712552682739936
"ETH",2025-12-02,2025-12-03,-0.0875665114421069,-0.114301987383638,-0.113375014932807,-0.137762711934605,0.00191209914151448,0.998855909316909,0.803357777448488,0.588028557708771
"ETH",2025-12-03,2025-12-04,-0.0880168765629743,-0.114433960233968,-0.113832129623176,-0.138023443439821,0.00193042896106536,0.97730868762891,0.806443295343777,0.455660954335428
"ETH",2025-12-04,2025-12-05,-0.0812318372834746,-0.107380434372269,-0.105350868011226,-0.130739629372629,0.00162447201103826,0.729539152096678,0.841923384000306,0.517233383571123
"ETH",2025-12-05,2025-12-06,-0.0791154411024813,-0.103806793565059,-0.102811159157803,-0.127046631019316,0.00150920700212248,0.961328726578686,0.808731592948936,0.39848519856984
"ETH",2025-12-06,2025-12-07,-0.07613751101506,-0.0998677868568931,-0.0985599430058015,-0.123470001986725,0.00139676453488396,0.636530277477156,0.855242063838229,0.361529453088024
"ETH",2025-12-07,2025-12-08,-0.0735835483411816,-0.0972266686559132,-0.0955791044920891,-0.119822255740921,0.00129764293435577,0.653122639831886,0.852866071623922,0.471283871749617
"ETH",2025-12-08,2025-12-09,-0.0727286661261535,-0.0963820892851815,-0.0947220238785829,-0.119281619508252,0.00124627555140524,0.997117620521232,0.803606696834194,0.740711953528627
"ETH",2025-12-09,2025-12-10,-0.0812158051240484,-0.107747067518173,-0.105753942619215,-0.130639387097304,0.00161689310354986,0.999999999888682,0.803193946028171,0.399096108027225
"ETH",2025-12-10,2025-12-11,-0.0801185202023523,-0.105018910955092,-0.103852836031222,-0.126425381430949,0.00145273061936074,0.122189367023567,0.241323068135422,0.491964507189186
"ETH",2025-12-11,2025-12-12,-0.0792627332868392,-0.103959658863443,-0.102995029445594,-0.125467092849054,0.00141198249369312,0.218496419294203,0.236354055666466,0.64518646759267
"ETH",2025-12-12,2025-12-13,-0.0813906579897778,-0.105151859571736,-0.10512513333539,-0.126544313626874,0.00152068142339587,0.386500587916159,0.227685793176476,0.390223334805163
"ETH",2025-12-13,2025-12-14,-0.0792550811180061,-0.103573898516394,-0.102985476959888,-0.124935766555209,0.00140026091644628,0.1282781701686,0.241008913169245,0.409082901031326
"ETH",2025-12-14,2025-12-15,-0.0779702487910351,-0.103026807823346,-0.102120927616552,-0.123129572734275,0.00134536142017396,0.157160672533702,0.239518705432603,0.568103156962826
"ETH",2025-12-15,2025-12-16,-0.0788127578277753,-0.102689730980279,-0.102538522451791,-0.124085903097723,0.00138122977393761,0.263157690405088,0.23404973414694,0.328152026802668
"ETH",2025-12-16,2025-12-17,-0.0775248537074459,-0.102543105787542,-0.101669948600958,-0.122793897933979,0.00131829811255801,0.114292228966636,0.241730525082227,0.715605052322729
"ETH",2025-12-17,2025-12-18,-0.0796495109724039,-0.104573198661964,-0.103372655935718,-0.126294346743171,0.00144745719213728,0.408547308957491,0.226548281133785,0.346650481648449
"ETH",2025-12-18,2025-12-19,-0.0783616582650289,-0.103138455918881,-0.102080551251954,-0.124831025045675,0.00135882429585274,0.115460679798675,0.241670238253621,0.743061259594071
"ETH",2025-12-19,2025-12-20,-0.0813426095936265,-0.106027642607991,-0.105065411576183,-0.127860254743823,0.00153512858607143,0.473276408778553,0.223208549550979,0.370640426991414
"ETH",2025-12-20,2025-12-21,-0.07920747440564,-0.104147222964575,-0.102926047738021,-0.125716001453331,0.00140547938248502,0.119675780006821,0.241452757965331,0.340579064450409
"ETH",2025-12-21,2025-12-22,-0.0779209213993355,-0.10204849018608,-0.101635489121128,-0.123718014665684,0.00132811989532626,0.127847166414017,0.241031151032207,0.292593632100179
"ETH",2025-12-22,2025-12-23,-0.0770574173246213,-0.101356228948974,-0.10076778054419,-0.123383525021542,0.00128405969767079,0.112898889653262,0.241802415149033,0.360545173130004
"ETH",2025-12-23,2025-12-24,-0.0770430102979951,-0.100680960382825,-0.100749714590167,-0.12256961484473,0.00127644033832657,0.137439787532256,0.240536214754721,0.272206031057651
"ETH",2025-12-24,2025-12-25,-0.0766035930040193,-0.100971873814672,-0.100306194042567,-0.123233745761451,0.0012612381480634,0.112601108788976,0.241817779307656,0.370866230132669
"ETH",2025-12-25,2025-12-26,-0.0765894151211335,-0.10115376677862,-0.100711595164383,-0.121750080246383,0.00126552270667698,0.137613394716508,0.240527257401724,0.2654229650414
"ETH",2025-12-26,2025-12-27,-0.0765737079038775,-0.100759984160887,-0.100268684497742,-0.123021418674257,0.00125738986841251,0.114616263814326,0.24171380633567,0.230363676106558
"ETH",2025-12-27,2025-12-28,-0.0765578063589028,-0.100313409597815,-0.100248726066578,-0.122507482977006,0.00125028039377285,0.111373601469835,0.24188111318644,0.184241671153184
"ETH",2025-12-28,2025-12-29,-0.0761186304927668,-0.101133371943571,-0.100228396148036,-0.122107918847285,0.0012442512907989,0.106563499986124,0.242129292875113,0.186833898038866
"ETH",2025-12-29,2025-12-30,-0.0761027008380872,-0.101013121113787,-0.100208310931266,-0.121988595756229,0.00124217116750669,0.108413892012334,0.242033820935791,0.386794307283936
"ETH",2025-12-30,2025-12-31,-0.0690905303494759,-0.0918641642977503,-0.0897534475933941,-0.112033447217556,0.00106936954964049,0.999688648129617,0.733942609870395,0.157288204551349
"ETH",2025-12-31,2026-01-01,-0.0737131237733259,-0.0953093538998748,-0.0939507469959785,-0.117250598441726,0.0013042963239146,0.233961678072554,0.904985214389163,0.377752702309401
"ETH",2026-01-01,2026-01-02,-0.0690614225100102,-0.0918754032332487,-0.0897172963754897,-0.112043256514617,0.00106891850881242,0.998195994182832,0.734276028214905,0.958267547710957
"ETH",2026-01-02,2026-01-03,-0.0737007207301046,-0.0973350355976242,-0.0956217916729235,-0.118143678720518,0.00123980662603077,1,0.733873062320269,0.280589470901502
"ETH",2026-01-03,2026-01-04,-0.0745277888072721,-0.0975038788560382,-0.0956020177306371,-0.118614713223629,0.00132322620046988,0.432019502821934,0.860744476482372,0.239463900971396
"ETH",2026-01-04,2026-01-05,-0.0724049504759231,-0.094047596625003,-0.0930541064288416,-0.115031359483329,0.0012146880740107,0.620123046805764,0.818727254495523,0.722502074448009
"ETH",2026-01-05,2026-01-06,-0.0715552054022649,-0.0944921330783691,-0.0926241126575876,-0.115946411308874,0.00115790200689698,0.99997846972867,0.733877871598025,0.504540064927494
"ETH",2026-01-06,2026-01-07,-0.0715435476867535,-0.0948681915245101,-0.0926096593268456,-0.115841540779239,0.00116972203736652,0.906489963452541,0.754760664331376,0.809528133018564
"ETH",2026-01-07,2026-01-08,-0.0744951607862382,-0.0974282885969756,-0.0964044857477732,-0.118817213810476,0.00126507412771253,0.999993921781222,0.733874420029233,0.448593046335133
"ETH",2026-01-08,2026-01-09,-0.0740616028596909,-0.096503040437854,-0.0951254118834956,-0.118725278242327,0.00127071756748356,0.732390969981091,0.793649650160403,0.309594084436384
"ETH",2026-01-09,2026-01-10,-0.0732042092243757,-0.0952293022636972,-0.0938433198444394,-0.117120651524768,0.00125084618527893,0.587515655425112,0.826010859966405,0.247878312738276
"ETH",2026-01-10,2026-01-11,-0.0727675585418328,-0.0945428531814122,-0.0934030910397946,-0.115309598032651,0.00124249305448682,0.496593312237562,0.84632044157431,0.301926140274819
"ETH",2026-01-11,2026-01-12,-0.0706478240435324,-0.0921906889284822,-0.0908589532009475,-0.114186295824639,0.00113053536617287,0.829103532062545,0.772046690940014,0.256974012845633
"ETH",2026-01-12,2026-01-13,-0.0718963731661749,-0.0935713253951971,-0.092104146573779,-0.115568359905633,0.00119993777670619,0.587026991921907,0.82612001411872,0.954837812988421
"ETH",2026-01-13,2026-01-14,-0.083310026750154,-0.108360417146909,-0.107318032595174,-0.131349158620395,0.00163862296067198,1,0.733873062320269,0.42680597546707
"ETH",2026-01-14,2026-01-15,-0.0786616737300562,-0.102626823333783,-0.100981327893568,-0.124356010707314,0.00147776581230262,0.574510570057729,0.828915842760808,0.385130758164672
"ETH",2026-01-15,2026-01-16,-0.0740156917782616,-0.0979405203305122,-0.0954898610610836,-0.119063389331596,0.00128606458336321,0.722432571805459,0.79587408579791,0.329165199629577
"ETH",2026-01-16,2026-01-17,-0.0731586749515337,-0.0959910127100067,-0.0942082779642313,-0.116404815761075,0.00125978094345513,0.566868808579815,0.830622804690327,0.294454026991098
"ETH",2026-01-17,2026-01-18,-0.0723016546080656,-0.0949208896515904,-0.0929267654421004,-0.115891731787559,0.0012280271454692,0.549370385189126,0.834531477139846,0.264040159400384
"ETH",2026-01-18,2026-01-19,-0.0722866033133588,-0.0947747728620206,-0.0929082105205972,-0.115249006848864,0.00123365736176719,0.475500818421619,0.851031931725696,0.749042871669027
"ETH",2026-01-19,2026-01-20,-0.0714920458130955,-0.089634202912541,-0.089177205112626,-0.107407757282253,0.00135860675226917,0.162639396536231,0.486471636357868,0.862850177255835
"ETH",2026-01-20,2026-01-21,-0.087141181180734,-0.109588478204665,-0.108630424645872,-0.13079418542405,0.00244844915400275,0.114487232420236,0.489877443205732,0.476832412945004
"ETH",2026-01-21,2026-01-22,-0.0795435931422217,-0.100605270529798,-0.0993446892158423,-0.118866482809603,0.00197533785800349,0.574214879906035,0.457360865836799,0.424296079235822
"ETH",2026-01-22,2026-01-23,-0.0748959501656388,-0.094542615908561,-0.0934304345665398,-0.112597133013998,0.00168564563029249,0.563600473666096,0.458111623733597,0.3628268357543
"ETH",2026-01-23,2026-01-24,-0.0719317511909031,-0.090342988897239,-0.0891994812662096,-0.109218193069101,0.00147197956182014,0.68027884278623,0.449858952314933,0.330517332078006
"ETH",2026-01-24,2026-01-25,-0.0702319087554767,-0.0878733688679473,-0.0870755188008115,-0.10577150425562,0.00133690129651473,0.691176607593441,0.449088152441486,0.727994790411511
"ETH",2026-01-25,2026-01-26,-0.0757196768139826,-0.0961048962891628,-0.0946715379580952,-0.115061596636123,0.00168730460580911,0.132827580577351,0.488580228750422,0.630756307019584
"ETH",2026-01-26,2026-01-27,-0.0769881102045607,-0.0984970436016877,-0.0963621572051098,-0.117258743426909,0.00179336968134385,0.232890350162084,0.481502780163752,0.532176813025544
"ETH",2026-01-27,2026-01-28,-0.075719349820208,-0.0951869403575586,-0.0942499926467348,-0.114821973185916,0.00170001040226536,0.352372342349023,0.473051808236377,0.371859913318667
"ETH",2026-01-28,2026-01-29,-0.0723350253777646,-0.0914010166373258,-0.0900203501077798,-0.108910573140802,0.00147919084005545,0.685725149324013,0.449473734569428,0.730715305497129
"ETH",2026-01-29,2026-01-30,-0.0816348967192559,-0.103254189919892,-0.10185415546954,-0.12419191303766,0.00210681305110291,0.123713772622207,0.489224849197158,0.569702367232602
"ETH",2026-01-30,2026-01-31,-0.0803773256722604,-0.101697470601812,-0.100597867063046,-0.120579423858489,0.00205659739106407,0.281854571278895,0.478039536452042,0.57947193332687
"ETH",2026-01-31,2026-02-01,-0.0981919193393559,-0.123115608299357,-0.122229345711112,-0.143820381770289,0.00351833220537528,0.210523399746445,0.483084796554706,0.449602588756323
"ETH",2026-02-01,2026-02-02,-0.0974055894999535,-0.122044873346556,-0.121455090275783,-0.142477522704415,0.00360919992853146,0.241468310400675,0.480896060273636,0.488580298919552
"ETH",2026-02-02,2026-02-03,-0.0876969189265909,-0.111130330674728,-0.109635868023991,-0.132123038134289,0.00286060125314665,0.455679108467549,0.465744911486533,0.488794590744641
"ETH",2026-02-03,2026-02-04,-0.0856009689833084,-0.108933723199941,-0.107120879743651,-0.130455518574693,0.00270345528675579,0.296036137463078,0.477036473015326,0.49255666089359
"ETH",2026-02-04,2026-02-05,-0.0822259874351297,-0.103901241032757,-0.102902125075774,-0.124496774058598,0.00240008633335562,0.366156565199003,0.472076848929006,0.32568030935932
"ETH",2026-02-05,2026-02-06,-0.120546216611842,-0.144812911450924,-0.14635069767002,-0.165167278211049,0.00593492595086711,0.678920907975551,0.44995499916479,0.242267683499421
"ETH",2026-02-06,2026-02-07,-0.119872327194565,-0.143830612879426,-0.146133032740175,-0.163719801410568,0.006413482322764,0.239345182944709,0.481046229267308,0.546285683642853
"ETH",2026-02-07,2026-02-08,-0.100369752919208,-0.126255404549568,-0.124932256239553,-0.148257852321158,0.00440780183910793,0.597729751635648,0.455697656869276,0.543050350667191
"ETH",2026-02-08,2026-02-09,-0.0793909390023392,-0.0964109203127193,-0.0963653207060678,-0.112522542843562,0.00155605505257335,0.587700326134302,0.630125249546742,0.512095826428512
"ETH",2026-02-09,2026-02-10,-0.0785253723172992,-0.0971936398514678,-0.0963453071142954,-0.11243981747153,0.00146458386420317,0.530585825669672,0.637315492382526,0.491512740537181
"ETH",2026-02-10,2026-02-11,-0.0831967366267559,-0.102666643439582,-0.102290337273082,-0.120250141681422,0.00157866655784935,0.759527007998311,0.608493692617793,0.492737693038088
"ETH",2026-02-11,2026-02-12,-0.0823478343324151,-0.101314019293567,-0.1010170763803,-0.119492584204486,0.00152586176029204,0.710703703931517,0.614640142458547,0.446824967623821
"ETH",2026-02-12,2026-02-13,-0.078936202963385,-0.0966185931994508,-0.0967536208442949,-0.11188908827888,0.00138427998886707,0.412235275447132,0.652214846993456,0.542476408581658
"ETH",2026-02-13,2026-02-14,-0.0844663658455419,-0.104296721763706,-0.104407922366825,-0.121583109608343,0.00154834514925921,0.975064365916312,0.581359323394459,0.451046964609026
"ETH",2026-02-14,2026-02-15,-0.0797859257628616,-0.0980690668601109,-0.0976035799431807,-0.11503794974545,0.00140362560974357,0.44772599406781,0.647746859298156,0.596476465188952
"ETH",2026-02-15,2026-02-16,-0.0874512156499591,-0.10901363667322,-0.108244321259845,-0.126833742933408,0.0016809504946009,0.997066147219024,0.578589481251056,0.453345603350212
"ETH",2026-02-16,2026-02-17,-0.0797996555180108,-0.0981291951322911,-0.097619855613192,-0.11503603253371,0.00141945664397923,0.436897121668717,0.649110124695801,0.390740041641
"ETH",2026-02-17,2026-02-18,-0.0789339387701034,-0.0964947689394117,-0.096750933060288,-0.11173581599029,0.00135412386846851,0.416728915213265,0.651649134943588,0.429884999747609
"ETH",2026-02-18,2026-02-19,-0.0793455516809175,-0.097817712663429,-0.097584357223862,-0.113460509295885,0.00133802954684558,0.611719169061294,0.627101476041333,0.341451818075632
"ETH",2026-02-19,2026-02-20,-0.0793284373616468,-0.096760324358754,-0.0967158146732973,-0.113979722058573,0.00134406115204043,0.321873738674397,0.663590616493758,0.338385705762555
"ETH",2026-02-20,2026-02-21,-0.0793125872710971,-0.0965649979855901,-0.0971210948329072,-0.112136857511412,0.00132147784614878,0.4157934980901,0.651766896216357,0.290700632483068
"ETH",2026-02-21,2026-02-22,-0.0792957620276731,-0.0976918094418319,-0.0971011358412623,-0.112919604550543,0.0013354906784606,0.286650244110462,0.668024962892295,0.319986127461751
"ETH",2026-02-22,2026-02-23,-0.0788561636834496,-0.0968333354797369,-0.0966586076233471,-0.113069121876746,0.00128814499546624,0.514360270326031,0.639358155491143,0.830242799157859
"ETH",2026-02-23,2026-02-24,-0.0839544004905463,-0.103438692018243,-0.103454615136538,-0.122407477001524,0.0014562236216034,0.999999999778891,0.578220133499116,0.338739157656361
"ETH",2026-02-24,2026-02-25,-0.0792743858013087,-0.0977164248377163,-0.0970757782334908,-0.112904260521819,0.0013604860612161,0.278731049591891,0.669021923930019,0.845932608805616
"ETH",2026-02-25,2026-02-26,-0.103989538537164,-0.127283159208837,-0.128175166594332,-0.146715660517311,0.00245400249155402,0.999999999999398,0.578220133471356,0.48112068246389
"ETH",2026-02-26,2026-02-27,-0.0797889956984567,-0.0969850511037634,-0.0971829757231207,-0.114760626929215,0.00148708736748016,0.408873298866711,0.652638092015732,0.539476146591299
"ETH",2026-02-27,2026-02-28,-0.0844667472701253,-0.104406735255868,-0.103984089230705,-0.122515317234517,0.00161778001516962,0.851504780067227,0.5969144524723,0.447149078025426
"ETH",2026-02-28,2026-03-01,-0.0816854621733987,-0.101611103259923,-0.10039025350154,-0.119000033676364,0.00150525429724129,0.449154691919042,0.66342853511578,0.41096794242855
"ETH",2026-03-01,2026-03-02,-0.079543949809564,-0.0988116923001994,-0.0978205873681706,-0.11585654180019,0.00139531469870183,0.492729079962635,0.655920160056801,0.595250907882373
"ETH",2026-03-02,2026-03-03,-0.0821035849026287,-0.102004491699632,-0.102082284554844,-0.119628752160602,0.0014326249824288,0.977916890789558,0.572316643833253,0.459881105488607
"ETH",2026-03-03,2026-03-04,-0.0812413397805112,-0.101498023018526,-0.100367511865402,-0.117114707326593,0.00144881866958551,0.520446005233425,0.651144210703098,0.678929109121342
"ETH",2026-03-04,2026-03-05,-0.0880815570230568,-0.110794030842902,-0.109766153514502,-0.129156978277781,0.00169138570867607,0.999714675551775,0.56856063139572,0.475079907023078
"ETH",2026-03-05,2026-03-06,-0.0838180849520831,-0.102540759434954,-0.102949337717277,-0.1201303405435,0.00155596220011378,0.492834384218185,0.655902014905911,0.56641940516486
"ETH",2026-03-06,2026-03-07,-0.082974497795736,-0.103092119739952,-0.102957375206716,-0.121320030679123,0.00148585644046273,0.933797084988077,0.579919000730507,0.400731045998978
"ETH",2026-03-07,2026-03-08,-0.0812563822279338,-0.0996056805407812,-0.0995353206307908,-0.116824027790506,0.00146128768320061,0.353980787108945,0.679828108471278,0.392976965451076
"ETH",2026-03-08,2026-03-09,-0.0791156091362112,-0.0987751624251118,-0.0978166374992413,-0.113545455920576,0.00135898061546936,0.514522290762932,0.652164935766231,0.488728660418743
"ETH",2026-03-09,2026-03-10,-0.0791071669482654,-0.0974188197187082,-0.0978065407176669,-0.114732334862782,0.0013026278067559,0.813043234899888,0.600726296873619,0.421612503770647
"ETH",2026-03-10,2026-03-11,-0.079519036779556,-0.0992022154237347,-0.0982158513418949,-0.114874171818978,0.00135246081294236,0.548613614410441,0.646290603258188,0.342408669917683
"ETH",2026-03-11,2026-03-12,-0.0795030142479808,-0.098256236470952,-0.0977718459123609,-0.11410203009537,0.00135614246529448,0.405843670879396,0.670891528969594,0.332848599994468
"ETH",2026-03-12,2026-03-13,-0.0790625081449153,-0.0975850057072354,-0.0973283423448525,-0.113351220376365,0.00132437469647401,0.4629728092271,0.661047512409183,0.280909980021948
"ETH",2026-03-13,2026-03-14,-0.0794705992756927,-0.0978689193028342,-0.0973085370113077,-0.11497764641726,0.0013512397547477,0.330415244848369,0.683888726134654,0.238833878069012
"ETH",2026-03-14,2026-03-15,-0.0794535065654921,-0.0985088157437124,-0.0977128977405285,-0.113153085279327,0.00136026532536045,0.269175817661763,0.69444099338059,0.793535684750357
"ETH",2026-03-15,2026-03-16,-0.0794531378077569,-0.0988543770332558,-0.0985617294029163,-0.117482627598797,0.00126937709523499,0.999999875372505,0.56851148814169,0.882038352038159
"ETH",2026-03-16,2026-03-17,-0.0913985852143098,-0.113662746472484,-0.113491041228,-0.133639432146521,0.00179317173061664,0.999999999028238,0.568511466834366,0.435999486297173
"ETH",2026-03-17,2026-03-18,-0.0841597587584857,-0.103102601405324,-0.103275130206652,-0.11995523477421,0.00157508258646945,0.363945488394354,0.67811107426929,0.636024291711473
"ETH",2026-03-18,2026-03-19,-0.0846010114421563,-0.105164651335114,-0.104994068983799,-0.124308740741204,0.00154013794552579,0.9871714657473,0.570721972676319,0.495536322289411
"ETH",2026-03-19,2026-03-20,-0.0824684903837875,-0.102781488799235,-0.102010206077835,-0.118589109495287,0.00149999559909275,0.590662840209547,0.639045031434585,0.374484511526479
"ETH",2026-03-20,2026-03-21,-0.0796828857808238,-0.0988704668163578,-0.0975603624663967,-0.115101093891949,0.00139102711875134,0.385139547626408,0.660949401883691,0.361557405782174
"ETH",2026-03-21,2026-03-22,-0.0783894791824405,-0.0969014217756811,-0.096263851836214,-0.111415580460797,0.00132463174041855,0.43548976068687,0.656459710365442,0.549610990290351
"ETH",2026-03-22,2026-03-23,-0.0788086809301961,-0.0981059541186368,-0.0971074066915069,-0.114334108723032,0.00130688236514006,0.942833104177356,0.611220277051143,0.657244685192509
"ETH",2026-03-23,2026-03-24,-0.0817910772775846,-0.100290516609318,-0.100516029406525,-0.117874004948143,0.00140777403046539,0.992461478416708,0.606794951370409,0.35536501404919
"ETH",2026-03-24,2026-03-25,-0.0800712573987875,-0.0979878539403844,-0.0979418207566293,-0.113649394551607,0.00138256525932136,0.320234045043307,0.666736977878357,0.314367518171307
"ETH",2026-03-25,2026-03-26,-0.0783522365480358,-0.0968265582105804,-0.0962195791314947,-0.110906392835488,0.00131536426100854,0.36207433494423,0.663006109958023,0.76591706192428
"ETH",2026-03-26,2026-03-27,-0.0830448276997808,-0.102219834915196,-0.102190923844747,-0.119630146915305,0.00145443018436531,0.999987992604087,0.606123817628264,0.580704260208818
"ETH",2026-03-27,2026-03-28,-0.0821895489197069,-0.100435130558048,-0.100909351157176,-0.117691411957375,0.00143025367237757,0.880314004981038,0.616795059208534,0.34846619044746
"ETH",2026-03-28,2026-03-29,-0.0800448058763503,-0.0978411457535411,-0.0979104643161243,-0.113468388180141,0.00138173429004705,0.327940287571109,0.666049817892101,0.316315082299443
"ETH",2026-03-29,2026-03-30,-0.0783263963648904,-0.0968560243607474,-0.0961888612508567,-0.110997312594987,0.00131547505456003,0.368806193114706,0.66240583510926,0.435284704560345
"ETH",2026-03-30,2026-03-31,-0.0778885602816772,-0.0956096660762133,-0.0957486475125238,-0.110947392372306,0.00126214591230672,0.759722713053642,0.627548096139898,0.6929576437115
"ETH",2026-03-31,2026-04-01,-0.0800140762291163,-0.0989627071141203,-0.098724510752684,-0.114704152185367,0.0013328360695449,0.998554001666893,0.606251685546921,0.440701796916568
"ETH",2026-04-01,2026-04-02,-0.0795755036451486,-0.0977157391572925,-0.0974329801103296,-0.114367675433133,0.00133974634661351,0.574313605605772,0.644080890074956,0.690179716779766
"ETH",2026-04-02,2026-04-03,-0.0808517157076155,-0.100092140314752,-0.0995596787563772,-0.117060629899251,0.00136985915856517,0.997149129428189,0.60637695697262,0.33141006342143
"ETH",2026-04-03,2026-04-04,-0.079558954352206,-0.0986073730145397,-0.0974133484657082,-0.114227716383395,0.00136771365197203,0.295202733133957,0.66896900157675,0.297921749373459
"ETH",2026-04-04,2026-04-05,-0.0782671173588558,-0.0966925476457377,-0.0956933621393626,-0.112970519316305,0.00130728414043345,0.35773116071741,0.663393387613929,0.491165111108653
"ETH",2026-04-05,2026-04-06,-0.0778308699395868,-0.0950907247639671,-0.0956800181439423,-0.110946083963975,0.00124315681474357,0.897867485785793,0.615229828217551,0.276262810706702
"ETH",2026-04-06,2026-04-07,-0.0782391358143134,-0.0969994149595361,-0.0960851290457887,-0.110674709186756,0.00130911985926182,0.263056633405656,0.671835445679412,0.900227838198242
"ETH",2026-04-07,2026-04-08,-0.0871984698176951,-0.108024820525051,-0.107601053670533,-0.125004736709162,0.00162706891551852,0.999999999998887,0.606122746937689,0.515468533081085
"ETH",2026-04-08,2026-04-09,-0.0833633980589282,-0.102054263820606,-0.10206396769688,-0.119643831789906,0.00149839521827393,0.634360188057159,0.638726580419739,0.349642673346336
"ETH",2026-04-09,2026-04-10,-0.0794103984176056,-0.0965123756330787,-0.0968126777394304,-0.112329266783582,0.00136967628253539,0.351983667073219,0.685118618229095,0.477459361907214
"ETH",2026-04-10,2026-04-11,-0.0777027224106661,-0.0965727048873822,-0.0955275717607793,-0.11161369482661,0.00128559588650304,0.842312043716562,0.642255038362034,0.427409694429638
"ETH",2026-04-11,2026-04-12,-0.077689870781347,-0.0950965214438102,-0.0950879400995633,-0.110545549381285,0.00128294353643317,0.659427633605654,0.658242447805668,0.704672404228314
"ETH",2026-04-12,2026-04-13,-0.080663667610086,-0.100219233363259,-0.0993354200842687,-0.115817605074172,0.00138016288490232,0.999728052728307,0.628494028402097,0.780996260919248
"ETH",2026-04-13,2026-04-14,-0.0943107163506117,-0.115746129895914,-0.115541590477875,-0.135543603408586,0.00194510513910457,0.999999964947493,0.628470258349864,0.478228514072198
"ETH",2026-04-14,2026-04-15,-0.0858049362306744,-0.104397569243254,-0.104485648329039,-0.122980866755469,0.00162700086098517,0.512578377975769,0.671079732158249,0.42156210155308
"ETH",2026-04-15,2026-04-16,-0.0802707271400236,-0.0994308966128882,-0.0985240598638721,-0.113681088571762,0.00142280413645465,0.49674054814936,0.672464245304994,0.366974931815529
"ETH",2026-04-16,2026-04-17,-0.0781311870298166,-0.0947921156441702,-0.0951079645367375,-0.111259709724261,0.00132648665569826,0.394021876906021,0.681443717386171,0.519349305330973
"ETH",2026-04-17,2026-04-18,-0.0781251097737828,-0.0963555298541238,-0.0959495789886186,-0.112051344763135,0.0012954718849586,0.930686979141272,0.634529468553582,0.518477375803319
"ETH",2026-04-18,2026-04-19,-0.0785412381940739,-0.0969823268613301,-0.096364154498115,-0.113104430129764,0.00131016322697476,0.889947300894708,0.638090854219723,0.608318721747994
"ETH",2026-04-19,2026-04-20,-0.0802373869041351,-0.0991455274194249,-0.0984844179570245,-0.115999962873563,0.00136590035847562,0.988725173967633,0.629455879265705,0.454406006864141
"ETH",2026-04-20,2026-04-21,-0.0789525930839235,-0.0975946034619838,-0.0967730772680076,-0.113038247295996,0.00134071935994483,0.649633182657036,0.659098660194117,0.329017376527577
"ETH",2026-04-21,2026-04-22,-0.077663154942548,-0.0953672707674702,-0.0946320565759527,-0.11162023205874,0.00130630488205655,0.338653142854573,0.686283947458922,0.497056173028602
"ETH",2026-04-22,2026-04-23,-0.0772294154513307,-0.09420345850982,-0.0946207700338895,-0.110338095833157,0.00124203766706085,0.93537008127164,0.634120080617348,0.475063015837527
"ETH",2026-04-23,2026-04-24,-0.077217664854001,-0.0951857027835436,-0.0946068345182355,-0.111421127100548,0.00125267819890397,0.846728286528643,0.641868978762988,0.30609019898186
"ETH",2026-04-24,2026-04-25,-0.0772013978297762,-0.0950512163840894,-0.0941634904705393,-0.110745425698921,0.00128530615038344,0.318932097009403,0.688007924009969,0.255568864004606
"ETH",2026-04-25,2026-04-26,-0.0767609075176671,-0.0937886046706613,-0.0937200046238353,-0.10829138259023,0.00126401397457382,0.281075649664012,0.691317263080616,0.508847920186364
"ETH",2026-04-26,2026-04-27,-0.0759018848109886,-0.093885108024552,-0.0932828729912194,-0.109286281150681,0.00119081606249386,0.987491881548437,0.62956369135782,0.689210565646011
"ETH",2026-04-27,2026-04-28,-0.0775908016307459,-0.0966574569066849,-0.0953944289819578,-0.112673328921523,0.00125599738703629,0.999659645967009,0.628500008391867,0.290729175652858
"ETH",2026-04-28,2026-04-29,-0.077574441441594,-0.095969027146854,-0.0949511446066279,-0.109946272244064,0.00130252584109314,0.269097402888806,0.692364378772412,0.382330751778485
"ETH",2026-04-29,2026-04-30,-0.0695092731037755,-0.0925710506562412,-0.0902735157549069,-0.113661998673777,0.00112243319491428,0.990369112815669,0.799161976834261,0.229664735734896
"ETH",2026-04-30,2026-05-01,-0.0716121232400741,-0.0943350456579482,-0.0923725993534849,-0.114629635847645,0.00125267060363497,0.367591009353903,0.925455792160196,0.432796492968373
"ETH",2026-05-01,2026-05-02,-0.0690575609392811,-0.0918427311289809,-0.0898150063030225,-0.112367221874242,0.00110428106675396,0.999964607163956,0.797216096617138,0.338460572445348
"ETH",2026-05-02,2026-05-03,-0.0690437156994176,-0.0912817864859481,-0.0893742416075503,-0.113040815698593,0.00110240342455458,0.970422826841889,0.803206904784053,0.204686458484913
"ETH",2026-05-03,2026-05-04,-0.0711458716904417,-0.0939025334410158,-0.0918962468362081,-0.113871610720061,0.00123335783566823,0.40076988415537,0.918727413844378,0.282945614112327
"ETH",2026-05-04,2026-05-05,-0.0681673957416205,-0.0907379708722361,-0.0884908925462042,-0.111800454446358,0.00107443484065779,0.995741788980855,0.79807244628134,0.212426702261935
"ETH",2026-05-05,2026-05-06,-0.0694226847948281,-0.0909585363308459,-0.0897426427556598,-0.111833457996482,0.00112889903826295,0.766448385436825,0.844571092591602,0.19458086921007
"ETH",2026-05-06,2026-05-07,-0.068560998754448,-0.0914525369462829,-0.0888773606353966,-0.112352297687913,0.00110391283997025,0.843896873940031,0.828865233554609,0.844249655548331
"ETH",2026-05-07,2026-05-08,-0.0706679165936089,-0.0934878371798586,-0.0918285137824264,-0.114269398168102,0.00115638267328144,1,0.797208919267333,0.278178194546712
"ETH",2026-05-08,2026-05-09,-0.0710762567126367,-0.0936500570095911,-0.0918101130501104,-0.114570739258226,0.00120572867422943,0.631090852530102,0.87202038659997,0.277987564313116
"ETH",2026-05-09,2026-05-10,-0.0689463889710491,-0.0916633475255722,-0.0896767999603817,-0.111677273734628,0.00110827469390873,0.916528140017358,0.814136264032606,0.674325458659457
"ETH",2026-05-10,2026-05-11,-0.0697821691470096,-0.0933009181445734,-0.0909331045277075,-0.113432744233396,0.00113333169235607,0.999999926532554,0.797208934165873,0.48042783717692
"ETH",2026-05-11,2026-05-12,-0.0697690520964892,-0.0920937130747665,-0.0904938103642881,-0.113285832074709,0.00112441307014648,0.993351393403179,0.798557197071332,0.756210843175593
"ETH",2026-05-12,2026-05-13,-0.0718753136954564,-0.0943603858611028,-0.0930209855294821,-0.1163812953861,0.00119457156599268,0.999999862635699,0.797208947123582,0.319546650608731
"ETH",2026-05-13,2026-05-14,-0.0714376336053655,-0.0938386833903643,-0.092156904937568,-0.115434002793436,0.00121057786537892,0.693678844090333,0.859328103098365,0.398811140046897
"ETH",2026-05-14,2026-05-15,-0.0693107396420146,-0.0924582448581838,-0.0900269420974607,-0.113495684826417,0.00111712833415963,0.986105530149104,0.8000265931702,0.764129950349508
"ETH",2026-05-15,2026-05-16,-0.0722631569211777,-0.0953504376450685,-0.0938232048135598,-0.116451749221841,0.00121276905593498,0.999999991351848,0.797208921021101,0.522098533898177
"ETH",2026-05-16,2026-05-17,-0.071405872021699,-0.094089221402307,-0.0925403322323328,-0.115648563917043,0.00118240271919125,0.987788153185932,0.799685372305344,0.462980192662837
"ETH",2026-05-17,2026-05-18,-0.0705481024675326,-0.0936622558203512,-0.091679547800857,-0.114432758876203,0.0011581687953591,0.981109042398754,0.801039836085635,0.270230814738169
"ETH",2026-05-18,2026-05-19,-0.0713783908172547,-0.0937025686485732,-0.0920836722862406,-0.114599249577113,0.0012221139134085,0.557649339871987,0.88691366686359,0.282808859536751
"ETH",2026-05-19,2026-05-20,-0.0744301363391116,-0.0924849816994793,-0.0926188906059476,-0.109462394051512,0.00108585332110684,0.264834331486541,0.523800014287107,0.241229074774592
"ETH",2026-05-20,2026-05-21,-0.073991437534306,-0.092304753823606,-0.0921770288299954,-0.109051519205074,0.0010693173240122,0.23306287211186,0.521952745298245,0.194106788548389
"ETH",2026-05-21,2026-05-22,-0.0735525494014194,-0.0924395543144637,-0.0917349096457279,-0.109150318537635,0.00105546021269605,0.202722068947507,0.520188658099047,0.870492959347085
"ETH",2026-05-22,2026-05-23,-0.0777746403028546,-0.0971938060930286,-0.0963785874436751,-0.113951869263734,0.00123485167968636,0.976947938826324,0.565204010492399,0.642230156940358
"ETH",2026-05-23,2026-05-24,-0.0773421436088544,-0.0966836347521437,-0.095944167917191,-0.114112526000395,0.00121308634396956,0.697780738103075,0.54897255865627,0.323560114734377
"ETH",2026-05-24,2026-05-25,-0.0752126469271527,-0.0944001548838505,-0.093811494642172,-0.110911063777419,0.00112497714502405,0.296691723226619,0.525652279590173,0.253956924590636
"ETH",2026-05-25,2026-05-26,-0.0743516219470233,-0.0932934979320495,-0.0929472649828087,-0.108842121968453,0.0010897721656897,0.2394371622152,0.522323361841069,0.51622134887854
"ETH",2026-05-26,2026-05-27,-0.0756064061323503,-0.0936127535336982,-0.0937768309201461,-0.111003159585699,0.00113315723764124,0.513517904656341,0.538259074770876,0.693864129124945
"ETH",2026-05-27,2026-05-28,-0.0772867603008933,-0.0954352104318292,-0.09587778295889,-0.111683797466449,0.00120396121794273,0.791398134905281,0.554415699051281,0.297451970083728
"ETH",2026-05-28,2026-05-29,-0.074735917547728,-0.094202943041024,-0.0933237339635377,-0.110433742065975,0.00110855097330067,0.276294234340327,0.524466320575009,0.215378819484512
"ETH",2026-05-29,2026-05-30,-0.0738751930206672,-0.0934015084327436,-0.0924597483294087,-0.108895333848209,0.00107540448960438,0.211974389171041,0.520726610228422,0.220923300602742
"ETH",2026-05-30,2026-05-31,-0.0738597642620954,-0.0922008181457317,-0.0920188358823512,-0.109000148564359,0.00106343958880529,0.217602478025299,0.521053840837644,0.257790488344845
"ETH",2026-05-31,2026-06-01,-0.0738444039859743,-0.0922130811513038,-0.0920003819674798,-0.108913269988169,0.00106184337285313,0.241515994970876,0.522444230172526,0.166411926534322
"ETH",2026-06-01,2026-06-02,-0.0734064843803305,-0.0923060906880272,-0.0915592879380187,-0.109054818574866,0.00104765982823471,0.187652080638307,0.519312452768414,0.983923866717254
"ETH",2026-06-02,2026-06-03,-0.0899262043490115,-0.111915227756884,-0.111467538155268,-0.130148963196913,0.00175624551809593,0.99999999998986,0.566544312718198,0.493320998697451
"ETH",2026-06-03,2026-06-04,-0.0827330608155138,-0.10388339175429,-0.103004657984219,-0.122052439833209,0.00145739005604578,0.44302884138135,0.534160671260157,0.51027410124792
"ETH",2026-06-04,2026-06-05,-0.0810352559049623,-0.100455541928699,-0.100460505852208,-0.119172924753882,0.00138367102717942,0.542534114623585,0.539946146938846,0.661311554820196
"ETH",2026-06-05,2026-06-06,-0.106959381744129,-0.130662578213913,-0.131484829897133,-0.151366122910124,0.00266515017807777,0.999999476982364,0.566544282309285,0.51244634723441
"ETH",2026-06-06,2026-06-07,-0.0917183430229158,-0.114319305979029,-0.11412572261741,-0.132790695600112,0.00192199553254846,0.399120575327507,0.531607739168513,0.466695869067934
"ETH",2026-06-07,2026-06-08,-0.0968464522835992,-0.119419881486858,-0.119687663002648,-0.138600310797289,0.00217373756492232,0.898655417155887,0.560651895160331,0.486728809754421
"ETH",2026-06-08,2026-06-09,-0.0875658367428042,-0.113997122142035,-0.113374172589278,-0.136991875665948,0.00186507397925129,0.591091198139234,0.810786503886459,0.493093517536086
"ETH",2026-06-09,2026-06-10,-0.0820614743525968,-0.108763992313902,-0.107022563041184,-0.1313957483654,0.00161372985971794,0.96244108789027,0.779166053905398,0.449513868226153
"ETH",2026-06-10,2026-06-11,-0.0765458190375106,-0.100714540049453,-0.0993876854250133,-0.124304031211028,0.00138827432709336,0.615059568734201,0.808745596686961,0.499957261059295
"ETH",2026-06-11,2026-06-12,-0.0752731228803542,-0.100268805859338,-0.0985370459302534,-0.122178327482796,0.00133409489981709,0.996571315752287,0.776259864371649,0.405837187677367
"ETH",2026-06-12,2026-06-13,-0.0722965619585822,-0.0956321404846876,-0.0942876473532012,-0.117456124379827,0.0012328440295461,0.523958316453417,0.816502870003745,0.387927578068072
"ETH",2026-06-13,2026-06-14,-0.0693223125845892,-0.0933768324221717,-0.0908869889909498,-0.114315649213648,0.00113121234799987,0.726200290437841,0.799281962178155,0.485615373160802
"ETH",2026-06-14,2026-06-15,-0.0701599186422232,-0.0932157428271104,-0.0917225830981027,-0.11524193630807,0.0011407758015834,0.999669416694979,0.775996061019074,0.622515324188081
"ETH",2026-06-15,2026-06-16,-0.0743895467475473,-0.0992090621437584,-0.0972210197936957,-0.121770792133385,0.00130120628552383,0.999999175380889,0.77596798206087,0.358863686570402
"ETH",2026-06-16,2026-06-17,-0.0718371081609039,-0.0946951192028916,-0.0933963481929426,-0.117346975253942,0.00121522106456391,0.476268055370385,0.820563696617079,0.505232907048628
"ETH",2026-06-17,2026-06-18,-0.0709824068709904,-0.0945248463434356,-0.0929620500943217,-0.116095472096774,0.00117229746298387,0.998214616000781,0.776119937325094,0.492109158973017
"ETH",2026-06-18,2026-06-19,-0.0705493402480484,-0.095011761671299,-0.0925263566043741,-0.116507593326941,0.0011657768317237,0.988918741400118,0.776911481219284,0.309362353416418
"ETH",2026-06-19,2026-06-20,-0.0696889111050581,-0.0923056013275412,-0.090816932961935,-0.114034503179608,0.00114296246148629,0.431404353959967,0.824383841622008,0.450125812648735
"ETH",2026-06-20,2026-06-21,-0.0684106115709129,-0.0919819312132535,-0.0895359854919462,-0.113922820812597,0.00108832836655966,0.99570280552935,0.776333818033197,0.4628928398029
"ETH",2026-06-21,2026-06-22,-0.0688213814817724,-0.0912956140328284,-0.0899438428550239,-0.113190266441692,0.00109302686699077,0.990295163988567,0.776794278810418,0.338126765874225
"ETH",2026-06-22,2026-06-23,-0.067963174737553,-0.0915684206746754,-0.0890823006999549,-0.112527186033668,0.00108273306087766,0.761692981144742,0.796259758907964,0.764763691204332
"ETH",2026-06-23,2026-06-24,-0.0726073203286599,-0.096356991379081,-0.0945707019220885,-0.119833395523475,0.00122958652396041,0.999999998379452,0.775967911982527,0.604327800328099
"ETH",2026-06-24,2026-06-25,-0.07259938900475,-0.0970351044473935,-0.0949831463607148,-0.119199522202204,0.0012352913244818,0.994840605188438,0.776407234408173,0.61326284793856
"ETH",2026-06-25,2026-06-26,-0.0734374444011927,-0.0972422232958422,-0.0958195519750377,-0.120026979083253,0.00125891462313354,0.997737298594826,0.77616058091104,0.32252089783519
"ETH",2026-06-26,2026-06-27,-0.0708888084818747,-0.0948598255642226,-0.0924226499494272,-0.117078336741907,0.00119195346539968,0.488861756161255,0.819491342761794,0.276544446035879
"ETH",2026-06-27,2026-06-28,-0.0687629555933394,-0.0922695655449132,-0.0898709192275255,-0.113560061087401,0.00111743383468911,0.496904682513464,0.818806487434136,0.248410564776701
"ETH",2026-06-28,2026-06-29,-0.0675215918750983,-0.0896842725495809,-0.0882135956869316,-0.110996139255731,0.00110985568376592,0.631349004540498,0.245239011877804,0.629673514807717
"ETH",2026-06-29,2026-06-30,-0.0683581480035856,-0.0913645110813403,-0.0894704387407468,-0.113961991884962,0.0011669967070777,0.0395570105055036,0.295855236951786,0.638474093865138
"ETH",2026-06-30,2026-07-01,-0.0696161388270334,-0.093836373320134,-0.0915706861849309,-0.115221044591122,0.00124090071102177,0.0629973685595623,0.293850372994453,0.629036388889714
"ETH",2026-07-01,2026-07-02,-0.0708756318296312,-0.0942084640252622,-0.0928283873912158,-0.11658470992728,0.00129468876854694,0.0689503614609072,0.293341210938197,0.827226225575471
"ETH",2026-07-02,2026-07-03,-0.0793353093446562,-0.105028755319635,-0.10382525167327,-0.127784851296967,0.00178666012166893,0.0287211250067905,0.296782034922706,0.608022908764657
"ETH",2026-07-03,2026-07-04,-0.0780671512134287,-0.104018112886591,-0.10213448667989,-0.12712850161748,0.00173650306799881,0.0880650181973927,0.291706326084502,0.402448498709033
"ETH",2026-07-04,2026-07-05,-0.0738307295969035,-0.0974223704733729,-0.0962056334602043,-0.120802125692534,0.00146700228885387,0.373147882597162,0.267323065454686,0.333629831607675
"ETH",2026-07-05,2026-07-06,-0.0704383921498826,-0.0939239225436602,-0.0919652390117706,-0.116342838172321,0.00128774886230392,0.528396270940854,0.254044603687742,0.321340642110179
"ETH",2026-07-06,2026-07-07,-0.0683137144095715,-0.0914373612828483,-0.0894149244499711,-0.113130505249334,0.00117954493810859,0.420982552245384,0.263231745481353,0.399576020929322
"ETH",2026-07-07,2026-07-08,-0.0674571130072485,-0.0907933164066839,-0.0885551610827345,-0.112254327147199,0.00114078802209829,0.162219355969865,0.285363873518844,0.473073978961126
"ETH",2026-07-08,2026-07-09,-0.0678676968980192,-0.0910884063547224,-0.08896289357733,-0.11310043251707,0.00115248571685935,0.1105385858582,0.289784152127435,0.267498171389532
"ETH",2026-07-09,2026-07-10,-0.0678530893992267,-0.090359459658127,-0.0885227943382303,-0.112226831420954,0.00112512459343336,0.653907633480966,0.243309562592717,0.686754685689621
"ETH",2026-07-10,2026-07-11,-0.0691126555185682,-0.0933281793375859,-0.0910463308533432,-0.114289676143297,0.00121661118087193,0.0310522102223991,0.296582656196517,0.278820101916042
"ETH",2026-07-11,2026-07-12,-0.0686760664455114,-0.0917374250870748,-0.08976246949711,-0.113176660504844,0.00116488990797608,0.674737163154859,0.241528003915367,0.270639288396493
"ETH",2026-07-12,2026-07-13,-0.06697527475411,-0.0901579179346305,-0.0876365062362391,-0.111941294709131,0.0010937573697946,0.409578221542335,0.264207162816332,0.567889910090377
"ETH",2026-07-13,2026-07-14,-0.0673864080455899,-0.0908487394395519,-0.0884666463070561,-0.112561475169884,0.00112106733398869,0.0638077439427183,0.293781061237616,0.926605602871879
"ETH",2026-07-14,2026-07-15,-0.0838653137404108,-0.10972080120165,-0.109170775195445,-0.133526212518011,0.00205237981841155,0.0166713514171417,0.297812657266793,0.461422550421573
"ETH",2026-07-15,2026-07-16,-0.0775261414114686,-0.102168563516503,-0.101141348776765,-0.12524001044082,0.00167144182919201,0.311538087072902,0.272592577899008,0.544113092068211
"ETH",2026-07-16,2026-07-17,-0.0754116942259927,-0.100489144636725,-0.0986036977400768,-0.123828532459439,0.00158976104662376,0.094753503879806,0.291134257012738,0.390627380876926
"ETH",2026-07-17,2026-07-18,-0.0720243624638671,-0.0958088003170261,-0.0939478852154065,-0.118993567732142,0.0013800644632533,0.379602981997978,0.266770958012476,0.365412174494278
"ETH",2026-07-18,2026-07-19,-0.0676614225503948,-0.0894940200263786,-0.0878281082841133,-0.109913183111048,0.00117985218514108,0.315077600020699,0.266690743526858,0.306017002917553
"ETH",2026-07-19,2026-07-20,-0.0664117041632281,-0.0880660551386036,-0.0861633991317222,-0.107977783627031,0.00110097114249582,0.543357634256368,0.247839429467986,0.426931304241416
"ETH",2026-07-20,2026-07-21,-0.0655769431754911,-0.0879033923893391,-0.0857373648291057,-0.106669215389441,0.00108183090202871,0.108454411245829,0.283753640141895,0.355386373267471
"ETH",2026-07-21,2026-07-22,-0.0655634727186478,-0.0869553812928995,-0.0853093560832912,-0.106484017979497,0.00106164723999829,0.2515670107163,0.2719354337559,0.256465460279027
"ETH",2026-07-22,2026-07-23,-0.0655486149879548,-0.0864714072873259,-0.0848797765578368,-0.1065064058159,0.00104263763926604,0.598018432535923,0.243325552998121,0.687616498474083
"ETH",2026-07-23,2026-07-24,-0.0667753344565168,-0.0892925241503627,-0.0869274341612397,-0.109779698358464,0.00114493533417208,0.0301189071459144,0.290222568511789,0.361046277506293
"ETH",2026-07-24,2026-07-25,-0.0663502251221514,-0.0878534221431535,-0.0860879011169082,-0.108237499508623,0.00109829859261457,0.309677519640649,0.26713668095423,0.28347359553222
"ETH",2026-07-25,2026-07-26,-0.0655135841995103,-0.0872506785828218,-0.0852479824374458,-0.10651072270931,0.00105571566641334,0.41154211157838,0.258724725784666,0.871271731913935
"ETH",2026-07-26,2026-07-27,-0.0712748423171294,-0.0949212661550847,-0.0926550338861625,-0.116265675261174,0.00140804614884368,0.0173396144404878,0.291277879638962,0.678740193636499
"ETH",2026-07-27,2026-07-28,-0.0725053952135685,-0.094927241497565,-0.0938849135050305,-0.116901550766242,0.00146261718639757,0.0697121505011773,0.286952967350223,0.403429117381866
"ETH",2026-07-28,2026-07-29,-0.0696140194446926,-0.0915455619855512,-0.0901681905181971,-0.112708259426574,0.00128002871685883,0.310221754592228,0.267091738153917,0.299719385590655
"ETH",2026-07-29,2026-07-30,-0.067543605430297,-0.0891023076667521,-0.0876832511692391,-0.108690574514403,0.00115424902024855,0.568941556054657,0.245726714940446,0.311935069547177
"ETH",2026-07-30,2026-07-31,-0.0658856551819314,-0.0873055310855428,-0.085611103581768,-0.107070934894829,0.00107714329774971,0.341439284827475,0.264513801504409,0.736489226939621
"ETH",2026-07-31,2026-08-01,-0.069170429804937,-0.0909480015235307,-0.0897171281845828,-0.112294129463325,0.00126698604706906,0.0289486570001139,0.290319207506521,0.359895834577493
"ETH",2026-08-01,2026-08-02,-0.0675126807496108,-0.0894505435054964,-0.0876452290208544,-0.109652885694062,0.00116235376754658,0.387460924684914,0.2607133448006,0.511592863405722
"ETH",2026-08-02,2026-08-03,-0.0670918833788179,-0.0889525899446699,-0.0872221421305433,-0.109405819710888,0.00115412179724818,0.0921868146624622,0.285097014621415,0.387983883444201
"ETH",2026-08-03,2026-08-04,-0.0662573433663467,-0.088533489708979,-0.0863846000130477,-0.107838583732654,0.0011087479171941,0.236881799112362,0.273148135238505,0.28974279635213
"ETH",2026-08-04,2026-08-05,-0.0658325886642649,-0.086982388342897,-0.0855458786256862,-0.106340573335757,0.00106492743462737,0.440938371361086,0.256297189240897,0.554963203976269
"ETH",2026-08-05,2026-08-06,-0.0658227496747873,-0.0881403628816026,-0.0859444319337093,-0.107414331031534,0.0010924997887154,0.0680116322541319,0.287093395765897,0.262816093439656
"ETH",2026-08-06,2026-08-07,-0.065808389744739,-0.0876741915320437,-0.0855161353236436,-0.106979300951265,0.00106597324202822,0.593128652135978,0.243729349967518,0.269884231000686
"ETH",2026-08-07,2026-08-08,-0.0616941624428346,-0.0835993343628435,-0.0809893399751643,-0.102959513419456,0.000893577593232654,0.72354845022402,0.801543376043348,0.197630456462924
"ETH",2026-08-08,2026-08-09,-0.0620903366776272,-0.0825936177542333,-0.080971683619826,-0.102685000270193,0.000905831611022896,0.38958311092093,0.830815820940152,0.1879834371098
"ETH",2026-08-09,2026-08-10,-0.0612552996937825,-0.0829250662874665,-0.0801333770774299,-0.10275696448706,0.000887366195806453,0.479515754598902,0.822933121609794,0.740564543323976
"ETH",2026-08-10,2026-08-11,-0.0624769270786051,-0.0834158842144097,-0.081763169538064,-0.103828869110046,0.000900908485571972,0.999997526141285,0.777312297577399,0.253350763614965
"ETH",2026-08-11,2026-08-12,-0.0624629091523558,-0.0838390061651952,-0.081745881921821,-0.103455968500761,0.000919211388126572,0.504409306052889,0.820751173283231,0.185416578125983
"ETH",2026-08-12,2026-08-13,-0.0620384729671288,-0.082626205046106,-0.0809079210031783,-0.102859522343332,0.000902890139444844,0.456948698383537,0.824911149961257,0.194353694475089
"ETH",2026-08-13,2026-08-14,-0.061614396731356,-0.0816945531368622,-0.0804806464776337,-0.101395833668283,0.00088422204435061,0.552650892707104,0.816522742901752,0.16215829697901
"ETH",2026-08-14,2026-08-15,-0.0611903464421632,-0.0828371778068645,-0.0800533716868963,-0.102571654345923,0.000886484700829228,0.448332363956701,0.825666381552799,0.133804126022835
"ETH",2026-08-15,2026-08-16,-0.0611764162560359,-0.0824892812212384,-0.080036213346805,-0.101981944473392,0.000885244886793002,0.403385211265511,0.829606051020196,0.170088437403494
"ETH",2026-08-16,2026-08-17,-0.061162679287994,-0.0811668067879459,-0.079609366615718,-0.101873034730652,0.000871151253936329,0.55131712840065,0.816639648872436,0.886538538039252
"ETH",2026-08-17,2026-08-18,-0.0619731436563996,-0.0835791262005268,-0.0812374829817728,-0.103788632874105,0.0008914655665543,0.999996920324488,0.777312350677935,0.212093336673089
"ETH",2026-08-18,2026-08-19,-0.0623690967711233,-0.0836251799063443,-0.0816301877444698,-0.102997842267434,0.000918366540566774,0.425063976005691,0.827705882435001,0.971197281204919
"ETH",2026-08-19,2026-08-20,-0.126776816734475,-0.14982215976155,-0.152678984755461,-0.167257553867651,0.00489872057698227,1,0.777312080740846,0.538649996082939
"ETH",2026-08-20,2026-08-21,-0.112383059699798,-0.138089919309415,-0.139929048678723,-0.157255790091946,0.00341946171477504,0.725168975050392,0.801401335184309,0.333722676212253
"ETH",2026-08-21,2026-08-22,-0.110825589039304,-0.136386831099773,-0.138389893313873,-0.156689293389117,0.00327232046648549,0.999008285472848,0.777399005656198,0.465742071334773
"ETH",2026-08-22,2026-08-23,-0.0997231265656403,-0.125993258556608,-0.126877277821224,-0.147576083488559,0.00251277792080666,0.886834212587321,0.787231191757438,0.516840830839888
"ETH",2026-08-23,2026-08-24,-0.0877764190028512,-0.113129455146899,-0.112869873311848,-0.136486662199866,0.00187748907915077,0.653774961630689,0.807659102317123,0.498082816083683
"ETH",2026-08-24,2026-08-25,-0.0782992067423611,-0.102189238814638,-0.101332138824939,-0.125406648351045,0.00146115617457664,0.622130079511754,0.810432812517186,0.474149180190285
"ETH",2026-08-25,2026-08-26,-0.0717053920823767,-0.0956388871183193,-0.0935013397876637,-0.117658595253346,0.00121447926509958,0.813390227177322,0.79366864128559,0.473077108769551
"ETH",2026-08-26,2026-08-27,-0.0692287751452527,-0.0922654079319059,-0.0906112906908724,-0.113272035157234,0.00111929453083227,0.994318111638582,0.777810104770275,0.41677167211525
"ETH",2026-08-27,2026-08-28,-0.0654972887601319,-0.0877327372110775,-0.0859519419598106,-0.108839838892148,0.0010074687910137,0.434517414368069,0.793969832779364,0.503612478308201
"ETH",2026-08-28,2026-08-29,-0.0663117208841625,-0.0893578022926357,-0.0875836372415884,-0.110147100705047,0.00102080392922092,0.99999413964118,0.735740378599146,0.388049439515904
"ETH",2026-08-29,2026-08-30,-0.0650703221001997,-0.0874826384959965,-0.0855206890658404,-0.108386867376735,0.000993795678327261,0.507417996149061,0.786462961325941,0.399742006369432
"ETH",2026-08-30,2026-08-31,-0.0630136903160012,-0.0858245920585158,-0.0834612083657611,-0.105690980235748,0.000919515756302847,0.929623134696171,0.742986769166471,0.43241216322728
"ETH",2026-08-31,2026-09-01,-0.0634118438563519,-0.0850643307634762,-0.0834478245318571,-0.106501975801158,0.00092099858915628,0.99026634124129,0.736742089838326,0.456934144838891
"ETH",2026-09-01,2026-09-02,-0.0638112898239374,-0.0856342764852542,-0.0838450168339253,-0.10761284870462,0.000934469456011624,0.991878578055005,0.736576071211075,0.383891475040175
"ETH",2026-09-02,2026-09-03,-0.0633905627652328,-0.0851229461430127,-0.0834214443039906,-0.106231287655001,0.000925748145054282,0.8507773760946,0.751105839824202,0.791522714928047
"ETH",2026-09-03,2026-09-04,-0.072397160965444,-0.0968503810131227,-0.0952928460438992,-0.11853645889582,0.00124126492430256,0.999999999998601,0.735739775134142,0.478481131073645
"ETH",2026-09-04,2026-09-05,-0.0695254538271867,-0.0925149097964698,-0.0911922309780138,-0.11464427749574,0.00113342690540382,0.789862965688505,0.757378446124565,0.371323163182497
"ETH",2026-09-05,2026-09-06,-0.0662416192539315,-0.0896651935819983,-0.087087556357587,-0.111140520836844,0.00103403345960839,0.632769824271726,0.773554970234796,0.386609101017272
"ETH",2026-09-06,2026-09-07,-0.0641857203067906,-0.0868958245592576,-0.0846199644843482,-0.10785184342056,0.00095676656167419,0.84738281655706,0.751455391521414,0.350276245974307
"ETH",2026-09-07,2026-09-08,-0.0633559744277224,-0.0853479617799552,-0.0833785682963677,-0.106351296905623,0.000929163740110161,0.766900630455473,0.759742971820432,0.263689124910203
"ETH",2026-09-08,2026-09-09,-0.0633420670866667,-0.0845044589724295,-0.0829527722758747,-0.105677231236904,0.00093692261575744,0.367666737025629,0.800853720796767,0.2897181149429
"ETH",2026-09-09,2026-09-10,-0.0616950818642635,-0.0830977114154846,-0.081302732340661,-0.10356355538981,0.00087472265756356,0.808667906793837,0.755442024327672,0.220165353616053
