"asset","prev_date","date","var_0025","es_0025","var_001","es_001","sigma2","prob_crisis_filt","prob_crisis_pred","prob_crisis_insample"
"BTC",2019-05-16,2019-05-17,-0.0978536772668868,-0.128695237619481,-0.127662717352123,-0.156115335286058,0.00225296754471429,0.198370373029803,0.186255694915781,0.775594281632998
"BTC",2019-05-17,2019-05-18,-0.100954407003661,-0.132080448891612,-0.131212304656816,-0.158442397106273,0.00240705354838014,0.363458311644183,0.202572201524552,0.489801121116696
"BTC",2019-05-18,2019-05-19,-0.0965529221976242,-0.127229633791867,-0.126366804841401,-0.154969771999727,0.0021850141155089,0.109324495514199,0.177454823930525,0.766070361666645
"BTC",2019-05-19,2019-05-20,-0.109855823429735,-0.139865297536208,-0.140591855989468,-0.166409498965038,0.00291126911748464,0.581982862308341,0.224170128696075,0.600539682589847
"BTC",2019-05-20,2019-05-21,-0.104577218631713,-0.136444260075292,-0.135310199049557,-0.163970087555905,0.00265235736278776,0.172526932985618,0.183701452226621,0.439843381110007
"BTC",2019-05-21,2019-05-22,-0.101486452360919,-0.132318347529353,-0.131774718164651,-0.160740948390882,0.00245681388664761,0.100599007763453,0.176592438224187,0.606940702108154
"BTC",2019-05-22,2019-05-23,-0.100606843972826,-0.132106312210151,-0.131333508940021,-0.158691315420479,0.00240034870971605,0.171010839192824,0.18355160872747,0.577294731161105
"BTC",2019-05-23,2019-05-24,-0.0988433687399042,-0.129045989056832,-0.129128519894592,-0.156758284868275,0.00228199082895988,0.139209231103693,0.180408489048885,0.450576601867962
"BTC",2019-05-24,2019-05-25,-0.0957561152138829,-0.127177208923744,-0.126036131354974,-0.154857847742358,0.00213284931008016,0.0968701786141602,0.176223898487317,0.408898124519189
"BTC",2019-05-25,2019-05-26,-0.0935470551166099,-0.12430949331916,-0.123821800995457,-0.151545443233402,0.00200490212878614,0.0894196817521591,0.175487526815905,0.776131295984698
"BTC",2019-05-26,2019-05-27,-0.100176549275395,-0.131882881960842,-0.130906107016562,-0.158110294944997,0.00232140386032211,0.456177099185436,0.211736085466478,0.488191063118299
"BTC",2019-05-27,2019-05-28,-0.0948936175581273,-0.126212214092489,-0.125178938479142,-0.154081482245768,0.00207694355216133,0.111597902120323,0.177679516625973,0.42437045622036
"BTC",2019-05-28,2019-05-29,-0.0926843965443696,-0.123248877094834,-0.122964472554506,-0.150718327541256,0.00195199477496118,0.0906164829735666,0.175605812956021,0.387981257145475
"BTC",2019-05-29,2019-05-30,-0.0904754079279615,-0.120975705986618,-0.120750044820863,-0.148361325171677,0.00183838360626819,0.0826715196624168,0.174820570572714,0.685517214280115
"BTC",2019-05-30,2019-05-31,-0.091794154790587,-0.123196792736159,-0.12206968209211,-0.150935862311019,0.0018881589010425,0.22997212091152,0.189379061362104,0.667369672236807
"BTC",2019-05-31,2019-06-01,-0.0904734300546263,-0.121114107919073,-0.120747339090141,-0.14865444564727,0.00182082969105805,0.171659207616731,0.183615690378512,0.419070203482728
"BTC",2019-06-01,2019-06-02,-0.0873876825811189,-0.118167303886835,-0.117656055813733,-0.145816837041271,0.00168855492082077,0.0788392322538998,0.174441805513603,0.507245108543106
"BTC",2019-06-02,2019-06-03,-0.0860617972941868,-0.117913239556807,-0.1167649505792,-0.144456299469112,0.00163236155435631,0.10794781623861,0.177318759499126,0.814584626660425
"BTC",2019-06-03,2019-06-04,-0.0931045676272167,-0.124205170841332,-0.123377985904569,-0.151639649588326,0.00190306442353692,0.47433719054238,0.213530942517383,0.839194127628924
"BTC",2019-06-04,2019-06-05,-0.0953219163708516,-0.126125525213248,-0.125603546093665,-0.153526106596458,0.00202031405393429,0.476120320115393,0.21370717856289,0.571371257124656
"BTC",2019-06-05,2019-06-06,-0.0898164077684153,-0.120558143276686,-0.119413284416601,-0.146415306338749,0.00182640569337591,0.156343356227628,0.181307579761322,0.400580623547674
"BTC",2019-06-06,2019-06-07,-0.0858850823427196,-0.115629399491869,-0.115041421463939,-0.142069192816394,0.00165495347627247,0.0809472679674683,0.165748048816789,0.600365665901935
"BTC",2019-06-07,2019-06-08,-0.0863154130657372,-0.116206445711852,-0.115469946166461,-0.142574252345773,0.00165114404740748,0.14526782316263,0.179021916095889,0.440446521794095
"BTC",2019-06-08,2019-06-09,-0.08282160965128,-0.112650791590037,-0.111971194857177,-0.138741664765034,0.00151436487356095,0.0834646139853944,0.166267554857061,0.696503489322261
"BTC",2019-06-09,2019-06-10,-0.0858664413175737,-0.115970395157826,-0.115015783527394,-0.142352017769618,0.00160380030530569,0.208302284938489,0.192030371590147,0.784082389798178
"BTC",2019-06-10,2019-06-11,-0.0889177791057564,-0.118531856538491,-0.118069246578862,-0.144859003535795,0.00170546788085807,0.30046475964576,0.211049990647629,0.471648077981757
"BTC",2019-06-11,2019-06-12,-0.0819435471812632,-0.112337965268965,-0.111089999554833,-0.139196554175511,0.00147165926474242,0.0951541386579907,0.168679928298009,0.608474123522371
"BTC",2019-06-12,2019-06-13,-0.0823722823765409,-0.11217412209451,-0.111516264402369,-0.138964680754718,0.00146323433866025,0.137315043270748,0.177380696668221,0.441131078383034
"BTC",2019-06-13,2019-06-14,-0.0788807763020144,-0.109447264138525,-0.108454877420904,-0.135121951457519,0.00134649796658458,0.0775511038626025,0.165047180619224,0.80479341353241
"BTC",2019-06-14,2019-06-15,-0.0897680443940303,-0.118725010898815,-0.118912391010433,-0.144740077973595,0.00168858790531972,0.401692636241618,0.231940441527623,0.565723877349847
"BTC",2019-06-15,2019-06-16,-0.0814928707310134,-0.111667399010577,-0.111068027128589,-0.137684006258112,0.00142639904927409,0.1289505824533,0.175654518428385,0.532430474850684
"BTC",2019-06-16,2019-06-17,-0.0793086575710935,-0.109869142427515,-0.108879834073338,-0.136183818570539,0.0013489591976466,0.0999667689676252,0.169673113381683,0.715745477411626
"BTC",2019-06-17,2019-06-18,-0.0823502576782324,-0.112245476015266,-0.111920440466516,-0.138281493582288,0.00142460897955951,0.201008096184337,0.190525065966812,0.724934654600371
"BTC",2019-06-18,2019-06-19,-0.0819107301690117,-0.112244817526737,-0.11147903869276,-0.138639910804533,0.00141091383936307,0.196108213488199,0.189513874561602,0.668113167726121
"BTC",2019-06-19,2019-06-20,-0.0801644419890908,-0.109891138989498,-0.109729884276346,-0.13643074241405,0.00134656137518857,0.149172556282821,0.179827737952377,0.682601309118684
"BTC",2019-06-20,2019-06-21,-0.0797235378373521,-0.110131885743131,-0.109286451005878,-0.137085628055363,0.00133097074193153,0.156340464125112,0.181306982916583,0.849675920332842
"BTC",2019-06-21,2019-06-22,-0.0901713329662868,-0.119276404579982,-0.11930441161306,-0.145734807834379,0.00167127455364577,0.462142805734066,0.244415575245098,0.862596380328338
"BTC",2019-06-22,2019-06-23,-0.0941026278065756,-0.123776095501613,-0.123241777574758,-0.150331447052406,0.00185644292436508,0.547178667180039,0.261964471323076,0.506492024082167
"BTC",2019-06-23,2019-06-24,-0.0823478760814078,-0.112373438715753,-0.111917109024624,-0.139278625798794,0.00145781833135576,0.121448488596964,0.174106307318232,0.525580967279327
"BTC",2019-06-24,2019-06-25,-0.0801641325041976,-0.11074641116399,-0.109729447631497,-0.137723530828821,0.00138054293872348,0.0996719994802375,0.169612281645364,0.834188210498439
"BTC",2019-06-25,2019-06-26,-0.0929371551263445,-0.117386363755635,-0.118074781282139,-0.139624864917601,0.00185144674132833,0.568008809708853,0.344052164633556,0.870775957732528
"BTC",2019-06-26,2019-06-27,-0.100899271604078,-0.12431693415016,-0.125274579683632,-0.145112278212219,0.00232422475800502,0.83419546242828,0.434176233364378,0.822287253374871
"BTC",2019-06-27,2019-06-28,-0.107510502412698,-0.131843636102654,-0.132346222551303,-0.150089447294438,0.00292710825407561,0.845390872669446,0.43796671613929,0.808374089791508
"BTC",2019-06-28,2019-06-29,-0.108847156371559,-0.132060365971752,-0.13371484368971,-0.151739886191987,0.00308591331357008,0.709874841095618,0.392084415058773,0.622921920317988
"BTC",2019-06-29,2019-06-30,-0.103711685255298,-0.128145598136745,-0.129367918206026,-0.149016754668645,0.00279883846998857,0.363213400025204,0.274713618205607,0.771209538606801
"BTC",2019-06-30,2019-07-01,-0.106992450672656,-0.132008142931218,-0.132675483919942,-0.151127611108978,0.00304155616926493,0.49679862638039,0.319942197469298,0.565430065832248
"BTC",2019-07-01,2019-07-02,-0.103029089347847,-0.127372591025634,-0.128709390693435,-0.149501245339295,0.00278682756039337,0.266383718548444,0.241929536887325,0.481047957518033
"BTC",2019-07-02,2019-07-03,-0.0994566278868128,-0.125673741828212,-0.12552806084421,-0.147462554094138,0.00258220938739521,0.179641730115601,0.212560893315215,0.763545249474996
"BTC",2019-07-03,2019-07-04,-0.105917382159771,-0.130806476368275,-0.131624678169847,-0.150567319480647,0.00297050976358104,0.441777005341311,0.301313268086299,0.746365692239549
"BTC",2019-07-04,2019-07-05,-0.105567697451777,-0.130537925694057,-0.131285104803077,-0.150679254035779,0.00295327720761524,0.415274519184084,0.292340196523281,0.51061287201453
"BTC",2019-07-05,2019-07-06,-0.101593376477789,-0.12615830416489,-0.127306717784111,-0.148808269595631,0.00269935255738906,0.21957102679205,0.226079943355019,0.466418057241045
"BTC",2019-07-06,2019-07-07,-0.0988078057620561,-0.12356668861362,-0.124517295870618,-0.146698475700784,0.002516404547133,0.166928090139413,0.208256376348165,0.473595920320416
"BTC",2019-07-07,2019-07-08,-0.0964201889651273,-0.122363688983909,-0.122521701093161,-0.143922334909031,0.00237143105656783,0.156005812597421,0.204558369397648,0.74057406672955
"BTC",2019-07-08,2019-07-09,-0.100427084699219,-0.125513685683212,-0.126145154454251,-0.145991116657957,0.00255792181998851,0.363956104629509,0.274965079201571,0.532859488651185
"BTC",2019-07-09,2019-07-10,-0.0964553482356973,-0.121722537568579,-0.122169800412171,-0.144191513767536,0.00233856657380235,0.205754366013724,0.221401971439842,0.606893820796457
"BTC",2019-07-10,2019-07-11,-0.0956642520949616,-0.120619309837327,-0.121378732676649,-0.142708906790966,0.00227058969991122,0.222238258474399,0.226983000548177,0.768636331573219
"BTC",2019-07-11,2019-07-12,-0.0992719383982467,-0.123919396126254,-0.12460166280618,-0.145599716322302,0.0024436719983617,0.399650676241885,0.287050358431187,0.699140324327453
"BTC",2019-07-12,2019-07-13,-0.0972991165179564,-0.122855367350611,-0.123026058763877,-0.143899892510023,0.002345817774488,0.325434338344286,0.26192258335569,0.662007355396939
"BTC",2019-07-13,2019-07-14,-0.0957179578329839,-0.120881959732602,-0.121445391561133,-0.142406955543452,0.00225003915106874,0.275487721017843,0.245011921882573,0.821820150862913
"BTC",2019-07-14,2019-07-15,-0.102959922676154,-0.127610561155694,-0.128317693950573,-0.147369745194789,0.00266614415977726,0.552343140298266,0.338748165157059,0.765558682402831
"BTC",2019-07-15,2019-07-16,-0.104831857563957,-0.130870777099904,-0.131262911970495,-0.151190433244897,0.00278854217467518,0.446060135921959,0.294120631638423,0.823702734868137
"BTC",2019-07-16,2019-07-17,-0.116193356155364,-0.140316504323727,-0.141899248163734,-0.160591725734363,0.00364399801722662,0.611929033173725,0.348711271205511,0.5471012134406
"BTC",2019-07-17,2019-07-18,-0.109058525761105,-0.133970552658334,-0.135551775308148,-0.155964566609476,0.0031983749284789,0.267794223647822,0.235449896345089,0.766479225484239
"BTC",2019-07-18,2019-07-19,-0.113541915910377,-0.137921844629566,-0.139667812638986,-0.158586265412438,0.00350830826087584,0.440444923085149,0.292272557254703,0.501626051360389
"BTC",2019-07-19,2019-07-20,-0.10758389195537,-0.133419188575705,-0.134496868933565,-0.154261685631234,0.00313878582310415,0.209870156003919,0.216385973262461,0.521081196385339
"BTC",2019-07-20,2019-07-21,-0.10480508469949,-0.130865133304764,-0.131716119610839,-0.152104299729539,0.00293951069001538,0.181830888507042,0.207157711840286,0.497058887528774
"BTC",2019-07-21,2019-07-22,-0.102022156219584,-0.128645690217437,-0.128930172243877,-0.150172520602403,0.0027504561354014,0.160867301372727,0.200258192712565,0.497399320793249
"BTC",2019-07-22,2019-07-23,-0.100031536242075,-0.125594771939252,-0.126540958487182,-0.148468556236951,0.002590885267567,0.155762526387858,0.198578113228783,0.626353134348258
"BTC",2019-07-23,2019-07-24,-0.100038319004717,-0.125352165635246,-0.126549361374947,-0.147348746744038,0.00255417544859623,0.218624395925302,0.219267161744149,0.433370788202388
"BTC",2019-07-24,2019-07-25,-0.0960614220278441,-0.122428141724174,-0.122963117591236,-0.143730122287475,0.00233861216592451,0.134690519402287,0.19164291104583,0.39671045152973
"BTC",2019-07-25,2019-07-26,-0.0936690779581983,-0.119354517869178,-0.120170432342821,-0.142173669187045,0.00218210793783864,0.11578230667003,0.185419855106912,0.369113933872725
"BTC",2019-07-26,2019-07-27,-0.0912765613152651,-0.117043848976431,-0.11777292348028,-0.13985200032698,0.00204049916855175,0.104275387836503,0.181632707130547,0.611866520650646
"BTC",2019-07-27,2019-07-28,-0.0924644141457775,-0.119153497952248,-0.118961147450942,-0.141697735865881,0.00207055822691877,0.199395838145207,0.212938674097819,0.422563193020131
"BTC",2019-07-28,2019-07-29,-0.0888870259619047,-0.115168157104374,-0.115378949728166,-0.13831286547995,0.00189268642834896,0.118236772233122,0.186227666861283,0.356454139571195
"BTC",2019-07-29,2019-07-30,-0.0864960276472425,-0.112406312916822,-0.112982899306061,-0.135703996017473,0.00176513073569857,0.0939685111943279,0.178240516085946,0.36012750910496
"BTC",2019-07-30,2019-07-31,-0.0845021913056555,-0.111234312677089,-0.110984289976514,-0.13506186983242,0.00166859530045226,0.0911781545916883,0.177322156139734,0.709061808047975
"BTC",2019-07-31,2019-08-01,-0.0900461835356394,-0.115830049868541,-0.116531014488365,-0.138529003471715,0.00185011971371366,0.271859395606405,0.236787822507535,0.669891782507605
"BTC",2019-08-01,2019-08-02,-0.0880649789565331,-0.115269527863114,-0.114943823351936,-0.137528059456628,0.0017757609917898,0.229829192935752,0.222954875626345,0.455484357678023
"BTC",2019-08-02,2019-08-03,-0.0837008326738573,-0.11008024237579,-0.11057510646854,-0.133230974120357,0.00159328538953385,0.118705902561452,0.186382066661898,0.557974552788482
"BTC",2019-08-03,2019-08-04,-0.083691251287745,-0.109974507122989,-0.110562804688876,-0.133319158238534,0.00157095772602033,0.145573854451628,0.195224825623008,0.46941609117978
"BTC",2019-08-04,2019-08-05,-0.0798960611371869,-0.10639336229199,-0.106303072450528,-0.129641156920985,0.00142556579256891,0.118077713570042,0.187686224660689,0.840180355967327
"BTC",2019-08-05,2019-08-06,-0.0976819784195396,-0.122533124830146,-0.122918170103649,-0.143212101276541,0.00212265482377168,0.551388502470062,0.38910215260719,0.694073947913521
"BTC",2019-08-06,2019-08-07,-0.0917614205900758,-0.117711862464614,-0.117784767346344,-0.138571545228266,0.00186025763126219,0.376675607955078,0.307890328035995,0.776678435531848
"BTC",2019-08-07,2019-08-08,-0.0945305080361496,-0.119861433880249,-0.120161757206026,-0.140652387717974,0.00197498117209271,0.456996039934533,0.345225688139245,0.429354176802634
"BTC",2019-08-08,2019-08-09,-0.0830769860028145,-0.109333551078729,-0.109491820693473,-0.132209386088201,0.001532189478762,0.169768232667314,0.211713537473377,0.362205878784268
"BTC",2019-08-09,2019-08-10,-0.0783294116940699,-0.104901059901298,-0.104739348095996,-0.128788346643253,0.00136785238624192,0.0956225891788985,0.177248405358111,0.751214304872971
"BTC",2019-08-10,2019-08-11,-0.0889839639136433,-0.114797787907623,-0.115002779256299,-0.136762622224953,0.00171303493281332,0.333155521758582,0.287660878942814,0.568146645727043
"BTC",2019-08-11,2019-08-12,-0.0822688418382645,-0.109336193622818,-0.109072280303407,-0.131221449708339,0.00147637913879387,0.1908401433279,0.221508397301543,0.443829206442349
"BTC",2019-08-12,2019-08-13,-0.0775239393098029,-0.1045110086075,-0.104322869488292,-0.127696799082364,0.00131543117780284,0.111398013740702,0.184581298649163,0.773150449977947
"BTC",2019-08-13,2019-08-14,-0.0889628087296517,-0.114023984100653,-0.114976116213754,-0.135770002663303,0.00167489059709103,0.352268762054494,0.296545289691132,0.884631473626558
"BTC",2019-08-14,2019-08-15,-0.104016942584048,-0.127350339400694,-0.128470015480759,-0.147432397364834,0.00243749959605393,0.776478978750884,0.493730997107257,0.673899475054981
"BTC",2019-08-15,2019-08-16,-0.0941473702263037,-0.119195306395333,-0.119781348445073,-0.14067799499869,0.00194132295687687,0.441604588616183,0.33807127719647,0.424895874889612
"BTC",2019-08-16,2019-08-17,-0.0826932705548015,-0.108973567040356,-0.109111077454613,-0.132320477072479,0.00150862319864798,0.167769181019422,0.210784317954761,0.45023753293294
"BTC",2019-08-17,2019-08-18,-0.0791307009684919,-0.106104437209387,-0.105938664285173,-0.128816559431793,0.00138586606780912,0.118758658026809,0.188002748188728,0.414934437984029
"BTC",2019-08-18,2019-08-19,-0.0767502792909828,-0.103101466149297,-0.103553654319257,-0.12615120847862,0.00129187879138603,0.0910812116110647,0.175137436048293,0.788972034744186
"BTC",2019-08-19,2019-08-20,-0.0909564720251399,-0.116055788411093,-0.116581411337427,-0.138526589954746,0.00176251595824501,0.398670047400486,0.318114007076634,0.480876071807037
"BTC",2019-08-20,2019-08-21,-0.0799023087262117,-0.107274622924721,-0.10670529764329,-0.130287884162489,0.00138384509213781,0.160265872232384,0.207296553650883,0.832272453240661
"BTC",2019-08-21,2019-08-22,-0.097284069056858,-0.122678948408584,-0.122519422826477,-0.143388048353986,0.00206434484522091,0.580356575935132,0.402567387139201,0.448264582854923
"BTC",2019-08-22,2019-08-23,-0.0826773410175089,-0.109284963349691,-0.109484882664645,-0.131367433257944,0.00147969369042556,0.196341950354567,0.224065803200602,0.613953049492243
"BTC",2019-08-23,2019-08-24,-0.0826694802950635,-0.109074903210711,-0.109080575837391,-0.132560698865252,0.00146609636445218,0.207169153785713,0.229098614019104,0.626010314491027
"BTC",2019-08-24,2019-08-25,-0.0786477876751075,-0.106539924699924,-0.106216934796879,-0.129221583115506,0.00135810244961863,0.145940340135668,0.182177220047847,0.397987745935471
"BTC",2019-08-25,2019-08-26,-0.0746931152061769,-0.102152563872402,-0.101863270800205,-0.126158060888555,0.00122572923746852,0.0725285111759736,0.161863528980037,0.592293750900971
"BTC",2019-08-26,2019-08-27,-0.0762586021882546,-0.103337214483904,-0.103425768975904,-0.127563816954964,0.00125085661434176,0.1307905454796,0.177985140205332,0.550646183452847
"BTC",2019-08-27,2019-08-28,-0.0742780084932389,-0.102263777959259,-0.101835035871863,-0.125811136000756,0.00119090232992215,0.106583961158578,0.171286967953363,0.803884343579393
"BTC",2019-08-28,2019-08-29,-0.0833401902309949,-0.110553897375643,-0.110899476866131,-0.132704501418699,0.00145151610515417,0.33759010310043,0.235208375016383,0.683159618833272
"BTC",2019-08-29,2019-08-30,-0.078212925706508,-0.105321289084441,-0.105769396489735,-0.128985342908263,0.00129120179460458,0.190207941917132,0.194426450173897,0.454617593376211
"BTC",2019-08-30,2019-08-31,-0.0730802290246392,-0.100228786651694,-0.100631760006701,-0.12446666447615,0.00114058038845824,0.0822909020824307,0.16456486738513,0.341399895356199
"BTC",2019-08-31,2019-09-01,-0.0707031689118788,-0.0981086474726749,-0.0982494708722497,-0.122770464863952,0.00106586986642234,0.0571381944416923,0.157604894588193,0.472683126713309
"BTC",2019-09-01,2019-09-02,-0.0706903165379545,-0.0990250974254677,-0.0986257394180069,-0.123182047817698,0.00105720641962581,0.0829659602623147,0.164751661850182,0.865839373000694
"BTC",2019-09-02,2019-09-03,-0.0911798953776839,-0.116981769504617,-0.117942765657787,-0.139664704132337,0.00169666998581953,0.59686020272431,0.306950664801474,0.675691974107778
"BTC",2019-09-03,2019-09-04,-0.0793615246381445,-0.107025758957116,-0.107301638026922,-0.13039790782477,0.00131360782313417,0.229214594563793,0.205219929953412,0.40205347556031
"BTC",2019-09-04,2019-09-05,-0.0722626488840732,-0.0998663135794806,-0.100197570133176,-0.124036283384845,0.00111127493554966,0.0744630276234512,0.162398826493211,0.325826324339414
"BTC",2019-09-05,2019-09-06,-0.06988673061151,-0.0980120130329629,-0.097816393126514,-0.122562210021707,0.00104015653415886,0.0538012716757734,0.156681539058919,0.600344304300352
"BTC",2019-09-06,2019-09-07,-0.072631351190892,-0.100334525298724,-0.100558003934278,-0.124798301359643,0.00109173781306012,0.126363478343131,0.176760132254691,0.53470101399298
"BTC",2019-09-07,2019-09-08,-0.0702585190714448,-0.0987003108005783,-0.0985740303887851,-0.122753529962289,0.00102921149804128,0.0908881066034965,0.166943788591188,0.402848072151852
"BTC",2019-09-08,2019-09-09,-0.0678850274879608,-0.0967661441504892,-0.0965887614579286,-0.120403085477476,0.000964612011243646,0.0601650573339482,0.15844245385581,0.357755030347617
"BTC",2019-09-09,2019-09-10,-0.0666916032607841,-0.0956824448639875,-0.0953902295513898,-0.120072825511623,0.000924920537481795,0.0532032309182497,0.156516055983965,0.657435759488866
"BTC",2019-09-10,2019-09-11,-0.0710074854116793,-0.0992595260689322,-0.0997031117397847,-0.122893091705101,0.00100826744735474,0.143967284933381,0.181631258526292,0.392214583407806
"BTC",2019-09-11,2019-09-12,-0.0662763124112277,-0.0948112626940728,-0.0949667066116197,-0.120171715676823,0.000895716542421399,0.0566718257291993,0.15747584631241,0.701782376504934
"BTC",2019-09-12,2019-09-13,-0.0713769002715226,-0.100099314784127,-0.100064276759248,-0.124425385834162,0.00100432051008464,0.166851978736043,0.187963652183776,0.401554393946515
"BTC",2019-09-13,2019-09-14,-0.0652959803632142,-0.0939441050548385,-0.0939134519358211,-0.117377686870311,0.000851649994666864,0.0596113278132229,0.168096279681127,0.298319740571144
"BTC",2019-09-14,2019-09-15,-0.0641057176122324,-0.0925379307463392,-0.092717775262626,-0.116560240063241,0.000812120794293558,0.0447659084332454,0.165161854567569,0.308780989569742
"BTC",2019-09-15,2019-09-16,-0.0637000094142735,-0.0918566111890705,-0.092306793359677,-0.116314204208673,0.000789258317193589,0.0466907852776063,0.165542336035153,0.29707597355847
"BTC",2019-09-16,2019-09-17,-0.0629025921673559,-0.0916673085430382,-0.0918958834947426,-0.115794490306113,0.000765747756277322,0.0437430757837807,0.164959675987312,0.314232364789343
"BTC",2019-09-17,2019-09-18,-0.0624973905080608,-0.0914877064690434,-0.091485393134325,-0.116274174538753,0.000748473310726386,0.0449969831733445,0.16520753003844,0.27531772672446
"BTC",2019-09-18,2019-09-19,-0.0617004436313572,-0.0912421741850491,-0.0910747229178827,-0.115720550674822,0.000726507503909633,0.0385250134379512,0.163928245833687,0.422154183142488
"BTC",2019-09-19,2019-09-20,-0.0624710937708021,-0.0918343802158241,-0.0918403074673827,-0.116262715477574,0.000731539493897806,0.0606196770939247,0.168295595401134,0.435940159114989
"BTC",2019-09-20,2019-09-21,-0.0624583880635755,-0.0911474766491264,-0.0918225194772654,-0.115689267586716,0.000719746418890488,0.0575293872887187,0.16768475216522,0.699225218771492
"BTC",2019-09-21,2019-09-22,-0.065971368685954,-0.0948074780933809,-0.0949399431266087,-0.119050054128824,0.000787168843255847,0.149741519678122,0.185911896184012,0.402458308143616
"BTC",2019-09-22,2019-09-23,-0.0616521087928017,-0.091363676978389,-0.0913982421837573,-0.115949230017007,0.000705233995595898,0.0470546303266977,0.165614255596478,0.899441168325042
"BTC",2019-09-23,2019-09-24,-0.0804384939347325,-0.107034159359901,-0.107444660846815,-0.129693173174598,0.00115064867943994,0.607609529514127,0.276416539560395,0.923249537294968
"BTC",2019-09-24,2019-09-25,-0.105686570452008,-0.131583144182906,-0.133130925963222,-0.153436391877236,0.00243045793654919,0.985222434245013,0.351057528978349,0.655979538539138
"BTC",2019-09-25,2019-09-26,-0.0868558914474852,-0.114572658331327,-0.115473012609905,-0.137327559942489,0.00165398053755328,0.231102547498746,0.20199415275022,0.747216130400955
"BTC",2019-09-26,2019-09-27,-0.0860748793269294,-0.113224564294778,-0.113908835713306,-0.136201822403705,0.00162538761919045,0.255014303868719,0.206720678596703,0.508634868859018
"BTC",2019-09-27,2019-09-28,-0.0793954382425232,-0.106981330410761,-0.106832820064311,-0.129614907456736,0.00139933593096947,0.0983114142083805,0.175745946053502,0.38863568756029
"BTC",2019-09-28,2019-09-29,-0.0762437217750438,-0.103125239708554,-0.102892283719795,-0.126883780759699,0.00127836906678019,0.0705616638321136,0.17026078175367,0.486366065305591
"BTC",2019-09-29,2019-09-30,-0.0750554609299606,-0.10210486693931,-0.101700122867279,-0.125416650504028,0.00122699744330107,0.0938475651382827,0.174863597735873,0.638020861470218
"BTC",2019-09-30,2019-10-01,-0.0758316095366905,-0.102584598718712,-0.102473963489282,-0.125941663115606,0.00123390863650496,0.149007528354332,0.185766811527356,0.412148071863041
"BTC",2019-10-01,2019-10-02,-0.0722903780606581,-0.0988862918607938,-0.0989279199906764,-0.122210566215185,0.0011193451945718,0.0716326766084126,0.170472483875872,0.368457682386723
"BTC",2019-10-02,2019-10-03,-0.0707089552692976,-0.0971730521891712,-0.0973417653907192,-0.120795382687516,0.00105827470084941,0.064739495035802,0.16910994068317,0.4431603695185
"BTC",2019-10-03,2019-10-04,-0.0696533445589065,-0.0976560019402084,-0.0982868521363156,-0.122207209721379,0.00101492086383474,0.0664942380062285,0.15621196465462,0.429734662410559
"BTC",2019-10-04,2019-10-05,-0.0684627998112284,-0.0968936134339082,-0.0970913234683991,-0.122406122899822,0.000976536381811838,0.0609247412293431,0.154581473546001,0.341084212520783
"BTC",2019-10-05,2019-10-06,-0.0664873594994561,-0.0959842750760523,-0.0958946886020278,-0.12033804815635,0.000926185876765508,0.0457570900930649,0.150141086683948,0.770494385547266
"BTC",2019-10-06,2019-10-07,-0.0786411971552515,-0.106080614759536,-0.106871857588796,-0.130385043111744,0.00120410391935423,0.284090903069062,0.219914205963463,0.867612174933939
"BTC",2019-10-07,2019-10-08,-0.0888460323045602,-0.11586351001335,-0.116295376486347,-0.138164076242988,0.00155039553543814,0.546111568870908,0.29662174041025,0.459217191021463
"BTC",2019-10-08,2019-10-09,-0.0711847733196962,-0.100307269370086,-0.100589324795954,-0.12421191717912,0.00104499444777705,0.104665378419571,0.167386709437323,0.829982338613131
"BTC",2019-10-09,2019-10-10,-0.0876646073057953,-0.114603958002796,-0.115504666519026,-0.136635083167638,0.00151867995692111,0.483582590679732,0.27831614709438,0.442916515779335
"BTC",2019-10-10,2019-10-11,-0.0715725477116938,-0.10024849792025,-0.100583531680784,-0.125031103439036,0.00106317442213019,0.0959193010146374,0.164826262413955,0.746520326307279
"BTC",2019-10-11,2019-10-12,-0.0786267518045141,-0.106215272904445,-0.107244889818024,-0.129758410777197,0.00123363679792065,0.247317883245726,0.209148766236873,0.427879049095705
"BTC",2019-10-12,2019-10-13,-0.0692032786250936,-0.098580457352748,-0.0986000582445592,-0.122702904677511,0.00100343012502372,0.0681532487164578,0.156697646273713,0.349505853264067
"BTC",2019-10-13,2019-10-14,-0.0672291089184543,-0.0962376112183481,-0.0966204808692452,-0.12086599857675,0.000942342346309143,0.0472330883373237,0.150573190715966,0.353917115510359
"BTC",2019-10-14,2019-10-15,-0.0664314449517252,-0.0952412628881716,-0.0958175406817408,-0.120442157891154,0.000909225409710239,0.0471663167254609,0.150553643075701,0.63406106758917
"BTC",2019-10-15,2019-10-16,-0.0703401003369745,-0.0989322139495303,-0.0997227656891277,-0.123431801005127,0.000983450260566816,0.124503339251968,0.173194347011437,0.647433105076165
"BTC",2019-10-16,2019-10-17,-0.0695457723620262,-0.0986245941913087,-0.0989244996732217,-0.123881047978453,0.000962980873748212,0.116044007999476,0.170717846001634,0.447735186317978
"BTC",2019-10-17,2019-10-18,-0.0656152814791292,-0.0952650888752292,-0.0953805442319843,-0.121013765532312,0.000874589623334316,0.0563628264911554,0.153245955865165,0.516264714215435
"BTC",2019-10-18,2019-10-19,-0.0659948441650012,-0.0956523435817657,-0.096147019314849,-0.12047038762107,0.000872233806274611,0.0705473916183781,0.157398540604156,0.331333299465385
"BTC",2019-10-19,2019-10-20,-0.0632401666329097,-0.0937997180597999,-0.0937783426438733,-0.119061919974897,0.000813471160075328,0.0386980205511321,0.148074517551346,0.802100799159706
"BTC",2019-10-20,2019-10-21,-0.0777229515110528,-0.106537982654175,-0.106693997898011,-0.129856524873809,0.00113031933986019,0.308540427420887,0.227071896085675,0.394124036208779
"BTC",2019-10-21,2019-10-22,-0.0647896277266101,-0.0948966866651173,-0.0953211125813192,-0.119998371583468,0.000839017321163153,0.0587801917645465,0.153953648632114,0.692883512120951
"BTC",2019-10-22,2019-10-23,-0.0698689687819093,-0.0993303502494848,-0.0996141944632384,-0.124738214506273,0.000934337568403463,0.147618300943826,0.179961338900371,0.913552587339435
"BTC",2019-10-23,2019-10-24,-0.100494384605757,-0.125214075643792,-0.12556491116073,-0.144419602651708,0.00213794808316992,0.891517944782615,0.50516120832241,0.464545823124397
"BTC",2019-10-24,2019-10-25,-0.0765825082009472,-0.102997194205374,-0.103606566180098,-0.12635330391138,0.00116880207048143,0.212319991666971,0.229449523351542,0.752484626884285
"BTC",2019-10-25,2019-10-26,-0.12003875023224,-0.144507009848172,-0.145961945393831,-0.162913426063862,0.00348884605367786,0.88707260815287,0.503356681016597,0.776500241358855
"BTC",2019-10-26,2019-10-27,-0.113803504513627,-0.138319824119671,-0.140129850384325,-0.158084290825591,0.0030811892464047,0.75302010217824,0.448939788080909,0.649436234702433
"BTC",2019-10-27,2019-10-28,-0.100045309043118,-0.126458835072197,-0.127549052285468,-0.147041861326112,0.00234484211324048,0.409117761947466,0.309337050387871,0.573532341225321
"BTC",2019-10-28,2019-10-29,-0.0913911646540024,-0.117773206501632,-0.118499319178382,-0.140213830233747,0.00196894141925608,0.234578042491612,0.238484893185738,0.464840251925418
"BTC",2019-10-29,2019-10-30,-0.0850886781549113,-0.11106770895659,-0.111406557287478,-0.135204804635292,0.00171676675753509,0.129407027157884,0.195792070401536,0.55220974907906
"BTC",2019-10-30,2019-10-31,-0.0842946441693933,-0.110115589662762,-0.110610195389529,-0.132603000550105,0.00166678779324541,0.160446535438385,0.20839216009472,0.416848268688819
"BTC",2019-10-31,2019-11-01,-0.0799572099412802,-0.106115092811169,-0.105875153471247,-0.129295292503993,0.00150511875039071,0.0983666214274653,0.183191616400085,0.413405743697691
"BTC",2019-11-01,2019-11-02,-0.0779781724899152,-0.104239399063471,-0.10389158288902,-0.126657604349933,0.00141990705185832,0.0934339262182183,0.1811892521389,0.381820116059675
"BTC",2019-11-02,2019-11-03,-0.0759989913473114,-0.102121717160007,-0.101515066147164,-0.12550235743821,0.00133572174802081,0.0826142781933065,0.176797154998359,0.396916795896721
"BTC",2019-11-03,2019-11-04,-0.0748065433683519,-0.100784257928977,-0.100318220482929,-0.123950450931335,0.00127708543877712,0.085644415484188,0.178027200310377,0.532686281055687
"BTC",2019-11-04,2019-11-05,-0.0759733244601376,-0.102184706349578,-0.101874306335677,-0.124131139231341,0.00129209959033965,0.135017382896593,0.198069522250308,0.424590421191803
"BTC",2019-11-05,2019-11-06,-0.0732117247654415,-0.0993048450026008,-0.098715865746075,-0.122925848702616,0.00119619794401037,0.092319304652112,0.180736785831123,0.356872615791916
"BTC",2019-11-06,2019-11-07,-0.0712346701311086,-0.0970049107552832,-0.0967340958548043,-0.120652768591976,0.00112248797956632,0.0713683212513208,0.172232003228744,0.455594236282716
"BTC",2019-11-07,2019-11-08,-0.0716145776515917,-0.097323008060896,-0.0971101770717612,-0.12129556174335,0.00111368426161382,0.0968172387240213,0.182562664392984,0.79185844068215
"BTC",2019-11-08,2019-11-09,-0.085353762515651,-0.111069192082559,-0.110852217481474,-0.133139880793062,0.00153333860669119,0.416637930905447,0.312389766382021,0.435170685711544
"BTC",2019-11-09,2019-11-10,-0.073569710754769,-0.0993884299359541,-0.0994556921045491,-0.123290951711327,0.00115757641497368,0.128601485146409,0.195465070968926,0.626183859367111
"BTC",2019-11-10,2019-11-11,-0.0755223376087222,-0.102261043562334,-0.101797968589756,-0.124632816049314,0.00120717776969683,0.188094382628789,0.219615448533261,0.774682259541746
"BTC",2019-11-11,2019-11-12,-0.0825819322862217,-0.108887283515274,-0.108465519715796,-0.130818746753673,0.00141869199803805,0.355752810754906,0.287674233908234,0.472075526508214
"BTC",2019-11-12,2019-11-13,-0.0692325360429212,-0.0995176753497323,-0.099424246026026,-0.12630423803659,0.0014086571569386,0.0623666848971844,0.0911908264011723,0.352103349659273
"BTC",2019-11-13,2019-11-14,-0.0633370452687248,-0.0932064432125234,-0.0927390185164983,-0.120616350495778,0.00126135520938238,0.0259681030858691,0.0635900002866538,0.448004802053556
"BTC",2019-11-14,2019-11-15,-0.0625412327061849,-0.0926124370054868,-0.0919385019769186,-0.120285050921223,0.00121858173491742,0.0275787425502793,0.0648113385250725,0.595800148958548
"BTC",2019-11-15,2019-11-16,-0.0640997290896061,-0.0951039555850559,-0.0942771628031291,-0.122132299932391,0.001230882724503,0.0447609902048002,0.0778405337895318,0.36268691182824
"BTC",2019-11-16,2019-11-17,-0.0593835237272936,-0.0901706336042383,-0.0887716006902223,-0.117411259847967,0.00111670597238478,0.0202425791502174,0.0592483698522146,0.315976844874602
"BTC",2019-11-17,2019-11-18,-0.0578033248446923,-0.0874843446180489,-0.0867941489662609,-0.11491274358276,0.00105424948073458,0.0151825857878628,0.0554114072568326,0.801247187074539
"BTC",2019-11-18,2019-11-19,-0.0738676816040583,-0.104130682222725,-0.104426252143676,-0.130273880440318,0.00136951796623839,0.125281337375246,0.13889862974648,0.471013053083949
"BTC",2019-11-19,2019-11-20,-0.0617097844661347,-0.0930358984338714,-0.0922629626066692,-0.119718978482575,0.00112006692271536,0.0450226291321377,0.0780389330177123,0.351158774727621
"BTC",2019-11-20,2019-11-21,-0.056996914255429,-0.0876670731594194,-0.0863696180275089,-0.115192960030751,0.00101191734182665,0.0206589256863646,0.0595640829315634,0.873735422194501
"BTC",2019-11-21,2019-11-22,-0.0926667390230579,-0.119441767455148,-0.120872958015674,-0.14183336267202,0.00189840491719161,0.315187478462013,0.282903316670452,0.865783590157481
"BTC",2019-11-22,2019-11-23,-0.10638900198764,-0.130081258053395,-0.131855316711475,-0.150691887562659,0.00253788371788618,0.557140385141121,0.466374753545949,0.476764772790713
"BTC",2019-11-23,2019-11-24,-0.0828647386199554,-0.111302388777055,-0.11263537582616,-0.135313498777138,0.00160803634428374,0.198122373187155,0.194133549993316,0.836803763791176
"BTC",2019-11-24,2019-11-25,-0.105216599838536,-0.130443616317307,-0.131075364291845,-0.150741817152653,0.0025097039035484,0.533755932435969,0.448642463418716,0.733929016568646
"BTC",2019-11-25,2019-11-26,-0.101681196556896,-0.127575212074616,-0.128321382010368,-0.148055935374921,0.00232186770838674,0.460855309311245,0.393362358470231,0.42730894781169
"BTC",2019-11-26,2019-11-27,-0.0777671843544256,-0.106928167137813,-0.107927769835798,-0.132418990444974,0.00150500222328421,0.146194537345807,0.154756983758123,0.811239255862837
"BTC",2019-11-27,2019-11-28,-0.0993257650246775,-0.124700147724169,-0.126356534755326,-0.145866361398291,0.00221323121759348,0.410160933591868,0.354921117642007,0.529883972305179
"BTC",2019-11-28,2019-11-29,-0.0805068664757842,-0.110143135974282,-0.110666730008441,-0.134395566666265,0.00159070716770419,0.171228534492945,0.173740113534754,0.786721705731836
"BTC",2019-11-29,2019-11-30,-0.0946117201459349,-0.122016665060049,-0.1224225546683,-0.144608325280702,0.0020297142966752,0.338940688882659,0.300915233559973,0.696504509950171
"BTC",2019-11-30,2019-12-01,-0.089901585579791,-0.117819443027088,-0.118493070634867,-0.141275264698937,0.00185315782699904,0.274136755368873,0.251774799745192,0.595809251593438
"BTC",2019-12-01,2019-12-02,-0.0789228650547842,-0.108894314630118,-0.109076939239788,-0.134072202979971,0.00153873342624175,0.159455049713347,0.164812350693659,0.50146248409349
"BTC",2019-12-02,2019-12-03,-0.0688254683013409,-0.0968545430457286,-0.0966593553913228,-0.121660625562697,0.00102548376506612,0.0841722750264383,0.155487540212486,0.35614615069518
"BTC",2019-12-03,2019-12-04,-0.0652828074284492,-0.0936603744523047,-0.0931114300548554,-0.118569225535883,0.000934990898279605,0.0491080739397261,0.140848038143372,0.439163542826605
"BTC",2019-12-04,2019-12-05,-0.0652700612527648,-0.0936546250625739,-0.0934859179318692,-0.117709721291249,0.000920872805031528,0.0622728135927374,0.146344391330288,0.685273791171129
"BTC",2019-12-05,2019-12-06,-0.0711404516742349,-0.0990829237673134,-0.0989617397042434,-0.1240467550676,0.00104184130967543,0.154658268565215,0.184915840766166,0.609475831472725
"BTC",2019-12-06,2019-12-07,-0.0679940922811885,-0.0965161934699586,-0.0962030965399097,-0.121171400671361,0.000966148897195958,0.112731481076506,0.167411170100082,0.371549375646552
"BTC",2019-12-07,2019-12-08,-0.062887042504291,-0.0913576320017332,-0.0910907919695202,-0.116640727464493,0.000848295345240613,0.0496168585077587,0.141060458575197,0.311553546237416
"BTC",2019-12-08,2019-12-09,-0.0613067009181756,-0.0895134107794737,-0.0895051951186926,-0.115172839453907,0.000803327324218337,0.0390952557988112,0.136667629996354,0.695771853017463
"BTC",2019-12-09,2019-12-10,-0.0695233746028023,-0.0981414410208422,-0.0981107128040771,-0.12183829812569,0.000970263005064806,0.15916376759632,0.186796912068065,0.588818077941799
"BTC",2019-12-10,2019-12-11,-0.065203816594822,-0.0938998905644183,-0.0937866971386749,-0.119021022038737,0.000871652077192187,0.098695911346341,0.161551240435698,0.367987637693982
"BTC",2019-12-11,2019-12-12,-0.0604921881621676,-0.0893792154043791,-0.0894613142927345,-0.114334333722257,0.000772852045140233,0.0451938014999569,0.139213807283831,0.292567657090039
"BTC",2019-12-12,2019-12-13,-0.0589133702669902,-0.0877165624034242,-0.0878771405447791,-0.113243815927398,0.000733219865857356,0.0343872176446122,0.134701997466201,0.343712990395697
"BTC",2019-12-13,2019-12-14,-0.0585096460989133,-0.0880880198976676,-0.0878596122550665,-0.113343448363087,0.000720991275489235,0.0399789391185787,0.137036572775235,0.741813130483811
"BTC",2019-12-14,2019-12-15,-0.0690673166571853,-0.0977323527306678,-0.0976316480524515,-0.122506689393603,0.000918114243044926,0.176312271552642,0.193956509360185,0.415457310151149
"BTC",2019-12-15,2019-12-16,-0.0596636542091318,-0.088785300280926,-0.089005314048376,-0.114474661574373,0.000730576420813051,0.0544411599796919,0.143074631697401,0.845015859458022
"BTC",2019-12-16,2019-12-17,-0.0792213098479536,-0.106884732194094,-0.106997018189042,-0.129640996349468,0.00117462794941434,0.348099509832206,0.265678651952905,0.906309016753142
"BTC",2019-12-17,2019-12-18,-0.0925263564881941,-0.118542956005591,-0.118738250235803,-0.139882545089499,0.00167793042099712,0.657345566037902,0.394790627682593,0.909199601950606
"BTC",2019-12-18,2019-12-19,-0.110264602117391,-0.135068636161518,-0.136113687128088,-0.154485039315412,0.0027223587564994,0.965783005005234,0.523565001146515,0.634717911110516
"BTC",2019-12-19,2019-12-20,-0.0894935867311153,-0.116908242222525,-0.117688822436874,-0.139758944066768,0.00168343021435002,0.369300451296785,0.274530164801304,0.431287417824368
"BTC",2019-12-20,2019-12-21,-0.0745974889908158,-0.102852994430612,-0.103179220572907,-0.127164849540563,0.00121894115241075,0.107512054241623,0.165232029906359,0.385655078015435
"BTC",2019-12-21,2019-12-22,-0.0698848156273095,-0.0982769127262789,-0.0980700284072273,-0.12284332806168,0.0010860743747967,0.0598874438721579,0.145348485994425,0.774763702042731
"BTC",2019-12-22,2019-12-23,-0.0922082248033287,-0.118420820251997,-0.119613202295467,-0.141292606704613,0.00193143891141969,0.3136869843376,0.291208361249395,0.641474008059129
"BTC",2019-12-23,2019-12-24,-0.0843664201664808,-0.113197448979356,-0.113333806972015,-0.136378692538591,0.00168403052737285,0.223799926500345,0.218034151181975,0.489797293101109
"BTC",2019-12-24,2019-12-25,-0.0694777765532527,-0.0995099135029765,-0.0996144588444471,-0.125378823124699,0.00131889637398406,0.0946122525420242,0.112866552866954,0.391879105636279
"BTC",2019-12-25,2019-12-26,-0.0596802944470895,-0.0897256443262907,-0.088637554191758,-0.117072085582728,0.00111641426272565,0.0341922872520317,0.0636805706046255,0.338390209333738
"BTC",2019-12-26,2019-12-27,-0.0557546821525836,-0.0851195738736085,-0.0839240477178198,-0.111925905095055,0.00101959829393989,0.0160106159334013,0.0488794471897835,0.349176625983239
"BTC",2019-12-27,2019-12-28,-0.0541778695548857,-0.0834922993716393,-0.0819509416979067,-0.110704816241966,0.000967163872801434,0.0133627541194808,0.0467239066563274,0.394989326103644
"BTC",2019-12-28,2019-12-29,-0.0533843482358906,-0.0829541346952117,-0.0811525944253394,-0.110493684454604,0.000932276897191604,0.0151897365289949,0.0482111952364622,0.440753878674743
"BTC",2019-12-29,2019-12-30,-0.0529825286507383,-0.0824073292259381,-0.0811371572546521,-0.10942414708499,0.000904341521973159,0.0178320323134608,0.0503622046414294,0.655460882532671
"BTC",2019-12-30,2019-12-31,-0.0568850526031917,-0.0876326163539076,-0.0866003925087359,-0.11481221625746,0.000961885274046081,0.0438901719662322,0.0715753117426807,0.452327356233268
"BTC",2019-12-31,2020-01-01,-0.0521821868071651,-0.0822246702323927,-0.0807195941835147,-0.109231339759458,0.000866524532693405,0.0218099266094194,0.0536004825408515,0.321042824398966
"BTC",2020-01-01,2020-01-02,-0.0494346166362604,-0.0786489757942487,-0.0767942217979671,-0.106077551090916,0.000800756793525365,0.0115890826825724,0.0452800168524148,0.782160801667776
"BTC",2020-01-02,2020-01-03,-0.0631111808129211,-0.0942264360341526,-0.0939870994482881,-0.120706500866424,0.00103153837001644,0.0878571158085093,0.107367409761533,0.903439326843839
"BTC",2020-01-03,2020-01-04,-0.0986970184698155,-0.124730563584434,-0.124887678894098,-0.145964593203947,0.00208110027481953,0.442083774660071,0.395732126217315,0.460100025602662
"BTC",2020-01-04,2020-01-05,-0.0713187461922294,-0.101261223729962,-0.101803846238332,-0.126411372035702,0.00121830011645091,0.133178821111955,0.144262376225921,0.336637117829622
"BTC",2020-01-05,2020-01-06,-0.0548916879450006,-0.0849384482703417,-0.084198940948999,-0.112095639440508,0.000912661456332348,0.0349412497884406,0.0642902773109128,0.853853743441619
"BTC",2020-01-06,2020-01-07,-0.0928203379196242,-0.118885115682435,-0.120180260659056,-0.140672606798046,0.00184582926771434,0.34052519961916,0.313056503241129,0.86509804303542
"BTC",2020-01-07,2020-01-08,-0.108858529157763,-0.131686216338822,-0.133094252214734,-0.151279153583252,0.00269342653958285,0.650121030356729,0.565088674495475,0.51800029457696
"BTC",2020-01-08,2020-01-09,-0.0892967283564656,-0.116615302879514,-0.117436705571094,-0.138496006501034,0.00174344031556527,0.293367802748765,0.274667158347066,0.724836069938543
"BTC",2020-01-09,2020-01-10,-0.0943721914576293,-0.120443944527563,-0.121338295736112,-0.142586862258948,0.00192454993532717,0.361885174545278,0.330444983072213,0.817718054272254
"BTC",2020-01-10,2020-01-11,-0.105317760896843,-0.129052164144431,-0.130330402535563,-0.148807655215452,0.00246863482371966,0.563536421430531,0.494602883608401,0.54153020893424
"BTC",2020-01-11,2020-01-12,-0.0867144927254573,-0.112503073026319,-0.11294155093844,-0.135680918380191,0.00166171206410969,0.314671807392793,0.292698040449085,0.545158169922914
"BTC",2020-01-12,2020-01-13,-0.0761321139710395,-0.103680537542508,-0.103920733590635,-0.128091647790286,0.0013575722918053,0.184770231930532,0.192957958415859,0.389981190539574
"BTC",2020-01-13,2020-01-14,-0.0612460766491326,-0.0900048034757685,-0.0898122297642766,-0.11607195190065,0.00104901078741058,0.0595005547884066,0.0967743068321932,0.848055520399872
"BTC",2020-01-14,2020-01-15,-0.103988349521918,-0.127176191332616,-0.128268751496498,-0.146879544853203,0.00251636346886043,0.613689016497143,0.522287257202492,0.470206649115924
"BTC",2020-01-15,2020-01-16,-0.0828233991559494,-0.110796834015402,-0.110623186686173,-0.133415085060143,0.00167172524818533,0.231138437755451,0.228560056667966,0.434413132785099
"BTC",2020-01-16,2020-01-17,-0.0698886035142035,-0.0989513456590653,-0.0984666166420207,-0.124589931216163,0.00134975544328528,0.0981551511969696,0.126453797654623,0.578927312999174
"BTC",2020-01-17,2020-01-18,-0.0698786914278007,-0.0989102971363962,-0.0984532005250736,-0.124262828709453,0.00132980037601365,0.103302008711086,0.130405620323782,0.389335214995551
"BTC",2020-01-18,2020-01-19,-0.0612537767197167,-0.0900496057507462,-0.0894316175744936,-0.1164049335145,0.00114263274562878,0.0376578805699083,0.0800032237208035,0.656575674111735
"BTC",2020-01-19,2020-01-20,-0.0679006116638514,-0.0974121368399418,-0.09685886902342,-0.12183278978989,0.0012534549106381,0.096601042750766,0.125260533420827,0.424344279826193
"BTC",2020-01-20,2020-01-21,-0.0600612972970451,-0.0892204434111869,-0.0882318378991057,-0.115704594544865,0.0010866261551415,0.0389684096927223,0.0810094646516871,0.430462120085795
"BTC",2020-01-21,2020-01-22,-0.0580933030601829,-0.0873568896771777,-0.0862590681265847,-0.113507535387866,0.00102969001762059,0.0314039771718969,0.07520139713998,0.412920734838427
"BTC",2020-01-22,2020-01-23,-0.0565170334167675,-0.0856414896361276,-0.0846779964306459,-0.111470062750643,0.000979029290235626,0.0264783575883091,0.0714194437681039,0.76218428382909
"BTC",2020-01-23,2020-01-24,-0.0709861485488963,-0.0995766289687739,-0.0995373681117929,-0.123981285539168,0.0012359361617027,0.138319527656245,0.157292516804917,0.452376489401187
"BTC",2020-01-24,2020-01-25,-0.0592403071253632,-0.0886516102389156,-0.087786457958282,-0.114849094344158,0.0010062711052437,0.0499077013487014,0.0894087919367494,0.417029642602942
"BTC",2020-01-25,2020-01-26,-0.0557095965287613,-0.0849872741754776,-0.0838599230035858,-0.111414407283693,0.000928773686053483,0.0309753742371728,0.0748723103547202,0.723503122181405
"BTC",2020-01-26,2020-01-27,-0.0658684736751187,-0.0944579878541614,-0.0944073552661674,-0.120525618644359,0.00108918381482512,0.10353770906923,0.130586594056956,0.850411504538493
"BTC",2020-01-27,2020-01-28,-0.0858071620417868,-0.111605293494321,-0.112391481115911,-0.133534577287271,0.00158017752640627,0.311133282945193,0.289981116366953,0.875499747675656
"BTC",2020-01-28,2020-01-29,-0.101843751901303,-0.124677017249894,-0.125693101068336,-0.144668678991617,0.00230797031229162,0.622704435733463,0.529209410771412,0.444673082335745
"BTC",2020-01-29,2020-01-30,-0.0779783025748319,-0.105522414112044,-0.105732356448367,-0.128960903117558,0.00137492548615523,0.210608338274848,0.21279678513674,0.617145841726338
"BTC",2020-01-30,2020-01-31,-0.0748404067868114,-0.103296222886008,-0.102981860101332,-0.127214511236079,0.00129418483398232,0.181549279844779,0.190484870432785,0.577268851089892
"BTC",2020-01-31,2020-02-01,-0.0671539333200153,-0.0930182846706971,-0.0922104542353162,-0.116829493606223,0.000961282714079451,0.20503709436223,0.257423046877572,0.366310501650742
"BTC",2020-02-01,2020-02-02,-0.0612677348057977,-0.0878443643812645,-0.0863195462838064,-0.110980754866543,0.000820175849733983,0.0909929583761458,0.210179360970311,0.33133753067279
"BTC",2020-02-02,2020-02-03,-0.0596889982898597,-0.0860597996484445,-0.0843448384112562,-0.109757569723668,0.000776695875639985,0.0745052041595245,0.203349178297691,0.344086558122244
"BTC",2020-02-03,2020-02-04,-0.0592849730223669,-0.0850447076072545,-0.0839363688444283,-0.108269619146966,0.000756175838456014,0.0770820511963311,0.204416657576527,0.478357838746478
"BTC",2020-02-04,2020-02-05,-0.0608385549594132,-0.0868202524913433,-0.0854859730089715,-0.110231770685295,0.000783730842270274,0.121910143928426,0.22298704977201,0.88828559201638
"BTC",2020-02-05,2020-02-06,-0.0847173245305151,-0.109730760020737,-0.109759586125912,-0.132978241751084,0.00153570174720364,0.73563351305551,0.477226812599653,0.5645353597545
"BTC",2020-02-06,2020-02-07,-0.0702259264077543,-0.0970448036985613,-0.09604635635462,-0.119365687409709,0.00103482071342635,0.289767371907826,0.292523234928341,0.397203627945504
"BTC",2020-02-07,2020-02-08,-0.062388233573694,-0.0885510994382943,-0.0874216796474965,-0.112717396499234,0.00082833240528589,0.115439077396338,0.220306359247385,0.451046641585434
"BTC",2020-02-08,2020-02-09,-0.0615935898140959,-0.087468348623992,-0.0866227754648975,-0.110868645971588,0.000802491746760246,0.114461225141191,0.219901276211713,0.720930890448233
"BTC",2020-02-09,2020-02-10,-0.0690151949940864,-0.095544816526957,-0.0940415845771821,-0.118850627227382,0.000988264946124965,0.306187144078758,0.299325255500508,0.810704873199153
"BTC",2020-02-10,2020-02-11,-0.0756567184068488,-0.100720990874966,-0.100681342190866,-0.123218448115756,0.00118095155352488,0.486450778916276,0.374000892885353,0.883451618358609
"BTC",2020-02-11,2020-02-12,-0.0846521349315842,-0.109934076667563,-0.109677332582885,-0.132778816908217,0.00153572332030489,0.757755184352463,0.48639089001109,0.512528772664654
"BTC",2020-02-12,2020-02-13,-0.0686064012958486,-0.0947843816549865,-0.0940181566512411,-0.118214403031701,0.000979629244751779,0.25335646230886,0.277439727461538,0.494301659513266
"BTC",2020-02-13,2020-02-14,-0.0639030549557728,-0.0900296678627893,-0.0889198680486762,-0.114193134587112,0.00085728654184063,0.157144245791747,0.237583055320759,0.498189556747498
"BTC",2020-02-14,2020-02-15,-0.0623274171546875,-0.0881178784599691,-0.0873401045574691,-0.111615171272442,0.000813605456281423,0.134937958806916,0.228383925190948,0.870636267551581
"BTC",2020-02-15,2020-02-16,-0.0830502997032019,-0.10861021342279,-0.108456310561,-0.130553798665558,0.00146601962725376,0.687580123607131,0.45732031571361,0.449136049573603
"BTC",2020-02-16,2020-02-17,-0.0662293323757208,-0.0921403305550522,-0.0916307639454123,-0.115780867696579,0.000915156475589729,0.190807017139169,0.251528124767378,0.744948455862586
"BTC",2020-02-17,2020-02-18,-0.0736482337898155,-0.100163194338504,-0.0990478242144354,-0.122964591451961,0.00112955196401766,0.403604419261031,0.339681132730478,0.892186643469188
"BTC",2020-02-18,2020-02-19,-0.0889047954689775,-0.115181496574642,-0.114699490467081,-0.136866702675826,0.00173669172488125,0.828152635857603,0.515553591440879,0.889240446079342
"BTC",2020-02-19,2020-02-20,-0.0947951364068495,-0.120128629489407,-0.120987573193513,-0.141717849870586,0.00201772235591917,0.906172167845206,0.54787380003366,0.46977098097896
"BTC",2020-02-20,2020-02-21,-0.0833433130063848,-0.105524289648315,-0.104515636032413,-0.124353281396859,0.00165087301163682,0.546487572445582,0.545612847254826,0.421725413833694
"BTC",2020-02-21,2020-02-22,-0.0786222208371444,-0.100477241769839,-0.0993987221470484,-0.11837539869526,0.00146833765154095,0.412259239836636,0.473142109666807,0.350791080625733
"BTC",2020-02-22,2020-02-23,-0.0758618829760001,-0.0966718551429602,-0.0958506188485921,-0.115872133451969,0.00136207982249376,0.337109151681869,0.432568095131089,0.715070823738691
"BTC",2020-02-23,2020-02-24,-0.0782073540350501,-0.0998217741156295,-0.0985866213506385,-0.118865101352578,0.00145026436329958,0.420257783956447,0.477460574932123,0.798808698029174
"BTC",2020-02-24,2020-02-25,-0.0805560215468996,-0.101229075551135,-0.100934668334534,-0.121108092305652,0.00152993127272905,0.486402251639551,0.513172397221734,0.799473332013771
"BTC",2020-02-25,2020-02-26,-0.0813360112493442,-0.102249568923926,-0.101713817998557,-0.122585159078776,0.00156271085964378,0.51080824457338,0.526349349323459,0.880883720616498
"BTC",2020-02-26,2020-02-27,-0.0907733979928674,-0.112000332976068,-0.112333681674923,-0.131327207354738,0.00197489659636154,0.765741410903282,0.663989400723052,0.469879083301951
"BTC",2020-02-27,2020-02-28,-0.0829158207679826,-0.104092538647564,-0.103688227221626,-0.123695236047516,0.00163325301128365,0.523857034705808,0.533394474798446,0.370936617497264
"BTC",2020-02-28,2020-02-29,-0.0781961637571461,-0.099938372853553,-0.0985728732949279,-0.118662372559594,0.00146006794692563,0.395848729081383,0.464281969668689,0.554313195676925
"BTC",2020-02-29,2020-03-01,-0.0774007895285192,-0.0986227796718566,-0.0977748115238928,-0.116489190268893,0.001426935749584,0.3806119397202,0.456055529378358,0.390519666611829
"BTC",2020-03-01,2020-03-02,-0.0754260249796973,-0.0960038216123438,-0.0954046020226346,-0.114088623532823,0.00135156970072958,0.328583844715461,0.427965227226741,0.799750712555257
"BTC",2020-03-02,2020-03-03,-0.0813062746678725,-0.103176725462879,-0.102069270006903,-0.121742038777163,0.00157521195631054,0.512213095854084,0.527107837539287,0.596439436683363
"BTC",2020-03-03,2020-03-04,-0.0785505930666098,-0.0991684078327625,-0.0989187845061611,-0.117620201291334,0.001460439805193,0.420521878329106,0.477603161177571,0.378705588019293
"BTC",2020-03-04,2020-03-05,-0.0757927691629629,-0.0962232320693431,-0.0957655916971129,-0.114752213003821,0.00135994939928688,0.343021801774162,0.435760372834014,0.762967333518813
"BTC",2020-03-05,2020-03-06,-0.0793147183476725,-0.100657448169958,-0.0996785632871637,-0.119926731866704,0.0014917126789112,0.456422692703057,0.496986241091635,0.491286980665192
"BTC",2020-03-06,2020-03-07,-0.0765582550681262,-0.0971092770253591,-0.0965270245199273,-0.11640052429361,0.0013844913962872,0.37000003177131,0.450326092222099,0.725434193428031
"BTC",2020-03-07,2020-03-08,-0.0781176670335077,-0.0984108474354752,-0.0980849197047692,-0.118595397579864,0.00143620188547051,0.417761734321945,0.476112941727175,0.880496718443313
"BTC",2020-03-08,2020-03-09,-0.100151920364108,-0.123417299245116,-0.122882163497851,-0.143137816496447,0.00246557094667151,0.911613954984069,0.74274692275958,0.699824171138019
"BTC",2020-03-09,2020-03-10,-0.0915213360807639,-0.114118460854259,-0.113465900084126,-0.134037118061718,0.00202293030195644,0.687969757702836,0.621999986406955,0.435437436716494
"BTC",2020-03-10,2020-03-11,-0.0840585312659188,-0.104856760111577,-0.104823706532055,-0.125044020854646,0.00168936416940494,0.485909759895267,0.512906497770623,0.374949865679026
"BTC",2020-03-11,2020-03-12,-0.0717549132721264,-0.0987376574937325,-0.0984725667377262,-0.123658715535412,0.00112536857065017,0.0703420779714046,0.172350803331499,0.219201836406499
"BTC",2020-03-12,2020-03-13,-0.231496779136255,-0.308199548344693,-0.308554024215399,-0.373383766886441,0.0129425627659331,0.00178618019042473,0.148774529320776,0.589445430533432
"BTC",2020-03-13,2020-03-14,-0.231570256333353,-0.302804413540585,-0.301421212868156,-0.365607424673026,0.0128360876788682,0.212035281767126,0.221078891012847,0.618739400986176
"BTC",2020-03-14,2020-03-15,-0.213404137203583,-0.28149343946623,-0.277458835073428,-0.339852457207179,0.0112133541369762,0.221183119715256,0.224224819241514,0.524055120629582
"BTC",2020-03-15,2020-03-16,-0.19375043398798,-0.258185072399575,-0.252709113152274,-0.314833728846693,0.009530116341711,0.155887556092486,0.201769769428395,0.564290031617943
"BTC",2020-03-16,2020-03-17,-0.182837246286297,-0.244031001582287,-0.238165187384751,-0.3004933898589,0.00861710610886296,0.19009428549978,0.213533414156577,0.604916661287099
"BTC",2020-03-17,2020-03-18,-0.174835615494362,-0.2354433601425,-0.227993419510337,-0.291325634659793,0.00798924697812016,0.232340309332649,0.22806176060066,0.462438828142066
"BTC",2020-03-18,2020-03-19,-0.163911196774763,-0.223022235248994,-0.214878446504723,-0.281097284093283,0.00711729290244703,0.172655634685773,0.207536287384467,0.70586818373785
"BTC",2020-03-19,2020-03-20,-0.171215105560731,-0.228568336947632,-0.222238534859749,-0.285331632904582,0.00762813829130952,0.292526814229224,0.248759812513315,0.48105955750809
"BTC",2020-03-20,2020-03-21,-0.160280356691705,-0.218343076962763,-0.210568966934165,-0.274343547967104,0.00680744096847205,0.192439704118097,0.214340000224372,0.422110112269572
"BTC",2020-03-21,2020-03-22,-0.152263115824492,-0.20851975007882,-0.201088295158872,-0.264093555677199,0.00617237070261194,0.174828259158086,0.208283449795574,0.538611663987511
"BTC",2020-03-22,2020-03-23,-0.147890497388947,-0.202926365201394,-0.195262188838682,-0.256787874781261,0.00582383470744208,0.221258644779998,0.224250792201955,0.705753011505862
"BTC",2020-03-23,2020-03-24,-0.151535104597675,-0.204768922144108,-0.197475705162532,-0.260347641556279,0.00601982065477914,0.28473940532124,0.246081733862304,0.559862792006243
"BTC",2020-03-24,2020-03-25,-0.14497218056287,-0.200133136912715,-0.19091262234226,-0.252454187277185,0.00558340030105188,0.23582380825842,0.229259730838792,0.43687971003895
"BTC",2020-03-25,2020-03-26,-0.139139697443479,-0.190997596142788,-0.183616896359905,-0.243673246034126,0.0051220514898658,0.193474963189951,0.214696024320622,0.400252001147928
"BTC",2020-03-26,2020-03-27,-0.133308546751212,-0.184884394231005,-0.176322644937847,-0.236772676418147,0.00472458358353631,0.184251631597099,0.211524133936814,0.485453966153407
"BTC",2020-03-27,2020-03-28,-0.129663723156105,-0.180089806917704,-0.171218838393299,-0.230362537705418,0.00446237949021526,0.210961404355939,0.220709586125601,0.513846368061012
"BTC",2020-03-28,2020-03-29,-0.12674797873789,-0.175119538764504,-0.166844336030957,-0.224555188167933,0.00423585011171552,0.221491924593882,0.224331016792272,0.58931880688442
"BTC",2020-03-29,2020-03-30,-0.125288481062427,-0.172204042860122,-0.164658080612075,-0.218965744564578,0.00410644371992486,0.247110634163071,0.233141253929476,0.732160709175529
"BTC",2020-03-30,2020-03-31,-0.128926685671204,-0.174945852302359,-0.167580026026641,-0.222573439984087,0.00427398535920937,0.311883982997111,0.255416714832668,0.447524106520392
"BTC",2020-03-31,2020-04-01,-0.111370593008812,-0.163823752353005,-0.152997307077143,-0.219842692650204,0.005098308644701,0.660280095044366,0.605005544526195,0.475307614583097
"BTC",2020-04-01,2020-04-02,-0.106261192097462,-0.156934069096265,-0.145694659677147,-0.211764218875342,0.00462625655505759,0.597847477057129,0.589628535678469,0.434426475618778
"BTC",2020-04-02,2020-04-03,-0.100423840625,-0.151691576000875,-0.139123465850317,-0.203380888244551,0.00422037309810607,0.621134841931011,0.595364159575886,0.370562685080802
"BTC",2020-04-03,2020-04-04,-0.0953191474989578,-0.144317067518351,-0.132553966003103,-0.195396303623164,0.00384049675796807,0.673827819834085,0.60834231768539,0.381772338399942
"BTC",2020-04-04,2020-04-05,-0.0916749572808061,-0.137685126051335,-0.126715746444868,-0.188447547700397,0.00350072682446042,0.652643878777253,0.603124762190165,0.361199095588218
"BTC",2020-04-05,2020-04-06,-0.0880320131723571,-0.132372834087054,-0.121608929075373,-0.181798714845972,0.00320922781821013,0.667202650865987,0.606710553951552,0.720183675414732
"BTC",2020-04-06,2020-04-07,-0.0982410672494004,-0.143162958768418,-0.133284567238414,-0.187873314410575,0.0035296637213052,0.475503562007104,0.559495513472443,0.459339424729594
"BTC",2020-04-07,2020-04-08,-0.0924066104819196,-0.136259050170578,-0.125986419707932,-0.182720072919449,0.00323900789236579,0.641091803906373,0.600279512972273,0.461651642114236
"BTC",2020-04-08,2020-04-09,-0.0894916875855571,-0.130737925404086,-0.121608838487621,-0.175855753558086,0.00298945085836277,0.606883433019526,0.591854070651387,0.372164527936956
"BTC",2020-04-09,2020-04-10,-0.085119489900076,-0.125438074728422,-0.116503143616377,-0.168777003513138,0.002743318544975,0.687939365405303,0.611817958593931,0.716830924754624
"BTC",2020-04-10,2020-04-11,-0.0931411040785287,-0.133024376427254,-0.124528462014012,-0.176072245404877,0.00294349765001546,0.421504589245573,0.546195691861695,0.410661978586287
"BTC",2020-04-11,2020-04-12,-0.0865792663253351,-0.125742957683748,-0.117233033261031,-0.169185020171365,0.00268278046377536,0.69044557903941,0.612435233192824,0.378613342435649
"BTC",2020-04-12,2020-04-13,-0.0822075676231862,-0.121946313525871,-0.112128233283209,-0.162493684024986,0.00245206232422166,0.697377415437257,0.614142528402557,0.391237639241517
"BTC",2020-04-13,2020-04-14,-0.0800253910173409,-0.116414611335337,-0.108483626256067,-0.156249580589221,0.00226554927364091,0.673733077902186,0.608318982967545,0.323636098747219
"BTC",2020-04-14,2020-04-15,-0.0763856821308949,-0.112688516596638,-0.104110930884241,-0.151037453989207,0.00208440388445305,0.741799624653173,0.625083615388343,0.589602676647342
"BTC",2020-04-15,2020-04-16,-0.0793065377426478,-0.114361062606468,-0.106301260739427,-0.151384585198825,0.00207657545213169,0.489260093206752,0.562883715165575,0.840722240118643
"BTC",2020-04-16,2020-04-17,-0.0938870201301019,-0.130050889078501,-0.123806048342084,-0.169694381097145,0.00262166162540626,0.293347612124194,0.514630925964865,0.442095660694569
"BTC",2020-04-17,2020-04-18,-0.0844080987295965,-0.121755924174332,-0.114323683965501,-0.158850256869307,0.00230582569651706,0.689712509100624,0.612254679769019,0.501221969086418
"BTC",2020-04-18,2020-04-19,-0.0822246744559334,-0.117789795733318,-0.11067865997927,-0.154113939340342,0.00215355467239493,0.599320198844287,0.589991263635127,0.421483880184635
"BTC",2020-04-19,2020-04-20,-0.0778545305113005,-0.114058967382805,-0.105576103476218,-0.148970576214536,0.00197650747672722,0.67361975878933,0.608291072733165,0.686841926676996
"BTC",2020-04-20,2020-04-21,-0.0802639906229646,-0.115253347430607,-0.107898571200851,-0.147587333236304,0.00199058083204051,0.3396356851639,0.494436519378081,0.383617783190382
"BTC",2020-04-21,2020-04-22,-0.07518234519001,-0.107375694796897,-0.101359366262946,-0.141823859307261,0.00180263089555708,0.685301804027755,0.568258693468361,0.640178921427782
"BTC",2020-04-22,2020-04-23,-0.0773667904969733,-0.110793047159438,-0.103542727312876,-0.143708776994405,0.00182342789504879,0.385054032445202,0.504136287324426,0.795133101443861
"BTC",2020-04-23,2020-04-24,-0.0824544355703195,-0.11640634691762,-0.110085452872635,-0.148502571898801,0.00198893839750514,0.23944009868105,0.473038252019029,0.409109022309173
"BTC",2020-04-24,2020-04-25,-0.0751919900301395,-0.109388116458581,-0.102092702663461,-0.141367239606119,0.00176428350391348,0.681747747133597,0.567499671416592,0.324003886645546
"BTC",2020-04-25,2020-04-26,-0.0715660044539598,-0.104676831630675,-0.0970096419767799,-0.137077840465747,0.00160934570229717,0.749548638882467,0.581979566786761,0.445356707089219
"BTC",2020-04-26,2020-04-27,-0.0715737019970718,-0.102226646079166,-0.0962879663144859,-0.133145819967484,0.00153983123714805,0.587666914595387,0.547407301296482,0.387908088375834
"BTC",2020-04-27,2020-04-28,-0.0694019513005399,-0.0991558042621937,-0.0933866855843726,-0.129869339973625,0.00144050678970006,0.656378864255518,0.562081766721572,0.300531585173627
"BTC",2020-04-28,2020-04-29,-0.0665044664590164,-0.0967652896146431,-0.0904864134063552,-0.125095942646211,0.00133458104063572,0.76282507024087,0.584814947443272,0.882255439209621
"BTC",2020-04-29,2020-04-30,-0.106440630339459,-0.148327830123272,-0.141350237296346,-0.189256111757485,0.00310820388352744,0.315825532607241,0.489351504876425,0.508586898366274
"BTC",2020-04-30,2020-05-01,-0.0940826560408641,-0.132143546294501,-0.126079810728462,-0.172181132203824,0.00257514211233091,0.663941187195599,0.5636968139887,0.516376974385259
"BTC",2020-05-01,2020-05-02,-0.0882704577215489,-0.125544450628523,-0.118810511151168,-0.161670898215686,0.00231273238975209,0.585026004989362,0.546843295517341,0.428893157528702
"BTC",2020-05-02,2020-05-03,-0.082460612381777,-0.11639350818572,-0.110816185294334,-0.15243190419223,0.00205189475039365,0.672419025440846,0.56550738325394,0.372646153326285
"BTC",2020-05-03,2020-05-04,-0.0773790694417938,-0.110542536845208,-0.104277595007143,-0.145383159656515,0.00184292511281924,0.72369533625738,0.576458207003306,0.326398338624046
"BTC",2020-05-04,2020-05-05,-0.0730260271283257,-0.106269220251875,-0.0991945635721712,-0.138492275477351,0.00166956893017228,0.766505647787151,0.585600989874238,0.369424364883581
"BTC",2020-05-05,2020-05-06,-0.0715808359235937,-0.101436849414769,-0.0962928647248626,-0.133656244677089,0.00155262503860817,0.701000121743906,0.571611304210702,0.622104460712415
"BTC",2020-05-06,2020-05-07,-0.073766135750587,-0.104054929101791,-0.0984766090285008,-0.134844997096918,0.00157621314473939,0.40736386622206,0.508900886291816,0.876797361724193
"BTC",2020-05-07,2020-05-08,-0.0897418368601963,-0.123180606824482,-0.118092475335235,-0.159771899540879,0.00220460235674397,0.174465325386691,0.459161916550056,0.522272330314788
"BTC",2020-05-08,2020-05-09,-0.0810254637407226,-0.114001905637832,-0.1086464171155,-0.148112521635514,0.00190518537917459,0.591400817513757,0.548204732158906,0.617931503061982
"BTC",2020-05-09,2020-05-10,-0.0795755904753587,-0.113019130233447,-0.106468211409468,-0.145665108415173,0.00182935150454806,0.437000798142478,0.515230296749867,0.871666198972679
"BTC",2020-05-10,2020-05-11,-0.0948222229168676,-0.139112238879816,-0.131174548314145,-0.181530192923905,0.00253227823869476,0.881571749011406,0.656123686073707,0.52947168307868
"BTC",2020-05-11,2020-05-12,-0.0882851534023038,-0.129419460841877,-0.122452849150874,-0.171802894276048,0.00225842259158928,0.554359424340599,0.577305100051892,0.561869178126127
"BTC",2020-05-12,2020-05-13,-0.086109443630837,-0.127625164588106,-0.119547460677366,-0.168514614257558,0.0021530389175588,0.649176306644907,0.600144498298095,0.784734081039384
"BTC",2020-05-13,2020-05-14,-0.0897398982546981,-0.131847682671603,-0.123907143505479,-0.173527730425379,0.00228362583940475,0.853902374493173,0.649458714093115,0.790815007790464
"BTC",2020-05-14,2020-05-15,-0.0904650930363621,-0.132317067969696,-0.124633345444871,-0.174729643014476,0.0023117141272886,0.864069173112255,0.651907682640772,0.787214097755606
"BTC",2020-05-15,2020-05-16,-0.0904620136120384,-0.133747538930338,-0.125359041779406,-0.174632193212332,0.00233028203556212,0.863489950659018,0.65176816010047,0.463003892414311
"BTC",2020-05-16,2020-05-17,-0.083926503808166,-0.123551996462379,-0.116638689201544,-0.16470854383107,0.00207253896124692,0.468138331311695,0.556536247152996,0.596371379971884
"BTC",2020-05-17,2020-05-18,-0.0839309453009423,-0.123476314566405,-0.115914057441329,-0.164504122144641,0.00203218327459742,0.688441768897185,0.609602724596053,0.399298138598504
"BTC",2020-05-18,2020-05-19,-0.0788510507848366,-0.11613468743827,-0.109376834130769,-0.156458210884953,0.0018441792653482,0.405117540576226,0.541355860470607,0.345572435292909
"BTC",2020-05-19,2020-05-20,-0.0752257825719029,-0.1128888227413,-0.105021293937263,-0.151418798523594,0.00171421169368726,0.33167676391612,0.523665517729034,0.540064171075828
"BTC",2020-05-20,2020-05-21,-0.0766844643019276,-0.112793463340116,-0.105751190005484,-0.151754096057378,0.00170175080501957,0.622392989304772,0.593692958907435,0.787498640659099
"BTC",2020-05-21,2020-05-22,-0.0803148847101546,-0.11827871669596,-0.110836217712341,-0.156514466046101,0.00182583927728756,0.844213331021818,0.64712482674005,0.476556762659354
"BTC",2020-05-22,2020-05-23,-0.0752363582101249,-0.11295519819938,-0.105027680192228,-0.149536885134165,0.00166678477862777,0.514559700286156,0.567718181291464,0.352894666533189
"BTC",2020-05-23,2020-05-24,-0.0723388910104102,-0.107107678121556,-0.100673711483037,-0.144178324703265,0.00154510298224999,0.349342934961943,0.527920927801537,0.739690647930649
"BTC",2020-05-24,2020-05-25,-0.0774242411099749,-0.112550146690788,-0.106485749434244,-0.150272540529083,0.00167354583018868,0.793401257546699,0.634885263978548,0.480915579086745
"BTC",2020-05-25,2020-05-26,-0.073073420453535,-0.109028984331384,-0.101405312965512,-0.145846726933364,0.00154605088836592,0.530825264245925,0.571636214493442,0.385180096476516
"BTC",2020-05-26,2020-05-27,-0.0709026371354073,-0.10441042942968,-0.0985050888093178,-0.140261883902492,0.00145062382242344,0.413127819306961,0.543285368608274,0.731173250375139
"BTC",2020-05-27,2020-05-28,-0.0745372758636123,-0.110103609028704,-0.102865086308899,-0.146249361649585,0.00155331851906286,0.791928152874021,0.634530423959978,0.820019425831195
"BTC",2020-05-28,2020-05-29,-0.0767170798993885,-0.113889924331829,-0.106497298972175,-0.148625816859642,0.00163758556047663,0.869489516621573,0.653213329705218,0.540145444218899
"BTC",2020-05-29,2020-05-30,-0.0730928725082191,-0.108955168274207,-0.101417641732565,-0.144905234295303,0.00151276499817849,0.603063582416238,0.589036910205335,0.660187924394815
"BTC",2020-05-30,2020-05-31,-0.0759628776810263,-0.11157399849723,-0.103574383218194,-0.145524171112234,0.00171276669046007,0.401218359311939,0.373191507139508,0.688008007683896
"BTC",2020-05-31,2020-06-01,-0.0759676641661682,-0.110492590420389,-0.102850823332176,-0.145498898380269,0.00168892300436202,0.424843480056392,0.381410579040956,0.889682658317494
"BTC",2020-06-01,2020-06-02,-0.0926641991673521,-0.129986440576405,-0.123187940393877,-0.16709808578913,0.00227446560625518,0.69222224729298,0.474430434330117,0.873859268907768
"BTC",2020-06-02,2020-06-03,-0.0991941859184826,-0.138780309135999,-0.131905097528835,-0.174960305719071,0.00257022105099256,0.786038912388828,0.507068824809365,0.539576193122034
"BTC",2020-06-03,2020-06-04,-0.0861168382087725,-0.124062348845072,-0.116643692307858,-0.162968248213273,0.00210905490017111,0.360321055373562,0.35896352137466,0.501493405253866
"BTC",2020-06-04,2020-06-05,-0.0810360967133037,-0.1168657291134,-0.110106330875146,-0.155650871038869,0.00192662047525888,0.283056040004021,0.332083374447249,0.49704423175242
"BTC",2020-06-05,2020-06-06,-0.077409082380421,-0.114072166740802,-0.105749935488649,-0.151611535110156,0.00181000405860049,0.270668975449108,0.327773971108067,0.37044184418514
"BTC",2020-06-06,2020-06-07,-0.0737845857469855,-0.109542427224196,-0.10139552803185,-0.146762086050474,0.001688158914192,0.189736810982047,0.299618039712426,0.368890283354898
"BTC",2020-06-07,2020-06-08,-0.0716137600822852,-0.10758737111905,-0.0992215553478321,-0.142114710407439,0.00160737550236619,0.190795452207024,0.299986336172792,0.331067324029822
"BTC",2020-06-08,2020-06-09,-0.0701700362565446,-0.104363539742797,-0.0970481905295927,-0.138754101422282,0.00153408338625159,0.174616600763932,0.294357787445699,0.31543363977384
"BTC",2020-06-09,2020-06-10,-0.0687266177122637,-0.102780510133722,-0.0948753098922439,-0.137385445156105,0.00147247788762495,0.169600909828174,0.292612851414161,0.387827912102998
"BTC",2020-06-10,2020-06-11,-0.0687356182024181,-0.100864153383693,-0.0941551576693509,-0.135500837813411,0.00143336236383507,0.20609965506189,0.305310598639811,0.856612908743995
"BTC",2020-06-11,2020-06-12,-0.0832504727656382,-0.116540004934352,-0.110853183082875,-0.151876112949995,0.0018498454580782,0.604813342350829,0.444021274422859,0.620768950035178
"BTC",2020-06-12,2020-06-13,-0.077446406510118,-0.110452538992783,-0.104320141313995,-0.146297738583885,0.00167332597385893,0.392193240484547,0.370051709406247,0.382456210871116
"BTC",2020-06-13,2020-06-14,-0.0716448994314516,-0.105944410828845,-0.0985155548203941,-0.140223760414125,0.00152072971731113,0.202762444537814,0.304149598298508,0.425966032455577
"BTC",2020-06-14,2020-06-15,-0.0702005549309305,-0.103438444577719,-0.0963423298664579,-0.137235720540425,0.00145629598322361,0.21518185710866,0.308470255365096,0.408168037305071
"BTC",2020-06-15,2020-06-16,-0.068757170650214,-0.10119454352451,-0.0941700049111658,-0.135176454484996,0.0013960665553234,0.205033095892297,0.304939547562577,0.375569961570535
"BTC",2020-06-16,2020-06-17,-0.0673142497350136,-0.099546011032924,-0.0927242592231279,-0.131833684562932,0.0013409571157319,0.18906414747981,0.299384023143784,0.357840009162609
"BTC",2020-06-17,2020-06-18,-0.0665972968682904,-0.0971207635694983,-0.0912786427801345,-0.129907621213707,0.00129353673210339,0.180638840462261,0.296452897207199,0.336755640438942
"BTC",2020-06-18,2020-06-19,-0.0651547527335493,-0.0969833662684729,-0.0898334076560955,-0.128623953412311,0.00124969634092383,0.171027763536163,0.293109247320267,0.409434797907065
"BTC",2020-06-19,2020-06-20,-0.0635350099563463,-0.093507519564995,-0.0875342311865199,-0.122450634793121,0.0010855661841696,0.224095851370355,0.337753133957939,0.365274347514606
"BTC",2020-06-20,2020-06-21,-0.0628179943388052,-0.0914684950869135,-0.0860872488280061,-0.121523562126122,0.00104663755905874,0.196890932856029,0.329239047569791,0.358233180043948
"BTC",2020-06-21,2020-06-22,-0.0621007585711025,-0.0907616382439378,-0.0853673981638201,-0.119914771775504,0.00101669116521301,0.190911966215629,0.32736786245812,0.860703442271772
"BTC",2020-06-22,2020-06-23,-0.073735264543299,-0.103481340486512,-0.0991827580797834,-0.131886877790104,0.00132925998345381,0.664863481541003,0.475696340014451,0.473361438800709
"BTC",2020-06-23,2020-06-24,-0.0664739585450453,-0.0961117369059539,-0.0911916118420871,-0.124954359298308,0.00112145439227088,0.283896719715326,0.356468490848541,0.813285230772949
"BTC",2020-06-24,2020-06-25,-0.0730196828317033,-0.103316779283212,-0.0984634004655526,-0.131999892586393,0.00130356258411682,0.612247362575585,0.459229531556827,0.426049660289711
"BTC",2020-06-25,2020-06-26,-0.0657597262224642,-0.0949924452546081,-0.0904736563063791,-0.123560486458597,0.00109227400333195,0.241986902075609,0.343352340263191,0.409690678858115
"BTC",2020-06-26,2020-06-27,-0.0635885192441802,-0.0933785288197972,-0.0875729638509352,-0.122392832881483,0.00103442739905055,0.208788917955965,0.332962656333125,0.586788788902085
"BTC",2020-06-27,2020-06-28,-0.065050079887194,-0.0944548522328445,-0.0890322894981537,-0.122587727310859,0.00105885964913279,0.327680195013053,0.370171023751255,0.502303338107767
"BTC",2020-06-28,2020-06-29,-0.063606188872435,-0.0916104769216765,-0.0868591005115358,-0.12071576699342,0.0010057433216841,0.263776487369693,0.350171636981836,0.408320756123454
"BTC",2020-06-29,2020-06-30,-0.0614363236964112,-0.0904126040952215,-0.0846865981984953,-0.118502276413234,0.000952233962244751,0.20152337288695,0.330688821976959,0.315986360073635
"BTC",2020-06-30,2020-07-01,-0.0599934170513562,-0.0880253752050809,-0.0832410607392844,-0.114731931023447,0.000903819203905407,0.152135977946693,0.315232479154777,0.430483590250674
"BTC",2020-07-01,2020-07-02,-0.0607298305352377,-0.0878843715528261,-0.0832484941580992,-0.116111341140123,0.000905259728390213,0.208837873605892,0.332977977556471,0.616242944421313
"BTC",2020-07-02,2020-07-03,-0.0629173466914895,-0.0893842597920858,-0.085433877451486,-0.117640286683005,0.000944866366365089,0.326528033876339,0.369810441915809,0.334285252254418
"BTC",2020-07-03,2020-07-04,-0.0592959655558354,-0.0863994482835147,-0.0818099478011332,-0.113773360695018,0.000856870582101246,0.160470001948087,0.317840706055784,0.338002718028463
"BTC",2020-07-04,2020-07-05,-0.0585800938778655,-0.086031861035166,-0.0810915309830191,-0.112744498877705,0.000834784853246504,0.157199646208398,0.316817211305266,0.306359274012673
"BTC",2020-07-05,2020-07-06,-0.0578641949411604,-0.0850532997790052,-0.0803731334575509,-0.111030205393148,0.000809163461676807,0.141889768007761,0.312025812076351,0.847112413299804
"BTC",2020-07-06,2020-07-07,-0.0673092877650183,-0.0943444315758163,-0.0905426831913054,-0.121182024982035,0.00104112396334849,0.585665117791327,0.450910317942389,0.540782522153533
"BTC",2020-07-07,2020-07-08,-0.0622362915714187,-0.0881571606364723,-0.0847412682405692,-0.115968258964762,0.000893046142257978,0.289981922315623,0.358372923703248,0.754415689046271
"BTC",2020-07-08,2020-07-09,-0.0651481596600355,-0.0914035690689738,-0.0883769245593489,-0.117431710950338,0.00096690118330708,0.455615278688472,0.410209752553692,0.821009977133853
"BTC",2020-07-09,2020-07-10,-0.0621626758052197,-0.0894521031973875,-0.0846864350978448,-0.115883608688014,0.000929918147686037,0.653052251216308,0.499022773929755,0.436447342454968
"BTC",2020-07-10,2020-07-11,-0.0585405600224806,-0.0838691686348137,-0.0803351973550233,-0.109682690446511,0.000821361547762091,0.288003291720572,0.43365521570803,0.333845408889951
"BTC",2020-07-11,2020-07-12,-0.0570982772084432,-0.081804012969331,-0.0781640134218402,-0.108090137510059,0.00077931665284096,0.230171528471124,0.423299560520037,0.322051472105687
"BTC",2020-07-12,2020-07-13,-0.0563828193582828,-0.0806050166831046,-0.0774461041542376,-0.105643489559616,0.000755221860057276,0.229386636063302,0.423159013618501,0.32146285417827
"BTC",2020-07-13,2020-07-14,-0.0556672519059016,-0.0802363838650316,-0.0767281472100795,-0.10448279440109,0.000736452867586948,0.230053629015494,0.423278448832605,0.254189951150963
"BTC",2020-07-14,2020-07-15,-0.0549521504917725,-0.0788965393332645,-0.0752844367877575,-0.104435867064027,0.000711351620769725,0.190510160155848,0.416197590400513,0.350363844692774
"BTC",2020-07-15,2020-07-16,-0.0549628006343302,-0.0794577418988221,-0.0752928192193523,-0.104841515254083,0.000710505013384554,0.247418584225548,0.426387907690614,0.379123016930319
"BTC",2020-07-16,2020-07-17,-0.054973409654417,-0.0789636136693891,-0.0753011692845918,-0.103987901652439,0.000703005808812147,0.257162900377935,0.428132775431922,0.254485658263188
"BTC",2020-07-17,2020-07-18,-0.0542585398198653,-0.0774498047603156,-0.0745839492291893,-0.101658943728113,0.000677106816292634,0.185309855415362,0.415266396887829,0.22106256447349
"BTC",2020-07-18,2020-07-19,-0.0535438086904424,-0.0776552707271013,-0.0738668739965043,-0.101557524715907,0.000662609132126562,0.170576921092893,0.412628241328007,0.275299748624416
"BTC",2020-07-19,2020-07-20,-0.0535548993613424,-0.0777258171393406,-0.0738756385341819,-0.101446029840592,0.000659024589313834,0.197914544191918,0.417523457772502,0.324459549207179
"BTC",2020-07-20,2020-07-21,-0.0535656778278042,-0.0778598827657546,-0.0738841563485019,-0.101498558538896,0.00065606746053199,0.218159089626135,0.421148550976908,0.902496399514938
"BTC",2020-07-21,2020-07-22,-0.0601041270771108,-0.0848921952861843,-0.0811465162918108,-0.111059896040451,0.000818359809119914,0.745573310663625,0.515590074240684,0.814043664322886
"BTC",2020-07-22,2020-07-23,-0.0586623611127032,-0.0851582894931241,-0.0804281128112009,-0.109053567548498,0.000790212513557255,0.602071678657299,0.489893928446861,0.552137450430911
"BTC",2020-07-23,2020-07-24,-0.0564962328720738,-0.0805870663321096,-0.0775341200471797,-0.104794356573553,0.000717146386906867,0.336216567798881,0.442288534744091,0.415053231815452
"BTC",2020-07-24,2020-07-25,-0.0550557619445604,-0.0792280379698259,-0.0753659864863396,-0.104623048668839,0.000681884263821746,0.247750426719899,0.426447329127124,0.775480426526466
"BTC",2020-07-25,2020-07-26,-0.0579664924805374,-0.0827356321890249,-0.0789999737396023,-0.107399749330472,0.000756633406540213,0.565985511750609,0.48343215241679,0.914274771153496
"BTC",2020-07-26,2020-07-27,-0.0616003107343994,-0.0864595939978996,-0.0833572829891673,-0.11196490160772,0.000851949770737105,0.790306313791779,0.52360019756894,0.943687834077634
"BTC",2020-07-27,2020-07-28,-0.102911278666249,-0.14470409123429,-0.139193723023847,-0.184922739658856,0.0024545905600558,0.94125773842919,0.550630341833065,0.549758402684609
"BTC",2020-07-28,2020-07-29,-0.0847769363035033,-0.121891454198751,-0.115976569588161,-0.159652424153534,0.00170938577997297,0.314784723457935,0.438450837645349,0.527424417249157
"BTC",2020-07-29,2020-07-30,-0.0759208573100881,-0.115861863349442,-0.108637140782358,-0.158614477528442,0.00148470852152724,0.352890995568482,0.357692964123066,0.390832481982557
"BTC",2020-07-30,2020-07-31,-0.065752498349151,-0.1023505708689,-0.0955571342242376,-0.139933991063132,0.00113924424667072,0.183921165836098,0.261240819604164,0.538221211022325
"BTC",2020-07-31,2020-08-01,-0.0657611262571215,-0.103047180183016,-0.0955627257010769,-0.140334665374592,0.00114272136730984,0.218875907048819,0.281193847647158,0.789754565637592
"BTC",2020-08-01,2020-08-02,-0.0788467300045995,-0.120552828554917,-0.112281748638353,-0.162505596169194,0.00161134471444789,0.524888459457546,0.455873356860558,0.863396408794218
"BTC",2020-08-02,2020-08-03,-0.0933756947578608,-0.140673049898443,-0.131177102055641,-0.187212746339438,0.0022884829774929,0.832079094325534,0.631225344585629,0.561096798910376
"BTC",2020-08-03,2020-08-04,-0.0802983273042939,-0.120712407483733,-0.113734346575162,-0.163712341984068,0.00165939405669977,0.497900608722853,0.440468026314626,0.40172814078878
"BTC",2020-08-04,2020-08-05,-0.068677858030444,-0.106266760812682,-0.0992028691883003,-0.143546006735642,0.0012418493205191,0.258324601373555,0.303712134918428,0.775893265057636
"BTC",2020-08-05,2020-08-06,-0.0817599055732632,-0.125085500543375,-0.116645683453359,-0.166084721393733,0.00175061916701214,0.575722551530471,0.484890709857068,0.455668846192536
"BTC",2020-08-06,2020-08-07,-0.0701406596634129,-0.108125702161924,-0.100662162710238,-0.146786656673749,0.00129129184525979,0.300033269411695,0.327520470901704,0.492123907151097
"BTC",2020-08-07,2020-08-08,-0.0665154254655091,-0.103825370466961,-0.0963072875233179,-0.13999071563413,0.00117373152876001,0.244025294855131,0.295549738228916,0.471231330078123
"BTC",2020-08-08,2020-08-09,-0.0643449500188329,-0.0985228930319224,-0.0926804512802582,-0.134678225923038,0.0010819111055882,0.20136608621055,0.271198810233274,0.38013737074923
"BTC",2020-08-09,2020-08-10,-0.0607222557099353,-0.0943860070571478,-0.0876016397374363,-0.130120810450099,0.000977155504116104,0.146753031349442,0.240024332112387,0.517008771553804
"BTC",2020-08-10,2020-08-11,-0.0621842835405316,-0.0960750165653429,-0.0897872950211775,-0.131953129725365,0.00101400692201906,0.190973993742095,0.265266747650215,0.820105080682066
"BTC",2020-08-11,2020-08-12,-0.0767119994350718,-0.117115338453302,-0.109399858157075,-0.157233346022869,0.00152479857784417,0.529605749714268,0.458566102437088,0.612395184697007
"BTC",2020-08-12,2020-08-13,-0.0709089943363562,-0.107841113235598,-0.101414528860653,-0.146833117995117,0.0012934161490891,0.379281739218888,0.372757451224471,0.586960740787063
"BTC",2020-08-13,2020-08-14,-0.0672857494948559,-0.104996005719974,-0.0970619659356742,-0.142687024273105,0.00118787996448288,0.315769391662602,0.336503037433939,0.369534559214326
"BTC",2020-08-14,2020-08-15,-0.06075972413551,-0.0945969744150392,-0.0883540492552614,-0.129556856313884,0.000971677401879825,0.172693849129175,0.254831990434538,0.379003074496718
"BTC",2020-08-15,2020-08-16,-0.0585914954069046,-0.0916423218688309,-0.0854566500204105,-0.125966988747233,0.00090748106231056,0.141280754312899,0.236900621468823,0.321618383973989
"BTC",2020-08-16,2020-08-17,-0.056423913132467,-0.0888900625347454,-0.0825600153341693,-0.122714145471277,0.000847299719229799,0.112131464909554,0.220261488443669,0.796094022618945
"BTC",2020-08-17,2020-08-18,-0.070947800663505,-0.109413875629502,-0.102164418424066,-0.147473560354898,0.00129785783093036,0.428570208110112,0.400892524403755,0.790854452210558
"BTC",2020-08-18,2020-08-19,-0.0683834548648446,-0.0926903519009703,-0.0888577082665901,-0.116964034595348,0.00112974743880729,0.663859536447089,0.507886206379454,0.727684261473824
"BTC",2020-08-19,2020-08-20,-0.0669793697795021,-0.0915474151803119,-0.0874518870353717,-0.115780132925323,0.00108825627439585,0.584837369664385,0.480843478336635,0.523514424557346
"BTC",2020-08-20,2020-08-21,-0.062754892198899,-0.086557375542386,-0.0832250610526189,-0.110089275842065,0.000962910772054081,0.3499732727943,0.400468994096725,0.784762144592706
"BTC",2020-08-21,2020-08-22,-0.067701203205182,-0.0913674803857197,-0.0881702174033416,-0.115061625480187,0.00109791314569844,0.627631496075335,0.495488355457553,0.591025476706019
"BTC",2020-08-22,2020-08-23,-0.0634769578273385,-0.0881648534257156,-0.0839437104310873,-0.111597168947961,0.000982933670312983,0.412706125449175,0.421937242093024,0.354514940907253
"BTC",2020-08-23,2020-08-24,-0.0592545052693525,-0.0827790226666346,-0.0790131569578104,-0.107605750642322,0.000863535666643333,0.199001426494934,0.348803863313578,0.401051290833055
"BTC",2020-08-24,2020-08-25,-0.0585606334687358,-0.0813993673215308,-0.0783169997504726,-0.104432766662684,0.000833667002413503,0.21496560263049,0.354267075615117,0.839222883179822
"BTC",2020-08-25,2020-08-26,-0.0684412667651957,-0.0916829893224402,-0.0889026730779742,-0.114528101656747,0.00110372532448221,0.692704826423009,0.517757554684545,0.534384703534134
"BTC",2020-08-26,2020-08-27,-0.0628078872532521,-0.0853933281217375,-0.0825614744138624,-0.11037328088668,0.000935707316195422,0.360734985438769,0.404151835002867,0.55425039440936
"BTC",2020-08-27,2020-08-28,-0.0614070905564144,-0.0844067360437619,-0.081158650195247,-0.108175766378723,0.000898380528323686,0.341893476895731,0.397703950666223,0.672230256141609
"BTC",2020-08-28,2020-08-29,-0.0628275692538255,-0.0850241471231486,-0.0825771773818289,-0.10772356065846,0.000926607097529776,0.449147891600935,0.434408233607999,0.374674430310438
"BTC",2020-08-29,2020-08-30,-0.0579020871156021,-0.0814122408294639,-0.0776494013808854,-0.104029096278829,0.000806804221173916,0.206975677383825,0.35153278744858,0.638176185092434
"BTC",2020-08-30,2020-08-31,-0.0607330920006716,-0.0837702427982307,-0.0804784353845356,-0.105184330176218,0.000867744958227022,0.399310325022813,0.417352971595328,0.34731936006663
"BTC",2020-08-31,2020-09-01,-0.0565140423008054,-0.0801056372523793,-0.0762570896256395,-0.101414611150038,0.000763498757314125,0.184634946338217,0.343887409720512,0.770015036159909
"BTC",2020-09-01,2020-09-02,-0.0635730658262146,-0.0847995412426025,-0.0826094461342515,-0.108139859816234,0.000924490402144331,0.553526682573021,0.470128429252068,0.92130590682649
"BTC",2020-09-02,2020-09-03,-0.0748502670132656,-0.0988364939364751,-0.0960026937192985,-0.123862483177813,0.00130039593476184,0.868241278350955,0.577829110861208,0.891654617775211
"BTC",2020-09-03,2020-09-04,-0.108660742682695,-0.145182654178842,-0.140409836043922,-0.17660683699094,0.00282008561245125,0.9131069961649,0.593182921756127,0.636614340531531
"BTC",2020-09-04,2020-09-05,-0.0917343131500739,-0.124741884801389,-0.11995309551833,-0.158963577101264,0.00207949963502412,0.502322860736897,0.452605611477722,0.704088575625734
"BTC",2020-09-05,2020-09-06,-0.0867988336729985,-0.119723587541582,-0.113605656036526,-0.151498297636388,0.00191858528109257,0.570580659796847,0.475964590001501,0.510109468226723
"BTC",2020-09-06,2020-09-07,-0.0769316917849968,-0.109268647526916,-0.102324877624299,-0.140601242993513,0.00159073457500618,0.324954821857791,0.3919072551281,0.452421955658846
"BTC",2020-09-07,2020-09-08,-0.0662078202485605,-0.0967222244231251,-0.0895203488814936,-0.127907845873244,0.00120586447336864,0.206287341758068,0.216044214019416,0.615947453312362
"BTC",2020-09-08,2020-09-09,-0.066214819374975,-0.0958724095958677,-0.0888192300530811,-0.127005900095336,0.00118996265768048,0.2384041823388,0.236481124017658,0.4788896218682
"BTC",2020-09-09,2020-09-10,-0.0641067073310244,-0.0932499761702289,-0.0867085271913437,-0.125039570232329,0.0011205192969229,0.165080312086469,0.189822943761638,0.442130187092519
"BTC",2020-09-10,2020-09-11,-0.0619991010590364,-0.0920962060965851,-0.0853045512794727,-0.121238453281231,0.00106261986950369,0.127328394226121,0.165800264892166,0.372879466783706
"BTC",2020-09-11,2020-09-12,-0.0605985948104771,-0.0887089793029417,-0.0831951178605909,-0.118944288890688,0.00100350553770179,0.0939705998989203,0.144573698764305,0.351515231725685
"BTC",2020-09-12,2020-09-13,-0.0584923455390643,-0.0884138616677114,-0.0810861724475509,-0.117509443315794,0.000953702080445788,0.0791259808336551,0.135127621930178,0.41966558616642
"BTC",2020-09-13,2020-09-14,-0.0577975459293241,-0.0869945274641246,-0.0803888969656678,-0.11421475422588,0.000921147983507033,0.0868908124930001,0.140068617461001,0.753703960871737
"BTC",2020-09-14,2020-09-15,-0.0620389444298608,-0.0875179350300848,-0.0832171488906863,-0.114906933681122,0.000991622564865598,0.228469778452384,0.230159564535414,0.513615620020311
"BTC",2020-09-15,2020-09-16,-0.0592266579815219,-0.0862826405235839,-0.0804024636660886,-0.114808231490468,0.000928857295877141,0.153094963196055,0.1821963063919,0.579109478714958
"BTC",2020-09-16,2020-09-17,-0.0585312185884418,-0.086072202489813,-0.0797048607858655,-0.113661641316069,0.000908941915875302,0.156715485929232,0.184500153716438,0.368517784712575
"BTC",2020-09-17,2020-09-18,-0.0564260547404338,-0.0826579242147277,-0.0775972155063183,-0.110228523052972,0.000847999862982955,0.0952423798202014,0.145382970514541,0.310890055275837
"BTC",2020-09-18,2020-09-19,-0.0543214247864676,-0.0820603996599405,-0.0754900966242546,-0.109067885476599,0.00080437305633563,0.0708721938737107,0.129875489460266,0.489974004589446
"BTC",2020-09-19,2020-09-20,-0.0550383958677605,-0.080123247233863,-0.0754992438934677,-0.107430136695664,0.000794891881103614,0.0945487806154106,0.144941612514599,0.536091125779833
"BTC",2020-09-20,2020-09-21,-0.0543436857046131,-0.0807382953723149,-0.0748024456685633,-0.107204114819386,0.000781334281534362,0.105702082809655,0.152038793588621,0.879117316879595
"BTC",2020-09-21,2020-09-22,-0.0621024038772819,-0.0873683173861201,-0.0818559906605914,-0.111721330245888,0.000964580248461718,0.379219395564044,0.326086072294983,0.471641141733323
"BTC",2020-09-22,2020-09-23,-0.0578813448568913,-0.0828929132981779,-0.0783380545418289,-0.108366548465467,0.000857492168351921,0.193937795010377,0.208185826617728,0.75760010946971
"BTC",2020-09-23,2020-09-24,-0.0600037782908668,-0.0850437927428558,-0.0797538616079987,-0.11064045331708,0.000906728917652231,0.292975144293571,0.271206265651179,0.892951982652544
"BTC",2020-09-24,2020-09-25,-0.0663495183922618,-0.0887919746451505,-0.0853947474040356,-0.112088931284429,0.00108392121688745,0.572074094800278,0.448805308052981,0.471273579425797
"BTC",2020-09-25,2020-09-26,-0.0607177982138072,-0.0868869357793181,-0.0811714668484917,-0.111946683154308,0.000948188867190909,0.291454623071969,0.270238712342871,0.370932444938779
"BTC",2020-09-26,2020-09-27,-0.0572031614346405,-0.0835686857810753,-0.077654482788932,-0.111087748628487,0.000863441013416173,0.156196154187053,0.184169687335492,0.315455187105796
"BTC",2020-09-27,2020-09-28,-0.0565831710914918,-0.0823595829054953,-0.0763130956628396,-0.107774369418441,0.000892289798028043,0.253621364581952,0.436697253363451,0.305774681303083
"BTC",2020-09-28,2020-09-29,-0.0558909110450713,-0.0800368925883089,-0.0756185013182941,-0.103423550542491,0.000849162567321006,0.250085887601316,0.436267050919263,0.42068333306695
"BTC",2020-09-29,2020-09-30,-0.0551981678970137,-0.0799948554042336,-0.0749235455807541,-0.102024189289935,0.000825571273381993,0.344470934056231,0.447751973010991,0.363096717150049
"BTC",2020-09-30,2020-10-01,-0.0545059013178014,-0.0779544168023344,-0.0735246105143611,-0.100920322349693,0.000791437604311444,0.285748778300923,0.440606567999931,0.570048167779709
"BTC",2020-10-01,2020-10-02,-0.0545165646419282,-0.0784750329331226,-0.0735333608168838,-0.100640685209361,0.000790897215243476,0.461874968243498,0.462037882024548,0.347259628737638
"BTC",2020-10-02,2020-10-03,-0.0531204509401643,-0.0769156567786413,-0.0721350272960886,-0.0981896286080873,0.000751166263505191,0.261686148148059,0.437678589013772,0.278968768513897
"BTC",2020-10-03,2020-10-04,-0.0524288811925901,-0.0754254066734759,-0.0707370672739115,-0.097809768052259,0.000723310308279784,0.227464122538712,0.433514398681649,0.437043509814192
"BTC",2020-10-04,2020-10-05,-0.0524408494386392,-0.0749400791419087,-0.0707470083251901,-0.0963217212976731,0.000716598231355417,0.34963036549678,0.448379780808496,0.46817858788144
"BTC",2020-10-05,2020-10-06,-0.0524528365270839,-0.0731755469658923,-0.0700529600850017,-0.095954424130031,0.00070386368665711,0.356868037745064,0.449260472242353,0.675982083478721
"BTC",2020-10-06,2020-10-07,-0.0524632990522962,-0.0746726422648614,-0.0700617186158798,-0.097446710026122,0.000715448785253531,0.520070288584287,0.469119180867118,0.429113941740678
"BTC",2020-10-07,2020-10-08,-0.0510678732248631,-0.0739659999295559,-0.0693681482772344,-0.0939641807911685,0.000686301541726665,0.308611749867517,0.443388570627362,0.790143519680043
"BTC",2020-10-08,2020-10-09,-0.0524848413539677,-0.0750424000860808,-0.0707835488411796,-0.0951672667714541,0.000723655126724566,0.630275794152107,0.482529161505635,0.724822091380352
"BTC",2020-10-09,2020-10-10,-0.0524957034077198,-0.0732997989187349,-0.0700888453889867,-0.0955640376450474,0.000715993593422744,0.527588309145201,0.470033985528123,0.807909677790422
"BTC",2020-10-10,2020-10-11,-0.0525053258369423,-0.0749709176536131,-0.0700969006473262,-0.0977956085431472,0.000732027993168724,0.617774010083253,0.48100792459967,0.463654025857829
"BTC",2020-10-11,2020-10-12,-0.0511103197738151,-0.0734435662389207,-0.0686999138893913,-0.0958427029923161,0.000697266743354207,0.324827962057256,0.445361785035971,0.647659176066167
"BTC",2020-10-12,2020-10-13,-0.0518249162786703,-0.0722675437546878,-0.0694127283974452,-0.0938356092383174,0.000700877440798163,0.473883642342526,0.463499116527602,0.534331769234267
"BTC",2020-10-13,2020-10-14,-0.0511330873990106,-0.0714341332398911,-0.0680155837756571,-0.0948747987854654,0.000682501220299163,0.375019854044251,0.451469214027728,0.294972077666772
"BTC",2020-10-14,2020-10-15,-0.0497388054185197,-0.0714483032199507,-0.0673227403001355,-0.0920158794769172,0.00065600882225714,0.242437330501589,0.435336362365261,0.379974220244186
"BTC",2020-10-15,2020-10-16,-0.0497510652771629,-0.0702767666027031,-0.066629774594578,-0.0922305771778493,0.000645778466290851,0.301181039489836,0.442484390007875,0.657662625480559
"BTC",2020-10-16,2020-10-17,-0.0497619520925315,-0.071696267193948,-0.0673422128989073,-0.091139889260825,0.000654816246171272,0.473173651637409,0.463412723732977,0.315336557337836
"BTC",2020-10-17,2020-10-18,-0.047034266935572,-0.0730285456564952,-0.0674120781979664,-0.0980220235256123,0.000675474854983676,0.88913022763346,0.797248600396095,0.545005238660473
"BTC",2020-10-18,2020-10-19,-0.0484518802649894,-0.07396924917138,-0.0688274647936639,-0.0983594877039469,0.000688057793606782,0.847874480296547,0.768804287821168,0.862846497465054
"BTC",2020-10-19,2020-10-20,-0.0554868662117917,-0.0807513644825559,-0.0758607199901618,-0.103575443536137,0.000811610408936302,0.61514035832267,0.608342714838026,0.78350185348775
"BTC",2020-10-20,2020-10-21,-0.056902435371898,-0.0797668669760315,-0.0765717538425586,-0.104233881561233,0.000826568419179273,0.583054214441062,0.586220504847761,0.951604138831259
"BTC",2020-10-21,2020-10-22,-0.0688209908354878,-0.0944980746221001,-0.0899006699934674,-0.118547998107891,0.00122993590159519,0.161256936918069,0.295406875727476,0.590740328460756
"BTC",2020-10-22,2020-10-23,-0.0653180021262848,-0.0898858093397939,-0.0863954028007677,-0.115950595985571,0.00113338788856447,0.385506130114965,0.450018404004422,0.388496037940445
"BTC",2020-10-23,2020-10-24,-0.0590063646407085,-0.0860294710215627,-0.0807838604641805,-0.113160643808838,0.00101309117106076,0.661237247772751,0.640124815924262,0.478739620376727
"BTC",2020-10-24,2020-10-25,-0.0576123046716707,-0.0836512041090602,-0.0786850604056697,-0.1127314849243,0.000972885197686048,0.711474752840913,0.674761718401719,0.377610829931387
"BTC",2020-10-25,2020-10-26,-0.0541120795427786,-0.0805838843510377,-0.0751824786774163,-0.110260950635596,0.000906320996836741,0.821427804581145,0.750570282641881,0.323298716593956
"BTC",2020-10-26,2020-10-27,-0.0513151642158867,-0.0789649137335772,-0.073085423763547,-0.106577111995221,0.000855560064426777,0.882716999821509,0.79282691691506,0.856125884370116
"BTC",2020-10-27,2020-10-28,-0.063252187102313,-0.0885567232368086,-0.0843205065399418,-0.114561395742214,0.00108351953002559,0.451367334960215,0.495427269874206,0.818947643932454
"BTC",2020-10-28,2020-10-29,-0.0653641196175261,-0.0918070332623323,-0.086431309777343,-0.116125125870082,0.00113882111175246,0.30235487688772,0.392688688983688,0.606366973295444
"BTC",2020-10-29,2020-10-30,-0.063267368865795,-0.0877808839169663,-0.0836302321358328,-0.115579260605206,0.00107568272182644,0.444130986343152,0.490438075028602,0.472632854712456
"BTC",2020-10-30,2020-10-31,-0.0590653743638855,-0.0854110344490817,-0.0801281191684835,-0.112832500115232,0.000995000007248649,0.622058870968705,0.613112773531917,0.561094534135305
"BTC",2020-10-31,2020-11-01,-0.0583735012663598,-0.0847046419850856,-0.0794341391851926,-0.111758358512674,0.00097365651308558,0.637655815971456,0.623866290496455,0.385314656990127
"BTC",2020-11-01,2020-11-02,-0.0541730817843651,-0.0810071259853448,-0.0752314012672036,-0.109410421828343,0.000895717005290525,0.789838236693035,0.728790443440851,0.44851372246932
"BTC",2020-11-02,2020-11-03,-0.0534822154663415,-0.0791668399174744,-0.0745383557364446,-0.106911307943644,0.000867827524010084,0.810255354656755,0.74286729146148,0.808287777377347
"BTC",2020-11-03,2020-11-04,-0.0605067950686521,-0.0852464046350397,-0.0808598701775459,-0.112045064365829,0.000991098579360732,0.524325816750517,0.545729445813185,0.526962112468652
"BTC",2020-11-04,2020-11-05,-0.0570087395934892,-0.0820816596199907,-0.0773596332327914,-0.110159678753549,0.000919056998211757,0.673159448496968,0.648344732563057,0.87146119536877
"BTC",2020-11-05,2020-11-06,-0.0716973662970133,-0.100656364195649,-0.0948678607863227,-0.129342173706754,0.00146356539158867,0.312279586465352,0.399531409323623,0.483679525745302
"BTC",2020-11-06,2020-11-07,-0.0590003776163643,-0.0834730814601752,-0.0779689926614927,-0.110292689781549,0.00111101660659911,0.296793302147057,0.241532042161672,0.779793638398503
"BTC",2020-11-07,2020-11-08,-0.0596971552032302,-0.0827910974007239,-0.0779642732464789,-0.109072233072751,0.00108896748983899,0.195319578085538,0.191579020688153,0.790816773457094
"BTC",2020-11-08,2020-11-09,-0.0596969648426176,-0.0835999156838291,-0.0779641173762909,-0.108574197070403,0.00107700846463978,0.148457017954313,0.168509733597438,0.528668970950704
"BTC",2020-11-09,2020-11-10,-0.0597076237507836,-0.0820427336691701,-0.0779728450537091,-0.107130975876455,0.00107181863077349,0.178619699650718,0.183358080796817,0.392981080054448
"BTC",2020-11-10,2020-11-11,-0.0590168679915059,-0.0824566060772289,-0.0772799746123434,-0.108110348177071,0.0010669532977951,0.217030264544914,0.202266658270593,0.626150794254602
"BTC",2020-11-11,2020-11-12,-0.0583214592659741,-0.0826061805943671,-0.0765833117304061,-0.105883121297095,0.00103047220961136,0.167533241363561,0.177900489740556,0.752571743519328
"BTC",2020-11-12,2020-11-13,-0.0590272738368596,-0.0804472240729492,-0.0765861529607073,-0.104843937076733,0.00101859926145689,0.134365904558698,0.161573024645963,0.439789431076184
"BTC",2020-11-13,2020-11-14,-0.0583366394582981,-0.0815269006051322,-0.0765957793110433,-0.104988383597898,0.00102740316122391,0.194241801032794,0.191048457522591,0.479935603420349
"BTC",2020-11-14,2020-11-15,-0.0576446186125331,-0.0816597823735021,-0.0759019386846445,-0.104407124033894,0.00100870598954005,0.196149328848634,0.191987486604526,0.400321444111128
"BTC",2020-11-15,2020-11-16,-0.057655943234946,-0.0797617173569016,-0.0752091261594773,-0.104839287229187,0.000999281299870127,0.222699948753242,0.205057704520507,0.806924238552047
"BTC",2020-11-16,2020-11-17,-0.0583550964640394,-0.0799491799279747,-0.0759087904002352,-0.103685403517485,0.000997822382616609,0.149520306692332,0.169033164521591,0.864409769563914
"BTC",2020-11-17,2020-11-18,-0.0597507941874267,-0.0814780195915653,-0.0773059859967077,-0.10688876776368,0.00104333778583704,0.131881818881312,0.160350170292956,0.494709745160016
"BTC",2020-11-18,2020-11-19,-0.059059856243359,-0.0824830837560222,-0.0773152279538284,-0.10671473255806,0.00104970719540746,0.185625480709578,0.186806854702659,0.371187634286007
"BTC",2020-11-19,2020-11-20,-0.058369300900646,-0.0829078923565488,-0.0766226043444493,-0.107780550716764,0.00104572907615471,0.226702021956273,0.207027826840334,0.788129616605574
"BTC",2020-11-20,2020-11-21,-0.0590684534142645,-0.0827786603677048,-0.0773222782289309,-0.106002825149773,0.00103964787468511,0.15210489859566,0.170305495620516,0.442641767804959
"BTC",2020-11-21,2020-11-22,-0.0590798817902686,-0.0813902300678373,-0.0773316502881453,-0.105584738300899,0.00104407378014444,0.20679196983763,0.197226597308061,0.45025381699259
"BTC",2020-11-22,2020-11-23,-0.0583882113646297,-0.0813973473978062,-0.0766381356189926,-0.104929499571278,0.00102519198672159,0.211840795139476,0.199712009970814,0.377519554267001
"BTC",2020-11-23,2020-11-24,-0.0576974993649676,-0.0815593921929487,-0.0759454344571248,-0.105119052514594,0.00101401937557142,0.237306414984502,0.212248109012413,0.791231741634021
"BTC",2020-11-24,2020-11-25,-0.0583993507121629,-0.0802564167448494,-0.0759454408256571,-0.103890713654311,0.000996030560405573,0.150606770524042,0.169568003975031,0.674149592991639
"BTC",2020-11-25,2020-11-26,-0.0577055604595497,-0.0812489083362044,-0.0752502762809063,-0.104585657546368,0.000984928572978955,0.150159953128834,0.169348046748232,0.866848897657402
"BTC",2020-11-26,2020-11-27,-0.0693221625816767,-0.102224078284889,-0.0930818921456213,-0.13568483766672,0.0019769363377661,0.306978082716179,0.561223360967385,0.480412792772412
"BTC",2020-11-27,2020-11-28,-0.0672361303217718,-0.0997928734360426,-0.0909932075122702,-0.134638114356036,0.00191512356290909,0.727355521773144,0.62570820128865,0.704979985029519
"BTC",2020-11-28,2020-11-29,-0.0679363714510172,-0.100208316242283,-0.0916930628211092,-0.131850838993741,0.00187158614433796,0.420297155452058,0.578606221301469,0.646074861681904
"BTC",2020-11-29,2020-11-30,-0.0672441496512594,-0.0989031578467137,-0.0909991844657085,-0.129809356007999,0.00182145989970271,0.499075002582293,0.59069054462872,0.838220097801526
"BTC",2020-11-30,2020-12-01,-0.0714077069735687,-0.104424569698545,-0.0958692449105849,-0.139009201247398,0.00212083630431901,0.30226436360483,0.560500288328434,0.779729258879318
"BTC",2020-12-01,2020-12-02,-0.0714044799789659,-0.104851175596967,-0.0958669037576378,-0.139973460188003,0.00213053500805003,0.338567513081036,0.566069100019146,0.598439131284786
"BTC",2020-12-02,2020-12-03,-0.0700141251767941,-0.103060370448322,-0.0944745224729846,-0.138107816243871,0.00206321200739764,0.556222903849256,0.599456888741198,0.483300476193484
"BTC",2020-12-03,2020-12-04,-0.0686255758880545,-0.101052799047558,-0.0930835277889105,-0.13467303207567,0.00196778189632913,0.678280502257393,0.618180216903153,0.706323408531556
"BTC",2020-12-04,2020-12-05,-0.0693240096671753,-0.101398039594569,-0.0930832579981164,-0.134478525630633,0.00193132307147213,0.403493610692288,0.576028599859424,0.585524551954765
"BTC",2020-12-05,2020-12-06,-0.0679341545658273,-0.100326907831194,-0.0916914147970246,-0.133087138365586,0.00186958511904136,0.563957522770445,0.600643359802056,0.474448777867121
"BTC",2020-12-06,2020-12-07,-0.0665460921542128,-0.0987405882230768,-0.0903009702406703,-0.130433399345468,0.00179031874118058,0.687321507491174,0.619567084333889,0.413110192806017
"BTC",2020-12-07,2020-12-08,-0.0658570769427033,-0.0958227723147562,-0.088910930090968,-0.127850787824119,0.00170692231090505,0.743202620242897,0.628139106278865,0.764481061317632
"BTC",2020-12-08,2020-12-09,-0.0679489254490354,-0.0972639674807231,-0.0903051324766372,-0.129669276679228,0.00174024998335692,0.339580834611404,0.56622454098959,0.52010301173459
"BTC",2020-12-09,2020-12-10,-0.0658624237948484,-0.0961305465452042,-0.0889149747577198,-0.127100331299433,0.00168657426188006,0.654531300255441,0.614537149134605,0.496194129794161
"BTC",2020-12-10,2020-12-11,-0.065172424990943,-0.0947281215580226,-0.0875244062789737,-0.126369601124407,0.00162257827467442,0.662066217299072,0.615692986430446,0.461699656983186
"BTC",2020-12-11,2020-12-12,-0.0644830192449491,-0.0930221722303798,-0.0868328841881346,-0.123204057870504,0.00156172300474907,0.695643095873481,0.620843595031646,0.777260700100182
"BTC",2020-12-12,2020-12-13,-0.0665778271955423,-0.0939265782213091,-0.0882293722311695,-0.124864613813065,0.00159838750437769,0.335755337538928,0.565637719374183,0.60462563523226
"BTC",2020-12-13,2020-12-14,-0.0651892688656927,-0.0927314924350312,-0.0868389253896282,-0.124201586308515,0.00156100652680204,0.564883335913715,0.600785377206332,0.415245251775579
"BTC",2020-12-14,2020-12-15,-0.0631043968776586,-0.0927015223160294,-0.0854500767732951,-0.121931556784558,0.00150298023008254,0.7556959434062,0.630055550584428,0.377633014017086
"BTC",2020-12-15,2020-12-16,-0.06241633227152,-0.0912408625526463,-0.0840614507764065,-0.121308584500646,0.00144571659323345,0.77293205028646,0.632699525966235,0.847510726966005
"BTC",2020-12-16,2020-12-17,-0.075012181522219,-0.116269300928936,-0.107818340228934,-0.159389589830691,0.001761614898138,0.951854443042112,0.780443359877673,0.84578443232053
"BTC",2020-12-17,2020-12-18,-0.0777890747163189,-0.121700534001169,-0.111997492457776,-0.166146579891141,0.00189600101049983,0.953369978779741,0.780308517735347,0.525101021749056
"BTC",2020-12-18,2020-12-19,-0.0764015224330386,-0.119022178565092,-0.109908339789916,-0.162382573576032,0.00180439757072396,0.724061019888798,0.800710881403607,0.672759919296071
"BTC",2020-12-19,2020-12-20,-0.0750079794991286,-0.117735871743632,-0.107815750410621,-0.161481345012978,0.00175504238555771,0.940570661593234,0.781447314602279,0.50470590947361
"BTC",2020-12-20,2020-12-21,-0.0736199598741085,-0.115567946426308,-0.105726716691258,-0.158618335863523,0.00168470620515272,0.78301403353748,0.795465640094163,0.597992817390525
"BTC",2020-12-21,2020-12-22,-0.0722289900469464,-0.113385208847839,-0.104333937365402,-0.154370765176291,0.00162777556691259,0.912126789394032,0.783978058396802,0.714889086709331
"BTC",2020-12-22,2020-12-23,-0.0722313179495812,-0.112335589392605,-0.103637503523022,-0.154707751127452,0.00161902543114599,0.938237443141533,0.781654908634363,0.579519201008026
"BTC",2020-12-23,2020-12-24,-0.0708424926623321,-0.111106575408619,-0.102246225058959,-0.151525532022902,0.00156639268457409,0.858859343348716,0.788717436270009,0.526338006824126
"BTC",2020-12-24,2020-12-25,-0.069455090457227,-0.109234141195918,-0.100158157181218,-0.149337583123058,0.00151076434583024,0.843881098156457,0.790050099446375,0.755499435468343
"BTC",2020-12-25,2020-12-26,-0.0701530393316238,-0.108734568272125,-0.100856054443649,-0.149391097013015,0.00152978402110781,0.946433513043069,0.780925677645786,0.864413409776571
"BTC",2020-12-26,2020-12-27,-0.0750170282887256,-0.116531558539204,-0.10782132741972,-0.159760635542485,0.00175266641961704,0.956498050532336,0.780030203020625,0.472350269247919
"BTC",2020-12-27,2020-12-28,-0.0736304566966141,-0.11558457559807,-0.105733335169706,-0.158305807603052,0.00168274128075729,0.56341237124966,0.815004314020468,0.56284036759378
"BTC",2020-12-28,2020-12-29,-0.0715435579748515,-0.112368985243147,-0.102946159338798,-0.154109543354104,0.00160090914917213,0.906316270509845,0.78449503915477,0.415154660872661
"BTC",2020-12-29,2020-12-30,-0.0708552214956684,-0.109514948735764,-0.101556734661344,-0.150691464929217,0.0015430008616704,0.656604605399279,0.806712697934581,0.804203729788583
"BTC",2020-12-30,2020-12-31,-0.0729381704712314,-0.112673614854527,-0.104341151439885,-0.155895359837124,0.00164819677059992,0.961923462729082,0.779547486456808,0.468444643662989
"BTC",2020-12-31,2021-01-01,-0.0715519358862395,-0.111864775954678,-0.102951580340284,-0.152916680682724,0.00158750906912644,0.62932916723522,0.809139482353845,0.441206091362942
"BTC",2021-01-01,2021-01-02,-0.0694676856823414,-0.109108106353318,-0.100166505740393,-0.149091542027394,0.00150874144434066,0.793295539136052,0.794550861110848,0.833699812123174
"BTC",2021-01-02,2021-01-03,-0.0771087116826903,-0.12112027042318,-0.111309843825037,-0.164717680173867,0.00186837311089751,0.959641996675087,0.779750475909796,0.752909942829749
"BTC",2021-01-03,2021-01-04,-0.0771097242817504,-0.119730654029571,-0.110612467401127,-0.164442620530501,0.00184178061891217,0.937217301159584,0.781745673983478,0.775856612599755
"BTC",2021-01-04,2021-01-05,-0.0771051642984225,-0.121066386911262,-0.111307751016745,-0.164581468774574,0.00185482299937916,0.949978603641315,0.780610259408434,0.834267325339117
"BTC",2021-01-05,2021-01-06,-0.0812777924330445,-0.114465310415879,-0.10710926997813,-0.151050751670931,0.0020156241602382,0.632308908214696,0.368057717356032,0.838497505571387
"BTC",2021-01-06,2021-01-07,-0.0840495162107943,-0.119660804698512,-0.111284722416404,-0.157485042678007,0.00222047176499079,0.647057926106484,0.371836546915334,0.819358293875084
"BTC",2021-01-07,2021-01-08,-0.0847324945729915,-0.123380873294396,-0.113370182357213,-0.160883785926556,0.00233414046364591,0.62113322586679,0.365194408143753,0.710674385534431
"BTC",2021-01-08,2021-01-09,-0.0826381596558048,-0.120263044293683,-0.11057697060357,-0.161373111695547,0.00224836685112899,0.469340983147659,0.326303885542986,0.479545746689311
"BTC",2021-01-09,2021-01-10,-0.0791538497492556,-0.116222870130988,-0.107089899680052,-0.158310740327252,0.00209445566496703,0.2308420564148,0.265198339342409,0.724672563608157
"BTC",2021-01-10,2021-01-11,-0.0805420278351577,-0.116805272668113,-0.107782614089866,-0.156514327761397,0.00211125430365749,0.449348736429436,0.321181694125906,0.824275910009595
"BTC",2021-01-11,2021-01-12,-0.0853993713743929,-0.124332334021182,-0.114049112543979,-0.16544606256038,0.00240602858547235,0.560876837339294,0.349756185492248,0.737224077503435
"BTC",2021-01-12,2021-01-13,-0.0839977009925066,-0.121965177993717,-0.112648985571391,-0.163259545433566,0.0023421765974466,0.487987961368468,0.331081407206423,0.821457761900407
"BTC",2021-01-13,2021-01-14,-0.0909446668938821,-0.132771260445722,-0.122409810336563,-0.17762273397533,0.00282789416428581,0.508103623358128,0.33623521871368,0.716656390403417
"BTC",2021-01-14,2021-01-15,-0.0881460485599308,-0.130499293280067,-0.119611938391569,-0.174700978664578,0.00270740456011278,0.450949172086853,0.321591739975357,0.759282980942851
"BTC",2021-01-15,2021-01-16,-0.0881326202656308,-0.130564901507882,-0.119604348486095,-0.174036636762424,0.00271051496725096,0.498690543380713,0.333823503905027,0.513440237557081
"BTC",2021-01-16,2021-01-17,-0.0846425408122745,-0.126480749010579,-0.116111457367289,-0.171173750722486,0.00253730300132355,0.268357054679044,0.274810015550151,0.409107393267917
"BTC",2021-01-17,2021-01-18,-0.0811545590256821,-0.123437242440533,-0.111920846166376,-0.166745031548968,0.00234554546416279,0.187427214041367,0.254075070601615,0.427549477397809
"BTC",2021-01-18,2021-01-19,-0.0790649662472809,-0.119325895358246,-0.108429862512239,-0.16129019552186,0.00217886207658095,0.198817116051122,0.256993264796495,0.401527363071303
"BTC",2021-01-19,2021-01-20,-0.0769757668595466,-0.11576608852899,-0.10563865356113,-0.155350209380104,0.00202827802800388,0.179406656361898,0.252020132390567,0.476213545518964
"BTC",2021-01-20,2021-01-21,-0.075583665902748,-0.113607754612687,-0.102846408631374,-0.152541443150221,0.00191484920604706,0.228426443422674,0.264579437809747,0.795628213460565
"BTC",2021-01-21,2021-01-22,-0.0929768916614039,-0.139228492594299,-0.127272171164549,-0.186568916406092,0.00305796873395204,0.256045587203354,0.271655708086641,0.762833932376057
"BTC",2021-01-22,2021-01-23,-0.0915677496778102,-0.136214988993496,-0.124467675954559,-0.182301398290727,0.00295633057008225,0.436272613257089,0.317831475072186,0.599547357480138
"BTC",2021-01-23,2021-01-24,-0.0880706809081671,-0.131053475056316,-0.120269309470181,-0.177859712672851,0.00275672072383611,0.328256350368359,0.290156747840587,0.43470297853569
"BTC",2021-01-24,2021-01-25,-0.0838791801516473,-0.128046004152999,-0.1160743134025,-0.172612152033589,0.0025452761198989,0.205692162544247,0.258754712853607,0.394120369724934
"BTC",2021-01-25,2021-01-26,-0.0844741208473199,-0.11804130630127,-0.111807719913585,-0.153041875371972,0.00185014734631376,0.144964742542727,0.232919710830184,0.382334920271832
"BTC",2021-01-26,2021-01-27,-0.082380364342207,-0.114618401071101,-0.10901009323511,-0.148993994962435,0.00173157047393703,0.129168220829948,0.226919591760297,0.762403817482475
"BTC",2021-01-27,2021-01-28,-0.0900690209577654,-0.119595443595411,-0.115304331124309,-0.150610611278567,0.00201480699425043,0.534561590600773,0.380903394840181,0.835850585365035
"BTC",2021-01-28,2021-01-29,-0.0956414629918708,-0.126589149219459,-0.120890552273058,-0.159906789465635,0.00233338789497144,0.722108183423331,0.452140715849693,0.553602053591708
"BTC",2021-01-29,2021-01-30,-0.0900371794845494,-0.124083189880478,-0.117387788557563,-0.157145934132201,0.00209754914756877,0.36352243994432,0.315936227497206,0.417928346583934
"BTC",2021-01-30,2021-01-31,-0.0858378649576307,-0.119564426867202,-0.113185371796952,-0.154449671460185,0.00190501377864379,0.186413595204769,0.248663559748599,0.58270072869588
"BTC",2021-01-31,2021-02-01,-0.0865401171357663,-0.118318042144491,-0.11248482507289,-0.15292816243207,0.00188857854711563,0.296203745056624,0.29036602968405,0.448397312808906
"BTC",2021-02-01,2021-02-02,-0.0830423196312549,-0.114791967591178,-0.109685400812928,-0.146992061798457,0.00173619728050051,0.18265630031906,0.247236396408159,0.740175672875846
"BTC",2021-02-02,2021-02-03,-0.087942390261227,-0.11949608715676,-0.113185939795652,-0.149617363396425,0.00192099001700297,0.498107949892255,0.36705691719409,0.770584005182008
"BTC",2021-02-03,2021-02-04,-0.0900408154439236,-0.118626767888519,-0.114584967588273,-0.148760407905001,0.00198282762727749,0.601345857503482,0.406270596601263,0.490851619700972
"BTC",2021-02-04,2021-02-05,-0.0837369972593939,-0.114593586348777,-0.109681126234666,-0.145638603897298,0.00173650459328459,0.268604795586159,0.279882900167466,0.525268549901136
"BTC",2021-02-05,2021-02-06,-0.0823408127770504,-0.112152075019029,-0.107581747003448,-0.144085623691178,0.00165777456272759,0.249427923092337,0.272598795448521,0.623072659834364
"BTC",2021-02-06,2021-02-07,-0.0830454926899544,-0.111664469688318,-0.107584167684489,-0.142782936574384,0.00165802608297953,0.331170802589464,0.303647846563452,0.430261008948064
"BTC",2021-02-07,2021-02-08,-0.0781462630105663,-0.10907063567848,-0.103383437119816,-0.139666163618246,0.00149332557229738,0.16917005954632,0.242113809808849,0.778467656085919
"BTC",2021-02-08,2021-02-09,-0.0977862750134034,-0.135179729212278,-0.128043387402547,-0.174779923964608,0.00259877572528525,0.314898470186937,0.297466996517143,0.493586231860491
"BTC",2021-02-09,2021-02-10,-0.0934700677726095,-0.133214791012853,-0.123723925873287,-0.172798259782113,0.00239800865683413,0.195940672362522,0.252282305594925,0.545882323454072
"BTC",2021-02-10,2021-02-11,-0.0927514233728769,-0.129355534448215,-0.121563794297718,-0.167994702945934,0.00229672674862527,0.254836434293657,0.27465315347675,0.714025400420125
"BTC",2021-02-11,2021-02-12,-0.0949061068211543,-0.13042361225058,-0.123001270771885,-0.164170237323771,0.00236513614560407,0.469256471901189,0.356098029760752,0.465562231218145
"BTC",2021-02-12,2021-02-13,-0.0898696682714106,-0.126786006159578,-0.118682281539635,-0.162148194807262,0.00214138187678905,0.227446529308013,0.26424942699728,0.400298952830542
"BTC",2021-02-13,2021-02-14,-0.0869950544464192,-0.122073872351765,-0.115084455706163,-0.158212133284849,0.0019788177469726,0.154446243056491,0.236521144935627,0.558542602283142
"BTC",2021-02-14,2021-02-15,-0.088386922098088,-0.12862529319155,-0.117939584822663,-0.172450317953424,0.00257235337177216,0.268547256607004,0.273651380725924,0.455118379406209
"BTC",2021-02-15,2021-02-16,-0.0855097234595785,-0.125891688940523,-0.115059703050608,-0.168507808006523,0.00241583425732987,0.196668501703028,0.246601519594537,0.480002936826327
"BTC",2021-02-16,2021-02-17,-0.0840744810896554,-0.122027686610453,-0.112901068487553,-0.162538332420372,0.00228288865110178,0.207224929126453,0.250574180170373,0.758511743831872
"BTC",2021-02-17,2021-02-18,-0.0869501136171714,-0.124054008415664,-0.114338354841447,-0.160383191928573,0.00235871623413806,0.480543038494787,0.353430954929245,0.478481007810548
"BTC",2021-02-18,2021-02-19,-0.0833530967645993,-0.120838384175747,-0.11145931647188,-0.160404592525758,0.00221766462129066,0.240226100409218,0.262993386673942,0.802177493727191
"BTC",2021-02-19,2021-02-20,-0.0891025340743493,-0.123567801835655,-0.115774227914141,-0.161652104145417,0.00243362901654447,0.546508145712811,0.378255355298288,0.458044855978138
"BTC",2021-02-20,2021-02-21,-0.0840640913418402,-0.123061635513353,-0.112895123551637,-0.162534883789651,0.00228525628621747,0.234944658755892,0.261005841626913,0.555769261326011
"BTC",2021-02-21,2021-02-22,-0.0833480860078525,-0.120175609984816,-0.110735648322421,-0.159797387647528,0.00219166022618397,0.27706030421535,0.276855063871497,0.787333472139652
"BTC",2021-02-22,2021-02-23,-0.0869392850664727,-0.121859600980016,-0.112890395528681,-0.159371081967902,0.0023028030054908,0.535857259522393,0.374247147410409,0.855196473680396
"BTC",2021-02-23,2021-02-24,-0.0941091296606304,-0.130530222764409,-0.121520513055866,-0.172036226639264,0.00277100680620838,0.628256711674682,0.409019485254527,0.564842140993704
"BTC",2021-02-24,2021-02-25,-0.0897867653981952,-0.131004868316656,-0.120080733548253,-0.171072133422463,0.00264729769116531,0.346450758748923,0.302968512295644,0.65074341425639
"BTC",2021-02-25,2021-02-26,-0.089785553638055,-0.127128909263718,-0.117916219652947,-0.169806851304114,0.00256650869947934,0.399205512968289,0.322821510272037,0.581940578440177
"BTC",2021-02-26,2021-02-27,-0.0876245147069523,-0.125015407093365,-0.115753921063859,-0.167467732291685,0.00245064369472434,0.326929371198411,0.295622102037999,0.425715734840864
"BTC",2021-02-27,2021-02-28,-0.0840250712126903,-0.122848334849415,-0.112872796525867,-0.164540718094291,0.00229629362440687,0.187913938515684,0.243306947800689,0.396262034347696
"BTC",2021-02-28,2021-03-01,-0.0818683742321319,-0.119017667527668,-0.10999212491715,-0.160177400336958,0.00215176512755122,0.153549940556888,0.230374873866653,0.807114544926467
"BTC",2021-03-01,2021-03-02,-0.0897771615277685,-0.125329431676001,-0.117190258240867,-0.164246454977281,0.00250221626762569,0.507156574547898,0.363446326723227,0.61105674388986
"BTC",2021-03-02,2021-03-03,-0.0868947926258803,-0.124294475831684,-0.115027883394015,-0.163803970941517,0.00239207604258368,0.358456427489354,0.30748656039834,0.72017679103505
"BTC",2021-03-03,2021-03-04,-0.0876148908060019,-0.123337994556895,-0.11430578705539,-0.162742203787431,0.00237574212283104,0.472329610290877,0.350340026425751,0.723756585763871
"BTC",2021-03-04,2021-03-05,-0.0876122972888055,-0.121869978273113,-0.114304277833519,-0.159214671301814,0.00234495004238635,0.497533186636402,0.359824793393008,0.449591249386257
"BTC",2021-03-05,2021-03-06,-0.083291352877731,-0.119764832484047,-0.111423054189116,-0.159014136270129,0.00219744868390731,0.227710005992677,0.258283251998863,0.371796592285267
"BTC",2021-03-06,2021-03-07,-0.0846627616258921,-0.123459703749685,-0.116434979682966,-0.159924895501126,0.00170224224404577,0.432237120407382,0.652870495636221,0.667815434015656
"BTC",2021-03-07,2021-03-08,-0.0889963646915886,-0.127610413401602,-0.120768059898394,-0.166274369448985,0.00191224567538338,0.977016550695952,0.749507331264045,0.528283243199441
"BTC",2021-03-08,2021-03-09,-0.0846704698974736,-0.122331428689572,-0.115717008784987,-0.158617870135365,0.00171326200293984,0.717641239438792,0.703497500631129,0.754476361558054
"BTC",2021-03-09,2021-03-10,-0.0875569710569251,-0.126026617770234,-0.119326292585896,-0.162578632671035,0.00185760022002586,0.997627859692761,0.753163511304734,0.608080244998469
"BTC",2021-03-10,2021-03-11,-0.0846745733671743,-0.121286442451835,-0.114997236525367,-0.158722574307653,0.0017134585196874,0.823952245358056,0.72235570017623,0.637221030972626
"BTC",2021-03-11,2021-03-12,-0.0839572096937009,-0.120589940279407,-0.114277804521708,-0.156586233292685,0.0016938790351096,0.908169921740475,0.737294828375718,0.429584671584664
"BTC",2021-03-12,2021-03-13,-0.0789112416717986,-0.113956402927955,-0.107785027725706,-0.149143146315,0.00146985499597385,0.544145141259483,0.672721533350312,0.816589026814981
"BTC",2021-03-13,2021-03-14,-0.0861201923142415,-0.123984500850013,-0.117164024172517,-0.160639871611017,0.00180039054128441,0.999995523976806,0.753583504372604,0.607875782997192
"BTC",2021-03-14,2021-03-15,-0.0825149715773954,-0.11988713988964,-0.11283486285806,-0.155042106753296,0.00164242339637078,0.783314298492922,0.715147053202577,0.827294135368419
"BTC",2021-03-15,2021-03-16,-0.0882773974547048,-0.124700378781931,-0.119325477021951,-0.163515009471091,0.00187187969383878,0.99994776227874,0.753575032064164,0.4697066351117
"BTC",2021-03-16,2021-03-17,-0.0817868175663597,-0.118382320566754,-0.112109429854101,-0.153553092838313,0.00159473030190906,0.56021658015089,0.675572399062384,0.677485341442984
"BTC",2021-03-17,2021-03-18,-0.0846771979372118,-0.120380315779017,-0.114998669398739,-0.156623112862996,0.00172036562635038,0.953296505059477,0.745299701489841,0.510210660915733
"BTC",2021-03-18,2021-03-19,-0.0803516411517772,-0.115243015529764,-0.109226763174301,-0.1515435735424,0.00153272777690158,0.667409036367412,0.694586956507131,0.392532821244937
"BTC",2021-03-19,2021-03-20,-0.0767505858244333,-0.110461119248285,-0.104900689099839,-0.144703832376914,0.00138457377170104,0.482731517657677,0.661827549621571,0.33773440449187
"BTC",2021-03-20,2021-03-21,-0.0738720556272424,-0.107113164379942,-0.101297300215056,-0.14000359124617,0.00128013992585208,0.400227143543337,0.647192339118779,0.411343559129136
"BTC",2021-03-21,2021-03-22,-0.0731574681644799,-0.106255587280143,-0.100580215784525,-0.137231666539671,0.00126436481803884,0.54384317885573,0.672667969119442,0.807483801406414
"BTC",2021-03-22,2021-03-23,-0.0789231734798965,-0.113039185035358,-0.107070484628568,-0.147502002787055,0.0015005027258333,0.999954526656665,0.753576231977452,0.431157663336366
"BTC",2021-03-23,2021-03-24,-0.0731580663976147,-0.106916946538217,-0.100580604498221,-0.138373741309093,0.00127238414434258,0.51938271345852,0.668328998441496,0.713787782185616
"BTC",2021-03-24,2021-03-25,-0.0767666154805652,-0.110317879335795,-0.104189035951712,-0.144000839169495,0.00142006121918156,0.984897485926297,0.750905307399166,0.588599646365329
"BTC",2021-03-25,2021-03-26,-0.0746073622051126,-0.10575883380348,-0.101306168555383,-0.13859676034503,0.00131410044562753,0.797546143171045,0.717671598657812,0.853290390735869
"BTC",2021-03-26,2021-03-27,-0.0796487000226879,-0.10735887863272,-0.101299331915015,-0.134918215032393,0.00164736567519599,0.639063026643306,0.435098022034285,0.631530053303105
"BTC",2021-03-27,2021-03-28,-0.0767689009712464,-0.105000912403582,-0.0991391383914477,-0.134601140016821,0.00153907452012118,0.399682311446135,0.344777554569742,0.406097034558673
"BTC",2021-03-28,2021-03-29,-0.0731693228734349,-0.102316900245457,-0.0962586666548339,-0.132600066449644,0.00141464202692399,0.198485176268052,0.268864090584793,0.678319233105539
"BTC",2021-03-29,2021-03-30,-0.0746168251945277,-0.104076367663854,-0.0969833408947072,-0.132335397461451,0.00145294403601589,0.36205692638874,0.330581163001113,0.573863694844813
"BTC",2021-03-30,2021-03-31,-0.0731815007366958,-0.101257218971627,-0.095545823135423,-0.129914729410509,0.00138341048071469,0.278594247589213,0.299089953866713,0.368993522503144
"BTC",2021-03-31,2021-04-01,-0.0703049823506318,-0.0986381733835408,-0.0926667694637863,-0.128532258226753,0.00128233846131213,0.153685120705584,0.251960632185871,0.317721708878328
"BTC",2021-04-01,2021-04-02,-0.0688715831424089,-0.0960836147646327,-0.0912308532357258,-0.124564851956998,0.00121363212009189,0.12154017184482,0.239832057812883,0.311398251731229
"BTC",2021-04-02,2021-04-03,-0.0674385416713646,-0.0951768059946646,-0.0897952859742587,-0.122147325686119,0.00115864674764948,0.115002016401462,0.237365153762097,0.689592855778322
"BTC",2021-04-03,2021-04-04,-0.0710474061004589,-0.0963803378430344,-0.0919610156782318,-0.123198246377616,0.00123693688051164,0.328638050682807,0.317971924728042,0.558852180762677
"BTC",2021-04-04,2021-04-05,-0.068892388267222,-0.0952665938938562,-0.0905249404589301,-0.120458830142945,0.00117075146935135,0.239870139133027,0.284479004212604,0.421812142000152
"BTC",2021-04-05,2021-04-06,-0.0667384432503146,-0.0933385759225171,-0.0883686183691043,-0.119121721897056,0.00109997438970133,0.159974885805748,0.254333816356622,0.426522808705807
"BTC",2021-04-06,2021-04-07,-0.0660256741056809,-0.0918038715160198,-0.0876537639858227,-0.11642042549873,0.00106186472971257,0.152098119010388,0.251361842367489,0.766095515766209
"BTC",2021-04-07,2021-04-08,-0.0703535746611826,-0.0945444283430498,-0.0905392237739794,-0.119689081146299,0.00117357640662024,0.393108114897777,0.342297051890307,0.79548988679467
"BTC",2021-04-08,2021-04-09,-0.0718006863384661,-0.0945668716131698,-0.0919849976346263,-0.118075507392337,0.00120968569658527,0.466381809119235,0.369943866753756,0.396650737356669
"BTC",2021-04-09,2021-04-10,-0.0660431914255877,-0.0919270851832942,-0.0876668465411961,-0.115459473003011,0.00105354386627473,0.177591232653824,0.260980620302484,0.71434226544606
"BTC",2021-04-10,2021-04-11,-0.0689324675267329,-0.0938428940523802,-0.0898337835665559,-0.116371233468817,0.00112455169916878,0.343984090416709,0.323762121659126,0.396450007105731
"BTC",2021-04-11,2021-04-12,-0.0653382915000054,-0.089427520103169,-0.0862373023061546,-0.114628516008462,0.00100937541261752,0.154397426039429,0.252229391307413,0.298066502344354
"BTC",2021-04-12,2021-04-13,-0.0631859387505723,-0.088709703126648,-0.0840826736164367,-0.114258248190962,0.000952762586963696,0.104539885416855,0.233417698928792,0.881795482546393
"BTC",2021-04-13,2021-04-14,-0.0747090557434453,-0.0978418936698663,-0.0941661870251119,-0.121918820594274,0.0013207987615425,0.6620742251231,0.443780351360198,0.505019758688288
"BTC",2021-04-14,2021-04-15,-0.0689521171193058,-0.0927826397015701,-0.0898484564064247,-0.117799041650521,0.00112773713058307,0.270649946343779,0.296092498530448,0.369380015362715
"BTC",2021-04-15,2021-04-16,-0.0566188780482904,-0.0856295022028377,-0.075370068376676,-0.120658459489407,0.00168368542999169,0.663258639610042,0.559364859319986,0.698793724331856
"BTC",2021-04-16,2021-04-17,-0.0566236021082334,-0.0847338780400263,-0.0753738584019535,-0.118348369532477,0.00166159142866135,0.444236625309432,0.544100894305627,0.68611791052536
"BTC",2021-04-17,2021-04-18,-0.0559091697344507,-0.0847753491385403,-0.0746581051634511,-0.118575768995819,0.00164725630632735,0.483651186743957,0.546847752829022,0.904111572939864
"BTC",2021-04-18,2021-04-19,-0.0623792302815651,-0.0934298037209503,-0.0825749158509491,-0.127787437563629,0.00195274356439172,0.478651714898117,0.546499332312533,0.533652810753709
"BTC",2021-04-19,2021-04-20,-0.0609456765386938,-0.0913523007319666,-0.0811393552049832,-0.125341522796609,0.00189034915302284,0.626653815616148,0.556813815514715,0.466300039747807
"BTC",2021-04-20,2021-04-21,-0.0595132973641769,-0.0896391325631795,-0.0789836499738846,-0.124642110644798,0.00182125736475902,0.61717775868397,0.556153415225964,0.814959256957984
"BTC",2021-04-21,2021-04-22,-0.0616727890257696,-0.0903909731781876,-0.0811439832657272,-0.124841697184214,0.00187718962886138,0.354001974004361,0.537812309274566,0.833180326810635
"BTC",2021-04-22,2021-04-23,-0.0623922753087153,-0.0930049476513276,-0.0825850033010936,-0.12592180936883,0.00192662825229457,0.34477979856366,0.537169602358859,0.622510282060103
"BTC",2021-04-23,2021-04-24,-0.0609572451263482,-0.0926250845710509,-0.081148342753161,-0.12587428163632,0.00188835480418278,0.536174337436195,0.550508168140105,0.506403302995692
"BTC",2021-04-24,2021-04-25,-0.0595235543137465,-0.0912532747075826,-0.0797127785876119,-0.123822886443621,0.00182991796678194,0.599330914637406,0.554909642521136,0.686815373246325
"BTC",2021-04-25,2021-04-26,-0.0595281211001853,-0.0894823123292887,-0.0789953345657972,-0.12293737051581,0.00179821235447083,0.44713422464293,0.544302832247771,0.872499811556438
"BTC",2021-04-26,2021-04-27,-0.0731908343802987,-0.106306430291762,-0.0962738337541434,-0.142430152156835,0.00252782567419044,0.742537314038212,0.564889906273464,0.616721627573867
"BTC",2021-04-27,2021-04-28,-0.071034455107673,-0.105021198190643,-0.093393983311813,-0.139988233795439,0.00238611715278731,0.579276099479064,0.553511993075149,0.423085021753085
"BTC",2021-04-28,2021-04-29,-0.0688794759451806,-0.101993943000554,-0.0905154112780349,-0.137565839679989,0.00226475055123641,0.697029791476959,0.56171842036378,0.554082721397163
"BTC",2021-04-29,2021-04-30,-0.0681637240152765,-0.0982189877748092,-0.0890770941312243,-0.133171434113325,0.00216574363690012,0.532412305805673,0.550245986644905,0.831787120556065
"BTC",2021-04-30,2021-05-01,-0.0746371184915069,-0.106070364152,-0.0969977272226126,-0.141127954351558,0.00248673814965076,0.344989586943094,0.537184222818334,0.472399667886924
"BTC",2021-05-01,2021-05-02,-0.0717607104521789,-0.104524051173117,-0.0941188414845945,-0.139336296721303,0.00237899728669186,0.696434401561323,0.561676926768393,0.554479873705759
"BTC",2021-05-02,2021-05-03,-0.0703234947781739,-0.102431968965665,-0.0919589972725918,-0.136698251049995,0.00226972243970792,0.541231669351152,0.550860621009569,0.45779092344821
"BTC",2021-05-03,2021-05-04,-0.0681688129351998,-0.100629498856084,-0.0898020119474183,-0.133460754110204,0.00217158237742278,0.647359849318274,0.558256849334966,0.809363339105686
"BTC",2021-05-04,2021-05-05,-0.0724807972406806,-0.104941297105986,-0.0941180114575464,-0.139579452254786,0.00235010583665975,0.305981138049857,0.534465666872841,0.843296303242758
"BTC",2021-05-05,2021-05-06,-0.0832155454165164,-0.109706562893354,-0.105601509386754,-0.137396302921752,0.00172078690986523,0.701772338262814,0.415345195953051,0.54776097035909
"BTC",2021-05-06,2021-05-07,-0.0788895188726327,-0.107691454385473,-0.101995464427931,-0.137481540279526,0.00156298078781463,0.306562058480394,0.313716172839356,0.477139393159286
"BTC",2021-05-07,2021-05-08,-0.076731412987379,-0.105691191564761,-0.099834861457288,-0.134662857490912,0.00147451927727087,0.220353176783386,0.291547406289523,0.571037948531419
"BTC",2021-05-08,2021-05-09,-0.0760160860077203,-0.105338461357065,-0.0991174963425018,-0.131856923461234,0.00144214528996654,0.27425136418264,0.305407420598869,0.423297802692783
"BTC",2021-05-09,2021-05-10,-0.0738584987518909,-0.102800198211714,-0.0969574770976695,-0.128547466604961,0.00135240940485268,0.179945249325696,0.281156436206875,0.735430589596113
"BTC",2021-05-10,2021-05-11,-0.0767439840105271,-0.104271367474664,-0.0991216844817651,-0.128719774605419,0.00144128514232118,0.45349148538517,0.35149933508708,0.507582121413285
"BTC",2021-05-11,2021-05-12,-0.0738649966233971,-0.101213624057332,-0.0962402580910637,-0.127181430957982,0.00132954309223763,0.236878705677048,0.295796975300796,0.829256959241925
"BTC",2021-05-12,2021-05-13,-0.0853693885803737,-0.114844883308115,-0.10920413107449,-0.143671868882453,0.00186688458866825,0.640013035494621,0.399463681909515,0.686048033662925
"BTC",2021-05-13,2021-05-14,-0.0832046546435943,-0.113591372449522,-0.1070386774809,-0.14505051498805,0.00178104425644076,0.43440313195378,0.346590731208787,0.491958785422776
"BTC",2021-05-14,2021-05-15,-0.080323398733999,-0.110851140077927,-0.104154836329349,-0.143163562261142,0.00165826249113085,0.242834631271336,0.297328552111547,0.775309765526913
"BTC",2021-05-15,2021-05-16,-0.0839235154394946,-0.113347427200226,-0.107758732036934,-0.142318214707156,0.00180214965548042,0.55109856581602,0.376599168620328,0.594382605534777
"BTC",2021-05-16,2021-05-17,-0.0810393607231805,-0.111843117222817,-0.10487289772317,-0.143060175481097,0.00169124335239929,0.329625147828907,0.319646887095483,0.780463914010689
"BTC",2021-05-17,2021-05-18,-0.0839200522854547,-0.11240413385319,-0.107034174842644,-0.143831760362432,0.00179310549357768,0.551130149214867,0.376607290347256,0.542953265592343
"BTC",2021-05-18,2021-05-19,-0.0803147079890766,-0.111443102613144,-0.104871310211083,-0.140097739736305,0.00166506771640831,0.288968233506744,0.309191889599837,0.794461381588868
"BTC",2021-05-19,2021-05-20,-0.093256919952784,-0.128638448819139,-0.120730074596503,-0.165560835661314,0.00236747556135728,0.464553782923625,0.354344024483432,0.803555380379146
"BTC",2021-05-20,2021-05-21,-0.0961339160544498,-0.131324850378801,-0.123614479413353,-0.170001269904947,0.00252558354405257,0.579749964252694,0.383966926451838,0.808708039399736
"BTC",2021-05-21,2021-05-22,-0.0997251159143183,-0.136730512388746,-0.12866582260966,-0.176804295914101,0.00276034933970651,0.598954234730902,0.388905338603936,0.519432058019567
"BTC",2021-05-22,2021-05-23,-0.0961134948530525,-0.135403782470998,-0.125774521068042,-0.176973514251865,0.00259434226237535,0.302398402389123,0.312645481304282,0.749314589308308
"BTC",2021-05-23,2021-05-24,-0.0982670203627434,-0.137858344147948,-0.127937414370218,-0.177346004052884,0.00272004314789642,0.506990506546513,0.365256703091676,0.803370965854085
"BTC",2021-05-24,2021-05-25,-0.103306582966516,-0.144682645331628,-0.134441199284203,-0.187617819333382,0.00304824505887341,0.542516828814004,0.374392359757427,0.506006975259372
"BTC",2021-05-25,2021-05-26,-0.111214815604424,-0.145241806597938,-0.139492846732079,-0.177892600834844,0.00363103973638859,0.654120471309446,0.482837460511666,0.498080611864171
"BTC",2021-05-26,2021-05-27,-0.108318446783057,-0.138892997897235,-0.135143871101037,-0.17188832470142,0.00347295086303168,0.547642971294164,0.468350809323214,0.461766358384584
"BTC",2021-05-27,2021-05-28,-0.103247757291587,-0.136468361172134,-0.130070738616462,-0.166472101061735,0.0033027188795496,0.608213636229363,0.476591668613138,0.749478585527522
"BTC",2021-05-28,2021-05-29,-0.109034235833299,-0.140233814406944,-0.135865493133485,-0.168687637467487,0.00350037441734301,0.141303654209507,0.413066867176615,0.571789291809751
"BTC",2021-05-29,2021-05-30,-0.10396113582775,-0.135062110707828,-0.13006552909434,-0.165664477495728,0.00329592461925581,0.439449645707202,0.453630713824428,0.544098857642755
"BTC",2021-05-30,2021-05-31,-0.100339583606206,-0.132146965267139,-0.125716840250337,-0.162987285901215,0.00316301370652562,0.449844550307955,0.455044978406774,0.663131902253632
"BTC",2021-05-31,2021-06-01,-0.0996146671834205,-0.130902647930809,-0.124991851354172,-0.158227742933963,0.0031127822780941,0.259027109881251,0.429083571539236,0.500074223227172
"BTC",2021-06-01,2021-06-02,-0.0952693812059264,-0.12533042821955,-0.119919270618761,-0.155282525032807,0.00297421297650426,0.546872095603223,0.468245928881405,0.530138620877944
"BTC",2021-06-02,2021-06-03,-0.09237428767296,-0.123269225442402,-0.116297198938681,-0.153098472071746,0.00286697002255175,0.462622223353259,0.456783427303309,0.647631697778201
"BTC",2021-06-03,2021-06-04,-0.0916512963402247,-0.120702988748481,-0.114848516332279,-0.150303862286848,0.00280541054115102,0.300965534480132,0.434789446756723,0.775936110749551
"BTC",2021-06-04,2021-06-05,-0.0938183613818863,-0.121414375439137,-0.117018670413476,-0.150818444592045,0.00286226615860575,0.175113973100279,0.41766688404657,0.707293783487247
"BTC",2021-06-05,2021-06-06,-0.0916430985901526,-0.121611341475568,-0.114843498315569,-0.151044412681604,0.002806779539053,0.261111240926719,0.429367125148988,0.455685485532569
"BTC",2021-06-06,2021-06-07,-0.0873003510269678,-0.117354393891485,-0.110498101302321,-0.14798331764267,0.00271308011549947,0.620032873398684,0.478199718822441,0.746442477906008
"BTC",2021-06-07,2021-06-08,-0.090193183517143,-0.117546297601707,-0.112668530429191,-0.147473885850348,0.00273559333203267,0.212384485538065,0.422737672835033,0.457322699079239
"BTC",2021-06-08,2021-06-09,-0.085125358754028,-0.116045051466627,-0.108323180088485,-0.145328230651511,0.00264865932762154,0.616355748364733,0.477699432586048,0.818341229222299
"BTC",2021-06-09,2021-06-10,-0.10031816938836,-0.131412500892401,-0.125706057204471,-0.159859325718653,0.00319564873131167,0.244509447460537,0.427108390758974,0.52021977790992
"BTC",2021-06-10,2021-06-11,-0.0952460101936807,-0.125457322152792,-0.119906152695759,-0.15589427487644,0.00298206254235516,0.579088588768591,0.472629099963886,0.420018096095518
"BTC",2021-06-11,2021-06-12,-0.0909010469105922,-0.122780067777917,-0.114833193177831,-0.154450823292324,0.00285414629129569,0.66485955352155,0.484298551709981,0.640484721527503
"BTC",2021-06-12,2021-06-13,-0.0909005832007117,-0.121176983569047,-0.114107690623573,-0.150658831694043,0.00279017724037888,0.306159745324507,0.435496138036017,0.825496747394633
"BTC",2021-06-13,2021-06-14,-0.0988609605168906,-0.128542472025608,-0.123526515453745,-0.156610417715543,0.00308607709770006,0.143839653844722,0.413411899151672,0.689714509257518
"BTC",2021-06-14,2021-06-15,-0.097332048855414,-0.139971712749396,-0.130024748351484,-0.181467410305922,0.00264136239768557,0.272008652537395,0.225744700715311,0.442361226495162
"BTC",2021-06-15,2021-06-16,-0.094432691093445,-0.133885762721669,-0.125668733586034,-0.176254645470904,0.00244271281485341,0.158042199901516,0.20459386462339,0.698904453344721
"BTC",2021-06-16,2021-06-17,-0.0951557386752324,-0.13376402480469,-0.125667188987418,-0.17590551066839,0.00245936948405479,0.282927810709839,0.227771168324205,0.444523822944651
"BTC",2021-06-17,2021-06-18,-0.0915303025855684,-0.130577979668318,-0.122038250645693,-0.169732675044353,0.00227688257080995,0.155628396109911,0.204145890968217,0.760179962986092
"BTC",2021-06-18,2021-06-19,-0.0944274447484741,-0.133218602341682,-0.124939874609853,-0.172148785806193,0.0024110765610269,0.342156794242995,0.238763372552965,0.451496587220829
"BTC",2021-06-19,2021-06-20,-0.0908020848239613,-0.128749542869193,-0.120584555681919,-0.168181568966197,0.00222015562412477,0.158917188918071,0.204756252315937,0.369425915306029
"BTC",2021-06-20,2021-06-21,-0.0879040586050732,-0.125516353202144,-0.116956662274636,-0.162931342614215,0.00206617115268163,0.129752853303572,0.199343693900323,0.810227195522428
"BTC",2021-06-21,2021-06-22,-0.102393696371169,-0.144200203170016,-0.135102318211884,-0.188557455503183,0.00288189162037474,0.384141227686664,0.246555190668217,0.560929775650635
"BTC",2021-06-22,2021-06-23,-0.0973109778422649,-0.140537972960167,-0.130016404795942,-0.18377133875989,0.00264796428700769,0.201275661881818,0.212617487776365,0.625745999305029
"BTC",2021-06-23,2021-06-24,-0.0958599709490823,-0.137263246890745,-0.12783713382567,-0.178968955333398,0.00254399875837007,0.228315295482201,0.217635726433793,0.599126465571312
"BTC",2021-06-24,2021-06-25,-0.0944104511996074,-0.133075639259428,-0.124931973150825,-0.17588182837009,0.00242596720260475,0.211423438737723,0.214500796065888,0.819925265299999
"BTC",2021-06-25,2021-06-26,-0.100930350152548,-0.142847948439986,-0.133645207045874,-0.186244715633069,0.00282049990585167,0.394080716351471,0.248399843113955,0.481968592913752
"BTC",2021-06-26,2021-06-27,-0.0965748268661755,-0.138052850049343,-0.128558923551035,-0.182392361160161,0.00258760999101469,0.177744496652957,0.208250379673091,0.781813826359135
"BTC",2021-06-27,2021-06-28,-0.100924268771382,-0.143141060675793,-0.133643063249636,-0.188239380178795,0.00283384824508114,0.359812118348297,0.24203999350294,0.466065691844372
"BTC",2021-06-28,2021-06-29,-0.0965681250781835,-0.139268621601478,-0.129283127494509,-0.18219660165272,0.00260727570692099,0.172901449505134,0.207351566960754,0.656403265997682
"BTC",2021-06-29,2021-06-30,-0.0965687806375844,-0.136239935676318,-0.127829409581561,-0.180119454993974,0.00255890628043268,0.25338390240403,0.222288165671772,0.553926787167019
"BTC",2021-06-30,2021-07-01,-0.0936650517931195,-0.134266922434667,-0.124923389221827,-0.174836008908482,0.00241368768867789,0.193735398078192,0.211218103307412,0.695780758690152
"BTC",2021-07-01,2021-07-02,-0.0936637505351734,-0.133620427912916,-0.124195837341171,-0.17404408293802,0.00239605447201529,0.270294128009063,0.225426505084618,0.449272083604441
"BTC",2021-07-02,2021-07-03,-0.0907629277590374,-0.128852706194906,-0.120564625439293,-0.168466132690363,0.00222213718319525,0.154290196702395,0.203897536863373,0.50953321514125
"BTC",2021-07-03,2021-07-04,-0.0893147860866594,-0.125304765573809,-0.118386993359446,-0.163056336285088,0.00211396777346387,0.172400548049366,0.207258605529174,0.513138713251207
"BTC",2021-07-04,2021-07-05,-0.0812227433732174,-0.120306782968716,-0.113246484030182,-0.158818649872951,0.00180288427914497,0.179813488721281,0.247303892897773,0.699585656427022
"BTC",2021-07-05,2021-07-06,-0.0812228128898899,-0.118996136663352,-0.113246521850133,-0.157233181026275,0.00179036080745369,0.247736230662804,0.244234308312649,0.431383022722488
"BTC",2021-07-06,2021-07-07,-0.0805036012346231,-0.118434244583276,-0.113251152571985,-0.158664262667753,0.00173583360036626,0.154418908302377,0.248451532265256,0.363595602007952
"BTC",2021-07-07,2021-07-08,-0.0790566678973814,-0.118857408922861,-0.113255644561084,-0.158010319057435,0.0016749217298451,0.150928943275254,0.248609251793998,0.628927374947355
"BTC",2021-07-08,2021-07-09,-0.0783321233959822,-0.118812043040082,-0.112529653441795,-0.15832604474565,0.00165235181656303,0.217371357918294,0.245606566596716,0.684967374028068
"BTC",2021-07-09,2021-07-10,-0.0783368238193805,-0.118406861735243,-0.112532155657236,-0.158567580458776,0.00164131784694702,0.212938179186927,0.245806912117346,0.438689363824269
"BTC",2021-07-10,2021-07-11,-0.0776175830565241,-0.119329285523451,-0.113264019093077,-0.158045823065358,0.00160285392883167,0.143398211141172,0.248949582861513,0.496446090087591
"BTC",2021-07-11,2021-07-12,-0.0776252266864049,-0.117810276370132,-0.11326797269474,-0.157375969957075,0.00156686028181198,0.16062083404199,0.248171253008203,0.690929591680882
"BTC",2021-07-12,2021-07-13,-0.0769009093168179,-0.118094369408058,-0.112542180252971,-0.157686522361993,0.00155550150481309,0.228732024093538,0.245093152020516,0.508770764851732
"BTC",2021-07-13,2021-07-14,-0.0769084573607602,-0.118744343284703,-0.113273419200507,-0.157825832834173,0.00153491031901704,0.145025434348689,0.24887604491043,0.360939906483005
"BTC",2021-07-14,2021-07-15,-0.076917341595535,-0.118121834231235,-0.113277969662221,-0.158000908288988,0.0014988056548997,0.128596393447994,0.249618510971952,0.698568781965453
"BTC",2021-07-15,2021-07-16,-0.0761930681349939,-0.117392986487056,-0.112552276346224,-0.156861362952536,0.00148741336457534,0.250002712812738,0.244131880782914,0.428585136948204
"BTC",2021-07-16,2021-07-17,-0.0769286322283967,-0.117833365758097,-0.113283752669296,-0.158167862586436,0.00147523271177665,0.125324707702116,0.249766365959043,0.327232932189146
"BTC",2021-07-17,2021-07-18,-0.076210452337735,-0.118878049627334,-0.113288278584303,-0.15809345576748,0.00144386852899604,0.119683966496828,0.25002128399912,0.314775157720969
"BTC",2021-07-18,2021-07-19,-0.0762193162098699,-0.118608417773252,-0.113292774751328,-0.158016589819835,0.00141647251023188,0.116927106611613,0.250145872824087,0.645737173003051
"BTC",2021-07-19,2021-07-20,-0.0754975484051859,-0.118315911189667,-0.11256848732461,-0.157791860174205,0.00140283292337992,0.201984559490992,0.24630193132901,0.815884692986191
"BTC",2021-07-20,2021-07-21,-0.0747725688678668,-0.1175277396369,-0.111842588521735,-0.156614682202365,0.0014080521684351,0.326813723510293,0.240660614934902,0.913612390632947
"BTC",2021-07-21,2021-07-22,-0.0740291946641258,-0.112838818079843,-0.107472030209039,-0.151580624397855,0.0015015083800288,0.957841444858924,0.212143024053413,0.478856237944266
"BTC",2021-07-22,2021-07-23,-0.0776728902888134,-0.119875500473657,-0.114019559669812,-0.158235921063119,0.0015932478094508,0.116498016808236,0.250165264377025,0.711462772196464
"BTC",2021-07-23,2021-07-24,-0.0769500372748577,-0.118869323917373,-0.112567822650582,-0.158555051361568,0.00157213274699333,0.236708971987119,0.244732655438803,0.616708091299498
"BTC",2021-07-24,2021-07-25,-0.0754230176351662,-0.0997919799911011,-0.0994336317921372,-0.124338367639317,0.00122760470405371,0.145668030695912,0.202432681036642,0.677986377018893
"BTC",2021-07-25,2021-07-26,-0.0747019119254217,-0.101084593277432,-0.0994380293190886,-0.123569930909555,0.00121650218084765,0.176973490053237,0.204826220650658,0.869894435908188
"BTC",2021-07-26,2021-07-27,-0.0805144060045087,-0.106252527873177,-0.105253232531103,-0.128056545576595,0.00142743580040291,0.563008093573146,0.234341491624942,0.819064574287894
"BTC",2021-07-27,2021-07-28,-0.0797881260314744,-0.105356448805448,-0.103798893567772,-0.130118753559386,0.00141214187579555,0.333864933819993,0.216821760517031,0.614764864535606
"BTC",2021-07-28,2021-07-29,-0.077612911670674,-0.102989391458709,-0.101621213899558,-0.127542294171722,0.00133190209463401,0.148029199284001,0.202613210269146,0.399607139765541
"BTC",2021-07-29,2021-07-30,-0.0754395350360494,-0.102220306737039,-0.100172369478829,-0.124398273275349,0.00126076435217601,0.0983430927846313,0.198814330884722,0.746962684833593
"BTC",2021-07-30,2021-07-31,-0.0776240511142968,-0.102990351610034,-0.102356146213904,-0.124750670015787,0.0013198746209552,0.286089511184957,0.213168967394014,0.419865559907797
"BTC",2021-07-31,2021-08-01,-0.0747235819205641,-0.101157021618508,-0.099452715619114,-0.123411350980375,0.00122690855973952,0.100694438176861,0.198994109059459,0.775252403646155
"BTC",2021-08-01,2021-08-02,-0.0776313607391558,-0.102367182793991,-0.10163366474873,-0.126869577873899,0.00130892752108376,0.326985743906532,0.216295794314706,0.569037739888759
"BTC",2021-08-02,2021-08-03,-0.075456586402678,-0.0996329890690194,-0.0994565998962242,-0.124068276512288,0.00122894383532397,0.13099070082338,0.20131048793681,0.652433295560119
"BTC",2021-08-03,2021-08-04,-0.0747344490478699,-0.100718152370958,-0.0994600805442549,-0.123061634834032,0.00121493897380478,0.166916284490029,0.20405727106755,0.781657535392433
"BTC",2021-08-04,2021-08-05,-0.0761922495841226,-0.100932689289757,-0.100189587990769,-0.125655372653831,0.00125155249913395,0.271204077691409,0.212030863195256,0.72765408844443
"BTC",2021-08-05,2021-08-06,-0.0754710143297583,-0.0998445392737542,-0.0994664716358055,-0.124522392679118,0.00122432473058582,0.196050344354957,0.206284790734579,0.823875065835491
"BTC",2021-08-06,2021-08-07,-0.0769265117710265,-0.102938706459642,-0.101648697042064,-0.125112173438085,0.00129100459429096,0.338824293795684,0.217200941171321,0.803803776471487
"BTC",2021-08-07,2021-08-08,-0.0769296081223764,-0.1029373975055,-0.101650766311014,-0.125059281256295,0.00129653437706618,0.284873263216573,0.213075976019584,0.512144928110659
"BTC",2021-08-08,2021-08-09,-0.0747563500109983,-0.100105052516497,-0.099474923377086,-0.12224872561553,0.00121429655898556,0.11285075982641,0.199923551975367,0.816015751451898
"BTC",2021-08-09,2021-08-10,-0.0783900416442588,-0.103372320154207,-0.102382055446283,-0.128025095886478,0.00133729435530197,0.403870512583512,0.222174217545692,0.582179101407687
"BTC",2021-08-10,2021-08-11,-0.0754889481832696,-0.100878945486642,-0.100205705621212,-0.122911647579767,0.00124311724359902,0.135870786177255,0.201683607445485,0.391521967781401
"BTC",2021-08-11,2021-08-12,-0.0740440984697163,-0.0989376412327709,-0.0987579580239495,-0.121161897289716,0.00118153404366482,0.0931754627935979,0.1984192264094,0.65022002720965
"BTC",2021-08-12,2021-08-13,-0.0740484868889649,-0.100282141526997,-0.0987609454455037,-0.123055610405598,0.00118657506598257,0.181119247369003,0.205143195215769,0.871714405533204
"BTC",2021-08-13,2021-08-14,-0.0807395067045935,-0.102694057868767,-0.10228255039063,-0.122807926257364,0.00166239240219683,0.996381588825448,0.993576503375324,0.539530744222324
"BTC",2021-08-14,2021-08-15,-0.0795904075429733,-0.102180656207391,-0.101130021165285,-0.12168627601518,0.0016170954069248,0.991479796497079,0.988733601868927,0.38008681915483
"BTC",2021-08-15,2021-08-16,-0.0784384004025325,-0.100740682531984,-0.0995960253764478,-0.121069693290479,0.00156277477997772,0.977026645086344,0.974454092650606,0.572282569046902
"BTC",2021-08-16,2021-08-17,-0.0780520297744302,-0.100300718927139,-0.0992077343868232,-0.120210744687745,0.00154791614896346,0.980368388443231,0.977755687833126,0.677298078549548
"BTC",2021-08-17,2021-08-18,-0.0780470921611233,-0.0996504568507606,-0.0992016885316518,-0.119188511193589,0.00154325586011517,0.986259163872542,0.983575690658492,0.419637466585326
"BTC",2021-08-18,2021-08-19,-0.0768955964525125,-0.0984961425633695,-0.0976683682514156,-0.118986286854702,0.00149274357092496,0.96802166025452,0.965557294972186,0.747519363176856
"BTC",2021-08-19,2021-08-20,-0.0772694519463687,-0.0999498849826241,-0.0984190436329166,-0.11923122432261,0.00152268214302598,0.986812580651811,0.984122458610793,0.861456319545222
"BTC",2021-08-20,2021-08-21,-0.0787952616990727,-0.101593736392796,-0.100325952514793,-0.120465188067598,0.00158780891337733,0.995056452257165,0.992267287184018,0.459777161411348
"BTC",2021-08-21,2021-08-22,-0.0780221901008082,-0.0995844645242916,-0.0991711972313463,-0.119086883558366,0.00154180178662314,0.986834658253042,0.98414427096862,0.375882621920498
"BTC",2021-08-22,2021-08-23,-0.0768711816083277,-0.0985258652590649,-0.0976385058760739,-0.119006170801565,0.00149247712531369,0.96922716818339,0.966748319759367,0.344195511051897
"BTC",2021-08-23,2021-08-24,-0.0753431051758165,-0.0973271072973899,-0.0961064092096776,-0.117328745296574,0.00142847964018912,0.931087884397079,0.929067246688875,0.725431324394355
"BTC",2021-08-24,2021-08-25,-0.0764766218120053,-0.0975800864218258,-0.0972401437802403,-0.117486250134096,0.00147523424039655,0.969914321746491,0.967427217762982,0.66394630272258
"BTC",2021-08-25,2021-08-26,-0.0760856207248413,-0.0973101173340136,-0.0968461098185333,-0.116885863149961,0.00146008692645556,0.971311170417014,0.968807284497253,0.806924074848949
"BTC",2021-08-26,2021-08-27,-0.0764676718864924,-0.0988902293853322,-0.0972291887797653,-0.118985222079719,0.00148892662681393,0.986958569836223,0.984266693860625,0.826128563104773
"BTC",2021-08-27,2021-08-28,-0.0772203879240983,-0.0984870694460435,-0.0979814052144693,-0.118685234911678,0.00150894662274389,0.992699413134124,0.989938565860279,0.444998442654393
"BTC",2021-08-28,2021-08-29,-0.0760711053429029,-0.0981174739620305,-0.0968283292177539,-0.117811313566365,0.00146754443750748,0.981555848844389,0.97892888191813,0.34255740965717
"BTC",2021-08-29,2021-08-30,-0.0749215344142022,-0.0968078359824746,-0.0956748049579808,-0.115914138889515,0.00141646779505094,0.955164904339687,0.952855001929909,0.769406297505563
"BTC",2021-08-30,2021-08-31,-0.0760583855407887,-0.0972643273389016,-0.0964353960637394,-0.11819664407564,0.00146169938173515,0.982938239074175,0.980294663917402,0.414602511623158
"BTC",2021-08-31,2021-09-01,-0.0749090449312416,-0.0963991069023362,-0.0952821906038953,-0.116783708204662,0.00141479575195715,0.962403833841443,0.960006961915212,0.726293231951794
"BTC",2021-09-01,2021-09-02,-0.0752780553649988,-0.0968678340378459,-0.0956493594613648,-0.117316771384042,0.00143385225598019,0.979235149688801,0.976636063968367,0.548001189865301
"BTC",2021-09-02,2021-09-03,-0.0723160944633001,-0.0932772196796234,-0.0919453259600392,-0.113516273337615,0.00131581290841531,0.970631156302971,0.968074996051309,0.440282707352305
"BTC",2021-09-03,2021-09-04,-0.0711668729673904,-0.0926487045594197,-0.090792338488764,-0.11238421857459,0.0012757779597052,0.949558621565674,0.947257648951681,0.324560477922606
"BTC",2021-09-04,2021-09-05,-0.0696404568560157,-0.0905907398956023,-0.0892620903962641,-0.109731090437319,0.00121122081707897,0.893416916446409,0.891795817861939,0.792304021569626
"BTC",2021-09-05,2021-09-06,-0.0715227829461731,-0.0918060368576455,-0.0911434392347524,-0.111321882465116,0.00128435112366377,0.955815246812159,0.953438506691489,0.636789602725879
"BTC",2021-09-06,2021-09-07,-0.0707532701029632,-0.0917206301739661,-0.0903705712710664,-0.110873153520797,0.00125920746898196,0.948958754743042,0.946665046494694,0.869372463958126
"BTC",2021-09-07,2021-09-08,-0.0830094854611474,-0.105538823380343,-0.104930983251379,-0.126209060776425,0.00178923767528473,0.978510255670486,0.975858679808903,0.558840718216257
"BTC",2021-09-08,2021-09-09,-0.0814830198311063,-0.103112715307125,-0.103023332998145,-0.123765595592314,0.00169071275142047,0.974127635534321,0.97152913304494,0.419973358493099
"BTC",2021-09-09,2021-09-10,-0.0795748424737203,-0.101675405937803,-0.101110956257975,-0.121387992203628,0.0016041882144668,0.952243615756394,0.949910127959334,0.680085436776023
"BTC",2021-09-10,2021-09-11,-0.0799562116151728,-0.102260391869173,-0.101493118826848,-0.121833846557947,0.00162816682385373,0.978454259751869,0.975803361998846,0.453468461975033
"BTC",2021-09-11,2021-09-12,-0.0784266196556867,-0.100292974070575,-0.0995816110095487,-0.120461231036565,0.0015543046484946,0.956807888865118,0.954419127884893,0.575674807221768
"BTC",2021-09-12,2021-09-13,-0.0780358328977101,-0.0993865069870993,-0.0988101866168101,-0.120462500322897,0.00153640955190359,0.965053886254047,0.962565266542058,0.636735621994539
"BTC",2021-09-13,2021-09-14,-0.077651595087112,-0.0991007674284409,-0.0984245052413679,-0.119695482569259,0.00152388851622247,0.974165591127463,0.971566628997214,0.790404841926626
"BTC",2021-09-14,2021-09-15,-0.0784102727684081,-0.100634032414435,-0.0995616097283076,-0.120266040244807,0.00156540840719919,0.990309922546314,0.98751545314331,0.660926978647145
"BTC",2021-09-15,2021-09-16,-0.0776421447885695,-0.100288064259171,-0.0987906145736153,-0.11943589840359,0.00153675659606616,0.989180000287916,0.986399214202817,0.44367917396234
"BTC",2021-09-16,2021-09-17,-0.076493070875477,-0.0984317780683246,-0.097260277969948,-0.118159346684932,0.00148136670946574,0.975619032227806,0.973002468978113,0.440961463732366
"BTC",2021-09-17,2021-09-18,-0.0753460325918926,-0.0971601097761769,-0.0961100005757916,-0.11610647622834,0.00143308655207104,0.960131054223466,0.957702049830289,0.565320861799236
"BTC",2021-09-18,2021-09-19,-0.0749547225101222,-0.0962064436283129,-0.0953380818028984,-0.116105196518164,0.00141490056901844,0.96294185605654,0.960478812954271,0.598881655720003
"BTC",2021-09-19,2021-09-20,-0.0741900074685664,-0.0964955292395802,-0.0945711626124555,-0.11607373876166,0.00139560657445526,0.964454248415614,0.961972890296279,0.861873073490669
"BTC",2021-09-20,2021-09-21,-0.0822345704599324,-0.104616660444325,-0.104151837637918,-0.12424155548229,0.00173730465384869,0.98994751124147,0.987157430626331,0.826219270877497
"BTC",2021-09-21,2021-09-22,-0.0833972963706285,-0.105670276743125,-0.105320963173989,-0.126049579777796,0.00178238603871217,0.991272877593708,0.988466746839719,0.839174625262034
"BTC",2021-09-22,2021-09-23,-0.0871217843323553,-0.109924594643289,-0.109411482609067,-0.130312373124014,0.00195882941201858,0.995108442718221,0.992539989103222,0.666209216855919
"BTC",2021-09-23,2021-09-24,-0.0859778937879703,-0.10920382094218,-0.108265298359364,-0.129005387803137,0.00190535403753255,0.99323839719404,0.990691328655481,0.747715763732523
"BTC",2021-09-24,2021-09-25,-0.0863721155404736,-0.109044292758234,-0.108663099039404,-0.128837800723615,0.00191877682775575,0.996355884212303,0.993773165366131,0.456397634815119
"BTC",2021-09-25,2021-09-26,-0.0844635554433171,-0.107636325712511,-0.106750223264058,-0.126451727912537,0.00183140083676152,0.987887119184979,0.985401245674989,0.412862987171944
"BTC",2021-09-26,2021-09-27,-0.0829336489294257,-0.105044200126876,-0.10483839045741,-0.124317804835479,0.00174710961427469,0.972368388914701,0.970059981262516,0.44809607974567
"BTC",2021-09-27,2021-09-28,-0.0814083324437311,-0.10363013116091,-0.10293217682516,-0.123681160977189,0.00167894644416893,0.959189887476413,0.957032183781421,0.628100888354644
"BTC",2021-09-28,2021-09-29,-0.0814047715304574,-0.102902288048057,-0.102550233190533,-0.123943093557933,0.00167869706438503,0.977550638694643,0.975182968951646,0.422340060876298
"BTC",2021-09-29,2021-09-30,-0.079498221125162,-0.101232335230297,-0.100639582136732,-0.121327332014759,0.00159259416141832,0.950627933558605,0.948568140869864,0.786994854186585
"BTC",2021-09-30,2021-10-01,-0.0817809400363997,-0.103207469402204,-0.102926093313711,-0.12431390348947,0.00169921985046849,0.988585888649519,0.986092024297477,0.859477582397675
"BTC",2021-10-01,2021-10-02,-0.0879212454902008,-0.109751236806655,-0.110220340542809,-0.130297972253484,0.00198934257713179,0.994886937529371,0.992321016957196,0.495809031805308
"BTC",2021-10-02,2021-10-03,-0.0860128527641131,-0.108162102323431,-0.108307882398695,-0.127636783865183,0.0018950069696554,0.989883572378937,0.98737486824605,0.417055601067916
"BTC",2021-10-03,2021-10-04,-0.0841043718581722,-0.106714440679218,-0.106017353330726,-0.126948420044939,0.0018063739644937,0.977428091574685,0.975061823230475,0.520520613544502
"BTC",2021-10-04,2021-10-05,-0.0829567061073283,-0.105934540601602,-0.104866542173668,-0.125427419021545,0.00175933695081451,0.978099048471226,0.975725107338126,0.738222666144411
"BTC",2021-10-05,2021-10-06,-0.0837169781065418,-0.105974745091481,-0.105627858043663,-0.125470670389627,0.00179134754839982,0.992676170551733,0.990135531407307,0.840632409266145
"BTC",2021-10-06,2021-10-07,-0.0867866643179602,-0.108813041549402,-0.109085601557708,-0.128616984865991,0.00193322694557342,0.997256394440737,0.994663377727577,0.674243659996587
"BTC",2021-10-07,2021-10-08,-0.0856486541287935,-0.108427309468384,-0.10794667934835,-0.127766029038672,0.00188513092031591,0.995323550304079,0.992752636806629,0.431553622919351
"BTC",2021-10-08,2021-10-09,-0.0841176674888648,-0.10574822021505,-0.106033553468312,-0.125442998151422,0.00179907694584561,0.985345451859122,0.982888643818045,0.498533227454329
"BTC",2021-10-09,2021-10-10,-0.0825908848848896,-0.105662836836338,-0.104503368007309,-0.124806181975582,0.0017449136152874,0.98259314393546,0.980167810163096,0.392527774650352
"BTC",2021-10-10,2021-10-11,-0.0810622238389299,-0.102506798659879,-0.102215307988072,-0.123634773438003,0.00165570949990739,0.957612329058229,0.955472665676655,0.740368199609211
"BTC",2021-10-11,2021-10-12,-0.0822012609011753,-0.10390649496691,-0.103733355698387,-0.123770662418117,0.00171866231680733,0.988461985505857,0.985969538059534,0.574400032273599
"BTC",2021-10-12,2021-10-13,-0.0815610633670496,-0.103826456805002,-0.103496787500427,-0.123997891679193,0.00169968160098923,0.988064954343514,0.986190006867963,0.552846199791178
"BTC",2021-10-13,2021-10-14,-0.080411127144471,-0.1036278338246,-0.102343371322821,-0.123299553287811,0.00165862995052343,0.986126383233759,0.984261344973339,0.379103080806177
"BTC",2021-10-14,2021-10-15,-0.0788798530235494,-0.101777837954,-0.100429715630503,-0.122099695105978,0.00158524603754287,0.965873537235236,0.964112023579621,0.825189172913303
"BTC",2021-10-15,2021-10-16,-0.0823212943866385,-0.105697494673377,-0.104636087368916,-0.125180156502179,0.00175266435082112,0.993690128705811,0.991786427545328,0.485853805006139
"BTC",2021-10-16,2021-10-17,-0.0811694221500703,-0.103341818592637,-0.103102119229267,-0.123138040269554,0.00168222910477935,0.990089230456144,0.988203935675104,0.404852233447668
"BTC",2021-10-17,2021-10-18,-0.0796383004658969,-0.102482654826955,-0.101188682911115,-0.123143954088125,0.00161978946271618,0.979422782581862,0.977592010498566,0.381899867420763
"BTC",2021-10-18,2021-10-19,-0.0781077753202697,-0.101067032045527,-0.099653995827532,-0.120932742284411,0.00155294160943968,0.957740544661495,0.956020603673847,0.713286054036006
"BTC",2021-10-19,2021-10-20,-0.0788596505662656,-0.10153930916521,-0.100404934485087,-0.12142211553391,0.00159195870792582,0.984152387493201,0.982297439524731,0.687998053478687
"BTC",2021-10-20,2021-10-21,-0.0784704424124071,-0.100876914108844,-0.100013173114258,-0.120284989516268,0.00157155231737994,0.985958983621246,0.984094801041984,0.853263738737239
"BTC",2021-10-21,2021-10-22,-0.080391773455272,-0.103265593739488,-0.102319624232551,-0.122662000819891,0.00166063140761838,0.994752540329537,0.992843408537551,0.694050327014383
"BTC",2021-10-22,2021-10-23,-0.0800070261502421,-0.101639182284771,-0.10155531422046,-0.121865450478868,0.00162855239580184,0.993309269757522,0.991407515398595,0.448910372478465
"BTC",2021-10-23,2021-10-24,-0.0784767512848294,-0.10132179230071,-0.100020917538489,-0.120892644261263,0.00157308325458755,0.985873950771143,0.984010202846458,0.374230774725976
"BTC",2021-10-24,2021-10-25,-0.0773260037849442,-0.0991320597954236,-0.0984883910390083,-0.11927141911023,0.00151273473153564,0.967737571646681,0.9659665297783,0.712192374362851
"BTC",2021-10-25,2021-10-26,-0.0776985716906354,-0.100118608085647,-0.0988597573972735,-0.120465114574973,0.0015413281027001,0.987027404102471,0.985157760176785,0.816947820548339
"BTC",2021-10-26,2021-10-27,-0.0784642434894491,-0.100693570138503,-0.0996276457602401,-0.121511735328642,0.00157187271869191,0.99291327023423,0.99101354006954,0.748479048492167
"BTC",2021-10-27,2021-10-28,-0.0780835114433473,-0.100909314434798,-0.0996241887001703,-0.120010275476151,0.00156015933174997,0.993136500145771,0.991235628917333,0.761366939592435
"BTC",2021-10-28,2021-10-29,-0.0780771697367389,-0.100856225018629,-0.0996163981868417,-0.119907331797266,0.00155946681066333,0.994602229941415,0.992693866477177,0.704652425157796
"BTC",2021-10-29,2021-10-30,-0.0776884775152865,-0.100399998216118,-0.098847388478184,-0.120703461200408,0.00154236481981313,0.994264630826718,0.992357993036735,0.446795042137723
"BTC",2021-10-30,2021-10-31,-0.0765389083546436,-0.0993801171434251,-0.0976941568323789,-0.118862918102062,0.00149498988212235,0.987134875589248,0.985264682311476,0.360202583827499
"BTC",2021-10-31,2021-11-01,-0.0753890573815084,-0.0977032039406893,-0.0961627835651141,-0.117890227475853,0.00144170220384448,0.969307289171439,0.967528223522775,0.341932310964348
"BTC",2021-11-01,2021-11-02,-0.073226510143025,-0.094004166819354,-0.0932680623686343,-0.114308141434345,0.00134643612623709,0.950718188266107,0.948989273025611,0.710575878837125
"BTC",2021-11-02,2021-11-03,-0.073596350931221,-0.0943341855002346,-0.0936360505654567,-0.11460356323919,0.00136172782345713,0.97014920562672,0.968318312004973,0.391204470999404
"BTC",2021-11-03,2021-11-04,-0.0720667554998223,-0.0935713293428828,-0.0921025589485026,-0.113257599523325,0.00130922238467568,0.940644739462264,0.938968691963255,0.660601484207703
"BTC",2021-11-04,2021-11-05,-0.072059758029657,-0.0935702781125387,-0.0920939731874647,-0.112984807472382,0.00131027001990599,0.95420325439951,0.952456048742397,0.411407976740564
"BTC",2021-11-05,2021-11-06,-0.0709098464294886,-0.0916382204711067,-0.090562470673424,-0.111860055831979,0.00125936147746957,0.918889729166592,0.917327856890264,0.366414873414426
"BTC",2021-11-06,2021-11-07,-0.0693814594694381,-0.0900188460911207,-0.0890302619696786,-0.109757011659854,0.00120094468802161,0.865881509010166,0.864597835882357,0.693821756974883
"BTC",2021-11-07,2021-11-08,-0.069748224038818,-0.0909814697690185,-0.0893944900779926,-0.110607002567308,0.00122152470438661,0.901737221943357,0.900265369910878,0.908699129224622
"BTC",2021-11-08,2021-11-09,-0.0746960627427545,-0.096850013344981,-0.0954840623036397,-0.115597439619228,0.00141707610567695,0.970687053587543,0.968853337217847,0.489246134065743
"BTC",2021-11-09,2021-11-10,-0.0735460444346826,-0.0951733527838234,-0.0939524135005003,-0.114651649200781,0.00136760797514373,0.948653733310258,0.946935652797078,0.758565869838782
"BTC",2021-11-10,2021-11-11,-0.0743038054830668,-0.095401132480553,-0.0947106186344006,-0.114929114869047,0.00139272766357954,0.97139779162978,0.969560345145818,0.423967111108701
"BTC",2021-11-11,2021-11-12,-0.0727749030371276,-0.0948204740445342,-0.093177752369033,-0.113782340261375,0.00134199974924001,0.946194321163621,0.944489148202573,0.469021728124595
"BTC",2021-11-12,2021-11-13,-0.0720059148722446,-0.0931455411183052,-0.0920279086709822,-0.112924707079149,0.00130479389941901,0.928060309183062,0.926450307625191,0.361346255693132
"BTC",2021-11-13,2021-11-14,-0.0704780822036532,-0.0912434184652395,-0.0901185098658914,-0.111985484215178,0.00124355279065549,0.875512908578247,0.874178687683489,0.396994440787282
"BTC",2021-11-14,2021-11-15,-0.0685736641092054,-0.090622013976951,-0.0885880349847696,-0.109702670615776,0.00118462553917998,0.817805575240001,0.816774215504335,0.599543467469672
"BTC",2021-11-15,2021-11-16,-0.0685639527536398,-0.0896669238683353,-0.0881984445891986,-0.109707115260782,0.00117682446459766,0.824599116246642,0.823532102468681,0.886240746797946
"BTC",2021-11-16,2021-11-17,-0.0727433197310959,-0.0938643501538979,-0.0927612305995645,-0.114158555942663,0.00133330677079442,0.938853825013704,0.937187176639457,0.450387976576644
"BTC",2021-11-17,2021-11-18,-0.0712162796952285,-0.0921272583475741,-0.0912304692745952,-0.111819372425466,0.00127335180396413,0.891177460318809,0.889761028307674,0.852491877058309
"BTC",2021-11-18,2021-11-19,-0.0746443036480123,-0.0959599686804981,-0.0950427179958356,-0.116116482926517,0.00140792709820805,0.961844057940845,0.960056751615704,0.671080888901231
"BTC",2021-11-19,2021-11-20,-0.0738755043893978,-0.096126077402144,-0.09427090686607,-0.115944896901483,0.00138654133546219,0.96157211949102,0.959786240360473,0.733062784800197
"BTC",2021-11-20,2021-11-21,-0.074244323795652,-0.0951352387852618,-0.094260070037597,-0.116118247526341,0.00138906490579173,0.97272564617151,0.970881230806085,0.515730747159087
"BTC",2021-11-21,2021-11-22,-0.0635211918163006,-0.085570990833632,-0.0832158229248105,-0.106159283829257,0.0010363514485979,0.997990077159836,0.99594921353204,0.820797764673182
"BTC",2021-11-22,2021-11-23,-0.065426718090582,-0.0875357243108306,-0.0855029970816591,-0.108652271818655,0.00109996451896296,0.999999999999849,0.997910182823481,0.67733763345232
"BTC",2021-11-23,2021-11-24,-0.0646568532033808,-0.0867178128611879,-0.0847300863816264,-0.107049569883136,0.00107386043809786,0.999514556265275,0.997436562524596,0.45735967192941
"BTC",2021-11-24,2021-11-25,-0.0631278122804059,-0.0854266109603243,-0.0828188104306436,-0.105748888878875,0.00102497831038826,0.995682644550273,0.99369798059944,0.733623815907491
"BTC",2021-11-25,2021-11-26,-0.0634997124210039,-0.0855096943169079,-0.0831890374556162,-0.106045171885135,0.00103609555825927,0.999999991632997,0.997910174660412,0.875964634536622
"BTC",2021-11-26,2021-11-27,-0.0741993437399036,-0.0972319614789093,-0.096184270155432,-0.119616335091962,0.00142872048778485,1,0.997910182823629,0.575033141676045
"BTC",2021-11-27,2021-11-28,-0.0726672609826238,-0.0956152698694934,-0.0946482594908596,-0.116716406955304,0.00136611596118557,0.9970802851702,0.995061580376301,0.769385245317621
"BTC",2021-11-28,2021-11-29,-0.0738095361158241,-0.0970801579044368,-0.096170840679636,-0.117770528979183,0.00141521097035969,0.999999999998723,0.997910182822383,0.511499916782745
"BTC",2021-11-29,2021-11-30,-0.0722768421061575,-0.0949177133776269,-0.0938760661890591,-0.117024675809988,0.00134807909223428,0.996685977041861,0.994676875990816,0.477916045120519
"BTC",2021-11-30,2021-12-01,-0.0707478324205254,-0.0938515054197108,-0.0923437595284841,-0.114751769774074,0.00129556542350716,0.998853295833585,0.996791407708514,0.373365486791364
"BTC",2021-12-01,2021-12-02,-0.0688368068266484,-0.0914625495708613,-0.0900497057830684,-0.112080128415076,0.00121592619437738,0.984260615425242,0.982554145664968,0.405535237532266
"BTC",2021-12-02,2021-12-03,-0.0673075178848697,-0.0903677282242613,-0.0881381025887664,-0.111082108485133,0.00116720101855456,0.987366953649722,0.985584826119843,0.803844159700234
"BTC",2021-12-03,2021-12-04,-0.0699793102442646,-0.0932717879495847,-0.0915725388474718,-0.11353643646946,0.00126948521095987,1,0.997910182823629,0.867095175800637
"BTC",2021-12-04,2021-12-05,-0.0784021959131329,-0.10160255041945,-0.101153230573422,-0.124379722478274,0.0016052698104593,0.999999999999968,0.997910182823598,0.48794089342126
"BTC",2021-12-05,2021-12-06,-0.0761090493222315,-0.100540434613133,-0.098855638037994,-0.122109594892803,0.00151784557986304,0.995675199078,0.993690716468601,0.569414007181136
"BTC",2021-12-06,2021-12-07,-0.0753384195134224,-0.0987454159162685,-0.0977028665294208,-0.120735274312016,0.00147793371863365,0.999996343308848,0.997906615194606,0.401717400365115
"BTC",2021-12-07,2021-12-08,-0.0734257771387395,-0.0962243018555319,-0.0954069106999911,-0.118022828767847,0.00139111151294549,0.990152386670912,0.988302417317466,0.359234763351562
"BTC",2021-12-08,2021-12-09,-0.0703773720096879,-0.0933487810427121,-0.0919753983898137,-0.114824003790888,0.00125547047610763,0.937557379122458,0.936988410315604,0.773254822604882
"BTC",2021-12-09,2021-12-10,-0.0738073851216102,-0.0965510959331576,-0.0957891592278945,-0.11849937570465,0.00141009955619665,1,0.997910182823629,0.497136432823774
"BTC",2021-12-10,2021-12-11,-0.07189760248148,-0.095384435920118,-0.0938756840174583,-0.116044215578305,0.00134121482468019,0.996131168037861,0.994135579878447,0.734002036536641
"BTC",2021-12-11,2021-12-12,-0.0777881595288209,-0.100642811307364,-0.0990551153552369,-0.121053193499032,0.00154388443209336,0.984715282865582,0.982765956775524,0.554633035789937
"BTC",2021-12-12,2021-12-13,-0.0770121240751684,-0.0987103164443247,-0.0978956160005275,-0.119689937769135,0.00150000904093925,0.978732767118357,0.976832337884117,0.839511984440836
"BTC",2021-12-13,2021-12-14,-0.080099234292667,-0.103047764321121,-0.101753258663431,-0.123678447411631,0.00164318574180037,0.993893942381415,0.991869596415119,0.723605969786978
"BTC",2021-12-14,2021-12-15,-0.0797109620861177,-0.102319231913101,-0.101363095401822,-0.122513314470008,0.00162223657807569,0.993011150766388,0.990994020114876,0.489773337358078
"BTC",2021-12-15,2021-12-16,-0.0785532140300758,-0.100703886830844,-0.099821408896241,-0.121469329713531,0.00156778310201947,0.986957736075597,0.984990081757763,0.588798952482518
"BTC",2021-12-16,2021-12-17,-0.077784263813964,-0.100394709162683,-0.0990503381857052,-0.120677483800957,0.00154084535989892,0.986830928958246,0.984864311072173,0.662732041315437
"BTC",2021-12-17,2021-12-18,-0.0773982097723725,-0.0999686614735604,-0.0986628522903313,-0.119861894860319,0.00152551583688649,0.988876329640428,0.986892994094683,0.487742548615298
"BTC",2021-12-18,2021-12-19,-0.0762417245537111,-0.0989200220840528,-0.097502386600659,-0.117967771235246,0.00147852327204615,0.981087535114891,0.979167859671184,0.36241872336031
"BTC",2021-12-19,2021-12-20,-0.0750847642639155,-0.0965752814091898,-0.0955820762136464,-0.117621903895441,0.00141863569572378,0.96062605209767,0.958873614355826,0.331448851234541
"BTC",2021-12-20,2021-12-21,-0.0731691672233219,-0.0957298076687151,-0.0940419257830846,-0.114502442940272,0.0013487787311069,0.922533340199581,0.921092245364318,0.78157055075567
"BTC",2021-12-21,2021-12-22,-0.0750699683035755,-0.0973593175548995,-0.0959434764126735,-0.116946242634171,0.00143079031529938,0.970687479384961,0.968852806646974,0.468550953255508
"BTC",2021-12-22,2021-12-23,-0.0739150813657122,-0.095584879245747,-0.0944053577758482,-0.115715256698378,0.00137641905727751,0.95405614237312,0.952357402430347,0.783937167835415
"BTC",2021-12-23,2021-12-24,-0.0750530997579386,-0.0963036811951064,-0.0955433020057037,-0.116928504417254,0.00142146522815007,0.978148234254943,0.976252582579234,0.424677238891408
"BTC",2021-12-24,2021-12-25,-0.0735177168447755,-0.0957658986023141,-0.0940039027360089,-0.115632513076045,0.00136761372233717,0.961757123621508,0.959995441300367,0.347331047931322
"BTC",2021-12-25,2021-12-26,-0.0723627991345767,-0.0933132721200381,-0.0924657987830085,-0.113647121803185,0.00130816972180009,0.930141799497844,0.928638518493246,0.328163086869869
"BTC",2021-12-26,2021-12-27,-0.0704493801107238,-0.0920388888653093,-0.0905484576146391,-0.111697405591048,0.00123709665835856,0.876385452996544,0.875321538378137,0.304609805082753
"BTC",2021-12-27,2021-12-28,-0.0681576817386134,-0.089377128242125,-0.0878737146568228,-0.109728347204029,0.00114472187302858,0.787292784156539,0.786957050050613,0.860458638969394
"BTC",2021-12-28,2021-12-29,-0.0742602281451698,-0.0959555564698317,-0.0947427378872999,-0.11677594638879,0.00139929096264512,0.934557789174435,0.933018414991042,0.724737617305243
"BTC",2021-12-29,2021-12-30,-0.0734938809398425,-0.0954800496643956,-0.093974624383438,-0.115639956805786,0.00136511515645636,0.936519868109666,0.934964457279676,0.531218455907663
"BTC",2021-12-30,2021-12-31,-0.0723402772819186,-0.0940342790906872,-0.0928173703306657,-0.113335883136299,0.00131371054249512,0.916435539080773,0.915044283362483,0.529175954667548
"BTC",2021-12-31,2022-01-01,-0.0706273223123044,-0.0884367914869231,-0.0877276201187351,-0.105313833504143,0.0011390877364571,0.635649748710639,0.71043041781928,0.683507577445364
"BTC",2022-01-01,2022-01-02,-0.069096209019578,-0.0876055069216291,-0.0865742417567667,-0.102962188636847,0.00108063191905256,0.766318579109599,0.670797090333559,0.405722964966339
"BTC",2022-01-02,2022-01-03,-0.0705991271164308,-0.0880697012394859,-0.0873139890330876,-0.104502288009224,0.00116015640206182,0.464173634946541,0.762441053806769,0.574457052345712
"BTC",2022-01-03,2022-01-04,-0.0679285439132907,-0.0856540744546365,-0.0846411411458773,-0.102201598953315,0.00104815814593124,0.722457247860908,0.684100725944527,0.482966677781645
"BTC",2022-01-04,2022-01-05,-0.0686736289604394,-0.0857217455085936,-0.0850035896326964,-0.102361628597647,0.00108916637280157,0.539038725563908,0.73973362890194,0.869428924070775
"BTC",2022-01-05,2022-01-06,-0.0675531317904035,-0.085605557538753,-0.0850263145430422,-0.102262393740701,0.00100409592724706,0.994053985492315,0.601722377460552,0.505155647626033
"BTC",2022-01-06,2022-01-07,-0.0713357117420245,-0.0896284377280336,-0.0884259311481278,-0.104948276990992,0.001194696406178,0.415161396345887,0.777307017612652,0.802272435007531
"BTC",2022-01-07,2022-01-08,-0.0679202094665452,-0.0854976343997746,-0.0853907393539464,-0.10173088687655,0.00101561068305835,0.954690701484779,0.61366170469889,0.463374747287423
"BTC",2022-01-08,2022-01-09,-0.071321169924738,-0.0889583671427636,-0.0880288307990183,-0.105787262318079,0.00118997878947896,0.412793263714639,0.778025298902974,0.342814418400813
"BTC",2022-01-09,2022-01-10,-0.0690259365591172,-0.0857302657183778,-0.0857302820532566,-0.101432728623366,0.00108932629566196,0.591234831686207,0.723901962228959,0.310577532592365
"BTC",2022-01-10,2022-01-11,-0.0682501247836587,-0.0861121083146941,-0.0849512027401267,-0.100646082505029,0.00108312119360628,0.521593619668296,0.745024925937911,0.634436904655326
"BTC",2022-01-11,2022-01-12,-0.0663404715788476,-0.0833078098869967,-0.0826596460286913,-0.0998541336536693,0.000993123630980442,0.759757157253774,0.672787243458753,0.76852944301701
"BTC",2022-01-12,2022-01-13,-0.066331209526794,-0.0832812169804428,-0.0826485528583007,-0.100099697352027,0.000989832401389073,0.781091483383001,0.666316302136441,0.817219923275691
"BTC",2022-01-13,2022-01-14,-0.0663274004724841,-0.0832500026480106,-0.0830234463374149,-0.098965599286082,0.000982893809957817,0.832445757129327,0.650739972701448,0.534691495389383
"BTC",2022-01-14,2022-01-15,-0.0682089797382098,-0.0851355264853487,-0.0845225361143608,-0.10069544743823,0.0010788474227278,0.494045341138226,0.753380628987494,0.347457234265327
"BTC",2022-01-15,2022-01-16,-0.0666752375619263,-0.0839582751398824,-0.0829856054342987,-0.0986495910494571,0.00102786088987324,0.562609373160845,0.732584386099294,0.296910615607248
"BTC",2022-01-16,2022-01-17,-0.066279971445203,-0.0822270281271087,-0.0822079474257387,-0.097263609902928,0.00101174841383625,0.535292488327741,0.740869904835281,0.669720536372428
"BTC",2022-01-17,2022-01-18,-0.0643748469017421,-0.0808763383982943,-0.0803010565249946,-0.0966342115783954,0.000935831174810219,0.762986020759345,0.671807892803113,0.396426417328627
"BTC",2022-01-18,2022-01-19,-0.0658757921082044,-0.0818474138378247,-0.081419807173432,-0.0976112299654587,0.00100715985994862,0.476906646434322,0.758578988059078,0.559067407685986
"BTC",2022-01-19,2022-01-20,-0.0639680530402187,-0.0800953616605118,-0.0795097171529109,-0.0959296120791212,0.00093184783996635,0.679628283120585,0.697091233169891,0.779341351408978
"BTC",2022-01-20,2022-01-21,-0.0621511898587547,-0.0813062852364888,-0.0799851019548434,-0.099773687833807,0.000954064304711175,0.108448279886275,0.141153008598468,0.901917164104231
"BTC",2022-01-21,2022-01-22,-0.0843161527756714,-0.106260995795849,-0.105598342525621,-0.125752694779621,0.00177603475325642,0.639455522198536,0.634028852044998,0.794888649794188
"BTC",2022-01-22,2022-01-23,-0.0850830444918366,-0.106911720389168,-0.106366665973889,-0.126522758160294,0.00181141433745163,0.668779757135424,0.66124732643907,0.742862830017756
"BTC",2022-01-23,2022-01-24,-0.0850780034821239,-0.107019752598925,-0.10636056569009,-0.126644460094082,0.00181265041738377,0.668483806952674,0.660972628310084,0.4999480103074
"BTC",2022-01-24,2022-01-25,-0.0831586917706326,-0.105348723465396,-0.104437167382791,-0.124529355519127,0.00172629511656435,0.591795126938578,0.589790929016948,0.418008497364575
"BTC",2022-01-25,2022-01-26,-0.0812396751098812,-0.102114124021138,-0.102134071112161,-0.121942509404766,0.00162948287438587,0.509477693436827,0.513384674573303,0.369277134864086
"BTC",2022-01-26,2022-01-27,-0.0785618878202834,-0.100014183025308,-0.0994522055503716,-0.118816223650534,0.00152482890924903,0.424643694417736,0.434642568086385,0.363010745942857
"BTC",2022-01-27,2022-01-28,-0.0758848472983124,-0.0976315137551259,-0.0963912720726122,-0.116653206283278,0.00142452843485508,0.34771125748375,0.363234615951642,0.538281560576249
"BTC",2022-01-28,2022-01-29,-0.0747312781536633,-0.0952646167871245,-0.0948547846501996,-0.114741160030582,0.00137194546577227,0.310503342742942,0.328698585367755,0.422475965634986
"BTC",2022-01-29,2022-01-30,-0.0720563568161598,-0.0938117704088154,-0.0921759653109242,-0.111701711095151,0.00128797754812571,0.252379790953907,0.27474886052524,0.347739439520228
"BTC",2022-01-30,2022-01-31,-0.0697619825006637,-0.0909513513908812,-0.0891186040968888,-0.109762625688954,0.00120723970472987,0.200451809587197,0.226549804890624,0.43766907930601
"BTC",2022-01-31,2022-02-01,-0.0682282955108794,-0.0887689503644436,-0.0872018877341268,-0.107448401252629,0.00115304697648411,0.169797661425522,0.198096917761383,0.396611061779864
"BTC",2022-02-01,2022-02-02,-0.0666944771777746,-0.0862275345852477,-0.0852850249395913,-0.104496128498528,0.00109794150512323,0.140840141850804,0.171218825058995,0.840469160819318
"BTC",2022-02-02,2022-02-03,-0.071640696020606,-0.0921207452236443,-0.0913725926381663,-0.111365759562485,0.00126069694558283,0.249407729567555,0.271990221572984,0.442438627883019
"BTC",2022-02-03,2022-02-04,-0.0689677880666678,-0.0899158763883359,-0.0883164333914392,-0.108498314218127,0.00117699577203624,0.195661121293432,0.222103133837332,0.840847978989146
"BTC",2022-02-04,2022-02-05,-0.0846397021838224,-0.106876524466659,-0.105909976969954,-0.126147394572131,0.00179986008982097,0.630514958476146,0.625730306310722,0.520775586828968
"BTC",2022-02-05,2022-02-06,-0.083101719866909,-0.10449537331957,-0.103988240081905,-0.124754948852745,0.00172122767909303,0.559520294765387,0.559833738489399,0.543884401531614
"BTC",2022-02-06,2022-02-07,-0.0815676178702497,-0.104039264687463,-0.102830612954358,-0.122311023220065,0.00166430723162208,0.510472292989401,0.514307852365063,0.703805090600495
"BTC",2022-02-07,2022-02-08,-0.0819422333147267,-0.103919405960446,-0.103204127701762,-0.122202138769861,0.00167574872708662,0.520706311206779,0.523806970190223,0.451597664810205
"BTC",2022-02-08,2022-02-09,-0.0800252867437172,-0.101012807809249,-0.100523873480678,-0.121532350007464,0.00158547795900406,0.445119762071377,0.453648258237258,0.383129375795733
"BTC",2022-02-09,2022-02-10,-0.0791443847795664,-0.104417681470982,-0.10426616493007,-0.124621585912383,0.00145174940951564,0.162984088636841,0.284849155677001,0.503181426092369
"BTC",2022-02-10,2022-02-11,-0.0783694252470948,-0.103770495045861,-0.103487568500849,-0.125125628396176,0.00141284376221559,0.179312292276417,0.279306154021538,0.679344229720797
"BTC",2022-02-11,2022-02-12,-0.0768411770843583,-0.101910747527734,-0.101957717860707,-0.123877094743643,0.00136251241114675,0.226395647102865,0.263322576188446,0.419766831936187
"BTC",2022-02-12,2022-02-13,-0.0794863145250382,-0.104662000095828,-0.104978417090882,-0.125041065493599,0.00141479581078234,0.137080865849667,0.293642628000136,0.342835855287233
"BTC",2022-02-13,2022-02-14,-0.0790866433612546,-0.103557188382086,-0.104573612731859,-0.124661884267252,0.00137417833770473,0.150059097031064,0.289236855111004,0.402687054315753
"BTC",2022-02-14,2022-02-15,-0.0786879239109994,-0.103703200857287,-0.104169974508872,-0.125633432135917,0.00134729277616838,0.153921775067032,0.287925576098291,0.803745101620416
"BTC",2022-02-15,2022-02-16,-0.0688007438048208,-0.0951538387455639,-0.0950438776948881,-0.116679032846827,0.00113296544209465,0.40951487792643,0.201158346613193,0.504061466839889
"BTC",2022-02-16,2022-02-17,-0.0805738938984205,-0.105049405247431,-0.106051817722886,-0.125527674177075,0.0014018519384925,0.100796484408373,0.305960234445774,0.863266278530636
"BTC",2022-02-17,2022-02-18,-0.0555306133619313,-0.0682296307644664,-0.0669472929233906,-0.0787546819070839,0.000803442972297681,0.962937713734163,0.0132856471560471,0.561063466121465
"BTC",2022-02-18,2022-02-19,-0.0840559574542896,-0.108269156250498,-0.108407568192654,-0.128761316990949,0.00161615977403711,0.00707543387420887,0.337776100399542,0.391315986538855
"BTC",2022-02-19,2022-02-20,-0.0783296912350197,-0.102884383820601,-0.103437281391,-0.123551753463061,0.00141548164263493,0.191624037838918,0.275126635714382,0.733367958280013
"BTC",2022-02-20,2022-02-21,-0.0749091035870295,-0.0992527001356984,-0.0996371373052927,-0.121016125778855,0.00132871453148216,0.30051996463391,0.238159292838111,0.783531776270401
"BTC",2022-02-21,2022-02-22,-0.0764331002027785,-0.101754031687805,-0.101542180882997,-0.121951200962891,0.00138269666673658,0.251316811389953,0.254862487255909,0.723341068059776
"BTC",2022-02-22,2022-02-23,-0.0779452615188059,-0.10289360556359,-0.103051781892506,-0.123284937158019,0.00141576117408464,0.204166519872661,0.270868788359506,0.655094814075045
"BTC",2022-02-23,2022-02-24,-0.078315547594512,-0.102905722428627,-0.103419381290639,-0.123810037400908,0.00141123716010814,0.189955862061367,0.275692938125883,0.670880013634025
"BTC",2022-02-24,2022-02-25,-0.0775431200788488,-0.10289855616522,-0.103024133334083,-0.123201632315192,0.00138569449355347,0.203504219183617,0.271093622266335,0.690184368238103
"BTC",2022-02-25,2022-02-26,-0.0775320137122556,-0.102351722549911,-0.102629739624055,-0.1244255947245,0.00137349849399103,0.205157486356302,0.270532380939524,0.439357976884919
"BTC",2022-02-26,2022-02-27,-0.0794156663556099,-0.10400904733282,-0.104888948136756,-0.124510157649844,0.00140266289277664,0.14263385933605,0.291757530731187,0.74970201095758
"BTC",2022-02-27,2022-02-28,-0.0737129490458979,-0.0989413825994236,-0.0991863034146396,-0.121349653704946,0.00126126555868957,0.304172732927804,0.236919272738717,0.831995601147002
"BTC",2022-02-28,2022-03-01,-0.0712407838747545,-0.0857507801292716,-0.0849576425033546,-0.0978728792729082,0.00131234516602973,0.999866378627428,0.000749323188280112,0.629182879107368
"BTC",2022-03-01,2022-03-02,-0.0979394170906947,-0.117708552353311,-0.117058949247021,-0.134405700005201,0.00246136143166842,0.000182063502611576,0.866626969223362,0.456170496955089
"BTC",2022-03-02,2022-03-03,-0.0723022273018922,-0.0898570602342522,-0.0887418641871273,-0.104984812174444,0.00133635284670709,0.817646879840691,0.158231823054108,0.620361946120361
"BTC",2022-03-03,2022-03-04,-0.0937093649434812,-0.112904068503008,-0.112824765782795,-0.130727780522992,0.00219302312267535,0.143923597426352,0.742064048716715,0.807421765282114
"BTC",2022-03-04,2022-03-05,-0.0723673246833066,-0.087999543072976,-0.0869060614155025,-0.102733352053218,0.00135029792459645,0.928471765867917,0.0621936697692588,0.494268566774032
"BTC",2022-03-05,2022-03-06,-0.0972131182491989,-0.116083877425323,-0.11633913985658,-0.13341027528931,0.00239496916438443,0.0437931090898502,0.828834696827153,0.547587406338533
"BTC",2022-03-06,2022-03-07,-0.0723400085957182,-0.0901583844813497,-0.0891691435116782,-0.107519048973617,0.00132749809926016,0.78859460717012,0.183407816605991,0.422352245145018
"BTC",2022-03-07,2022-03-08,-0.0937374947020328,-0.113556127744531,-0.113240193532693,-0.129623062816347,0.00218610233145789,0.12500658711426,0.758457070186617,0.446999912332014
"BTC",2022-03-08,2022-03-09,-0.0734534986825922,-0.0939551208277961,-0.0929526121871693,-0.111772426842697,0.00132844953593305,0.670758084222136,0.285522084069816,0.801158737388144
"BTC",2022-03-09,2022-03-10,-0.0746548440461061,-0.0939464751272307,-0.0922528043017657,-0.111345432664025,0.00141489455060838,0.748569921837278,0.21809223635111,0.807969163588428
"BTC",2022-03-10,2022-03-11,-0.0903750301680156,-0.110295361461459,-0.110274920446761,-0.126524147858032,0.00202868589936978,0.339152216583198,0.572883671237522,0.547713554297234
"BTC",2022-03-11,2022-03-12,-0.0846189082054148,-0.104270062888483,-0.104133056222444,-0.123115183721915,0.00175537872196541,0.484151074438633,0.447231184363524,0.409078638564796
"BTC",2022-03-12,2022-03-13,-0.0884239107201655,-0.107861239514972,-0.108316639171143,-0.125127017415516,0.0018931489276763,0.335750330344448,0.575831663189208,0.58093837607305
"BTC",2022-03-13,2022-03-14,-0.0807661311899529,-0.101279338560286,-0.101040005023656,-0.118562913194323,0.00157342519704796,0.525922449267031,0.41103312594456,0.747183951152382
"BTC",2022-03-14,2022-03-15,-0.0823021784947149,-0.102924994123883,-0.102577275675282,-0.120045182271802,0.00163637648812836,0.493385663474258,0.439228713897567,0.464642685892947
"BTC",2022-03-15,2022-03-16,-0.0876381466649561,-0.107868004847188,-0.107526918305735,-0.125490203481229,0.00183725773519477,0.318032554821521,0.59118545693116,0.714462187190293
"BTC",2022-03-16,2022-03-17,-0.0742527132839001,-0.0943978254554701,-0.0941417575319191,-0.11287029224116,0.00133696336096667,0.649014526242245,0.304364523066034,0.435266462820421
"BTC",2022-03-17,2022-03-18,-0.0906783573666558,-0.109987070720435,-0.11018107618494,-0.126951686573067,0.00197563680366585,0.197266892689667,0.695838045236246,0.514746623080236
"BTC",2022-03-18,2022-03-19,-0.0742205988916345,-0.0956772735351791,-0.0952496195367986,-0.113011307554109,0.00129540803453493,0.603289031474953,0.343989125742439,0.410324234046373
"BTC",2022-03-19,2022-03-20,-0.0887292366016526,-0.109034148745125,-0.108225064473038,-0.126080094601712,0.00186272563648807,0.220109082478687,0.676043558610014,0.53239191225485
"BTC",2022-03-20,2022-03-21,-0.0741915610957014,-0.0948916851334319,-0.0952138287650671,-0.113091189620611,0.00124561608213361,0.581310173345289,0.363035470130865,0.38691172220722
"BTC",2022-03-21,2022-03-22,-0.0823490758603597,-0.100723332441553,-0.0995719766698039,-0.116368060712776,0.00159315208200468,0.44308852879397,0.782177510191757,0.668268234783998
"BTC",2022-03-22,2022-03-23,-0.0781303429363403,-0.0957600677954413,-0.095734353117557,-0.112014115027236,0.00132986260296502,0.893047516125891,0.63489945286109,0.436562242344896
"BTC",2022-03-23,2022-03-24,-0.0819374445827099,-0.0985282991035092,-0.0987726567326996,-0.114305184308965,0.00157386058354765,0.404954000172429,0.794659490662698,0.662166211334574
"BTC",2022-03-24,2022-03-25,-0.0773353612431381,-0.0946730581703848,-0.0945512295484833,-0.111405964904886,0.00130531100843286,0.871681741275057,0.641892778701861,0.435701890116056
"BTC",2022-03-25,2022-03-26,-0.0807590387063785,-0.0976153637004735,-0.0975889482050522,-0.112281960202536,0.00152917270835072,0.413389877948046,0.79189830636446,0.342320383246335
"BTC",2022-03-26,2022-03-27,-0.0788270299892345,-0.0950411271986921,-0.0952710640113175,-0.111683325447537,0.00141614900249277,0.570140432186487,0.740591592277842,0.822541692643876
"BTC",2022-03-27,2022-03-28,-0.0753933498527673,-0.0934634518926091,-0.0929861967330411,-0.108797200995496,0.0012206658708828,0.993496713851172,0.602020983671874,0.489390327103816
"BTC",2022-03-28,2022-03-29,-0.0803461334458905,-0.0981050411815067,-0.0971707442437214,-0.112290526753274,0.00152771741014374,0.381505207088515,0.802334618372949,0.362910839056851
"BTC",2022-03-29,2022-03-30,-0.0780327122116132,-0.0951830070778659,-0.0948539036604737,-0.109610292287878,0.00138949709288553,0.589498069937609,0.734255558633085,0.352969615654711
"BTC",2022-03-30,2022-03-31,-0.0780145921528248,-0.0952686522752548,-0.0944503228932793,-0.110531640106765,0.00140830222292749,0.508020896388831,0.760924211054524,0.750184909942745
"BTC",2022-03-31,2022-04-01,-0.0741890878570502,-0.0919967077255189,-0.0913886544459845,-0.106456332555769,0.00119074023170009,0.933515875945326,0.621653575824817,0.56729587876186
"BTC",2022-04-01,2022-04-02,-0.077994143178894,-0.0947963930793418,-0.0944263067555391,-0.109329860114976,0.00141085891549891,0.478101612939085,0.770717223456238,0.391613294016052
"BTC",2022-04-02,2022-04-03,-0.0768298420747517,-0.0934292119652529,-0.0932588497715274,-0.10760905798586,0.00135138297539129,0.550858151389889,0.746902960506015,0.416261628491142
"BTC",2022-04-03,2022-04-04,-0.0760480038741877,-0.0934801771721509,-0.0924738603194905,-0.1073584917599,0.00132724464411285,0.562170781235208,0.743200173821391,0.331217460802364
"BTC",2022-04-04,2022-04-05,-0.076029530605529,-0.0933548225978544,-0.0924520978145904,-0.106120671484853,0.00134023089981168,0.497049457852878,0.7645153209094,0.626992866396991
"BTC",2022-04-05,2022-04-06,-0.0737262011563164,-0.0901183809457078,-0.0901466122589583,-0.104122716411862,0.00119764034146317,0.768233842476139,0.675752765942887,0.902793743058773
"BTC",2022-04-06,2022-04-07,-0.0729804590089025,-0.08974776743473,-0.0897861316051545,-0.105495504254561,0.001129763039666,0.998850489739695,0.600268615712917,0.47065139369585
"BTC",2022-04-07,2022-04-08,-0.0783090277558688,-0.0941574009908417,-0.0943476343854222,-0.108776124880434,0.00144549774242785,0.34542180174629,0.81414523665216,0.761784210400858
"BTC",2022-04-08,2022-04-09,-0.072957857294344,-0.0903216598540541,-0.0897592708951331,-0.105329948358354,0.00114230599304685,0.946236500917182,0.617489932055868,0.50669221245436
"BTC",2022-04-09,2022-04-10,-0.0775223665239872,-0.0929829989547891,-0.0935570523450684,-0.107408503489892,0.00139835954090479,0.410400544945195,0.792876758111773,0.430457658521703
"BTC",2022-04-10,2022-04-11,-0.0504624483399989,-0.0694785764751085,-0.0688005493983562,-0.0876315368322577,0.000621262320326514,0.840744124980443,0.250893232770179,0.883489743103467
"BTC",2022-04-11,2022-04-12,-0.0512544086421202,-0.0653503633087206,-0.063867064456935,-0.0800707854306109,0.000681147596986042,0.963896845152858,0.142367058118912,0.57719621201621
"BTC",2022-04-12,2022-04-13,-0.0760802846235576,-0.0959671200513153,-0.0948046707552358,-0.112383279958867,0.00143954047927232,0.104366264854166,0.899813306525003,0.687573042250479
"BTC",2022-04-13,2022-04-14,-0.0516152796644226,-0.0685463350989636,-0.0665164588888325,-0.0851713623111275,0.00068716995141075,0.892412256163142,0.205361598383315,0.758941770114615
"BTC",2022-04-14,2022-04-15,-0.0733878262955164,-0.0935824894618695,-0.0921085460939227,-0.110235756639258,0.00132056821278362,0.222061134393907,0.796096767017424,0.573291732513303
"BTC",2022-04-15,2022-04-16,-0.0577101824503679,-0.0763211896614562,-0.0752815577853301,-0.0952528969897867,0.000811833355664657,0.729971285273701,0.34850985489432,0.36989521675655
"BTC",2022-04-16,2022-04-17,-0.0729715908057228,-0.0921564544584902,-0.091303228805886,-0.110262493465036,0.0012802272078627,0.234008261640766,0.785568570674231,0.552500326548841
"BTC",2022-04-17,2022-04-18,-0.0565385176075624,-0.0764258027604831,-0.0748673887861787,-0.0950355266051802,0.000764946501086654,0.728196042981857,0.350074256027671,0.737509510179823
"BTC",2022-04-18,2022-04-19,-0.0691298617112644,-0.0888473658157611,-0.0878384457295997,-0.105722892625759,0.0011262737658044,0.375703873303326,0.660701798124829,0.606408291930423
"BTC",2022-04-19,2022-04-20,-0.0630070867037909,-0.0821167047982632,-0.0813306591189494,-0.101188806366356,0.000913278647202893,0.571039948948565,0.488565307501727,0.365908894865893
"BTC",2022-04-20,2022-04-21,-0.0698612001302135,-0.0901579116851301,-0.0885627704655858,-0.106765200030205,0.00114642496880392,0.330214679608359,0.700788352224273,0.660846521220363
"BTC",2022-04-21,2022-04-22,-0.0580205376597968,-0.0772986333814759,-0.076719826346563,-0.0953342030964149,0.000771338748174578,0.684363104770158,0.388701264031888,0.639717567924611
"BTC",2022-04-22,2022-04-23,-0.0702192879363171,-0.0895591090539219,-0.0885341971429689,-0.107326260388256,0.00115230058682369,0.315127536666498,0.714083632325312,0.377727001447868
"BTC",2022-04-23,2022-04-24,-0.0629540695580569,-0.0826976414828057,-0.0816468633536751,-0.100186673848716,0.000886843475178796,0.550625092187899,0.506555541961728,0.301113626097418
"BTC",2022-04-24,2022-04-25,-0.0698037263117086,-0.0887526373212529,-0.0881113980515109,-0.106128869597516,0.00112091838510513,0.321632503651698,0.708351244261547,0.707925691572506
"BTC",2022-04-25,2022-04-26,-0.0549192182072686,-0.0747143914777852,-0.073605797276449,-0.0933059205774686,0.000681423079619491,0.731845085388799,0.346858601407852,0.917849023654127
"BTC",2022-04-26,2022-04-27,-0.0469305660500855,-0.062110658886599,-0.0591378904600251,-0.0762769859724663,0.000581328120322689,0.982183459160158,0.12625230025763,0.805017827852387
"BTC",2022-04-27,2022-04-28,-0.0740068711321393,-0.0935072801242194,-0.0923160928180002,-0.110195752334945,0.00135315299626516,0.136053432131544,0.871889546129502,0.566959875957245
"BTC",2022-04-28,2022-04-29,-0.0526336915512239,-0.0708332158450307,-0.0694141169422875,-0.0874748012773617,0.000696616151312594,0.820609633630403,0.268636400129451,0.748945622251974
"BTC",2022-04-29,2022-04-30,-0.0705516494507887,-0.0893822057373607,-0.0884748338405378,-0.1078992301656,0.0011954791988302,0.290889131996856,0.735443301318111,0.718006044844674
"BTC",2022-04-30,2022-05-01,-0.069450543342947,-0.0915265048151182,-0.0904349991442989,-0.111792969547886,0.00121372284241673,0.0365405385599285,0.0427053043224288,0.658706046063907
"BTC",2022-05-01,2022-05-02,-0.0690553688009058,-0.0916605233439752,-0.0900364682532155,-0.111721096250475,0.001206467674162,0.0313963659410983,0.0376923396995539,0.38802180618265
"BTC",2022-05-02,2022-05-03,-0.0686565321214578,-0.0909613812369638,-0.0892519433044581,-0.111882204973113,0.0011937161357404,0.0223604249456568,0.0288868706959044,0.656196070774741
"BTC",2022-05-03,2022-05-04,-0.0686456036935808,-0.0910435759478063,-0.0892383625839727,-0.112002406986974,0.00119404568067948,0.0226031092054216,0.0291233650165414,0.881955636915152
"BTC",2022-05-04,2022-05-05,-0.0697996480182068,-0.0926952640876676,-0.0907761938476649,-0.11373333247396,0.00122884961395413,0.0472646134765248,0.0531558494641625,0.894995951344629
"BTC",2022-05-05,2022-05-06,-0.0752056707968518,-0.0978158633018189,-0.0973425055334134,-0.1183961321519,0.00138507520928176,0.158184069485419,0.161246178106273,0.559710531085353
"BTC",2022-05-06,2022-05-07,-0.0728997206261144,-0.0957417248659131,-0.0946509964248086,-0.116520336633855,0.00131687738459156,0.109674486468996,0.113973887390057,0.506757687966585
"BTC",2022-05-07,2022-05-08,-0.0713584779895154,-0.0943710550645234,-0.0927245320236629,-0.115481780959922,0.00127339902898594,0.0787649765009474,0.083852759764395,0.764981428238018
"BTC",2022-05-08,2022-05-09,-0.0728880097857367,-0.095175911458528,-0.0946364268353879,-0.115743676254588,0.00131256947686889,0.106646512896579,0.111023145740767,0.836711097886568
"BTC",2022-05-09,2022-05-10,-0.0829533122990762,-0.106090001465488,-0.105497792563882,-0.126815919639892,0.00166109844575339,0.35440133838818,0.352458701536391,0.57190335268421
"BTC",2022-05-10,2022-05-11,-0.079880400806209,-0.103407867486103,-0.102421119894233,-0.124101827527046,0.00154865318669411,0.274384790320333,0.274483066885178,0.787840934166923
"BTC",2022-05-11,2022-05-12,-0.0883390181192835,-0.111161103678315,-0.110891300649848,-0.130858570011308,0.00189306788603742,0.519845105015572,0.513682636002039,0.497306560905444
"BTC",2022-05-12,2022-05-13,-0.0841147766645423,-0.107559592774304,-0.107044826161025,-0.126565063849677,0.00171096950383298,0.390135090299084,0.387281023306122,0.427553545450538
"BTC",2022-05-13,2022-05-14,-0.0802744502802933,-0.102750422733704,-0.102817974120329,-0.123197274081393,0.00155377387542907,0.27816605145365,0.27816788263607,0.554655832859123
"BTC",2022-05-14,2022-05-15,-0.0787347644336345,-0.102094724187687,-0.101275602681748,-0.122539197948595,0.00150678094311435,0.244738864690765,0.245593294436758,0.682670232158709
"BTC",2022-05-15,2022-05-16,-0.0798779443637795,-0.10271890733905,-0.102418087188967,-0.123221374642256,0.00154265401077108,0.270347298467459,0.270548555871782,0.743874329139362
"BTC",2022-05-16,2022-05-17,-0.0821739960846987,-0.104864871157581,-0.104715017335452,-0.125492951796608,0.00162653028246967,0.330152396606389,0.328828256700752,0.559860820247929
"BTC",2022-05-17,2022-05-18,-0.0791022875779017,-0.102983701337514,-0.101639691065549,-0.12365782420453,0.00152394144046776,0.257096048319067,0.257635293987918,0.787357710890907
"BTC",2022-05-18,2022-05-19,-0.084854171325044,-0.107012606422193,-0.10739649008213,-0.12733653600456,0.00172945242649251,0.403527491876627,0.400331836390777,0.796631270528628
"BTC",2022-05-19,2022-05-20,-0.0886873346376899,-0.110752328668286,-0.111232325336034,-0.130201410499969,0.00190182533492843,0.526395418518959,0.520065876280762,0.714888077870587
"BTC",2022-05-20,2022-05-21,-0.0897859543923171,-0.112672969343528,-0.112702742343644,-0.132862261165485,0.0019790554308931,0.564220415378865,0.558673606443588,0.457032021671803
"BTC",2022-05-21,2022-05-22,-0.0859460760172907,-0.10923497809992,-0.108858285191091,-0.130241753492934,0.00180242696493826,0.436612194492048,0.43425619056565,0.624293836088109
"BTC",2022-05-22,2022-05-23,-0.085556116295862,-0.108603971452414,-0.108466504178436,-0.129591583280634,0.00178298009846811,0.422564992337762,0.420560234457138,0.74848091152003
"BTC",2022-05-23,2022-05-24,-0.087467891862394,-0.110444307493625,-0.110378849154099,-0.131174160502811,0.00186799342488161,0.483990820413055,0.480450128260053,0.572808476255082
"BTC",2022-05-24,2022-05-25,-0.08477920305112,-0.108362674500701,-0.108068378737151,-0.127858802696668,0.00175505614100601,0.402399756866638,0.400899224606427,0.395499386460822
"BTC",2022-05-25,2022-05-26,-0.080559789743342,-0.104760380069659,-0.103844218765751,-0.124233348113373,0.00159365348015231,0.285783118716087,0.287198550259333,0.383154871565543
"BTC",2022-05-26,2022-05-27,-0.0774877993936167,-0.10050217054452,-0.100004407814371,-0.121889415782338,0.00147511205857434,0.200137355472332,0.203694333449251,0.584208140664668
"BTC",2022-05-27,2022-05-28,-0.0763314666542891,-0.0997723126785294,-0.0988452964921231,-0.120777584102013,0.0014401928943163,0.174910826117732,0.179098585839447,0.503258713181683
"BTC",2022-05-28,2022-05-29,-0.0744079725960837,-0.0975563232883532,-0.0965364164856078,-0.118856149407777,0.00137659611251566,0.128971018510556,0.13430748924165,0.461698857239461
"BTC",2022-05-29,2022-05-30,-0.0728659913608026,-0.0955978046380714,-0.0946090334630395,-0.117076098411982,0.00132645476820489,0.0927555265044107,0.0989975546712966,0.855573126943407
"BTC",2022-05-30,2022-05-31,-0.0786402009892318,-0.102797863278422,-0.101540255123269,-0.123399688961972,0.0015241398304221,0.235488484143049,0.238161517828227,0.464426909568799
"BTC",2022-05-31,2022-06-01,-0.075568467151641,-0.0991488364488155,-0.0980823414344622,-0.119798217766432,0.00141656709263259,0.157800876876488,0.162416465709535,0.8203968640022
"BTC",2022-06-01,2022-06-02,-0.0817082353256228,-0.104553864765436,-0.104611726602393,-0.125428505740682,0.00162471557328975,0.308145092710933,0.309001369850682,0.63066889813636
"BTC",2022-06-02,2022-06-03,-0.079786791750473,-0.103107290343907,-0.10268722474444,-0.123772155363806,0.00155774378206843,0.259788460828811,0.261853880938737,0.651982691363332
"BTC",2022-06-03,2022-06-04,-0.0790139125130594,-0.102463191720069,-0.101912053369724,-0.122966798151543,0.00153132299403981,0.240713821674986,0.243256197373914,0.419152054201715
"BTC",2022-06-04,2022-06-05,-0.0759426475958158,-0.0987845694359461,-0.0984547114104113,-0.119388915900988,0.00142285259604284,0.162356852576616,0.166858520613782,0.36061092975875
"BTC",2022-06-05,2022-06-06,-0.0736355826378437,-0.0960156339757234,-0.0953802409548867,-0.117969195954594,0.00134708698465785,0.107629735157836,0.113499838231302,0.768079448408859
"BTC",2022-06-06,2022-06-07,-0.0755505846102159,-0.0990929419240663,-0.0980600719078227,-0.11972932497381,0.00141574373043693,0.157218146952149,0.161848306770893,0.444987497834043
"BTC",2022-06-07,2022-06-08,-0.0732439932718765,-0.0966710969508699,-0.0953676377194584,-0.117240412780718,0.00134297701359446,0.104662972824149,0.110607258893418,0.676849299015244
"BTC",2022-06-08,2022-06-09,-0.0732371622007897,-0.0970840781032071,-0.0953591170870794,-0.117813351693077,0.00134588328100394,0.106766271570787,0.112657965290368,0.42058958182863
"BTC",2022-06-09,2022-06-10,-0.0802858338652148,-0.0983501149610939,-0.0977953649289205,-0.113307332547763,0.00148907721220811,0.282907810603697,0.708877757091041,0.715408027412995
"BTC",2022-06-10,2022-06-11,-0.0720854966901615,-0.0901127029366568,-0.0903392422277297,-0.107523677468948,0.00110417479187492,0.811033712946562,0.474113044043518,0.679197499314607
"BTC",2022-06-11,2022-06-12,-0.0776616292687603,-0.0952157783984655,-0.095168212345516,-0.111112188686855,0.001350593073869,0.449214939797216,0.634950223353969,0.859426365229367
"BTC",2022-06-12,2022-06-13,-0.0698594785321127,-0.088884989447007,-0.0892327753231383,-0.105913762073642,0.00102329244634516,0.971671707306475,0.402705577598233,0.786199526385604
"BTC",2022-06-13,2022-06-14,-0.0945648548886975,-0.121183421083626,-0.121245517736706,-0.14502495861851,0.0017780680695158,0.999999999997751,0.390112967625325,0.514298018969779
"BTC",2022-06-14,2022-06-15,-0.111330556452113,-0.134617168123574,-0.134994914448454,-0.154679716881794,0.00285527363592226,0.197327773035946,0.746920149772523,0.488388772441406
"BTC",2022-06-15,2022-06-16,-0.100992389758836,-0.125894178544123,-0.125083916106157,-0.147398743695112,0.00217469523781922,0.607122534908382,0.564756485289158,0.759678814177433
"BTC",2022-06-16,2022-06-17,-0.0954918726560266,-0.122304941772347,-0.122623511378751,-0.145395858084562,0.00181996223506923,0.999869932646073,0.390170785703094,0.492915425593309
"BTC",2022-06-17,2022-06-18,-0.112269838318869,-0.1367160127534,-0.135952133320091,-0.158108400292083,0.00292284027517977,0.188826157780733,0.750699322990455,0.729299443025686
"BTC",2022-06-18,2022-06-19,-0.0946534006178009,-0.121565158027028,-0.121361444190021,-0.145139390132823,0.00180066524200214,0.99360952216801,0.392953689292791,0.771313833085648
"BTC",2022-06-19,2022-06-20,-0.0968506196583065,-0.1238769504686,-0.124002726239792,-0.146764011300249,0.00188734371808828,0.972262644585668,0.402442891711849,0.483681283094649
"BTC",2022-06-20,2022-06-21,-0.112778633266861,-0.136734975411443,-0.136478666111953,-0.158456521131288,0.00294493244929783,0.192382129597012,0.749118607673614,0.413545020735726
"BTC",2022-06-21,2022-06-22,-0.104143774843991,-0.127605142110944,-0.127839688334673,-0.150579559045846,0.00234712853284119,0.522191861072892,0.602510220115398,0.553245218771042
"BTC",2022-06-22,2022-06-23,-0.10026128871868,-0.124953927975654,-0.124386732604389,-0.145625593194383,0.00215421105644982,0.615221008755115,0.561156518159507,0.70376139098437
"BTC",2022-06-23,2022-06-24,-0.0938128173829673,-0.118963560580895,-0.118803887618515,-0.140175117374247,0.00181518162882682,0.866466160045417,0.449471983116656,0.468867293206645
"BTC",2022-06-24,2022-06-25,-0.104999717759648,-0.126883526147757,-0.127401800434357,-0.147327469331499,0.00252321390523146,0.246393001482302,0.725109471247344,0.403925862254948
"BTC",2022-06-25,2022-06-26,-0.0976609019991721,-0.121131300146145,-0.120489947825785,-0.140328736819098,0.00209398885481516,0.511177894508384,0.607406194140836,0.453969065164723
"BTC",2022-06-26,2022-06-27,-0.0967871087327759,-0.119815516412859,-0.119182300416839,-0.137815841320929,0.00208285745836076,0.453232507807832,0.633164317385378,0.437639220617798
"BTC",2022-06-27,2022-06-28,-0.0950511266341071,-0.116545930400062,-0.116581670735768,-0.136051227140937,0.00200297777099468,0.45326734019818,0.633148833546982,0.513903542868563
"BTC",2022-06-28,2022-06-29,-0.0915966049904066,-0.114449921469427,-0.113124659534591,-0.133538835554031,0.00184947140300992,0.53982397806268,0.594672318457545,0.407968679488249
"BTC",2022-06-29,2022-06-30,-0.0908358377108595,-0.115867607916438,-0.114709534164704,-0.138405590186077,0.0019090855020629,0.453216119443257,0.741550401704176,0.657742232015454
"BTC",2022-06-30,2022-07-01,-0.0800914774929954,-0.105900998714679,-0.104362552946877,-0.128237305192475,0.00140126527102484,0.864444347419856,0.507044701108118,0.406492213969581
"BTC",2022-07-01,2022-07-02,-0.0908215523781814,-0.115758997314339,-0.11389454174373,-0.138088692733249,0.00197093667682344,0.297972634603092,0.830079057323333,0.358838038957183
"BTC",2022-07-02,2022-07-03,-0.0812631849221286,-0.104786964616191,-0.103934055170512,-0.127141642719129,0.00147648059676774,0.682362082040703,0.610878354305887,0.332292066542364
"BTC",2022-07-03,2022-07-04,-0.0848312468672795,-0.108680708364523,-0.107100169180422,-0.129640468806101,0.00168999082941014,0.406504533023428,0.768188002321317,0.757363689730924
"BTC",2022-07-04,2022-07-05,-0.0729080738448579,-0.0979159026150329,-0.0959754175951591,-0.119394599271818,0.00117610382689588,0.951295064564382,0.457517487542404,0.419138512993009
"BTC",2022-07-05,2022-07-06,-0.0864183681652986,-0.110318149090969,-0.108288403338383,-0.1319414014571,0.00179662078778622,0.270080445717138,0.845984768193527,0.483970151087135
"BTC",2022-07-06,2022-07-07,-0.0748797822209243,-0.0987402479754626,-0.0967467729821711,-0.119995796570278,0.00126158940913151,0.780482137533452,0.554924723717181,0.81104632038609
"BTC",2022-07-07,2022-07-08,-0.0729007373920632,-0.0974829369078248,-0.0955669822639472,-0.118618531390056,0.00118147782093278,0.914524237649773,0.478486302279503,0.459664532579495
"BTC",2022-07-08,2022-07-09,-0.084819430184233,-0.107755719193624,-0.106288876834315,-0.129538495009522,0.00171634449537996,0.302954515048934,0.827238106034588,0.404324559871749
"BTC",2022-07-09,2022-07-10,-0.0752682633818664,-0.0986889608312465,-0.0967338776942974,-0.119552807884443,0.00128658342328396,0.711288981806723,0.594382592502084,0.713279315423701
"BTC",2022-07-10,2022-07-11,-0.0748687426254922,-0.0986520014445781,-0.0963335125291156,-0.119882227906375,0.00127255782718098,0.732083672167249,0.582524278553969,0.810182245755002
"BTC",2022-07-11,2022-07-12,-0.0736774344941668,-0.0969836896870837,-0.095540216867462,-0.117813098973437,0.00121540884059398,0.819661371362793,0.532582498517384,0.751470341406877
"BTC",2022-07-12,2022-07-13,-0.0780462791786761,-0.101237464969752,-0.0995100880174126,-0.122778631244518,0.00139099889770868,0.622279349097827,0.645140942387017,0.806746039838258
"BTC",2022-07-13,2022-07-14,-0.0732791296700613,-0.0971469819673646,-0.0951415587666296,-0.118788675751156,0.00120229072810061,0.846324043111004,0.517377928177353,0.606397304674007
"BTC",2022-07-14,2022-07-15,-0.0812216975663782,-0.10478417036146,-0.102683860192146,-0.125363923888044,0.00155280228305016,0.427774066113802,0.756058906069216,0.480077665516024
"BTC",2022-07-15,2022-07-16,-0.0760466770163839,-0.0985914459444442,-0.0971080857835095,-0.119414678981157,0.0013218938970404,0.636329038785778,0.637129011057202,0.511275633186701
"BTC",2022-07-16,2022-07-17,-0.0768340392933464,-0.099864417167504,-0.0978925071102456,-0.119185737582308,0.00137503887770922,0.534408384385675,0.695249959083817,0.527788108319487
"BTC",2022-07-17,2022-07-18,-0.0748395801628471,-0.0964058592493703,-0.0951002886426383,-0.117691891628928,0.00128714508092787,0.602876152501435,0.656205747529477,0.873831652148635
"BTC",2022-07-18,2022-07-19,-0.0696954554712649,-0.0931359591065974,-0.091952384102352,-0.114468374851152,0.00107816979354612,0.99212702311435,0.434232784803043,0.837966319220499
"BTC",2022-07-19,2022-07-20,-0.0751706009817015,-0.0978961955982228,-0.0965954912044884,-0.119999317110769,0.00125424745698569,0.839687667372307,0.556340606873851,0.454216235600486
"BTC",2022-07-20,2022-07-21,-0.0823011212607913,-0.104314652636247,-0.103325262263033,-0.124561190307601,0.00160352194250605,0.36054947124147,0.808255870287082,0.3690226158915
"BTC",2022-07-21,2022-07-22,-0.0755478029182695,-0.0978923994939328,-0.0961713865422414,-0.118607154705131,0.0013044821375461,0.663685942709134,0.64887658331602,0.515176574858187
"BTC",2022-07-22,2022-07-23,-0.0763333200174343,-0.0982897825418347,-0.0965573333928089,-0.119259402351122,0.0013477630808922,0.570759671161445,0.697734191338055,0.41794634672006
"BTC",2022-07-23,2022-07-24,-0.0755309109559577,-0.097296878731237,-0.0957512857460099,-0.116623043271673,0.00132721699968551,0.546226205983249,0.710633088551244,0.369223483104612
"BTC",2022-07-24,2022-07-25,-0.0743324952276597,-0.0956611310773611,-0.0941528697602134,-0.115183108854936,0.00128570064715438,0.553607426214618,0.706752283276458,0.829310771081281
"BTC",2022-07-25,2022-07-26,-0.0687894243318794,-0.0905355184356973,-0.0894056531991574,-0.111147510483843,0.00105587946039059,0.959398610348306,0.493400490688645,0.572305905972111
"BTC",2022-07-26,2022-07-27,-0.0786921414804851,-0.100245903027356,-0.0989086156093855,-0.119795825829659,0.00146999041626909,0.373854821411126,0.801260350372659,0.872739217887718
"BTC",2022-07-27,2022-07-28,-0.0723812618250264,-0.0967152722099887,-0.0949908221054884,-0.117174565054746,0.00115398711352899,0.999349727803732,0.472395493886661,0.79423311847956
"BTC",2022-07-28,2022-07-29,-0.0791267709942081,-0.102401416344557,-0.100943922932207,-0.124794020953738,0.00140224664176628,0.731215929700858,0.613371514843736,0.455730423285039
"BTC",2022-07-29,2022-07-30,-0.083082722890291,-0.105548062585884,-0.104499297250925,-0.126258903360556,0.00161960204041596,0.413312056176724,0.780515021008813,0.452220581491787
"BTC",2022-07-30,2022-07-31,-0.0771247918312525,-0.0997505027604468,-0.0981412627462344,-0.120904054960255,0.00135398341833239,0.664249516834376,0.648580274390203,0.425222148647853
"BTC",2022-07-31,2022-08-01,-0.0787014351459395,-0.101051473095394,-0.0993178000467856,-0.121666950692559,0.00144590466900134,0.492820939263259,0.738711838987051,0.344274584198037
"BTC",2022-08-01,2022-08-02,-0.075916482084926,-0.0985555738195176,-0.0965290218537053,-0.117523479191488,0.00134097656742081,0.565210220412291,0.700651911859109,0.42437612841541
"BTC",2022-08-02,2022-08-03,-0.075115080934916,-0.0959601155154869,-0.0949315059408111,-0.116619546602326,0.00130227842662086,0.57117686179796,0.697514846084556,0.399654967034786
"BTC",2022-08-03,2022-08-04,-0.0743135426503018,-0.0954217988120908,-0.0941264847995779,-0.11474538433089,0.00128450803240452,0.549425586646224,0.708950958366298,0.372684318004356
"BTC",2022-08-04,2022-08-05,-0.0731159581165128,-0.0944147869883164,-0.0925291748184918,-0.114268426158686,0.00124796932696626,0.557723630296825,0.704588117188249,0.677167348665767
"BTC",2022-08-05,2022-08-06,-0.0703390499252168,-0.0914090809623739,-0.0897507688871137,-0.111617801718401,0.00113422777326029,0.726935440611398,0.615622056639853,0.481084499383191
"BTC",2022-08-06,2022-08-07,-0.0738958775051896,-0.0942710629538996,-0.0929081794190711,-0.114611507226341,0.00128302690175387,0.471878155765597,0.74972287268051,0.37414799729136
"BTC",2022-08-07,2022-08-08,-0.07071900619871,-0.0919557768579968,-0.0901240259069298,-0.109900090413603,0.00116780183222295,0.6085052362572,0.677888802156889,0.715197968504296
"BTC",2022-08-08,2022-08-09,-0.0687457646696198,-0.0894386827520111,-0.0881537470528677,-0.108787535285616,0.00108103379771835,0.818185130824274,0.67994298445844,0.758894414770562
"BTC",2022-08-09,2022-08-10,-0.0695330089068134,-0.0915476503122076,-0.089334943425067,-0.109756358475766,0.00112302208933408,0.741714182138622,0.709849875109378,0.813966790780077
"BTC",2022-08-10,2022-08-11,-0.069135063182325,-0.0901965926931553,-0.0885401428995407,-0.110559016696563,0.00109121311393941,0.83868379218866,0.67192619854886,0.404598313712131
"BTC",2022-08-11,2022-08-12,-0.072294131816171,-0.0934636185080612,-0.0916955684747803,-0.112797884883621,0.00124046647822408,0.47788092118415,0.813031967407997,0.593935525867202
"BTC",2022-08-12,2022-08-13,-0.0687247655169372,-0.0899153890641563,-0.0881236821866921,-0.108927178182168,0.00108940638623069,0.77862671972572,0.695413814824525,0.347240551278611
"BTC",2022-08-13,2022-08-14,-0.0710913308966204,-0.0916445104572676,-0.0900908116907182,-0.111308581349535,0.00119396743984109,0.509334282023939,0.800730927086046,0.314825622116326
"BTC",2022-08-14,2022-08-15,-0.0687080567657265,-0.0901627444225859,-0.0877040109208964,-0.109213425551914,0.00110810445217406,0.655614400864449,0.743522489192163,0.389111903154876
"BTC",2022-08-15,2022-08-16,-0.0690957436845037,-0.0891760698672155,-0.0876926394504272,-0.109074778295521,0.00111696160335124,0.607055243939465,0.762513405627986,0.396889619441858
"BTC",2022-08-16,2022-08-17,-0.0682964381888513,-0.089062079748919,-0.0868900133613187,-0.108599531591814,0.0010954571529267,0.628780574977175,0.754016883604032,0.719150779231229
"BTC",2022-08-17,2022-08-18,-0.0671041257195202,-0.0879165977105964,-0.0860909029468615,-0.106133117866184,0.00104480707261082,0.759977871269267,0.702707160613207,0.393461352686048
"BTC",2022-08-18,2022-08-19,-0.0690736090261172,-0.0898508183873888,-0.0876614189497335,-0.109178084887612,0.00113127121794161,0.533624405662321,0.791231344773591,0.892452813389102
"BTC",2022-08-19,2022-08-20,-0.0762571039213319,-0.100757674916766,-0.0988276256862073,-0.121687095465892,0.00129103003965972,0.999999864777657,0.608837375589572,0.543373617162744
"BTC",2022-08-20,2022-08-21,-0.0821872793089515,-0.105386602341391,-0.103962334581234,-0.126783507508155,0.0016003656224737,0.432374466074492,0.830829007987039,0.552201750268491
"BTC",2022-08-21,2022-08-22,-0.0766378516394107,-0.0992528862794945,-0.0980142922339216,-0.120631722399586,0.00133225978359004,0.784729214985072,0.69302720054085,0.465413369062917
"BTC",2022-08-22,2022-08-23,-0.0782119935089043,-0.100531389746252,-0.0991889900687632,-0.121642809303823,0.00143097045726252,0.537589649869311,0.789680584296037,0.434998238822639
"BTC",2022-08-23,2022-08-24,-0.0754330746349169,-0.097817377794299,-0.0960109427743345,-0.11895962730076,0.00131765438270722,0.655127326794071,0.743712978145315,0.368501047356756
"BTC",2022-08-24,2022-08-25,-0.075028040882326,-0.0979759095759748,-0.0956021724426292,-0.117576146652745,0.0013261620562644,0.561077466939709,0.780494774667323,0.372976050704973
"BTC",2022-08-25,2022-08-26,-0.0734369298637229,-0.095019605408762,-0.093611956751355,-0.114612741448331,0.00125451025769114,0.626472163003229,0.754919676438026,0.843703877823581
"BTC",2022-08-26,2022-08-27,-0.0726618193662994,-0.0950357348130595,-0.093634918940571,-0.116856941445996,0.00117237653534892,0.998737574360551,0.609331042558832,0.515506112067385
"BTC",2022-08-27,2022-08-28,-0.0781924538158008,-0.101221390094421,-0.0991619187121362,-0.121276582914844,0.00145703247821823,0.432341861115229,0.83084175940399,0.556950597049356
"BTC",2022-08-28,2022-08-29,-0.0699865825019672,-0.0927436657427597,-0.091002807769031,-0.115214161338597,0.00113397716396709,0.775128529735876,0.655871392900329,0.714785845916801
"BTC",2022-08-29,2022-08-30,-0.0699842338804511,-0.0938795578298493,-0.0913959030682913,-0.114959863215761,0.0011454277626229,0.749760929402287,0.667133576677552,0.659973417007531
"BTC",2022-08-30,2022-08-31,-0.071167303993845,-0.095134380524015,-0.0925760508265367,-0.116071029176913,0.00119459261625308,0.649743721647618,0.711537152885205,0.469965069192088
"BTC",2022-08-31,2022-09-01,-0.0719520801229129,-0.0950309030794896,-0.0929608177156953,-0.116958104289492,0.001222501083821,0.576450895726799,0.744076189460113,0.360470085265354
"BTC",2022-09-01,2022-09-02,-0.0711506099560904,-0.0947072479979458,-0.0921554944638851,-0.11611571600837,0.00119964366333018,0.59102327872049,0.737606643535829,0.371195136635127
"BTC",2022-09-02,2022-09-03,-0.0707456454512655,-0.0936456220901285,-0.0913504173891907,-0.115931161739722,0.00118177312500634,0.598557547098657,0.734261734518578,0.365404330396461
"BTC",2022-09-03,2022-09-04,-0.0703408175247361,-0.0933191450113572,-0.0909417913329454,-0.115081293401528,0.00117106896561293,0.593322364821476,0.73658594272659,0.372769823391548
"BTC",2022-09-04,2022-09-05,-0.0699366517141583,-0.0923285632865837,-0.090534057725442,-0.113424601173783,0.00115401903379002,0.600685817602277,0.733316868893757,0.379545983993218
"BTC",2022-09-05,2022-09-06,-0.0695322261110245,-0.0918523816401666,-0.0897298536695545,-0.113975863887629,0.00114186714854661,0.599526733360895,0.733831455199441,0.868443109371829
"BTC",2022-09-06,2022-09-07,-0.0643881538803528,-0.0872784472646073,-0.0849840164457837,-0.107949608181043,0.000963492264623903,0.968894775459324,0.569847053173145,0.74600845198725
"BTC",2022-09-07,2022-09-08,-0.07032472678459,-0.0925741086791409,-0.0909185795843943,-0.113682258660001,0.00116829253787408,0.572246617618035,0.745942718106449,0.399884449084694
"BTC",2022-09-08,2022-09-09,-0.0695242563942167,-0.0919002017081185,-0.0897183648570134,-0.113988403155591,0.00114264191938159,0.594903530035793,0.735883969619492,0.852350589042241
"BTC",2022-09-09,2022-09-10,-0.066804531893937,-0.0900387902433351,-0.0882124171760718,-0.111625422455025,0.00102240957436288,0.999996998498097,0.556038929931821,0.583342478427355
"BTC",2022-09-10,2022-09-11,-0.0747262019700344,-0.0980117099451155,-0.0961310715203915,-0.120168177230564,0.00132956458547778,0.459840981197255,0.795846253258348,0.40567518322212
"BTC",2022-09-11,2022-09-12,-0.0715463244574147,-0.0950520214805555,-0.0929472568353351,-0.116278911480444,0.00120232307288059,0.651248737672006,0.710868986924238,0.633203519399875
"BTC",2022-09-12,2022-09-13,-0.0695619742533261,-0.0928036630435921,-0.090565316300382,-0.115103048136911,0.00112499424860191,0.778528945217407,0.654361746596843,0.829950146288089
"BTC",2022-09-13,2022-09-14,-0.0692182079398486,-0.0937412519177846,-0.0914361065872831,-0.116055224594151,0.00109339099444932,0.999998052480346,0.556038462006529,0.489897968980578
"BTC",2022-09-14,2022-09-15,-0.0787302936371979,-0.102273502068906,-0.100944201176424,-0.124820432393013,0.00148301280631864,0.369878731587376,0.83578583661647,0.589001175580092
"BTC",2022-09-15,2022-09-16,-0.0711886279063317,-0.0945276816333125,-0.0930036473667302,-0.117415444576049,0.00115816823423931,0.868135699294467,0.614579988810314,0.418247647762691
"BTC",2022-09-16,2022-09-17,-0.0771285172609361,-0.100982604928384,-0.098939585959976,-0.124178097335369,0.00141968409327137,0.426379234970329,0.810701908919852,0.499376280900283
"BTC",2022-09-17,2022-09-18,-0.083013939932567,-0.103491217908889,-0.103613383328365,-0.123086234862935,0.00144972897992175,0.412055211817764,0.502232223072673,0.684132395672952
"BTC",2022-09-18,2022-09-19,-0.0794462741894048,-0.101582581602287,-0.100837090111589,-0.119724897048536,0.00131976722349132,0.619807706429534,0.445369833310419,0.447658133933719
"BTC",2022-09-19,2022-09-20,-0.082604793396045,-0.103015932429896,-0.102803627837434,-0.119925596282612,0.00147225485256094,0.245305389323267,0.547872076481834,0.694117425559701
"BTC",2022-09-20,2022-09-21,-0.0770580192840486,-0.0985776707474581,-0.0980481783402809,-0.116722687944471,0.00124405022833724,0.675163642351991,0.430218771899776,0.583619129302641
"BTC",2022-09-21,2022-09-22,-0.0810099885470592,-0.101141682735917,-0.100809105632669,-0.119507859215355,0.00140874546819636,0.317190815261955,0.528196851327066,0.796774678508147
"BTC",2022-09-22,2022-09-23,-0.0750779020416854,-0.0965081953210405,-0.0964641378802186,-0.116268828965619,0.00116505163875138,0.857489032988766,0.380315845606076,0.457284285953809
"BTC",2022-09-23,2022-09-24,-0.0825917198043531,-0.102796606594426,-0.102390096785735,-0.1204483783971,0.00148075943986409,0.195659041110706,0.561460409115868,0.554360164638481
"BTC",2022-09-24,2022-09-25,-0.0786244128689585,-0.0987242197973895,-0.0984200347820672,-0.117518203843893,0.0013145284515847,0.459704502603049,0.489190490170302,0.409018872401259
"BTC",2022-09-25,2022-09-26,-0.0794060470235036,-0.0993409774409086,-0.0988022024387274,-0.116845855292237,0.0013666912753157,0.288605016201108,0.536020857729015,0.566231984935819
"BTC",2022-09-26,2022-09-27,-0.0774208913053023,-0.0966114197639349,-0.0968148928229929,-0.114801612127707,0.00127894743801601,0.444874592470408,0.493249474548214,0.389994235049994
"BTC",2022-09-27,2022-09-28,-0.0782024548048972,-0.0976494193477974,-0.0971971595502933,-0.115321375893487,0.00132912129213963,0.290017133879071,0.535634357504579,0.526249996652937
"BTC",2022-09-28,2022-09-29,-0.076612672617486,-0.0959872567192325,-0.0960005714185652,-0.11240093405768,0.00126437314156481,0.409649591276401,0.502890647574861,0.370008221683885
"BTC",2022-09-29,2022-09-30,-0.0769988356223364,-0.0971456965571911,-0.0959876696872365,-0.113942157812847,0.0012981023366819,0.299897121428711,0.532930179612787,0.340823753041554
"BTC",2022-09-30,2022-10-01,-0.0761980755125062,-0.0960813914519453,-0.0951834468065229,-0.112371922868234,0.00126939475853784,0.330196246930557,0.524637231376661,0.34172222067889
"BTC",2022-10-01,2022-10-02,-0.0761885942421296,-0.0945986394592711,-0.0947750737999156,-0.111846477433464,0.00126060790730491,0.327082332062499,0.525489517849778,0.503804805051212
"BTC",2022-10-02,2022-10-03,-0.0753894664496996,-0.0949357830303488,-0.094368381863052,-0.111160850238478,0.00123736950718735,0.380893733571027,0.510761199463282,0.793263916732456
"BTC",2022-10-03,2022-10-04,-0.0742018694201292,-0.094022549879546,-0.0935756351712946,-0.112075148417932,0.0011768575735812,0.583536280548543,0.455297415453448,0.84884766741961
"BTC",2022-10-04,2022-10-05,-0.0753881843933325,-0.0957671129312229,-0.0951573967395719,-0.114062580046807,0.00120919883786801,0.588803110889127,0.45385587050258,0.502176820322426
"BTC",2022-10-05,2022-10-06,-0.0785416800726634,-0.0982591071421309,-0.097912119460734,-0.114253080534191,0.0013437024241952,0.271693925442822,0.540649466573397,0.439362117447183
"BTC",2022-10-06,2022-10-07,-0.0769512587031132,-0.0966932753506387,-0.0963183606223683,-0.112542019552705,0.00128523883668836,0.353564332949403,0.518241326395185,0.644208593116154
"BTC",2022-10-07,2022-10-08,-0.0746590694887453,-0.0973718285949934,-0.0966562713564632,-0.115875556289097,0.00118625480904801,0.289874786272131,0.369862685481842,0.406882567168023
"BTC",2022-10-08,2022-10-09,-0.0715080716785465,-0.0914679270615063,-0.0911449159208917,-0.108384553665894,0.00111416230045564,0.19992835346187,0.416653561719498,0.301754575629614
"BTC",2022-10-09,2022-10-10,-0.0695360879536822,-0.0900962565811306,-0.0891693702644266,-0.107010557743158,0.00105851894618621,0.239424826225296,0.396107170815972,0.502609258471939
"BTC",2022-10-10,2022-10-11,-0.0722770864363407,-0.0929070115981576,-0.0926924743381062,-0.111816775225492,0.00111327414552525,0.262415830402463,0.384147060810247,0.366150035815242
"BTC",2022-10-11,2022-10-12,-0.0710908604583387,-0.0908576279219132,-0.0907175493748079,-0.108068844318245,0.00108943473484079,0.213197647990682,0.40975076525876,0.338210451843025
"BTC",2022-10-12,2022-10-13,-0.0702977748859821,-0.0905588395419518,-0.089921080673465,-0.108497372300433,0.0010649969098675,0.237301375415838,0.397211807441547,0.479566456498896
"BTC",2022-10-13,2022-10-14,-0.0718602023459085,-0.0919441301885959,-0.0918728780274538,-0.110885420216227,0.00109488804882596,0.247700812655961,0.391801934413338,0.487865927960909
"BTC",2022-10-14,2022-10-15,-0.0718521964776871,-0.0919117736456137,-0.0918615391038913,-0.110011767220386,0.00109602583977476,0.233769358515879,0.399049191765436,0.352256683352177
"BTC",2022-10-15,2022-10-16,-0.070666906178191,-0.0906946419265235,-0.0902804484411799,-0.10824763573054,0.00106891367752275,0.222097770543333,0.405120848097515,0.44552201258478
"BTC",2022-10-16,2022-10-17,-0.0710516056918928,-0.0918758480632802,-0.0910542143361626,-0.110077807176397,0.00107515986333344,0.243086567631777,0.394202302733805,0.638697403936714
"BTC",2022-10-17,2022-10-18,-0.0726136365243946,-0.0940884367303024,-0.093397765896295,-0.112501238244087,0.00110988151992956,0.25967462612322,0.385573057886115,0.558214414344345
"BTC",2022-10-18,2022-10-19,-0.0722135364748895,-0.0921251647845533,-0.0922100774592404,-0.110213281930532,0.00109962506984633,0.224789717687989,0.403720474989338,0.539101278052065
"BTC",2022-10-19,2022-10-20,-0.0714215344927329,-0.0922351518419037,-0.0918068160137241,-0.109146269113326,0.00108101530158038,0.241102468835242,0.395234447292865,0.352168712680552
"BTC",2022-10-20,2022-10-21,-0.0706293090322183,-0.0911376840788604,-0.0902271202717876,-0.108767596658173,0.00106565307597543,0.215602029498644,0.40849998616667,0.381487320383504
"BTC",2022-10-21,2022-10-22,-0.0706215671569659,-0.0910227349310576,-0.0906080305574113,-0.107926006077806,0.00105871560634082,0.233919048724639,0.398971321684175,0.250743648107182
"BTC",2022-10-22,2022-10-23,-0.0702215804779531,-0.0907487658750191,-0.0898127367261833,-0.107837820451161,0.0010533145991277,0.214475563093649,0.409085983281788,0.753547997048594
"BTC",2022-10-23,2022-10-24,-0.0729584349470652,-0.0946384506723374,-0.0945061179172481,-0.113272111372895,0.00110057420129257,0.301283162012524,0.363927954323938,0.642656861820619
"BTC",2022-10-24,2022-10-25,-0.0729505639108939,-0.0927632598514546,-0.0929279440766592,-0.110798567552239,0.00111569315266532,0.205731333741779,0.413634803514161,0.943147929671245
"BTC",2022-10-25,2022-10-26,-0.0682519912577451,-0.0978186692389054,-0.0976318047520826,-0.122272182597844,0.00100332981427846,0.6175630264054,0.199396560149725,0.922346134815916
"BTC",2022-10-26,2022-10-27,-0.0866635317914799,-0.111377854034839,-0.11134264999818,-0.132818045783438,0.00150162496156607,0.251763944227684,0.389688259856495,0.849291826379715
"BTC",2022-10-27,2022-10-28,-0.0673333308149361,-0.0902686892492326,-0.0903739106182726,-0.109803783989811,0.000853394962486936,0.47017973531237,0.283096484412612,0.695076768488609
"BTC",2022-10-28,2022-10-29,-0.0727940362239504,-0.092454519984257,-0.0923173414248679,-0.109227050803992,0.00104649934035549,0.167783238052705,0.444244597325503,0.50923594487096
"BTC",2022-10-29,2022-10-30,-0.0681013777708468,-0.0871766939794639,-0.0868407628356711,-0.104860738781358,0.00090801400846233,0.235941233508128,0.407922971754109,0.4533206650668
"BTC",2022-10-30,2022-10-31,-0.0684842746721425,-0.0880452949562194,-0.0872205127168565,-0.105136506311174,0.000922387769020023,0.210440645493848,0.421512321081596,0.368979829364614
"BTC",2022-10-31,2022-11-01,-0.0680862783035702,-0.0869135787913901,-0.0868192776906036,-0.102444671178553,0.000907785809835029,0.200505855754612,0.426806604028563,0.273856395204867
"BTC",2022-11-01,2022-11-02,-0.0676882983418101,-0.0865382168334511,-0.0860278062004025,-0.102696420412525,0.000898011902814157,0.1878036471512,0.433575653818541,0.645684747886367
"BTC",2022-11-02,2022-11-03,-0.0680722404189069,-0.0887335618444356,-0.0883598916344266,-0.10657230485436,0.000869654412565456,0.327646461943856,0.359052946338525,0.336965720594233
"BTC",2022-11-03,2022-11-04,-0.069234836486792,-0.0872063873603292,-0.0871785071356216,-0.104153183257841,0.000938431840636538,0.138947598284339,0.459611206976798,0.91653195056605
"BTC",2022-11-04,2022-11-05,-0.0286673203584333,-0.0366963051895597,-0.034519456584976,-0.0467308487871828,0.000227297225410731,0.988198125241825,0.00704273793146588,0.480885193613848
"BTC",2022-11-05,2022-11-06,-0.0727452638295609,-0.0912444082255742,-0.0906888278802064,-0.106883123469038,0.00109137671359432,0.00172798823786362,0.532735999803497,0.625750647440407
"BTC",2022-11-06,2022-11-07,-0.064937867905279,-0.0859602117444041,-0.0856090372890558,-0.103913984670344,0.000799005541221146,0.401243761788454,0.319832697119643,0.710465042038439
"BTC",2022-11-07,2022-11-08,-0.0719519430524699,-0.0922399333921231,-0.092230428476816,-0.109271667659761,0.000990819665451704,0.242663194466722,0.404340816096328,0.89172476309919
"BTC",2022-11-08,2022-11-09,-0.0403872702953761,-0.048152598066757,-0.0481974962368954,-0.0555956732812056,0.000423990784197181,0.9999999959524,0.000753481240050147,0.744237356470887
"BTC",2022-11-09,2022-11-10,-0.0612143798861478,-0.0732629074530401,-0.0729705599018023,-0.0846462062856837,0.00098012264461881,0.99999956463235,0.000753711091959159,0.773191900108492
"BTC",2022-11-10,2022-11-11,-0.164093938587081,-0.189134058857233,-0.192350846799823,-0.204616122891661,0.00742375518098266,0.0362227477553582,0.514353626158292,0.636299439380499
"BTC",2022-11-11,2022-11-12,-0.0867792794510658,-0.109081093605707,-0.108364205684574,-0.130085341353337,0.00183930216686105,0.346827528137828,0.34883129149521,0.475836948235794
"BTC",2022-11-12,2022-11-13,-0.0746046049615227,-0.0917000239158976,-0.0903000689899011,-0.106760046938833,0.0014160209076906,0.246667608740977,0.402206850228782,0.526754933508269
"BTC",2022-11-13,2022-11-14,-0.0793085013992948,-0.099265501403398,-0.0985338024611514,-0.116311194660425,0.00155980329452292,0.370487188820853,0.336222978549194,0.48934740365264
"BTC",2022-11-14,2022-11-15,-0.0765558440922248,-0.0955135177846913,-0.0942096632484773,-0.110738119436183,0.00146829212068616,0.262614818157257,0.393708528565177,0.450952056525756
"BTC",2022-11-15,2022-11-16,-0.0734102896436219,-0.0897295354119645,-0.0894925799869653,-0.106914125904379,0.00134381301778147,0.315036839981758,0.365772656395193,0.430834922601447
"BTC",2022-11-16,2022-11-17,-0.0724960848671333,-0.102501857539867,-0.0990983100834306,-0.130794067113566,0.00149125857967121,0.976946849210223,0.97264135810039,0.390186309360232
"BTC",2022-11-17,2022-11-18,-0.0724874031883445,-0.102175608779618,-0.099084886604179,-0.130606952170624,0.00148802482794994,0.977230039834044,0.972901514475467,0.375566246528792
"BTC",2022-11-18,2022-11-19,-0.0724787085460166,-0.101835540319386,-0.0990714430809008,-0.130348495496209,0.00148449409865327,0.976429072604883,0.972165696572731,0.367969793805858
"BTC",2022-11-19,2022-11-20,-0.0720791262443539,-0.102514809888486,-0.0990581743346756,-0.130010506422299,0.00148048612153997,0.974648897995463,0.970530318370081,0.549602749823027
"BTC",2022-11-20,2022-11-21,-0.0720752263343876,-0.101672118592333,-0.0986611264089002,-0.130125777146991,0.00147282579379753,0.966055897612092,0.962636258176229,0.616732482134161
"BTC",2022-11-21,2022-11-22,-0.0716811330729957,-0.101797708996312,-0.098265298929548,-0.130133209006717,0.00146429149438437,0.956595315480226,0.953945183873199,0.592484453915887
"BTC",2022-11-22,2022-11-23,-0.0716774855287655,-0.100863807660076,-0.0982596266260718,-0.128967189255324,0.00145524258305381,0.947714678777269,0.945786883213916,0.590694025536027
"BTC",2022-11-23,2022-11-24,-0.0712828699875256,-0.100926091474168,-0.0978629393506178,-0.12896610517394,0.00144542629187878,0.938405941635036,0.937235303084611,0.394764644339146
"BTC",2022-11-24,2022-11-25,-0.0712745421923747,-0.100294432486062,-0.0974591359003805,-0.12953803056652,0.0014375307706315,0.933787741118797,0.932992739226122,0.352516889139736
"BTC",2022-11-25,2022-11-26,-0.0708754965520496,-0.100445554448099,-0.0974462603197122,-0.12851515084011,0.00142687511929849,0.926119935799576,0.925948620286968,0.342065548715528
"BTC",2022-11-26,2022-11-27,-0.0704766387808447,-0.100275739489636,-0.0970427869445384,-0.128272509078279,0.00141273325500906,0.915021247360463,0.915752680486857,0.323904815913372
"BTC",2022-11-27,2022-11-28,-0.0700778847249135,-0.0996821593889138,-0.0966393989000872,-0.127471538655133,0.00139389088118672,0.899679060052628,0.901658400874373,0.423717165579588
"BTC",2022-11-28,2022-11-29,-0.0696802722638593,-0.0987720525654467,-0.0958471833303459,-0.127441597115152,0.00137193889452369,0.881165230209485,0.88465045479266,0.456933856452055
"BTC",2022-11-29,2022-11-30,-0.0688929327552366,-0.0984890830347986,-0.0950562254239333,-0.126891055395604,0.00134570831247381,0.859090516306678,0.864371260967875,0.807723763597627
"BTC",2022-11-30,2022-12-01,-0.0708510916808992,-0.100786294193652,-0.0974080834050909,-0.129215369221939,0.00142336914241559,0.932103519143967,0.931445509032249,0.527436318011248
"BTC",2022-12-01,2022-12-02,-0.0704533252617149,-0.100056909560936,-0.0970062071551088,-0.128192998873929,0.00140318854524111,0.914720222184513,0.915476140192106,0.384898330699642
"BTC",2022-12-02,2022-12-03,-0.0696648812719949,-0.0995468598037299,-0.096213436122715,-0.127344094879125,0.00137382375919223,0.889672919017103,0.892466142510756,0.398002401962451
"BTC",2022-12-03,2022-12-04,-0.0688768031832531,-0.0984317646756088,-0.0950307393036995,-0.126917649007667,0.00133799604610818,0.859332498688331,0.86459356090985,0.449100023653828
"BTC",2022-12-04,2022-12-05,-0.0680898245435734,-0.0969152453717491,-0.093849760831495,-0.125956239294374,0.00129816620446292,0.825979745409518,0.83395366445143,0.40099440195841
"BTC",2022-12-05,2022-12-06,-0.0665216988430586,-0.0955092801179457,-0.0922774657147036,-0.123720739393196,0.00123875533757945,0.776507235793324,0.788505165507225,0.346366970504551
"BTC",2022-12-06,2022-12-07,-0.0649984710443297,-0.082822660007359,-0.0798411380892388,-0.0994292484941835,0.00114011889331442,0.355528529283247,0.279174904074227,0.456254195546828
"BTC",2022-12-07,2022-12-08,-0.0649919785130832,-0.0813166145457815,-0.0794417720553308,-0.0989910553855656,0.0011297177085297,0.327065477674827,0.2752026305544,0.681495041662077
"BTC",2022-12-08,2022-12-09,-0.0645976442224239,-0.0822393121495324,-0.0794365911507063,-0.0977364124711831,0.00112673230277861,0.264614100251566,0.266486982062874,0.39397052751267
"BTC",2022-12-09,2022-12-10,-0.0642000994784765,-0.0820589582565327,-0.07903645941795,-0.0978480413380239,0.00111526050472626,0.344324288870987,0.277611252076834,0.288565892693566
"BTC",2022-12-10,2022-12-11,-0.0638026114422346,-0.0817677910155704,-0.0786363549384131,-0.0973090138026939,0.00110262688292553,0.365528131210943,0.28057043799282,0.266751158631487
"BTC",2022-12-11,2022-12-12,-0.063795573089995,-0.0799824607644719,-0.0782364142417302,-0.096701172953961,0.00109045287601418,0.368450982779153,0.280978348080835,0.305166543196219
"BTC",2022-12-12,2022-12-13,-0.063398638130316,-0.0798638092434338,-0.0778370580765695,-0.0962131623826476,0.00107946660591356,0.360084977083589,0.279810797132736,0.840853425422668
"BTC",2022-12-13,2022-12-14,-0.0633986255332451,-0.0809073336243925,-0.0778370408874628,-0.0968909914181246,0.00109003110678645,0.208728707615241,0.258687675496295,0.384804324123215
"BTC",2022-12-14,2022-12-15,-0.0630016109561631,-0.080868551662917,-0.0774375275641339,-0.0976259538619818,0.0010802972254068,0.337839447832178,0.276706234487957,0.781484805197609
"BTC",2022-12-15,2022-12-16,-0.0629984319507849,-0.0807729150303824,-0.0774331781786663,-0.0969180922845733,0.00108130585185568,0.240134201353564,0.263070593142305,0.915024240442907
"BTC",2022-12-16,2022-12-17,-0.0637821201434092,-0.0807178058663511,-0.0782181051095475,-0.0974896626809425,0.00110805856321066,0.169367712384292,0.253194496436615,0.5434609543609
"BTC",2022-12-17,2022-12-18,-0.0633858531967642,-0.0808154781703162,-0.0778196126253682,-0.0984135641262022,0.00109878227339549,0.302225380323871,0.271735972716912,0.329017351804017
"BTC",2022-12-18,2022-12-19,-0.0629889827148715,-0.0803822982547795,-0.0774202501195808,-0.0977691204855325,0.0010845248891897,0.346255175806194,0.277880724624895,0.665433396081655
"BTC",2022-12-19,2022-12-20,-0.0629844612958546,-0.0793796064706917,-0.0774140640985377,-0.0957768086763862,0.00107757185497989,0.271246806260416,0.267412635531315,0.82398402313715
"BTC",2022-12-20,2022-12-21,-0.0629828779496818,-0.0794779703842921,-0.0774118978288984,-0.0957284978109643,0.00107988316112249,0.222728834262555,0.260641518433462,0.445238689579184
"BTC",2022-12-21,2022-12-22,-0.0625863632176882,-0.0794118032875591,-0.0770129506827887,-0.0961400068996638,0.00106925320965558,0.323425619900623,0.274694655835057,0.303533809346147
"BTC",2022-12-22,2022-12-23,-0.0621899057413495,-0.0790447959119113,-0.0766140329104152,-0.0954652798568665,0.00105578901351154,0.348663669478591,0.278216851466428,0.275553107605512
"BTC",2022-12-23,2022-12-24,-0.0617935758491452,-0.078703601979076,-0.0762152406711084,-0.0946728173009099,0.00104264440394503,0.352650251600096,0.278773214670688,0.277723005953876
"BTC",2022-12-24,2022-12-25,-0.0613975195645396,-0.0784499628937918,-0.075427066281805,-0.0958703081988669,0.00103041475831901,0.351866418978309,0.278663823815121,0.253676813778303
"BTC",2022-12-25,2022-12-26,-0.0610014909427332,-0.0782483622155022,-0.0750286556320638,-0.0953130148529856,0.00101882581686612,0.354825289253157,0.279076760635918,0.263825746715004
"BTC",2022-12-26,2022-12-27,-0.0605806466591788,-0.0810753335506848,-0.078878371579898,-0.0985882144561267,0.000806683178113386,0.406552986366244,0.605114186663362,0.459373192206288
"BTC",2022-12-27,2022-12-28,-0.0625208725823151,-0.082440116046149,-0.0812048520376722,-0.101725177934396,0.000839193820568654,0.448847711438065,0.579355981424471,0.477522092864754
"BTC",2022-12-28,2022-12-29,-0.0629036394381915,-0.0835396660968536,-0.0815845226709289,-0.102344484111261,0.00086412374369531,0.397897790456745,0.610385347836324,0.352723792673968
"BTC",2022-12-29,2022-12-30,-0.0617298236476397,-0.0819604574420283,-0.0800185038883128,-0.100168018522029,0.000836303084360295,0.380251690408767,0.6211321221901,0.255170467120936
"BTC",2022-12-30,2022-12-31,-0.0613341816556477,-0.0808680553217653,-0.0792306325194405,-0.0995769898589339,0.000823166984151807,0.372391733517304,0.625918969307213,0.268786964480069
"BTC",2022-12-31,2023-01-01,-0.0613277047415446,-0.0811082682462653,-0.0792210681644177,-0.100308668272727,0.000820316362424818,0.386753570908325,0.617172366639923,0.291123976923181
"BTC",2023-01-01,2023-01-02,-0.0617104271036821,-0.0811633532302543,-0.0796008352982009,-0.100542945241372,0.000828218975190068,0.380938340330123,0.620713940736703,0.29408814737518
"BTC",2023-01-02,2023-01-03,-0.0617041763227621,-0.0810229433239833,-0.0795916354308982,-0.100362755885857,0.00082655541089394,0.382161089460977,0.619969265768022,0.215112769802915
"BTC",2023-01-03,2023-01-04,-0.0613088789403068,-0.0814514372185849,-0.0791932684061132,-0.100224242923691,0.000826085066587082,0.360842490246436,0.632952654430352,0.537260576943622
"BTC",2023-01-04,2023-01-05,-0.06169209547074,-0.0822894123838463,-0.0803513226958931,-0.10173794698323,0.000812670196887032,0.475315918681425,0.563236394092427,0.252386595228083
"BTC",2023-01-05,2023-01-06,-0.0624629588678362,-0.0823194861899124,-0.0803416649996621,-0.101095913635739,0.000866206343368313,0.303172966357773,0.668074373033106,0.428761381510582
"BTC",2023-01-06,2023-01-07,-0.060902512941693,-0.0803151279895182,-0.0791670440441656,-0.0994019434694813,0.000789197824274538,0.467088890756191,0.568246793697684,0.220188161268322
"BTC",2023-01-07,2023-01-08,-0.0624503798574989,-0.0817510784080938,-0.0803232705674603,-0.100384827883175,0.000860739638967408,0.309552964208153,0.664188846084421,0.384890493489655
"BTC",2023-01-08,2023-01-09,-0.0608903666219303,-0.0804251082637092,-0.0791489199544673,-0.0990767448402404,0.000793199296880729,0.448498776112843,0.579568488958375,0.447467031600209
"BTC",2023-01-09,2023-01-10,-0.0624382430785402,-0.0832824271735902,-0.0810823610647396,-0.100833575093269,0.000857593280956743,0.362021669057762,0.632234514525579,0.803468528876845
"BTC",2023-01-10,2023-01-11,-0.0620449349001171,-0.0824822431657047,-0.0814634093825889,-0.101987406852608,0.000802184632114314,0.559968816490881,0.511681342909563,0.937622643323292
"BTC",2023-01-11,2023-01-12,-0.0647603361249633,-0.0871741106397986,-0.086118997523469,-0.108367596008444,0.000856519775557711,0.672419765039484,0.44319680714052,0.973846522817008
"BTC",2023-01-12,2023-01-13,-0.0783706785197301,-0.11307329414178,-0.112167632515867,-0.142861827383158,0.00128886450553361,0.999494090848114,0.244002992823379,0.927341605660005
"BTC",2023-01-13,2023-01-14,-0.0842130820259251,-0.116455763436653,-0.115298634106325,-0.144904313336892,0.00150440690492756,0.867192773580496,0.324576739969581,0.899761816672047
"BTC",2023-01-14,2023-01-15,-0.0881194338623634,-0.121564825017597,-0.120769748485857,-0.150112232087103,0.00168896988407261,0.875419793756161,0.319566345083944,0.504219835465925
"BTC",2023-01-15,2023-01-16,-0.0562881693523709,-0.075737154778755,-0.071077509579239,-0.0944757868645871,0.000981381945557576,0.344824467887028,0.325617837626758,0.525307338208161
"BTC",2023-01-16,2023-01-17,-0.0558946355843676,-0.0739816971722982,-0.0702928359521814,-0.092629837197986,0.000952805086947215,0.33641330148277,0.323826397088623,0.367584344435167
"BTC",2023-01-17,2023-01-18,-0.0551109031426966,-0.0734479295651099,-0.0691175250933769,-0.0929465282088567,0.000925077837149959,0.386956635571789,0.334591298562183,0.644158496211983
"BTC",2023-01-18,2023-01-19,-0.0547184495337392,-0.0727741093722955,-0.0687235405665354,-0.0901428826903642,0.000904724364583895,0.297205162187235,0.315475706258954,0.625323371632659
"BTC",2023-01-19,2023-01-20,-0.054325794520876,-0.0722410206386224,-0.0679402391360734,-0.090620723426461,0.000889026920124477,0.30932252105177,0.318056505025944,0.877009472513864
"BTC",2023-01-20,2023-01-21,-0.0590167753805297,-0.0788925523671631,-0.0745863821035714,-0.100642327907497,0.00110013739237507,0.390302723891959,0.335303960513313,0.499159788146789
"BTC",2023-01-21,2023-01-22,-0.0578434656746387,-0.0782818456608325,-0.0734105173340632,-0.0975112736436292,0.00105256553200906,0.375231704866198,0.332094080558961,0.386605733321074
"BTC",2023-01-22,2023-01-23,-0.0570593909242784,-0.0767632226777691,-0.0722346561807767,-0.0955585256720237,0.00101200268661726,0.382555213815831,0.333653867892038,0.41066251719639
"BTC",2023-01-23,2023-01-24,-0.0562761465867313,-0.0756339305342035,-0.0710600153753442,-0.0940142971793876,0.000975577845670563,0.371299263414226,0.331256535004358,0.489573238756928
"BTC",2023-01-24,2023-01-25,-0.0558823256143029,-0.0737281301239915,-0.0698860138083343,-0.093400693424994,0.00094555457496914,0.346921377273614,0.32606444494605,0.644440565234381
"BTC",2023-01-25,2023-01-26,-0.0554904714558293,-0.0731636344634733,-0.0694928950914433,-0.0912496453695196,0.000926839724556424,0.29436610245083,0.314871033083138,0.406788235921333
"BTC",2023-01-26,2023-01-27,-0.0547073110389561,-0.0732075312831393,-0.068707358225058,-0.0913124326695287,0.000905684480707779,0.377115459680259,0.332495289449098,0.336431782524934
"BTC",2023-01-27,2023-01-28,-0.0543132960528142,-0.0713055364992071,-0.0679221681026337,-0.0898802649655029,0.000879278804620299,0.404086223524333,0.338239619946504,0.316089358510202
"BTC",2023-01-28,2023-01-29,-0.053530595860022,-0.070856553205501,-0.0671371572869907,-0.0882881820775335,0.000853275921723231,0.414165583225723,0.340386358305927,0.784545067745782
"BTC",2023-01-29,2023-01-30,-0.0539194924981575,-0.0704453226429478,-0.0671373554551812,-0.0878590728251902,0.000858329594593632,0.242625670447306,0.303851169380906,0.877919806663819
"BTC",2023-01-30,2023-01-31,-0.0546992855071344,-0.0727825653081419,-0.0683069092406191,-0.0904705398810436,0.000900406590645577,0.202695006148885,0.29534659257184,0.617355213468798
"BTC",2023-01-31,2023-02-01,-0.0543064808725192,-0.07270919760168,-0.0683010524050462,-0.0895563129813511,0.000891459780223972,0.30752498990466,0.31767366036318,0.738371689104083
"BTC",2023-02-01,2023-02-02,-0.0543046140783066,-0.0720673355584095,-0.0679096151840781,-0.0897031044692461,0.000885323195582873,0.26236566759605,0.308055465124838,0.495162346644945
"BTC",2023-02-02,2023-02-03,-0.053911116842616,-0.0712602158448978,-0.0675139579207307,-0.0891183672802189,0.00087003552628561,0.350560734942692,0.326839568460175,0.348483716940401
"BTC",2023-02-03,2023-02-04,-0.0531288968659305,-0.0711647357186712,-0.0667294595728166,-0.0885606519151647,0.000847992335649605,0.399497981559117,0.337262399634812,0.32274044903238
"BTC",2023-02-04,2023-02-05,-0.0522737041872545,-0.069991639019765,-0.0658371156242102,-0.0871208808416359,0.000833872962523308,0.42400090826453,0.34827267888996,0.583039245553
"BTC",2023-02-05,2023-02-06,-0.051882478376243,-0.069424692155398,-0.0650566287076119,-0.0866268966380696,0.000817110266965196,0.337269244586826,0.333479702750081,0.463608020729845
"BTC",2023-02-06,2023-02-07,-0.0514905456229556,-0.0685954857289928,-0.0646625761881649,-0.0854672086604866,0.000801944079540987,0.383922265462498,0.341436854675953,0.732476810505954
"BTC",2023-02-07,2023-02-08,-0.0514882938922331,-0.0679267300745854,-0.0642718725334264,-0.0853307435908509,0.000796152634259185,0.286199810600353,0.324769286203175,0.622928840402951
"BTC",2023-02-08,2023-02-09,-0.0510969845147052,-0.0678625271157584,-0.0638787244209023,-0.08539334244827,0.000787378405698666,0.336116512271458,0.333283092412936,0.906115125422858
"BTC",2023-02-09,2023-02-10,-0.0530394207303363,-0.0704530219344675,-0.0665985044339668,-0.0879268607296482,0.000864193324461113,0.230443808355268,0.315259527299766,0.534048053941724
"BTC",2023-02-10,2023-02-11,-0.0526473970079082,-0.0699411909948434,-0.0662043096164869,-0.0880349142479389,0.000852460627605247,0.358135217256837,0.337038608722298,0.488165619795576
"BTC",2023-02-11,2023-02-12,-0.052255948573316,-0.0688304253320235,-0.065423620487938,-0.0876124440698697,0.000832965587843855,0.368985557280928,0.338889245667098,0.355935365619968
"BTC",2023-02-12,2023-02-13,-0.0514767511980906,-0.06888509884925,-0.0646422221766508,-0.0871440821696225,0.000812686014631987,0.409763826797883,0.345844398403836,0.299976175452366
"BTC",2023-02-13,2023-02-14,-0.0510849742813961,-0.0673914766649354,-0.0638610923762571,-0.0862578935265566,0.000791325779215091,0.426805368945442,0.34875100846625,0.642333422330041
"BTC",2023-02-14,2023-02-15,-0.0506950718939232,-0.0672809478955727,-0.0634698855183993,-0.0846367859650139,0.000778421146933466,0.317267488497641,0.330068197792878,0.899526964423377
"BTC",2023-02-15,2023-02-16,-0.058862980618614,-0.0816082054158032,-0.0763023156484867,-0.104692885501164,0.0011765546190531,0.757342077893378,0.405127439419893,0.700523582918812
"BTC",2023-02-16,2023-02-17,-0.0576972318817065,-0.0779448874197841,-0.0731974338072192,-0.0997476061788957,0.00108476578794934,0.366394690670147,0.338447346753486,0.770699211763718
"BTC",2023-02-17,2023-02-18,-0.0576986051083811,-0.0779675517621805,-0.0731994347946592,-0.0981372167968357,0.00107792033780528,0.263887240952626,0.320963648257099,0.444629091478642
"BTC",2023-02-18,2023-02-19,-0.0569180584373251,-0.0774856894237013,-0.072416312597642,-0.0973194348118918,0.001048957046868,0.369075666802864,0.338904614771661,0.441478441656957
"BTC",2023-02-19,2023-02-20,-0.0561382391260083,-0.0764248008414535,-0.0712467452253863,-0.0959057934246249,0.00101166637145694,0.365124785816739,0.338230751436392,0.541071968656843
"BTC",2023-02-20,2023-02-21,-0.055747219731536,-0.0747844320973799,-0.0704666600145877,-0.0939003948211626,0.000981928117847116,0.330269753191726,0.332285867594517,0.548106224610465
"BTC",2023-02-21,2023-02-22,-0.0553557212044113,-0.0734955191976406,-0.0696859260913592,-0.0929122215253657,0.000957366344578499,0.332418936768241,0.332652432929707,0.449819923281572
"BTC",2023-02-22,2023-02-23,-0.0545763747651498,-0.0732793731327167,-0.0689043732561382,-0.0918645107102086,0.000931715509695668,0.370845087836013,0.339206407704194,0.440943329264252
"BTC",2023-02-23,2023-02-24,-0.0541845299278196,-0.0715880927640923,-0.0681231749124589,-0.0903886871975288,0.000905275813903624,0.375086096616171,0.3399297553149,0.758142492551178
"BTC",2023-02-24,2023-02-25,-0.0661407158997075,-0.0960634757492484,-0.0924403684078724,-0.125186867436654,0.0013748129491234,0.950426685124659,0.945697123347699,0.408668136778098
"BTC",2023-02-25,2023-02-26,-0.0653601501454771,-0.0958548843017022,-0.0920420393392652,-0.125234899252864,0.00133559086991473,0.954960344778742,0.950065720029232,0.54975091102371
"BTC",2023-02-26,2023-02-27,-0.0649686255749282,-0.09522513548799,-0.0916473851332791,-0.124197366614957,0.00132456528993703,0.94375480510405,0.939268155330357,0.353107140509965
"BTC",2023-02-27,2023-02-28,-0.064188509811464,-0.0940691396710138,-0.0904761838367607,-0.12347165217213,0.00127743862345977,0.921383718819729,0.917711562916996,0.533604166254126
"BTC",2023-02-28,2023-03-01,-0.0637963624691233,-0.0934130616009838,-0.0900803809847208,-0.122395134178825,0.00127182677309045,0.909777205809631,0.906527623651856,0.672708851138722
"BTC",2023-03-01,2023-03-02,-0.0634060996982658,-0.0929897729847046,-0.0893011483657528,-0.122465436681294,0.00126752555023021,0.896028628290151,0.893279608866868,0.416199482720123
"BTC",2023-03-02,2023-03-03,-0.062626720669211,-0.0921956692315648,-0.0885175076689199,-0.121423902713911,0.00121467070111111,0.879097292675435,0.876964714890707,0.880191171615137
"BTC",2023-03-03,2023-03-04,-0.0668852781057074,-0.097377410624353,-0.0939402705319332,-0.125776744857775,0.0013956153689656,0.998435477787023,0.991957996088844,0.432938670052288
"BTC",2023-03-04,2023-03-05,-0.0661052283399591,-0.0966257787805105,-0.0931557139282861,-0.12528418432251,0.00136987658594866,0.995588480420374,0.989214653139164,0.341896553680599
"BTC",2023-03-05,2023-03-06,-0.0657120281057082,-0.0957255946121171,-0.0923717761940785,-0.125017967644268,0.00134577302903279,0.984386698349528,0.978420709236057,0.299341701380261
"BTC",2023-03-06,2023-03-07,-0.0649324732409281,-0.0943785375102593,-0.091201500929633,-0.124023029432787,0.00130477219361246,0.958249500019311,0.95323512262346,0.429543273574277
"BTC",2023-03-07,2023-03-08,-0.0637674340930459,-0.0940659071889833,-0.0900324465258099,-0.123146430853817,0.00127169082997348,0.931377134713012,0.927341135235963,0.705645409923619
"BTC",2023-03-08,2023-03-09,-0.0641494811872602,-0.093651954430051,-0.0904117585958501,-0.122407158747808,0.00129191629142908,0.934887137826847,0.930723345001413,0.916300991282871
"BTC",2023-03-09,2023-03-10,-0.0688038617954903,-0.0996737123966227,-0.0962368732584501,-0.12842525646315,0.00144507916220812,0.986299614456565,0.980263979263997,0.486162610059265
"BTC",2023-03-10,2023-03-11,-0.06647862967924,-0.0970291976567579,-0.0935208583278505,-0.126111083112905,0.0013871360020093,0.9912312412052,0.985016053723147,0.566377647492929
"BTC",2023-03-11,2023-03-12,-0.0660877028550764,-0.0965971377629474,-0.0931269849370857,-0.125367383242692,0.00137102785979999,0.982127319880786,0.976243590962086,0.871878157240948
"BTC",2023-03-12,2023-03-13,-0.0692061741726934,-0.0994372347257462,-0.096648812591555,-0.129507851462986,0.00147807168910171,0.999426240484688,0.992912686772187,0.864041970028722
"BTC",2023-03-13,2023-03-14,-0.0785448096116313,-0.111975381309008,-0.110662154938025,-0.143353015882157,0.00177412836064889,0.961856423183494,0.956710723742172,0.665956627713792
"BTC",2023-03-14,2023-03-15,-0.070416141815839,-0.100588117987337,-0.0978884880140098,-0.130664995883631,0.00155338097302213,0.973327560827598,0.967764216432191,0.520451324326632
"BTC",2023-03-15,2023-03-16,-0.0692490481176496,-0.100451092946677,-0.0971044742645103,-0.130368916305892,0.00151219474650245,0.970869940518666,0.96539607397218,0.607427994183567
"BTC",2023-03-16,2023-03-17,-0.0719830678162948,-0.0937559093275832,-0.0936600280428992,-0.111890803490664,0.00109849171603201,0.327563316534418,0.352362769916328,0.818544612110785
"BTC",2023-03-17,2023-03-18,-0.129786097204829,-0.16349845181074,-0.166991119052644,-0.188501275767024,0.00346927767840044,0.998683348462437,0.302980504998916,0.569084431470898
"BTC",2023-03-18,2023-03-19,-0.068159342929655,-0.0873721197385727,-0.0871468655081735,-0.1041657885812,0.00107044254517871,0.116283374176346,0.36790914253061,0.719742185598706
"BTC",2023-03-19,2023-03-20,-0.0871560502055922,-0.113338624491072,-0.113509901474364,-0.13756443870867,0.00155968960639177,0.538480360606872,0.336843100035426,0.506944730165089
"BTC",2023-03-20,2023-03-21,-0.0654465594823082,-0.0842964192270161,-0.0840464564777287,-0.099965783119333,0.000983314234678464,0.179269842908042,0.363274480566811,0.45197418340548
"BTC",2023-03-21,2023-03-22,-0.0646657949564761,-0.0839223683078189,-0.0832630672765497,-0.100546496336306,0.000946927377492843,0.24230819452084,0.358636000963755,0.624368762152626
"BTC",2023-03-22,2023-03-23,-0.0751244603102962,-0.0981966940111295,-0.0979825832408492,-0.117163255138656,0.00118238325130575,0.378905488899524,0.348584917018859,0.725728595755326
"BTC",2023-03-23,2023-03-24,-0.0813271251621996,-0.106767577633497,-0.106124037212862,-0.12896880955347,0.00133863805758705,0.480010366245583,0.341145431382881,0.714639360761717
"BTC",2023-03-24,2023-03-25,-0.0778392163008514,-0.101680820275876,-0.101473404429908,-0.121771303309205,0.0012415350102644,0.380936246203653,0.348435490105036,0.433375088851385
"BTC",2023-03-25,2023-03-26,-0.0623349307256387,-0.0805027920775757,-0.0801544479676044,-0.0972298847341647,0.000858916571181439,0.166381455213317,0.36422283219576,0.531036033656333
"BTC",2023-03-26,2023-03-27,-0.0681414099324479,-0.0892810392813037,-0.0886706334907747,-0.106664429317736,0.000976158612064581,0.292420549374395,0.354948640334831,0.695609468725535
"BTC",2023-03-27,2023-03-28,-0.0766618329528286,-0.10079956835868,-0.100289297126997,-0.120628765636521,0.00117252358662099,0.453366432735077,0.343105941754293,0.430086626678091
"BTC",2023-03-28,2023-03-29,-0.0623242112142886,-0.0816078628060453,-0.0809133188539144,-0.0967922238360608,0.000833005836252215,0.15664725763086,0.364939092627436,0.74736305448248
"BTC",2023-03-29,2023-03-30,-0.0820805829517482,-0.108409867249668,-0.108030302994278,-0.130127862504485,0.00129401242856444,0.673474852456079,0.32690995329305,0.522065919337052
"BTC",2023-03-30,2023-03-31,-0.0650329446833955,-0.0842176673412807,-0.0840083232859649,-0.101639492801708,0.00087926376163038,0.161427661076304,0.364587341616999,0.533453645324555
"BTC",2023-03-31,2023-04-01,-0.0665771900250764,-0.0872421407363435,-0.0867120840746899,-0.103902475094462,0.000904310523029535,0.261007002176075,0.35726010778617,0.366301508308685
"BTC",2023-04-01,2023-04-02,-0.0619243611542124,-0.0806393593644622,-0.0801201945174058,-0.0971629364934173,0.000791174900741776,0.169462103689542,0.363996152329368,0.421053097423536
"BTC",2023-04-02,2023-04-03,-0.0642411969326968,-0.0830998777298069,-0.0832084905345093,-0.100022656854761,0.000824675816564331,0.217082259154778,0.360492172384324,0.426293563655873
"BTC",2023-04-03,2023-04-04,-0.0638480693757313,-0.0834272096000441,-0.0828125034926211,-0.100266327687134,0.000811464357935454,0.201774303801459,0.361618560318879,0.402920319909257
"BTC",2023-04-04,2023-04-05,-0.0634552376929705,-0.0822420584633432,-0.0820299253136486,-0.0995695273844765,0.000791013989506226,0.189394747303203,0.362529471198413,0.323664390311179
"BTC",2023-04-05,2023-04-06,-0.0603804656121269,-0.0809522762707016,-0.0801274095017189,-0.0979641961052551,0.000719773296853376,0.11494248656565,0.290829820918273,0.32109091333546
"BTC",2023-04-06,2023-04-07,-0.0607614249772612,-0.0805498950625702,-0.0805050388535783,-0.0980178990347919,0.00071323219807623,0.119277763554724,0.290745416186434,0.30693587862509
"BTC",2023-04-07,2023-04-08,-0.0603681081133219,-0.0807162876018158,-0.0801083828765747,-0.0984324992332508,0.000700497811924362,0.1124332912259,0.290878673150856,0.281106672590667
"BTC",2023-04-08,2023-04-09,-0.0599749388316869,-0.0805862860321649,-0.0800988824726071,-0.0967018537288699,0.000687027827387444,0.104224074515648,0.291038500708999,0.489460032393372
"BTC",2023-04-09,2023-04-10,-0.0626788055234919,-0.0843938798614886,-0.0835739928777963,-0.102658954465196,0.000737515163279329,0.187888329054821,0.28940961771336,0.890893579341624
"BTC",2023-04-10,2023-04-11,-0.0847457948410173,-0.113366531541182,-0.113772106589289,-0.138034463898411,0.00128534654138834,0.881762166388504,0.275900392047307,0.700920627308839
"BTC",2023-04-11,2023-04-12,-0.0653905055358833,-0.0871465193117113,-0.0866742087465154,-0.106524329376426,0.000824822795664819,0.178176337826117,0.289598703212936,0.511117566151533
"BTC",2023-04-12,2023-04-13,-0.0622887938576127,-0.0824846805725435,-0.0824084842272025,-0.100802491788617,0.000750639620346371,0.144615822305854,0.290252102365979,0.562038628446956
"BTC",2023-04-13,2023-04-14,-0.0634445780139318,-0.0850964999934625,-0.0843354857562864,-0.103644417356555,0.000774009477521008,0.193338420857548,0.289303508337127,0.344605089003322
"BTC",2023-04-14,2023-04-15,-0.0603436154242338,-0.0804644861398257,-0.0800706719108359,-0.097873175834544,0.000701598762221216,0.105387169781161,0.291015856078855,0.304136786596504
"BTC",2023-04-15,2023-04-16,-0.0603375564504489,-0.080532492648824,-0.0800613430146908,-0.098359961078348,0.000693901955746032,0.110412799021092,0.290918010684112,0.270626279673945
"BTC",2023-04-16,2023-04-17,-0.0599448027443329,-0.0805152963504068,-0.0800519862083291,-0.0967949266789863,0.000681630986031181,0.102175936147089,0.291078376493223,0.791579621904283
"BTC",2023-04-17,2023-04-18,-0.0703825628140581,-0.09460292960167,-0.0943552217680287,-0.114771063711982,0.000905432146160172,0.536106061738678,0.282630068350577,0.863750715766848
"BTC",2023-04-18,2023-04-19,-0.0719285252025404,-0.0961290267277441,-0.0959008550984389,-0.118096495561811,0.000950292698388008,0.515709518308167,0.283027174413934,0.925407442287112
"BTC",2023-04-19,2023-04-20,-0.0916645204875582,-0.122480411286589,-0.122990972941978,-0.148395168165163,0.00152347890887929,0.903786793894399,0.275471588355369,0.7052404084747
"BTC",2023-04-20,2023-04-21,-0.0661343183483565,-0.0875070160600473,-0.0874028827303564,-0.10631336508223,0.000866415908344423,0.162810825833614,0.28989785870463,0.829210299027095
"BTC",2023-04-21,2023-04-22,-0.0758020311727488,-0.101421965169693,-0.100937695969787,-0.123906336401961,0.00110017520354487,0.519720847016704,0.282949076722641,0.686126675573592
"BTC",2023-04-22,2023-04-23,-0.0661303500941662,-0.088086055381673,-0.0873969212891299,-0.107346878703313,0.000871757797532192,0.199124636430083,0.28919085487231,0.454398513515271
"BTC",2023-04-23,2023-04-24,-0.0618710465174475,-0.0816197034360751,-0.0815878569107245,-0.0990534999157258,0.00076664206236249,0.131167070385122,0.290513939914606,0.339782647845663
"BTC",2023-04-24,2023-04-25,-0.0607052139761119,-0.0808116076636505,-0.0804188094120248,-0.0974290546431869,0.000734859132641263,0.120740702691806,0.290716933811288,0.740022861195814
"BTC",2023-04-25,2023-04-26,-0.0710737350049117,-0.0934250480159944,-0.0934608803146694,-0.113699946429993,0.000946790992830624,0.497020126338101,0.322252065861044,0.398739363362603
"BTC",2023-04-26,2023-04-27,-0.0598741911009452,-0.0783717903712379,-0.0783984183170123,-0.0948125500946351,0.000699858609177831,0.123800150246391,0.335352248712335,0.830230842607514
"BTC",2023-04-27,2023-04-28,-0.0780162505815626,-0.103632650687913,-0.103488826291074,-0.125044159132259,0.00112196974314978,0.81840071429514,0.31097146799171,0.432890784439135
"BTC",2023-04-28,2023-04-29,-0.0598707012175051,-0.0789895474233145,-0.0783931368356565,-0.0958270672814768,0.00071167081762286,0.112105768642582,0.335762726572998,0.343071015533892
"BTC",2023-04-29,2023-04-30,-0.0598647495261422,-0.0789107194249116,-0.0783841297305458,-0.0959266477847789,0.00069614157608064,0.152850848679103,0.334332556611683,0.325065737478571
"BTC",2023-04-30,2023-05-01,-0.0598589456458806,-0.0792152300244107,-0.0787611046655107,-0.0948489444947292,0.000685676887782878,0.146439320168199,0.334557604040089,0.860946867538709
"BTC",2023-05-01,2023-05-02,-0.0833973349141993,-0.110447382718183,-0.110403649685194,-0.134781708094858,0.00125503362240327,0.964183639082144,0.305854424174001,0.728458695287486
"BTC",2023-05-02,2023-05-03,-0.0660321985889024,-0.0875383053316424,-0.0868637013710007,-0.105293952747289,0.000848768369155368,0.209108988583368,0.332357871528272,0.552323160330711
"BTC",2023-05-03,2023-05-04,-0.062169254652956,-0.0814123077116183,-0.0814550408254728,-0.0985735329975386,0.000751183630087417,0.180191381088024,0.333372892079363,0.398924896431824
"BTC",2023-05-04,2023-05-05,-0.0602348437903684,-0.0795174853172198,-0.0791318901122235,-0.0956346223144866,0.000703007511668662,0.1527969923441,0.334334446992374,0.72076860319733
"BTC",2023-05-05,2023-05-06,-0.0679450052074841,-0.0901294176962383,-0.0895402020818844,-0.108885081556775,0.000864189565347114,0.409580459285456,0.325321236056168,0.756301665984028
"BTC",2023-05-06,2023-05-07,-0.0671697599269315,-0.088800699965586,-0.0883773784749369,-0.107263630722135,0.000848478935393144,0.32957431237971,0.328129486473705,0.417856533935262
"BTC",2023-05-07,2023-05-08,-0.0598376742368337,-0.079402946427372,-0.078728685673113,-0.0951351895651162,0.000690049591039688,0.130429587044388,0.335119552608648,0.847103948857572
"BTC",2023-05-08,2023-05-09,-0.0771884969061891,-0.102619827866479,-0.102248909815035,-0.124702290526982,0.00108708039635187,0.853473566594663,0.309740395681349,0.424829532925407
"BTC",2023-05-09,2023-05-10,-0.0598331324442671,-0.0787067383960303,-0.0783362814194727,-0.0953978191797233,0.000698715654121596,0.106886505070917,0.33594592498551,0.310503609683417
"BTC",2023-05-10,2023-05-11,-0.0594418694954249,-0.0787775176920804,-0.0783274385436744,-0.0938863138744243,0.00068031282852688,0.142025972860386,0.334712514442592,0.725821544852643
"BTC",2023-05-11,2023-05-12,-0.0683030217156121,-0.089644349998978,-0.0898848309500191,-0.108469437850303,0.000858880173697003,0.443934083004947,0.324115408980558,0.468171126656954
"BTC",2023-05-12,2023-05-13,-0.0605895503028521,-0.0800836893424789,-0.0794707178057528,-0.0968359166025698,0.000697451653962819,0.135439774170082,0.334943692869968,0.320110765212399
"BTC",2023-05-13,2023-05-14,-0.0598131641676174,-0.0782981956262274,-0.0783060620489281,-0.0948552141630631,0.000668678509537663,0.132768355778499,0.335037460812853,0.288287943336768
"BTC",2023-05-14,2023-05-15,-0.0598074683098867,-0.0784557500503889,-0.0782974421145013,-0.0951308975690427,0.000661183781597873,0.12980571583142,0.335141450758503,0.477266318964555
"BTC",2023-05-15,2023-05-16,-0.0548157000570986,-0.0819551580381076,-0.0783254485432416,-0.109635355455597,0.000965040453736202,0.936364342405975,0.934282495849629,0.409055566104211
"BTC",2023-05-16,2023-05-17,-0.0536547080337262,-0.0811530783928177,-0.076775354122045,-0.108953549805928,0.000925512560679689,0.907442635627942,0.908381613347942,0.590483044178941
"BTC",2023-05-17,2023-05-18,-0.0536508089794062,-0.0811442714708196,-0.0767684364450256,-0.1089168415401,0.000934666341530673,0.907033157640686,0.908014904656911,0.787551832771894
"BTC",2023-05-18,2023-05-19,-0.0544182002921197,-0.0820255607583938,-0.077533415478891,-0.109685577095486,0.000971391341032032,0.90904154905163,0.90981352291798,0.36190191652472
"BTC",2023-05-19,2023-05-20,-0.0536427919017301,-0.0817067910580592,-0.0771394029424659,-0.10866455898189,0.000929181918175926,0.913856340038056,0.914125416976194,0.39803849435399
"BTC",2023-05-20,2023-05-21,-0.0524828539452099,-0.0796364101433222,-0.0755907576570721,-0.106303343410716,0.000882518313708953,0.866723402082749,0.8719154361715,0.556866787761003
"BTC",2023-05-21,2023-05-22,-0.0520936121590215,-0.07922695225299,-0.0748130849123964,-0.106580626892798,0.000879250953719673,0.852704658671595,0.859360927245029,0.316603791116204
"BTC",2023-05-22,2023-05-23,-0.0505489914338062,-0.077782410262298,-0.0732647989817969,-0.10381803085466,0.000815222679125143,0.806390617376233,0.817884310703138,0.614451377524962
"BTC",2023-05-23,2023-05-24,-0.0524703611598722,-0.0791400886158818,-0.0751832395279695,-0.106540464482954,0.000890041315445296,0.872082119284606,0.876714444254609,0.922309710892158
"BTC",2023-05-24,2023-05-25,-0.057474934311436,-0.0854998923862972,-0.0809577690845684,-0.11190142564761,0.00105912245002297,0.948977754303867,0.945578457807201,0.463731360753332
"BTC",2023-05-25,2023-05-26,-0.0559300613907924,-0.083307997798284,-0.0797941370280495,-0.111151378928928,0.00100548835817362,0.963606394581327,0.958679160884439,0.458528538961928
"BTC",2023-05-26,2023-05-27,-0.0547708067572108,-0.0829793604275712,-0.0786313847501165,-0.110050869144096,0.000972219066496378,0.942504285884355,0.939781132421151,0.342885701882417
"BTC",2023-05-27,2023-05-28,-0.0536116082481583,-0.0809121758861431,-0.0766988867605537,-0.108689986182119,0.000919218002214097,0.901899054224562,0.903417049822371,0.922610152833537
"BTC",2023-05-28,2023-05-29,-0.0601595758278995,-0.089103246669854,-0.0851753146404536,-0.117702835196307,0.00116610007050459,0.999998734668336,0.991270381443766,0.628337593964321
"BTC",2023-05-29,2023-05-30,-0.0586151875749871,-0.087539379240483,-0.0836273652694297,-0.115575367391904,0.00111908396841427,0.994678605565806,0.986505930997048,0.350017399111596
"BTC",2023-05-30,2023-05-31,-0.0574553649969351,-0.0861170819364097,-0.082078779727751,-0.113950836261109,0.00107042755942107,0.984877049366225,0.977728131076476,0.670096912087822
"BTC",2023-05-31,2023-06-01,-0.0574515114781469,-0.0863328606663101,-0.0820721076352207,-0.114170186531278,0.00107683385357678,0.992158901866428,0.98424940616753,0.655911251225255
"BTC",2023-06-01,2023-06-02,-0.0570624484570532,-0.085224248011733,-0.0812951677877647,-0.113494868077584,0.00105524814804841,0.981512439674554,0.974714949283409,0.691712965343924
"BTC",2023-06-02,2023-06-03,-0.0566740503005911,-0.0846299569182671,-0.0809040051339179,-0.112449324592828,0.00104099520862415,0.970253209143362,0.964631726696098,0.437162671635826
"BTC",2023-06-03,2023-06-04,-0.0558998814231602,-0.0833119115924327,-0.0797415479826545,-0.111227083741545,0.00100227118317525,0.957785773266397,0.953466493806321,0.305567372097934
"BTC",2023-06-04,2023-06-05,-0.0509448970466415,-0.0775803279139722,-0.0728994834578279,-0.104120182510912,0.000814891214476993,0.916708151381022,0.916313915953666,0.913316229423555
"BTC",2023-06-05,2023-06-06,-0.0594277337601829,-0.0877168334580567,-0.0840848190552559,-0.115652681785243,0.0011050991943746,0.99999999975194,0.990683064187964,0.915199663889695
"BTC",2023-06-06,2023-06-07,-0.0663761335282279,-0.0959559157654701,-0.092968042503269,-0.123652040295012,0.00133690744685498,0.969895691710514,0.963803702149392,0.833056605918598
"BTC",2023-06-07,2023-06-08,-0.0636782955860578,-0.0932157425326502,-0.0891139657066671,-0.120890495057833,0.00128802862168517,0.954672703792562,0.950211487938974,0.488584854390403
"BTC",2023-06-08,2023-06-09,-0.0605894411097207,-0.0899559221073152,-0.0860211422829648,-0.11858018645753,0.00117312040880935,0.965594728333973,0.959963482618233,0.359295845393668
"BTC",2023-06-09,2023-06-10,-0.0582717753402587,-0.0867752836712588,-0.0829287479762263,-0.114924226302816,0.00107184435595278,0.937614814783768,0.934980937758242,0.666301051051736
"BTC",2023-06-10,2023-06-11,-0.059424558295767,-0.0875982736045469,-0.0840794465127577,-0.11623092143515,0.0011206940638172,0.997791457497986,0.988711113637238,0.389761948418008
"BTC",2023-06-11,2023-06-12,-0.0574928896285085,-0.0859783215728955,-0.0817585812388882,-0.113921497464122,0.0010511876788445,0.989557821673582,0.981359512068673,0.319292912873888
"BTC",2023-06-12,2023-06-13,-0.0555618356207346,-0.0834477227502604,-0.0794384455354909,-0.110294058559264,0.000975146756646115,0.958883679573285,0.953971359861291,0.299741411006662
"BTC",2023-06-13,2023-06-14,-0.0524762923341956,-0.079747565472931,-0.0751938678739047,-0.106689296396361,0.000860966175550019,0.870453082948992,0.875013955536287,0.789165196366885
"BTC",2023-06-14,2023-06-15,-0.0567110915906783,-0.0848425673319682,-0.0805833043170397,-0.112138836309293,0.00102251071207168,0.999990219313934,0.990674331486529,0.705111137748293
"BTC",2023-06-15,2023-06-16,-0.0559376762091461,-0.08411171171012,-0.0798074059630251,-0.111135331795562,0.000999348685163136,0.990507225408365,0.982207210234426,0.83212344020721
"BTC",2023-06-16,2023-06-17,-0.0574772505406234,-0.0845749951991411,-0.0809617000563893,-0.112409639353069,0.00103930700811912,0.979486333054349,0.972366939029253,0.479844475396971
"BTC",2023-06-17,2023-06-18,-0.0555474554082703,-0.0835191309841729,-0.0794132583754777,-0.110246891542804,0.000980821900185488,0.979429324717422,0.972316037752088,0.380454514538044
"BTC",2023-06-18,2023-06-19,-0.0543878482921036,-0.0811012337986191,-0.0774801563090514,-0.108250754293552,0.000927272435063155,0.958457339498948,0.953590691779039,0.589099315802749
"BTC",2023-06-19,2023-06-20,-0.0539994664777029,-0.0817710734225044,-0.077089091681312,-0.108803421895001,0.000931625267756752,0.970163907997958,0.964043185570998,0.904366295192891
"BTC",2023-06-20,2023-06-21,-0.0620939051083361,-0.0908977293690484,-0.0875011622535968,-0.119749857606509,0.00120373602190137,0.997887639471496,0.988796992046534,0.899408905304239
"BTC",2023-06-21,2023-06-22,-0.0717393766765207,-0.102410170040356,-0.099853955511876,-0.131563009480662,0.00153159987135913,0.958221265879337,0.95337990771848,0.490486148783328
"BTC",2023-06-22,2023-06-23,-0.063645332274623,-0.0942495387623137,-0.0902151936779398,-0.123176556892058,0.00130975178801151,0.980505732140093,0.973277134242835,0.635792060332702
"BTC",2023-06-23,2023-06-24,-0.0624871999187866,-0.0923369502740085,-0.0886700144754179,-0.120649844637551,0.00125924068511271,0.969851005763297,0.963763803216932,0.405157658791445
"BTC",2023-06-24,2023-06-25,-0.0554949144277317,-0.0732294484184341,-0.0727882094775958,-0.088314247345716,0.00067485737253156,0.196902744832089,0.373314705620553,0.346600117857946
"BTC",2023-06-25,2023-06-26,-0.0554897235238431,-0.0729025454107467,-0.0723959546460807,-0.0897437475427117,0.000656291466139598,0.210046066528598,0.373515332065856,0.368662807430941
"BTC",2023-06-26,2023-06-27,-0.0562530748042121,-0.0740057547232797,-0.0735408151421458,-0.0907832376843656,0.000656985032851034,0.213384100868532,0.373566285544693,0.488616600128789
"BTC",2023-06-27,2023-06-28,-0.0585535905618348,-0.0782005578868774,-0.0769914515433263,-0.0947356768786603,0.000698012096344319,0.254966996480845,0.374201028323174,0.622905252873744
"BTC",2023-06-28,2023-06-29,-0.0616223723392461,-0.0820038443454547,-0.0808263480598545,-0.0999226765972941,0.000755204850513083,0.326560078663289,0.37529386207694,0.520780891140541
"BTC",2023-06-29,2023-06-30,-0.0577769316925191,-0.0768677545431384,-0.0758262017668124,-0.0936400238229964,0.000667539290450279,0.221333968885318,0.373687636432822,0.338957428716326
"BTC",2023-06-30,2023-07-01,-0.0550836799785588,-0.0731326456244198,-0.0723621007319454,-0.088809715733018,0.000604243762819254,0.168182092727195,0.37287629876484,0.308980733811039
"BTC",2023-07-01,2023-07-02,-0.055462603479954,-0.0728681827317921,-0.0727382743764848,-0.0886115070671,0.000598850339032497,0.170852170794521,0.372917056214417,0.28242276845655
"BTC",2023-07-02,2023-07-03,-0.055073661846807,-0.073088544316843,-0.0723465511164041,-0.0887782721613299,0.000586923200347628,0.158969748336104,0.372735676785802,0.617548830397716
"BTC",2023-07-03,2023-07-04,-0.0612111619432806,-0.0806431344540509,-0.0800174231423372,-0.0989081606235436,0.000706587262454924,0.372583693042008,0.37599639027841,0.524443549622465
"BTC",2023-07-04,2023-07-05,-0.0573683278982206,-0.0762679449944021,-0.0754043967352827,-0.0924548537352513,0.000627439122136524,0.208681196182182,0.373494497980514,0.48031904989816
"BTC",2023-07-05,2023-07-06,-0.0569797259428386,-0.0757377194064814,-0.0750131563629539,-0.0913315678600468,0.000615671346102555,0.202310450749535,0.373397251634453,0.67697685376252
"BTC",2023-07-06,2023-07-07,-0.0608123460255628,-0.0807342643309597,-0.0799946288524619,-0.0972783736103876,0.000694062611836854,0.377651993517283,0.376073755432483,0.575736063062348
"BTC",2023-07-07,2023-07-08,-0.0577386275752791,-0.0766599482070504,-0.0757675553500212,-0.0933606143392955,0.000628246745355735,0.223158765205964,0.373715491065591,0.323717949062066
"BTC",2023-07-08,2023-07-09,-0.0550485178149279,-0.0734759356271129,-0.0723075238767391,-0.0895096906908577,0.000572663336378279,0.140730984779693,0.372457270886324,0.282803189016505
"BTC",2023-07-09,2023-07-10,-0.0554270783562036,-0.0729558255526119,-0.0726833719125069,-0.0888614071903631,0.000570569389095649,0.144363194145301,0.37251271480457,0.377911718635986
"BTC",2023-07-10,2023-07-11,-0.0561892826424747,-0.0747567430808072,-0.0738264678939545,-0.0908173091022628,0.000586033088229428,0.174546092704002,0.372973442144781,0.390105710834203
"BTC",2023-07-11,2023-07-12,-0.0561845205116873,-0.074295572735965,-0.0738191133606082,-0.0900505366272765,0.000581216826695886,0.166787683010936,0.372855013775312,0.407195464837612
"BTC",2023-07-12,2023-07-13,-0.0561796822282347,-0.0746689813900372,-0.0738116412187082,-0.0906902128158947,0.000580824274959389,0.169658998304557,0.372898843013765,0.914407113481602
"BTC",2023-07-13,2023-07-14,-0.0753468396986064,-0.099929997475009,-0.0987292506373907,-0.120472560692446,0.00104242849244275,0.993092869536992,0.385468162577124,0.929491245647591
"BTC",2023-07-14,2023-07-15,-0.0785414049808686,-0.100322230142094,-0.0997061465028904,-0.118631254682102,0.00116512713684231,0.980455965974594,0.441482502519877,0.41517230773326
"BTC",2023-07-15,2023-07-16,-0.0541992349865428,-0.0709850135493933,-0.0711280972443391,-0.0860124467398444,0.000553428365249071,0.159385361200993,0.325410076544169,0.296999112090115
"BTC",2023-07-16,2023-07-17,-0.0538439031170764,-0.0709603363929614,-0.0707698442834568,-0.0863640521936843,0.000539937491781576,0.126749205959764,0.320796395709237,0.289578144202109
"BTC",2023-07-17,2023-07-18,-0.0538412843087822,-0.0714796722435853,-0.0711168993274756,-0.0858945566033634,0.000535511074072566,0.124064556678286,0.320416874443729,0.460358711506455
"BTC",2023-07-18,2023-07-19,-0.0556014535856593,-0.0735597135345921,-0.073226901679077,-0.0882914748866066,0.000564100130817246,0.170066544076038,0.326920045116163,0.300776633046042
"BTC",2023-07-19,2023-07-20,-0.0538363162044839,-0.0708872850362557,-0.070753885605245,-0.0864775522603392,0.000523305616746134,0.114968940052569,0.319131052881791,0.281085418442583
"BTC",2023-07-20,2023-07-21,-0.053833721626036,-0.071197246211775,-0.0711008177607164,-0.0856181184041257,0.000519945212992854,0.113400638452775,0.318909346526343,0.278373991169162
"BTC",2023-07-21,2023-07-22,-0.0538311723862012,-0.0712179940542326,-0.0710953969633666,-0.0857113015785288,0.000515874424776401,0.110880837714141,0.318553129432456,0.351798245715242
"BTC",2023-07-22,2023-07-23,-0.0545332102017272,-0.071376760883742,-0.0717946084889244,-0.0861429251699067,0.00052249971639886,0.124771943570401,0.320516875725219,0.569048051170245
"BTC",2023-07-23,2023-07-24,-0.056292053173727,-0.0739206700403903,-0.0739032256872744,-0.0889061321779681,0.000558338783818962,0.196323327187714,0.33063189218068,0.919655549955423
"BTC",2023-07-24,2023-07-25,-0.0731983867114266,-0.0924997732019375,-0.092570457551031,-0.110816755720988,0.000990939760597046,0.962422778373521,0.438933201861977,0.384590555274757
"BTC",2023-07-25,2023-07-26,-0.0538237490084235,-0.0716533222299024,-0.0710796116198162,-0.0858771139127487,0.000526867737390227,0.146117292515004,0.323534407251612,0.323719762650413
"BTC",2023-07-26,2023-07-27,-0.0541733668805346,-0.0710853750422161,-0.0710743264621873,-0.0869947747124477,0.000522778735839862,0.120089430267779,0.319854922081356,0.329796835641839
"BTC",2023-07-27,2023-07-28,-0.0541708037156281,-0.071450441075096,-0.0714210442605407,-0.0862212199906097,0.000520749705959826,0.119125859546492,0.319718704817495,0.286953299771148
"BTC",2023-07-28,2023-07-29,-0.0538162618056098,-0.0712119790934505,-0.0710636905563619,-0.0858117534160032,0.000511615605086222,0.108114000358743,0.318161989471709,0.231946715690073
"BTC",2023-07-29,2023-07-30,-0.053461794968316,-0.0710648868167225,-0.0707063661596177,-0.0855564586682554,0.000503078921259993,0.0976359872518908,0.31668074243443,0.249233020618427
"BTC",2023-07-30,2023-07-31,-0.0538111985846764,-0.0707244771673599,-0.0707010519911672,-0.0865573432677055,0.000502986184365274,0.0999291781946144,0.31700492434327,0.214628633739175
"BTC",2023-07-31,2023-08-01,-0.0534568492105104,-0.0708964472393069,-0.0706957182339891,-0.0853786174239654,0.000496721994678328,0.0920909762370093,0.315896859931735,0.515255639161765
"BTC",2023-08-01,2023-08-02,-0.0555652445747382,-0.0726244225262729,-0.0728016014065941,-0.0883421815889808,0.000532664853040735,0.16366880257925,0.326015614520328,0.704617811964197
"BTC",2023-08-02,2023-08-03,-0.0569696864456611,-0.0744293643263222,-0.0745553221700581,-0.0895578133826378,0.000563590442411252,0.237954221036659,0.33651713373785,0.292476435526622
"BTC",2023-08-03,2023-08-04,-0.0502676226981626,-0.0658786742313529,-0.06606847103668,-0.0806462315867985,0.00042876188207206,0.0931142980079813,0.315138513692901,0.301113378969152
"BTC",2023-08-04,2023-08-05,-0.0499145950176678,-0.0661865304728215,-0.0660638873192274,-0.0794692554318739,0.000425004982212319,0.099563529399717,0.316019809634235,0.196395136148469
"BTC",2023-08-05,2023-08-06,-0.0495616571116851,-0.065240207819433,-0.0653572116497437,-0.0793661123715439,0.000414670502672613,0.0791614686800036,0.313231841236918,0.175733525008192
"BTC",2023-08-06,2023-08-07,-0.0492088430365114,-0.0657066953841186,-0.0653526925010195,-0.0786311860078525,0.000411098337893387,0.0764269709942691,0.312858168536151,0.255403657844574
"BTC",2023-08-07,2023-08-08,-0.0495579868931949,-0.0658620111166171,-0.065699194070177,-0.0788865268161888,0.000414817055133341,0.0899463681949091,0.31470561192258,0.912649100453954
"BTC",2023-08-08,2023-08-09,-0.0611357701205769,-0.0778912618527893,-0.0776265771860039,-0.0926996575639393,0.000677173691036057,0.956047884793927,0.433059521869185,0.549906760507697
"BTC",2023-08-09,2023-08-10,-0.0523618444879971,-0.0684849616330648,-0.0684991982964992,-0.0837091416149875,0.000465681562014242,0.176721566871046,0.326563556808813,0.386589159129114
"BTC",2023-08-10,2023-08-11,-0.0506058159779435,-0.0664951893715435,-0.0667405453684759,-0.0803452031470785,0.000433118462531178,0.106554938286474,0.316975194842464,0.211661870964898
"BTC",2023-08-11,2023-08-12,-0.0495517162903631,-0.0658537089034794,-0.0656837663965431,-0.0790936640767665,0.000416294564967146,0.0786689775441486,0.313164541676272,0.176003051920506
"BTC",2023-08-12,2023-08-13,-0.0495498897180286,-0.064985088176652,-0.0653286336937206,-0.0790308199767297,0.000411061399447849,0.0755131570511345,0.312733294660443,0.279279854684719
"BTC",2023-08-13,2023-08-14,-0.0495480952424539,-0.066206710951969,-0.0656748574691474,-0.0795003817149423,0.000415753318790993,0.0931612249129428,0.315144926316106,0.289150906287975
"BTC",2023-08-14,2023-08-15,-0.0495463257581125,-0.0662493385628598,-0.0656705039759265,-0.0796273163593956,0.000414793952798455,0.0906915917488532,0.314807447700145,0.568359636937159
"BTC",2023-08-15,2023-08-16,-0.0509465205011247,-0.0673235697312026,-0.0670682267557643,-0.0810386605520438,0.000438188821482421,0.169333340514954,0.325553945972144,0.869491887762706
"BTC",2023-08-16,2023-08-17,-0.0558508945201311,-0.0727221349250642,-0.0719705263769795,-0.08713617829017,0.000547119806212956,0.586556286182235,0.382568009557977,0.979748468053536
"BTC",2023-08-17,2023-08-18,-0.109179143913931,-0.137826111726311,-0.13793993174653,-0.16167572758656,0.00223023947726489,1,0.439065636147208,0.793989963293483
"BTC",2023-08-18,2023-08-19,-0.0755055387653797,-0.0984169246950378,-0.0979515034017918,-0.118735227124942,0.00105310210533057,0.399221349059418,0.356968444318615,0.432327441078687
"BTC",2023-08-19,2023-08-20,-0.0572651591529703,-0.0758395096566725,-0.0754995571217958,-0.0916265049217953,0.000635855200820218,0.129561285476424,0.320119042406906,0.350072436160105
"BTC",2023-08-20,2023-08-21,-0.052353683163617,-0.068516772964824,-0.0688321380685011,-0.0829883127875391,0.000536344815502516,0.134017047871683,0.320727928191269,0.31742471478466
"BTC",2023-08-21,2023-08-22,-0.0505986921811041,-0.066639375576311,-0.0667239231758508,-0.0800796065627132,0.000500318640525533,0.137830972619443,0.321249106017988,0.349091811369173
"BTC",2023-08-22,2023-08-23,-0.0505967866381797,-0.0664889128887826,-0.0663689836422695,-0.0811175091010779,0.000492379141149515,0.148740531330042,0.322739911546492,0.644233227430685
"BTC",2023-08-23,2023-08-24,-0.0555234398007168,-0.0765234969183826,-0.0751738638930397,-0.0970587919265384,0.000623408002619734,0.303919653709005,0.348892594947847,0.579460019088013
"BTC",2023-08-24,2023-08-25,-0.0523633466116054,-0.0726393232755228,-0.0716601003384627,-0.091725356164218,0.000554377342656858,0.225477541865942,0.327858315072347,0.360381618360046
"BTC",2023-08-25,2023-08-26,-0.0492039062712592,-0.0693714652085722,-0.0681466412271809,-0.0876538220143257,0.000490152904809761,0.142008142125414,0.305475966179256,0.291020379352223
"BTC",2023-08-26,2023-08-27,-0.0488513784439602,-0.0686568705260826,-0.0674402023074364,-0.0879322615070259,0.000473595362325327,0.123277550239644,0.300453351378328,0.287480421137723
"BTC",2023-08-27,2023-08-28,-0.04884967945126,-0.0686682488451146,-0.0674354508871732,-0.0880996202075684,0.00046594477390386,0.11863170615062,0.299207566652108,0.260963073253854
"BTC",2023-08-28,2023-08-29,-0.0484973415854131,-0.0684629613010685,-0.0674306371334805,-0.0866770068158525,0.000454031892684676,0.108048285333177,0.296369618638168,0.90958090416165
"BTC",2023-08-29,2023-08-30,-0.0948073047368573,-0.122772903039755,-0.122520079368279,-0.148166639807149,0.001870915973188,0.999999506808899,0.535546652338514,0.638487878645408
"BTC",2023-08-30,2023-08-31,-0.0544637610149,-0.0749876300966705,-0.0737548503421983,-0.0944614922400206,0.000630174952560345,0.32402910337378,0.354284950947102,0.881739454514581
"BTC",2023-08-31,2023-09-01,-0.087448812010512,-0.114407915775634,-0.11341196030861,-0.139085229049493,0.00161931131192225,0.985795969365802,0.531737968778363,0.490479869924778
"BTC",2023-09-01,2023-09-02,-0.05201044301847,-0.0726899454311998,-0.0709534664082101,-0.0905845464010463,0.000613483421102652,0.282452979173193,0.343136298622145,0.362561635733661
"BTC",2023-09-02,2023-09-03,-0.0502545415329534,-0.0698877285478867,-0.0688437340012873,-0.0885322439203316,0.000560723672925697,0.188994425860014,0.318075354685784,0.33716993043293
"BTC",2023-09-03,2023-09-04,-0.0495512831449474,-0.0703312766417862,-0.0684881646476385,-0.0885400119211588,0.000539991389233804,0.166980154322193,0.312172220031426,0.359705460984248
"BTC",2023-09-04,2023-09-05,-0.0499001516697432,-0.0702952555702653,-0.068834018367397,-0.0889636975739042,0.000531279980870015,0.164273300267735,0.311446376164837,0.30789129959174
"BTC",2023-09-05,2023-09-06,-0.0491971419271862,-0.0690719080870306,-0.0677773310610722,-0.0882648798717969,0.000505312109756334,0.143269879403136,0.305814301473977,0.29193346159295
"BTC",2023-09-06,2023-09-07,-0.0488448792701779,-0.0693257281089585,-0.0677725388666939,-0.0876164463350612,0.000491773113193957,0.13418654802439,0.303378602970542,0.621833027369822
"BTC",2023-09-07,2023-09-08,-0.0551524585079291,-0.076920587227664,-0.075129685995391,-0.096230897289482,0.000609723302423823,0.308375591899178,0.350087456340507,0.555670223213702
"BTC",2023-09-08,2023-09-09,-0.0519962595685206,-0.0725359071668008,-0.071269817616344,-0.0915659264647825,0.000538581807152618,0.219506198012662,0.32625709711822,0.326625029900553
"BTC",2023-09-09,2023-09-10,-0.0488407260414244,-0.0689891769230739,-0.0677607831175102,-0.0872240082479384,0.000473924781314048,0.129104897730648,0.302015956657273,0.286063024259172
"BTC",2023-09-10,2023-09-11,-0.0484887412612915,-0.0692333401090416,-0.0674057414583916,-0.0878117710485232,0.000463376760659437,0.116755451817774,0.298704448392956,0.818807128319469
"BTC",2023-09-11,2023-09-12,-0.0677551618332928,-0.0910895645329743,-0.0891237123338098,-0.11109691915104,0.000932000138399759,0.847093414228374,0.494544829842422,0.876255556863332
"BTC",2023-09-12,2023-09-13,-0.0716204410237209,-0.0937879094900122,-0.0922958341796142,-0.114263574521947,0.00105906310556834,0.960437316413069,0.570306875234023,0.675529247899435
"BTC",2023-09-13,2023-09-14,-0.0597031636177487,-0.0801121174052438,-0.0789744315111165,-0.100132851481336,0.000689507933134334,0.47726458274418,0.414050027978539,0.594233625649785
"BTC",2023-09-14,2023-09-15,-0.0558465973091113,-0.0769039491760119,-0.0754656354696721,-0.0960230817259884,0.000595957812492667,0.296736797968391,0.355667796272532,0.37106879522226
"BTC",2023-09-15,2023-09-16,-0.051290109376859,-0.0723829052299448,-0.0709059741643008,-0.0908895512067948,0.00050031864333606,0.136379709434892,0.303808717017277,0.320317903543115
"BTC",2023-09-16,2023-09-17,-0.050587565395461,-0.0719497274566702,-0.0702002205196158,-0.0907232439266507,0.000484578496989895,0.110089952096022,0.295306675592691,0.272770157019498
"BTC",2023-09-17,2023-09-18,-0.0502353977444487,-0.0711356280931724,-0.069844807097483,-0.0896988814002413,0.000471947537710973,0.0946479162280416,0.290312760017996,0.453898607749473
"BTC",2023-09-18,2023-09-19,-0.052334416455482,-0.0738179433913034,-0.0722911230039619,-0.0919667198128621,0.000510886961495877,0.160088028999201,0.311475927955929,0.715097934397318
"BTC",2023-09-19,2023-09-20,-0.0596846299430474,-0.0805286489606308,-0.0792891293884719,-0.100404290623879,0.000672588015145457,0.444255345114353,0.403374923522254,0.357888866142747
"BTC",2023-09-20,2023-09-21,-0.0512806133731833,-0.0722285859372589,-0.0708819089495063,-0.0906207683625853,0.000486425859356717,0.137552425318571,0.304187970385568,0.795211120785069
"BTC",2023-09-21,2023-09-22,-0.0656292645768818,-0.0874376463829714,-0.0855788936295881,-0.107148250023035,0.000853511248800644,0.749914078723666,0.502224189471573,0.348254690713426
"BTC",2023-09-22,2023-09-23,-0.0523272523449378,-0.072561262211503,-0.0715737482321315,-0.091619290975362,0.000502485340323722,0.177526165582852,0.317115377483392,0.251474421054948
"BTC",2023-09-23,2023-09-24,-0.0502257219936011,-0.0708320751709825,-0.069818956957159,-0.0893240397777042,0.000460515854598066,0.0918348162301064,0.289403010551477,0.521816509742376
"BTC",2023-09-24,2023-09-25,-0.053372515753398,-0.0749626627236862,-0.0733127879568372,-0.093209861291163,0.000524048400170982,0.199746644918289,0.324301424632816,0.273133769085641
"BTC",2023-09-25,2023-09-26,-0.0502221509497015,-0.070576134539709,-0.0694596438095867,-0.090199184620996,0.000454874784397084,0.0884976356103651,0.288323774729532,0.266583751633192
"BTC",2023-09-26,2023-09-27,-0.0502202731373035,-0.070527753941144,-0.0694546830216099,-0.0903090753309717,0.000451807217877537,0.083758337135263,0.286791097518426,0.319330274149662
"BTC",2023-09-27,2023-09-28,-0.0505681282969614,-0.0710746295259065,-0.0701492333481893,-0.0898562166970273,0.000457027139881375,0.0953326920816945,0.290534214807376,0.900159440181122
"BTC",2023-09-28,2023-09-29,-0.0708478174034778,-0.0933749968395292,-0.0914774375076679,-0.112696108452041,0.00102980450877285,0.992325706401969,0.580619500381314,0.432863425285315
"BTC",2023-09-29,2023-09-30,-0.0537123435753397,-0.0743182174073889,-0.0729403115113456,-0.0934792209861297,0.000526378327032738,0.239700888406805,0.337222526522377,0.275019024195216
"BTC",2023-09-30,2023-10-01,-0.0502144948905878,-0.0713455633037972,-0.0697889621595562,-0.0901167158235807,0.000456233816173008,0.0960694622306294,0.290772484421123,0.92499037966847
"BTC",2023-10-01,2023-10-02,-0.0757345112614118,-0.098531753067131,-0.0974081640711282,-0.119567777747529,0.00117453677442717,0.999939792234389,0.583081876595866,0.729883200653287
"BTC",2023-10-02,2023-10-03,-0.0581541428493746,-0.0805192209039326,-0.0783251815578908,-0.102591810177941,0.000724500629513854,0.689964451746376,0.545581470591043,0.401671163833367
"BTC",2023-10-03,2023-10-04,-0.0498057300225712,-0.0718561601766347,-0.0692781552810793,-0.0929642234513954,0.000511400340155446,0.264330148003091,0.390268752041348,0.610022524203474
"BTC",2023-10-04,2023-10-05,-0.053628769931345,-0.0763723442313461,-0.0737941045930793,-0.0972986902604783,0.000600106159909566,0.426244700836264,0.449350901088351,0.674241137838723
"BTC",2023-10-05,2023-10-06,-0.0553650704066286,-0.077860466689348,-0.0755279051561523,-0.0992025687524137,0.000642860330474701,0.518813028242511,0.483128814321899,0.808944548547018
"BTC",2023-10-06,2023-10-07,-0.0612728628951311,-0.0849285734176476,-0.0821291321715465,-0.106904260692943,0.000825433411281694,0.857006731144918,0.606534712136566,0.355083809146262
"BTC",2023-10-07,2023-10-08,-0.0498001151402347,-0.071696176917553,-0.0692628655245629,-0.0926383541126011,0.000508407711076562,0.26838226695317,0.391747358451801,0.257713867536482
"BTC",2023-10-08,2023-10-09,-0.0470183697100878,-0.0686869727838236,-0.0664780286244731,-0.0891005420411829,0.000448112187017515,0.13365080116621,0.342584238746631,0.590801645268318
"BTC",2023-10-09,2023-10-10,-0.0529239255678224,-0.075639264585114,-0.0730759998979703,-0.0963513449628819,0.000578849721064716,0.391714656286595,0.436750988338166,0.421671314116009
"BTC",2023-10-10,2023-10-11,-0.048752986944037,-0.0709910917212592,-0.0682072313000912,-0.0921507956283155,0.000483106720023842,0.21008773610583,0.370475853822465,0.853628518813303
"BTC",2023-10-11,2023-10-12,-0.0636895046906163,-0.0873083472133495,-0.0848794202918563,-0.109656794131005,0.000899917046148811,0.968272916397434,0.647135419274694,0.388988053227412
"BTC",2023-10-12,2023-10-13,-0.0504873651250834,-0.0729582797021877,-0.0702846979608004,-0.0931998409932979,0.000523857383353441,0.30910251645413,0.406606058970992,0.298150234348262
"BTC",2023-10-13,2023-10-14,-0.0473601076454401,-0.0694988440650827,-0.0668071259898389,-0.0902352650503587,0.000454123939400723,0.151787662567642,0.349202326681372,0.228963689489457
"BTC",2023-10-14,2023-10-15,-0.0463170806950798,-0.0679633006289238,-0.0657610566311684,-0.0883054180188089,0.000429730773114863,0.103186366557286,0.331467855230125,0.51957511841375
"BTC",2023-10-15,2023-10-16,-0.0504820243056168,-0.0730581322704915,-0.0702705331787367,-0.0940117539143313,0.000517653450610899,0.280524264348184,0.396177937959745,0.9562904363101
"BTC",2023-10-16,2023-10-17,-0.0761852856999549,-0.103460857614237,-0.101189868253628,-0.127937675731835,0.00131078431980675,0.9999999999641,0.65871253972071,0.440054377834863
"BTC",2023-10-17,2023-10-18,-0.0508315132769177,-0.0726729217000658,-0.0702765184359296,-0.0939237799095601,0.000542006645464292,0.317582295856141,0.409700305792842,0.330846129765548
"BTC",2023-10-18,2023-10-19,-0.0480521980567405,-0.0696539045337352,-0.0674942355409221,-0.0903508696962799,0.000479090299998531,0.175991119477286,0.358034097659128,0.552737202058698
"BTC",2023-10-19,2023-10-20,-0.0522166753815792,-0.0740946936382696,-0.0720034770892374,-0.0956516239178442,0.000565237813818053,0.337959549441061,0.417135906314269,0.89588337891978
"BTC",2023-10-20,2023-10-21,-0.0688819467697326,-0.093933795835236,-0.0914478503040725,-0.117895854713599,0.00106814336890225,0.999194789302821,0.658418720694122,0.51502988106756
"BTC",2023-10-21,2023-10-22,-0.0529101606763553,-0.0746584870314194,-0.0723487615802932,-0.0966823285642786,0.000590193417073204,0.413355711011391,0.44464774621701,0.327739531382774
"BTC",2023-10-22,2023-10-23,-0.0463083284392717,-0.0669144807580274,-0.0646900463825633,-0.0852428702817099,0.000437562791168783,0.152327820074545,0.354693712100893,0.866281308443227
"BTC",2023-10-23,2023-10-24,-0.123794940126304,-0.154260320692791,-0.156799283357138,-0.179879257928045,0.0036419131326385,1,0.545320895630455,0.738510095126805
"BTC",2023-10-24,2023-10-25,-0.0616077305303665,-0.0848263041646547,-0.0831473338222459,-0.107000316255896,0.000833824891588766,0.640332216118654,0.464437674178443,0.606383537827695
"BTC",2023-10-25,2023-10-26,-0.0536157760314154,-0.0748204175617748,-0.0730690265462842,-0.0956584950215439,0.000642968926706612,0.413431604265982,0.413411551577117,0.463244673485361
"BTC",2023-10-26,2023-10-27,-0.0487510095114967,-0.069510349941154,-0.067159509530208,-0.0891520613578304,0.000543774269467896,0.264511593466993,0.379921951585408,0.421482907169054
"BTC",2023-10-27,2023-10-28,-0.0484022570970042,-0.0688138724765762,-0.0668081122753859,-0.0882055446609954,0.000529560137316142,0.240054028482687,0.37442185751678,0.381592336594622
"BTC",2023-10-28,2023-10-29,-0.0477062948200243,-0.067697643383674,-0.0657621191980985,-0.0874307694365915,0.000509510632775796,0.216025823919568,0.369018319368881,0.490656328266948
"BTC",2023-10-29,2023-10-30,-0.0504826895809345,-0.0721493444431538,-0.0695779253932234,-0.0920887088017246,0.000562323418321827,0.297853663086997,0.387420020975001,0.362651117172171
"BTC",2023-10-30,2023-10-31,-0.0470094990745684,-0.0672843592410075,-0.0650603548809056,-0.0866149646698184,0.000489241831259326,0.198492209158882,0.365075304984221,0.341422169828151
"BTC",2023-10-31,2023-11-01,-0.0470081874521721,-0.0675381102797812,-0.0654033377137143,-0.0860451891865731,0.000484938220130321,0.191899824305448,0.363592788762604,0.662396704137347
"BTC",2023-11-01,2023-11-02,-0.0577665782746448,-0.0802245228646448,-0.0782430963113373,-0.1016046081367,0.000707927546897498,0.575663748323911,0.449894825927875,0.609304222992163
"BTC",2023-11-02,2023-11-03,-0.0525592149545509,-0.0736933750493679,-0.0716454996723996,-0.0945105083163323,0.000587511264834593,0.406960588545437,0.411956329227492,0.397471830813102
"BTC",2023-11-03,2023-11-04,-0.0473525348282588,-0.0679310588589012,-0.0657420090376852,-0.0866618614867491,0.00048330080444714,0.211521499180113,0.368005372667174,0.459601075532465
"BTC",2023-11-04,2023-11-05,-0.0490859908448688,-0.0700328487255066,-0.0678199575048862,-0.0895444216781911,0.000511431490098687,0.253742703540863,0.377500209778878,0.319797475994634
"BTC",2023-11-05,2023-11-06,-0.0466562484930998,-0.0666388517914942,-0.0646935649619889,-0.0858482130486239,0.000460286642756021,0.169592958250255,0.358576350627467,0.295056152499939
"BTC",2023-11-06,2023-11-07,-0.0466549999179256,-0.0665961467727029,-0.0646895535821738,-0.0859099829466594,0.000455795420406396,0.161826631980072,0.356829834771082,0.465826552144567
"BTC",2023-11-07,2023-11-08,-0.0494281335465842,-0.0698913405568172,-0.0681539014520813,-0.0894806467404557,0.000504449183512333,0.259838014298739,0.378870942415891,0.491157741785376
"BTC",2023-11-08,2023-11-09,-0.0490799617111527,-0.0699380046141058,-0.067803253839345,-0.0893429464514699,0.000498068229547094,0.258856494115114,0.378650215072688,0.799447198054362
"BTC",2023-11-09,2023-11-10,-0.061214569949871,-0.0846331092264142,-0.0820174411084909,-0.106621888845384,0.000789455018406731,0.836478673610041,0.50854770590577,0.760444639990324
"BTC",2023-11-10,2023-11-11,-0.056705729685571,-0.0786103708805759,-0.0764667727861429,-0.0995561797992352,0.000670157889912244,0.672797968898261,0.471738674683246,0.556240149859985
"BTC",2023-11-11,2023-11-12,-0.0506847858534342,-0.0677170980052833,-0.0673243769708152,-0.0830109413989371,0.00046468663340853,0.222974574376226,0.305284675907229,0.324721176814502
"BTC",2023-11-12,2023-11-13,-0.0478015697176506,-0.0653572819466389,-0.0647584521051099,-0.0801212677260743,0.000412981987406491,0.102118350498838,0.274561774587116,0.574011467593237
"BTC",2023-11-13,2023-11-14,-0.0513184309664268,-0.0685446266129379,-0.0682735642137944,-0.0832824014625732,0.000469866471602193,0.232244403341139,0.307641162246173,0.851857809800818
"BTC",2023-11-14,2023-11-15,-0.0631560415632881,-0.0796232365184743,-0.0797917326214207,-0.0942627317981501,0.000760405325794573,0.883108707501258,0.473097595915509,0.938283951398111
"BTC",2023-11-15,2023-11-16,-0.0820708665680093,-0.103044511741146,-0.102880532342684,-0.12216681512222,0.00131525492160874,0.999999937344758,0.502812554768699,0.8894095571118
"BTC",2023-11-16,2023-11-17,-0.0728033956960821,-0.0914462819112827,-0.091378875347745,-0.108375338741406,0.00105751880193308,0.995258147355794,0.501607142740772,0.564763345743884
"BTC",2023-11-17,2023-11-18,-0.051982723303467,-0.068982060996389,-0.0686343709748116,-0.0835741765897205,0.000535723793421458,0.296565331559725,0.323992207042033,0.373828613256488
"BTC",2023-11-18,2023-11-19,-0.0487770708230842,-0.0652329112455556,-0.0654260895719629,-0.0801451004309738,0.000468970590586045,0.139708789373905,0.284117652696547,0.663326290250611
"BTC",2023-11-19,2023-11-20,-0.0564600932487099,-0.0741029201369109,-0.0737487860420725,-0.0886576443442283,0.000614927125171452,0.4294168341096,0.357764432187918,0.391824930081404
"BTC",2023-11-20,2023-11-21,-0.0487728327166636,-0.0658595266438969,-0.0654185865539293,-0.0810244012480784,0.000464188021317118,0.148960665456159,0.286469575227151,0.824032139374948
"BTC",2023-11-21,2023-11-22,-0.0695909180388449,-0.0886001235809746,-0.0878419111859893,-0.103819081429757,0.000967572077448705,0.966622040156516,0.494327548298303,0.850310890446475
"BTC",2023-11-22,2023-11-23,-0.0683165373880956,-0.0857166795950855,-0.0859298801718645,-0.101605248585492,0.000931844116731226,0.951828661217472,0.49056691846267,0.447589623306124
"BTC",2023-11-23,2023-11-24,-0.0500591968513186,-0.0673945810339122,-0.0667092572571577,-0.0817310628459994,0.000501057157197532,0.229898379037958,0.30704477861901,0.453750691352581
"BTC",2023-11-24,2023-11-25,-0.0500561291013893,-0.0669120438757916,-0.0670241089801205,-0.0813720361308508,0.000489704411299874,0.177553780632159,0.293738240652923,0.342915001605215
"BTC",2023-11-25,2023-11-26,-0.0484520644948533,-0.0649679278849689,-0.0650973041411887,-0.0802155113029292,0.000455376523480174,0.120646864252648,0.27927191430027,0.389888876109729
"BTC",2023-11-26,2023-11-27,-0.0490893477781455,-0.0658358877398581,-0.0660524302773768,-0.0803671973401399,0.000460335624611077,0.136900557847062,0.2834037712156,0.371390526219959
"BTC",2023-11-27,2023-11-28,-0.0487662714814005,-0.0654057050532546,-0.0654069707374266,-0.0810544274565029,0.000449083135953088,0.125845063658194,0.280593350319493,0.573383890452449
"BTC",2023-11-28,2023-11-29,-0.0519638602276307,-0.0692075095091056,-0.0689228319827284,-0.0843159402647558,0.000503894682355341,0.247389812087057,0.311491281697412,0.340410310018973
"BTC",2023-11-29,2023-11-30,-0.0481208655433456,-0.0652279279136252,-0.0650772257380473,-0.0796218975523032,0.000432961696412222,0.113725445958938,0.277512418227907,0.306717588430634
"BTC",2023-11-30,2023-12-01,-0.0481177580036801,-0.0648386074189406,-0.0650716037006372,-0.0793167596970241,0.000425588927616689,0.10284300605494,0.27474598951976,0.774235004538034
"BTC",2023-12-01,2023-12-02,-0.0608494803773841,-0.0781875661640328,-0.0777713588509101,-0.0930700467762604,0.000696697806513544,0.690579037285485,0.411855580640329,0.751662748029184
"BTC",2023-12-02,2023-12-03,-0.056377416532382,-0.0737459224617662,-0.0732980591025666,-0.0876300786484731,0.000592034163071616,0.499605233681127,0.364683659264631,0.611223105333542
"BTC",2023-12-03,2023-12-04,-0.0512663667074894,-0.0688431882597094,-0.0681849515346759,-0.0835594154585819,0.000485395089621584,0.249552587700659,0.302918833234289,0.908812790016061
"BTC",2023-12-04,2023-12-05,-0.0742676127119956,-0.0941683296685349,-0.0934278495602826,-0.110462178843853,0.00107799013968942,0.999344123101053,0.488122807227213,0.907757382833501
"BTC",2023-12-05,2023-12-06,-0.0762050696028275,-0.0956928552149144,-0.095693161162318,-0.112596903496004,0.00114260146111475,0.999082502838063,0.488058185115472,0.508750238073885
"BTC",2023-12-06,2023-12-07,-0.0503242278076114,-0.0675854998352646,-0.0672541559835983,-0.0811447090926822,0.000504775624904071,0.234115234195469,0.29910569440555,0.465135587701641
"BTC",2023-12-07,2023-12-08,-0.0496826245401543,-0.0668353961050033,-0.0666104943214851,-0.0817392869515063,0.000484559134250992,0.168263189264522,0.282839759354337,0.655728386103528
"BTC",2023-12-08,2023-12-09,-0.0547912976145233,-0.0718477635887641,-0.0720375453179523,-0.0864617775464194,0.000572230211067274,0.345250406707487,0.326556892008926,0.502275764920158
"BTC",2023-12-09,2023-12-10,-0.0499979051670832,-0.0665989867040775,-0.0669227260455594,-0.0811712439667549,0.00047947189613614,0.178389385564417,0.285341003643754,0.339652567152248
"BTC",2023-12-10,2023-12-11,-0.0480786518636382,-0.0646152679087761,-0.065000854424378,-0.0789873527204378,0.000442112621425956,0.110633745384526,0.268604866691968,0.869388134686134
"BTC",2023-12-11,2023-12-12,-0.0819637962705739,-0.102862510545697,-0.102732881466046,-0.121627944846743,0.00131538215127939,0.999925939523204,0.488266520123971,0.485916373634808
"BTC",2023-12-12,2023-12-13,-0.0500079602953105,-0.0671237826359418,-0.0666207577513256,-0.0819002012349338,0.00050369996340694,0.217510369569999,0.295004171820863,0.783947584456475
"BTC",2023-12-13,2023-12-14,-0.0656670243354257,-0.0841036887692097,-0.0835599122222274,-0.0989431306767668,0.000852195542531029,0.800819352516371,0.439085741973225,0.429771699339255
"BTC",2023-12-14,2023-12-15,-0.0496877582925626,-0.0659730928524568,-0.0663000209019553,-0.0803168047732035,0.000491315574193886,0.197953458175507,0.290173472168655,0.684657055967473
"BTC",2023-12-15,2023-12-16,-0.057355250506239,-0.0750015604075912,-0.07460661434221,-0.0902596231455462,0.000636775884609016,0.452505475309984,0.353049675667065,0.424406355536198
"BTC",2023-12-16,2023-12-17,-0.0490457681390818,-0.0658360825215088,-0.0656557101242085,-0.0811438686289347,0.000473460752512511,0.158692869703074,0.280475820670746,0.600196726324449
"BTC",2023-12-17,2023-12-18,-0.0528772914211706,-0.0705319787517203,-0.0701250441156496,-0.0852299932984027,0.000537736588095313,0.276529518539468,0.309582331769,0.780992641433889
"BTC",2023-12-18,2023-12-19,-0.0618216351712231,-0.0788713805450013,-0.0790699177003327,-0.0937122947775635,0.000734149140142189,0.675299038000447,0.408081309450822,0.492457473457178
"BTC",2023-12-19,2023-12-20,-0.0500004011723585,-0.0673429664247334,-0.0669270722365633,-0.0815107903116411,0.000485179812357272,0.207503720858041,0.292532456656973,0.791032569954031
"BTC",2023-12-20,2023-12-21,-0.0637356484163577,-0.0815210008847646,-0.0809827695486343,-0.0970918077764189,0.00078768514592318,0.77124252896318,0.431780050989113,0.454259875323594
"BTC",2023-12-21,2023-12-22,-0.0493550112103267,-0.0654366595790471,-0.0653187863304971,-0.079324933029942,0.000473551387498613,0.195403470307808,0.309649427574976,0.339998362794937
"BTC",2023-12-22,2023-12-23,-0.0483938606011277,-0.0644374473674472,-0.0643551363964945,-0.0785600735508614,0.000450120074924597,0.130638430830847,0.297436787576671,0.337819637302401
"BTC",2023-12-23,2023-12-24,-0.0483907647492743,-0.0649760224037504,-0.0646688917982248,-0.0783100675800492,0.000446363623668861,0.129400933593939,0.297203434700254,0.557959013540374
"BTC",2023-12-24,2023-12-25,-0.0515804180959702,-0.0680793019219387,-0.0678571209644238,-0.0826651104667055,0.000496518234316922,0.25471452627845,0.320833618619072,0.532826650198416
"BTC",2023-12-25,2023-12-26,-0.0503008887010112,-0.0666301467545713,-0.0665755338085117,-0.0805521488097112,0.000470264109978137,0.204038247360256,0.311277673685205,0.8008644599994
"BTC",2023-12-26,2023-12-27,-0.0598752587637793,-0.0771453426538044,-0.0764695469439301,-0.0921890492904669,0.000679153529156939,0.73534628172535,0.411465580684257,0.784067171424599
"BTC",2023-12-27,2023-12-28,-0.0570017496313713,-0.0741455397525785,-0.0735952476375771,-0.0877342600907051,0.000614279080740758,0.605544703564724,0.386989104516101,0.712225702753416
"BTC",2023-12-28,2023-12-29,-0.0538089340838246,-0.0704388177896274,-0.0700822524648698,-0.0847825710932251,0.000540932427783314,0.407178325318427,0.349583473563752,0.661655841403633
"BTC",2023-12-29,2023-12-30,-0.0522114267380044,-0.0691837896928747,-0.0684833911989017,-0.083659609335173,0.000508643869623469,0.314455508123114,0.332098880098201,0.394093403322369
"BTC",2023-12-30,2023-12-31,-0.0483795264977571,-0.065013472557906,-0.0646490347372733,-0.0783030932764378,0.000435659858445816,0.134065195983341,0.298082967205436,0.289485956374867
"BTC",2023-12-31,2024-01-01,-0.0480573015161969,-0.0639564721554237,-0.0640053455794848,-0.0781902139702697,0.000422176339993936,0.10597848370413,0.292786700754089,0.88282768974007
"BTC",2024-01-01,2024-01-02,-0.0707151662845786,-0.0892311925779864,-0.0892198442662251,-0.105648400870838,0.000952954677590772,0.998499345319428,0.461087933362181,0.759325440799324
"BTC",2024-01-02,2024-01-03,-0.0557180982999319,-0.0721811841069589,-0.0719883715942196,-0.0865873420960398,0.000585462947391717,0.523781992397393,0.371571240729772,0.906806876440025
"BTC",2024-01-03,2024-01-04,-0.0752014212909873,-0.0945551850330456,-0.0946711854594892,-0.112673113678668,0.00108640037721761,0.999347904381662,0.461247944788531,0.850395554064565
"BTC",2024-01-04,2024-01-05,-0.0649918922906383,-0.0823106746611944,-0.082229297681835,-0.0983761648189756,0.000826876376884234,0.889757655402451,0.440582686665995,0.442699167882623
"BTC",2024-01-05,2024-01-06,-0.0490280528458565,-0.0654240215573721,-0.0649862200375111,-0.0790501158144179,0.0004805170744446,0.196666821179955,0.309887655630076,0.36644109820369
"BTC",2024-01-06,2024-01-07,-0.0487058146260096,-0.0647016868151009,-0.0646617041317279,-0.0788761831316107,0.000464675027900169,0.143641543233289,0.299888763703159,0.317593718232293
"BTC",2024-01-07,2024-01-08,-0.0483835089430339,-0.064014716737265,-0.0643370015368264,-0.0779529953093059,0.000450890067414627,0.124725718460815,0.29632183685369,0.863587051390771
"BTC",2024-01-08,2024-01-09,-0.0892842084917611,-0.111799678137898,-0.11227935922847,-0.132240729065208,0.00153496945915473,0.99999701638164,0.461370346801073,0.66564075576037
"BTC",2024-01-09,2024-01-10,-0.0538320073203567,-0.0699883975930158,-0.0701194183368886,-0.0850292654408612,0.000589277580075283,0.346772909399044,0.338192920812931,0.573625868699594
"BTC",2024-01-10,2024-01-11,-0.0489999134666499,-0.067242624311697,-0.0658937986153811,-0.0840575942131961,0.000541285042697878,0.40620192181932,0.433232018947499,0.453985402116579
"BTC",2024-01-11,2024-01-12,-0.0464474842194016,-0.0639494577861512,-0.0627018336695124,-0.0808431217607491,0.000484781259085719,0.29909422226512,0.404083312271368,0.845078478437178
"BTC",2024-01-12,2024-01-13,-0.0943561877689645,-0.121099090046799,-0.12116867809655,-0.143610514784649,0.00201811260984917,0.999998485335827,0.594830129328713,0.471130263861422
"BTC",2024-01-13,2024-01-14,-0.0464737187661189,-0.0632606613286156,-0.0617927441991072,-0.0804812834916322,0.000522194292065191,0.318871604789964,0.409465606209504,0.594349620291276
"BTC",2024-01-14,2024-01-15,-0.05157979528937,-0.0709178353325357,-0.0691326545349179,-0.0883975949003458,0.00062045439774042,0.443906825446697,0.443493178328764,0.528757763852814
"BTC",2024-01-15,2024-01-16,-0.0483860437057516,-0.0669813859822588,-0.0649796580733908,-0.0842425285779151,0.000549960999781255,0.367937067526889,0.422818472410534,0.514608021483635
"BTC",2024-01-16,2024-01-17,-0.0480646254944329,-0.0668912723845881,-0.0649754784739837,-0.0832168132802315,0.000537644571857638,0.354488058182183,0.419158406606627,0.459954120131396
"BTC",2024-01-17,2024-01-18,-0.0467860852932284,-0.0649505623456675,-0.0630569275126897,-0.0822421812508256,0.000504340255922951,0.309744745147702,0.40698178706584,0.748518709547068
"BTC",2024-01-18,2024-01-19,-0.0605098876215391,-0.0817132178621238,-0.0796550687669453,-0.10129597408678,0.000813396550350397,0.798422329673021,0.539972408933514,0.476853484325305
"BTC",2024-01-19,2024-01-20,-0.0467863701664737,-0.065146020342771,-0.0630574486222847,-0.081910278227919,0.000501618823028906,0.361196469030458,0.42098405967259,0.354938374582851
"BTC",2024-01-20,2024-01-21,-0.0451883884038347,-0.0623805141194472,-0.0611379677052018,-0.0791670328821591,0.0004598158832486,0.253634657908197,0.39171176930499,0.330392930707628
"BTC",2024-01-21,2024-01-22,-0.0448667696397815,-0.0622881290167392,-0.0608139821140984,-0.0793369347518254,0.000447573827802877,0.228987633893782,0.385004232158492,0.830742791180542
"BTC",2024-01-22,2024-01-23,-0.0713592705668307,-0.094702571915262,-0.0930573619791107,-0.11583739029249,0.00112081363453794,0.994925334013034,0.593449502161411,0.45042679011736
"BTC",2024-01-23,2024-01-24,-0.0461483158334168,-0.0642806760147552,-0.0624194175820971,-0.0803982476715154,0.000483333551224876,0.345406345536681,0.416686873942566,0.416469623989212
"BTC",2024-01-24,2024-01-25,-0.046145692730728,-0.0639206940410685,-0.0624145461056751,-0.0808674991566887,0.000472804877064906,0.28576450125669,0.400455710060074,0.350509212939063
"BTC",2024-01-25,2024-01-26,-0.0448671594538843,-0.0627989218042327,-0.0611336743852414,-0.0790702914482667,0.000445078061352037,0.233263085314193,0.386167770166313,0.839654781272626
"BTC",2024-01-26,2024-01-27,-0.0710372586244565,-0.0934295241945797,-0.0924148364694614,-0.114958413085549,0.0011013856276632,0.995992865737897,0.593740024404397,0.471643403694157
"BTC",2024-01-27,2024-01-28,-0.0464661713287192,-0.0646825837763961,-0.0627362735486679,-0.08118231015254,0.000485064258996508,0.356979934260171,0.419836555471488,0.354234303709967
"BTC",2024-01-28,2024-01-29,-0.0448684790551462,-0.0630952416192147,-0.0611362065930683,-0.0792958435486874,0.000449158284603028,0.246881877552913,0.389874041348515,0.730124093942684
"BTC",2024-01-29,2024-01-30,-0.0579474571125976,-0.0775853195960785,-0.0761296262234841,-0.0970646067011058,0.000725958748602424,0.775265247326201,0.533670350317635,0.438942429939142
"BTC",2024-01-30,2024-01-31,-0.0470211544455005,-0.0612520874153628,-0.0609996310646569,-0.073892695285787,0.000439984633071982,0.241597501878883,0.35633551637475,0.403968498253907
"BTC",2024-01-31,2024-02-01,-0.0470186190375843,-0.0608121773828109,-0.0609953107295677,-0.0739796837583178,0.000430199474740054,0.199926040014447,0.347538077119503,0.428724456379803
"BTC",2024-02-01,2024-02-02,-0.0473335702239287,-0.0613281554857383,-0.0616259999779248,-0.0735245371794624,0.00043111616598726,0.210209759343373,0.349709116772697,0.325341283701437
"BTC",2024-02-02,2024-02-03,-0.0457427020474212,-0.0604520759044341,-0.0600329622429069,-0.0723008433313246,0.000402965126919734,0.151841097203721,0.337386660669426,0.308476451924138
"BTC",2024-02-03,2024-02-04,-0.0457400243359135,-0.0604474015527601,-0.0600282247533163,-0.0724277534136226,0.000397848700550444,0.14609321237703,0.33617320029759,0.405702632928411
"BTC",2024-02-04,2024-02-05,-0.0470076968457218,-0.0612667368049762,-0.0612941766434729,-0.0735840445954791,0.000413256775158847,0.194649044379146,0.346424028164303,0.291101582435179
"BTC",2024-02-05,2024-02-06,-0.0457349800872706,-0.0594504749518532,-0.059701870975051,-0.0723016269905042,0.000386084315314341,0.132586921014485,0.333321829779028,0.462238085023512
"BTC",2024-02-06,2024-02-07,-0.0476369744697107,-0.0621047836761671,-0.0619194935462834,-0.0746959916373168,0.000419409125693197,0.230682433220381,0.35403118988382,0.820035167221055
"BTC",2024-02-07,2024-02-08,-0.0581110740903031,-0.0733062692976072,-0.073028493412966,-0.085610856302093,0.000663011481898702,0.904362927315182,0.496254739504523,0.833654913448197
"BTC",2024-02-08,2024-02-09,-0.0568409199179697,-0.0718650741062457,-0.0714406587600581,-0.0845637226395683,0.000635373509284772,0.863103995003292,0.487544391114754,0.914192344280202
"BTC",2024-02-09,2024-02-10,-0.0660538684348332,-0.0825956588721658,-0.0825616418336924,-0.0967814948664165,0.000867180018991695,0.998427311947161,0.516113071150629,0.625288842069071
"BTC",2024-02-10,2024-02-11,-0.04922605441864,-0.0639282107916629,-0.063509954823543,-0.0761281318452292,0.000471429374835475,0.367360674051736,0.38288591365472,0.456647254815187
"BTC",2024-02-11,2024-02-12,-0.0470013868287209,-0.0613227867908122,-0.0612833234142313,-0.0733432598633255,0.000423202895901938,0.211698550564199,0.350023421808877,0.855819746583494
"BTC",2024-02-12,2024-02-13,-0.0638281334073111,-0.0802573234008695,-0.0796994622445497,-0.0948807904699365,0.000815412268401041,0.98298720379114,0.512853444357624,0.487489927278032
"BTC",2024-02-13,2024-02-14,-0.0473193714637232,-0.0618100088048321,-0.0616017391041878,-0.0732535255639779,0.000436866447248633,0.26744490430693,0.361792271251899,0.873339031331478
"BTC",2024-02-14,2024-02-15,-0.0682790543212637,-0.0859359497882895,-0.0854229870510752,-0.100575913786287,0.000936452892313723,0.997003157168305,0.515812411788167,0.433542782597874
"BTC",2024-02-15,2024-02-16,-0.0466875029263241,-0.0606439968026247,-0.0606545618182512,-0.072859935687414,0.000433498242136222,0.232547337774491,0.354424897802803,0.34550483290841
"BTC",2024-02-16,2024-02-17,-0.0460498699672352,-0.060556148013779,-0.0603322695945889,-0.0722952897641652,0.000416888641223282,0.16965869216183,0.341148208796259,0.408492635952984
"BTC",2024-02-17,2024-02-18,-0.0469997249667948,-0.061260315916022,-0.0612804650117184,-0.0735324807012521,0.00042570836486029,0.197067694799033,0.346934639724268,0.421525104173224
"BTC",2024-02-18,2024-02-19,-0.0469970734291415,-0.0611186144098114,-0.0612759043669547,-0.0733169813711997,0.000420672848874357,0.196072631095978,0.34672456760078,0.371780665676407
"BTC",2024-02-19,2024-02-20,-0.0463683686588976,-0.0608019230841704,-0.0606515954184406,-0.072651864363356,0.000405358471824406,0.1677729487891,0.344028857560831,0.434212055326832
"BTC",2024-02-20,2024-02-21,-0.0473178221945398,-0.0611331032066274,-0.0612817303780832,-0.0744171535026913,0.000415968409851556,0.202699170985053,0.351517823619733,0.486359126871407
"BTC",2024-02-21,2024-02-22,-0.0476329433364758,-0.0620810605468922,-0.0619126499945125,-0.0743392123364037,0.000422715551389522,0.230419605260614,0.357461706993749,0.444039979528408
"BTC",2024-02-22,2024-02-23,-0.0469958726805324,-0.061221885433273,-0.061273839079347,-0.0731892672233909,0.000408486915441602,0.195720804054036,0.350021505100091,0.471633540743744
"BTC",2024-02-23,2024-02-24,-0.0473108381483496,-0.0616115297629939,-0.0615871585574471,-0.0737301891034709,0.000412668558176355,0.211694306910217,0.353446582683935,0.654094233641983
"BTC",2024-02-24,2024-02-25,-0.0501637223017259,-0.064980597148333,-0.0644385655138587,-0.0776197955794144,0.000470644306525894,0.398563311488881,0.393515492080972,0.349681942944566
"BTC",2024-02-25,2024-02-26,-0.0460370461296238,-0.0601033957329014,-0.0599925759245598,-0.0729170335726236,0.000388099147077878,0.153845740910841,0.341042551555264,0.922207771673295
"BTC",2024-02-26,2024-02-27,-0.0742897086015798,-0.0930758976733764,-0.0926951766075113,-0.109343332775365,0.00108912473693433,0.99999884795894,0.522476772060567,0.909109378481449
"BTC",2024-02-27,2024-02-28,-0.0689083404861373,-0.0864980712235884,-0.0860499430824397,-0.101424273318289,0.000955201951854504,0.998776701757148,0.522214716480295,0.891540929797446
"BTC",2024-02-28,2024-02-29,-0.103013782054195,-0.127492398912656,-0.127819554064051,-0.146871309757508,0.00215722772400308,0.999999999274321,0.522477018928429,0.616301138733959
"BTC",2024-02-29,2024-03-01,-0.0502207296849513,-0.0652452900100793,-0.0645309567901204,-0.0780984963841261,0.000558126478375642,0.328498921669317,0.37849211410575,0.56736673185269
"BTC",2024-03-01,2024-03-02,-0.050536707552639,-0.0652004341960969,-0.0648456935277507,-0.0786186973039439,0.000551290356169749,0.33384062716871,0.379637495674852,0.435394616667159
"BTC",2024-03-02,2024-03-03,-0.0473543868650767,-0.0612737495167988,-0.0613436311982833,-0.073296470756501,0.000482788161494272,0.228416999097138,0.357032303278012,0.492997914731156
"BTC",2024-03-03,2024-03-04,-0.049259599926728,-0.063251257807251,-0.0635652204447815,-0.0758759990680105,0.000504958812603118,0.28338552597035,0.368818789367224,0.829646996855517
"BTC",2024-03-04,2024-03-05,-0.0932144479015305,-0.115754393093274,-0.116132684314992,-0.134507268011365,0.00175945827277769,0.999988419706594,0.522474536009171,0.838244695539089
"BTC",2024-03-05,2024-03-06,-0.0814858745536162,-0.102051580650825,-0.1015573829284,-0.120247380547205,0.00138236979189919,0.996939268513694,0.521820729546395,0.725339410102318
"BTC",2024-03-06,2024-03-07,-0.0595054554685951,-0.0760953917998476,-0.0754365351116027,-0.0890642944355126,0.000774602236991984,0.680402372964711,0.453948113554413,0.533030479750699
"BTC",2024-03-07,2024-03-08,-0.0499441950956198,-0.0635651242495235,-0.0636433523823357,-0.0770757799803237,0.000555969423100172,0.335809089790756,0.380059578248856,0.535523386763823
"BTC",2024-03-08,2024-03-09,-0.0508979458557962,-0.0653001333516321,-0.065233062537847,-0.0785245574746271,0.000563552067263171,0.342351072159617,0.381462326122459,0.39834342797159
"BTC",2024-03-09,2024-03-10,-0.0467537473624861,-0.0609640362364986,-0.0604496903458265,-0.07351842898443,0.000480348916803272,0.215600578370352,0.354284174972551,0.375798830886093
"BTC",2024-03-10,2024-03-11,-0.0480630575412348,-0.062765397053017,-0.0624202517192123,-0.0743139925738373,0.000498236617086107,0.213851464458571,0.362382791268935,0.767187069158547
"BTC",2024-03-11,2024-03-12,-0.0726452940115758,-0.0915198002478908,-0.0908372660988901,-0.107342802805602,0.00108670983981402,0.962648976528771,0.516069531441345,0.504516776156419
"BTC",2024-03-12,2024-03-13,-0.0496634084726789,-0.0645493530033935,-0.0640238625233528,-0.0767759188075835,0.000526811521633678,0.310066318925621,0.382130382708338,0.601162126204592
"BTC",2024-03-13,2024-03-14,-0.0547678677874011,-0.0697013290406433,-0.0697657601310223,-0.0835604896778718,0.000614351865606928,0.454888148013259,0.411854299334009,0.615758448837458
"BTC",2024-03-14,2024-03-15,-0.0544485316734858,-0.0691803634358446,-0.0694462964731257,-0.082381977926759,0.000602865017816788,0.461839777830639,0.413281084690928,0.714329590097018
"BTC",2024-03-15,2024-03-16,-0.0598764895470851,-0.0760009658907978,-0.0755140033220702,-0.0900276571813414,0.000730421257764029,0.715809055854927,0.465406939564006,0.85932203038357
"BTC",2024-03-16,2024-03-17,-0.0822589264284288,-0.102773413898088,-0.102699436623495,-0.119919615115855,0.00137008632875652,0.999430085522895,0.523618660077744,0.817023387980715
"BTC",2024-03-17,2024-03-18,-0.0694939240328848,-0.0876514860104643,-0.0870642697927167,-0.102324680065504,0.00100546146831919,0.945911440173374,0.512634240378657,0.486377509775805
"BTC",2024-03-18,2024-03-19,-0.0490455522282357,-0.0636799734641525,-0.0630999798360842,-0.0763871277782338,0.000519516134432832,0.292429232422666,0.378510463722117,0.825818489310862
"BTC",2024-03-19,2024-03-20,-0.107011543880743,-0.131230462693843,-0.13229350070202,-0.151039336917399,0.0023564169426442,0.999997075704393,0.523735031822173,0.840199065098803
"BTC",2024-03-20,2024-03-21,-0.107789765284422,-0.132746065777592,-0.133435698164304,-0.15161412506899,0.00244671383289501,0.999960698643823,0.523727565622345,0.703872376156456
"BTC",2024-03-21,2024-03-22,-0.0625955347008449,-0.0797847261868391,-0.0792685563044002,-0.0934071044706661,0.000893409892394114,0.594674211834511,0.440544651697529,0.641972786352071
"BTC",2024-03-22,2024-03-23,-0.0590716511170993,-0.0748169181212575,-0.0747842951258095,-0.0885818810040458,0.000795477253573415,0.500473883121535,0.421210531044482,0.491757877971075
"BTC",2024-03-23,2024-03-24,-0.0513726018717094,-0.0652867804662778,-0.0651595056779616,-0.0773406838193481,0.000618934210658244,0.308871036708874,0.381885057337304,0.705995609333815
"BTC",2024-03-24,2024-03-25,-0.069018030435001,-0.087891767740163,-0.0869777954306778,-0.103700613406566,0.00102718235144443,0.751108016260396,0.472651865019478,0.723603194784109
"BTC",2024-03-25,2024-03-26,-0.0664593299431779,-0.0834841442343222,-0.0834599846855785,-0.0992063975366576,0.00095412109581169,0.755542080360887,0.47356193329072,0.446622404291367
"BTC",2024-03-26,2024-03-27,-0.0491344849388212,-0.062742868603913,-0.0626046030134536,-0.0746339963654611,0.000559101702857468,0.277893027245841,0.375526984273945,0.42640663649127
"BTC",2024-03-27,2024-03-28,-0.0497734118533402,-0.0646503603434249,-0.0638833992950738,-0.0771996263558357,0.000561058037806497,0.270932071828164,0.374098284886749,0.53328595554025
"BTC",2024-03-28,2024-03-29,-0.0539405702118647,-0.0691154321929797,-0.0690116444833978,-0.082459881765717,0.000627574342497111,0.38553378500331,0.397619682103158,0.459158217742293
"BTC",2024-03-29,2024-03-30,-0.0500903295142157,-0.0644820704885942,-0.0645186296182949,-0.0768279779112248,0.000543428677915049,0.278587784257062,0.375669579486329,0.371462766077781
"BTC",2024-03-30,2024-03-31,-0.050591015634819,-0.0646768150705339,-0.0645258664272377,-0.0769647891308954,0.000592291862762207,0.238328941857527,0.370256387971964,0.544173621969406
"BTC",2024-03-31,2024-04-01,-0.051980512029613,-0.0660772008432587,-0.0659143422631111,-0.0785586171589183,0.000616422954010078,0.365089521766349,0.403946977962437,0.565925058851821
"BTC",2024-04-01,2024-04-02,-0.0517475591387035,-0.0662509364757729,-0.0659134311582856,-0.0778062750703065,0.000608113164485234,0.375936112771883,0.406829798872728,0.846805195812863
"BTC",2024-04-02,2024-04-03,-0.0697252415447378,-0.0838929910302325,-0.0850726929351697,-0.0953917999536406,0.00111568885696723,0.988556760182209,0.569652902604544,0.498105274482431
"BTC",2024-04-03,2024-04-04,-0.059016671741999,-0.0748175643457063,-0.0750586403180794,-0.0869651401825037,0.000771633273419315,0.381846070309946,0.408400554989647,0.704158014676833
"BTC",2024-04-04,2024-04-05,-0.0620484441688123,-0.0775227407369216,-0.0776276910705052,-0.0896753206388731,0.000857349007338724,0.626248366641271,0.473358111702873,0.449926794071842
"BTC",2024-04-05,2024-04-06,-0.0550630818390545,-0.0699297978684492,-0.0704072479649292,-0.0824833268485013,0.000668455579474732,0.297368959821912,0.385948119894451,0.515010317610684
"BTC",2024-04-06,2024-04-07,-0.053661169977047,-0.0681847783316263,-0.0685385095672807,-0.0806809393872103,0.00063397110449638,0.317407848103646,0.3912740813996,0.370676582733208
"BTC",2024-04-07,2024-04-08,-0.0501635069895217,-0.0647074721790398,-0.0645729771157682,-0.0770256358539824,0.000558275100815558,0.226225734789287,0.36703958202804,0.706948227531347
"BTC",2024-04-08,2024-04-09,-0.0569101254037111,-0.0709178679350235,-0.0713212225672124,-0.0831044241130067,0.000707690471882361,0.63476059982755,0.475620503989091,0.799416704046103
"BTC",2024-04-09,2024-04-10,-0.0613497340818416,-0.0759708483371496,-0.0762311388678099,-0.0874104027086206,0.000830725542903595,0.825253984863898,0.526250080910979,0.658575661208324
"BTC",2024-04-10,2024-04-11,-0.0569269832438173,-0.0716256152710706,-0.0718071772168692,-0.084223621948211,0.000700344768964561,0.515583718411342,0.443945519139505,0.431561670460554
"BTC",2024-04-11,2024-04-12,-0.0515704407227022,-0.0664613727210732,-0.0664481647603942,-0.0782730893865133,0.000575237398919076,0.270010871772803,0.378676852059855,0.80095072997416
"BTC",2024-04-12,2024-04-13,-0.0627630187574692,-0.077190742396723,-0.0776485653991393,-0.0885865459193407,0.000867616407206474,0.900259659192767,0.546185185519923,0.821051520239834
"BTC",2024-04-13,2024-04-14,-0.0646498553500329,-0.079054124074491,-0.0797738788210747,-0.0908073826762462,0.000920207421144687,0.888311082964371,0.543009477559528,0.598394458811765
"BTC",2024-04-14,2024-04-15,-0.0574288679969127,-0.0721862118556822,-0.072783520434088,-0.0846058611239487,0.0007020400062951,0.442818637677448,0.424605922378488,0.768408521594063
"BTC",2024-04-15,2024-04-16,-0.0618674381293227,-0.0765088190945131,-0.0769937442850167,-0.0883164740554454,0.000831219938464958,0.757041745441335,0.508120544170372,0.446149018964137
"BTC",2024-04-16,2024-04-17,-0.0537113741362195,-0.0688815802745521,-0.0688346846641603,-0.0816596148511696,0.000614719829088929,0.304658128433261,0.387885444504618,0.781875792747608
"BTC",2024-04-17,2024-04-18,-0.0625787268080276,-0.0766128538369469,-0.0772425725335489,-0.089575944854903,0.000852057241569301,0.851394104570357,0.533197635552695,0.799059361067701
"BTC",2024-04-18,2024-04-19,-0.0632874438368197,-0.0779265114224922,-0.0784192102900469,-0.0896389598386923,0.00087380407195723,0.833440992543736,0.528426034343731,0.437873032699117
"BTC",2024-04-19,2024-04-20,-0.0512854924035054,-0.0652940518276577,-0.0655134535563268,-0.0785096204172273,0.000579171130032515,0.303528205562248,0.379471764084488,0.536788048902882
"BTC",2024-04-20,2024-04-21,-0.0524445611075444,-0.0675694913105493,-0.0673703128841613,-0.0797185531318037,0.000600375790159599,0.324392132092367,0.384869926309532,0.355663092900798
"BTC",2024-04-21,2024-04-22,-0.0498682488674463,-0.0647776575006738,-0.0645577133219077,-0.0772553759812231,0.000542278712127424,0.212075043636735,0.355809918680915,0.714937263312868
"BTC",2024-04-22,2024-04-23,-0.0575657495942867,-0.0722092092231745,-0.0724891305905772,-0.084881344108494,0.000707454348942043,0.578863655832222,0.450709813390181,0.456022696342243
"BTC",2024-04-23,2024-04-24,-0.0510278714825265,-0.0652604814328224,-0.0654824927555598,-0.0785744348777878,0.000555369936173517,0.274713972079045,0.372016604265548,0.77771849506486
"BTC",2024-04-24,2024-04-25,-0.0599027148872401,-0.0742587091616192,-0.0748273368883384,-0.0865595677910421,0.000765865283051794,0.721229558254294,0.487544406125148,0.429816242010119
"BTC",2024-04-25,2024-04-26,-0.0507970255060008,-0.0653533519393478,-0.0654854180585414,-0.0775575644815771,0.000548763437970322,0.27954180894925,0.373265719410955,0.444537902466367
"BTC",2024-04-26,2024-04-27,-0.0507896332693591,-0.0655212525221514,-0.0657091044367526,-0.0777125556077217,0.000541923272424932,0.2461225007055,0.364619080098451,0.352148768633408
"BTC",2024-04-27,2024-04-28,-0.0496144202484244,-0.0647939461935129,-0.0645311340220692,-0.0771874838381294,0.000515597430039522,0.195415222292284,0.351499492351154,0.353406227439971
"BTC",2024-04-28,2024-04-29,-0.049838378871197,-0.0642998424934143,-0.0645194610995394,-0.0776305088596574,0.000510207962266108,0.192387984080787,0.350716249420543,0.514863120011562
"BTC",2024-04-29,2024-04-30,-0.0512282079039387,-0.0663903400033462,-0.0661399993935808,-0.0791566897116429,0.000536472223464024,0.265982499568764,0.369757494265043,0.897077253676285
"BTC",2024-04-30,2024-05-01,-0.0682963725292683,-0.0823285448569821,-0.0834538828687933,-0.0951137783019351,0.00101240182142661,0.996554399390302,0.558779710510027,0.878779394685178
"BTC",2024-05-01,2024-05-02,-0.0643635480859405,-0.0790870670080629,-0.0795281931094293,-0.0902990014202325,0.000902515584217588,0.964241405787843,0.550419310026873,0.649849765960396
"BTC",2024-05-02,2024-05-03,-0.0540910167160947,-0.0685143662813007,-0.0687871781366779,-0.0804869273462476,0.000618717288080594,0.470993866536946,0.422800463682845,0.880513654226686
"BTC",2024-05-03,2024-05-04,-0.0716618399564543,-0.0864849269732306,-0.0873070006902868,-0.0979821809411487,0.00115485838774385,0.998764029900217,0.559351412290739,0.580130767151202
"BTC",2024-05-04,2024-05-05,-0.0529721605040383,-0.067191387202573,-0.0674474510366482,-0.0798975967634727,0.000609919676333764,0.396596935668696,0.403551608425783,0.387959233286785
"BTC",2024-05-05,2024-05-06,-0.0501596848449009,-0.0648773693717767,-0.064865428687944,-0.0771290218189365,0.000547193975359999,0.229638427836397,0.360354125496141,0.456007227757501
"BTC",2024-05-06,2024-05-07,-0.051086895867453,-0.0658633848743339,-0.0660242552052632,-0.0779654172931296,0.000558417667392713,0.254315184423233,0.36673878828008,0.476574905063435
"BTC",2024-05-07,2024-05-08,-0.0510804367380114,-0.065956370479804,-0.0660159948371102,-0.0781841103333981,0.000553412180060623,0.257253843903612,0.367499113072077,0.62783975837413
"BTC",2024-05-08,2024-05-09,-0.0538801441668501,-0.0683203265809492,-0.0688155141841953,-0.0806025449334842,0.000606484519798256,0.392863571955479,0.402585668340634,0.77863566642485
"BTC",2024-05-09,2024-05-10,-0.0589136203996865,-0.0739310275769335,-0.0741152413506314,-0.0859097233833384,0.000732308724382924,0.677279859305985,0.465340842084958,0.820204963962798
"BTC",2024-05-10,2024-05-11,-0.0617359232037201,-0.0766190866012856,-0.0769412972725188,-0.0886113853779395,0.000813912999067795,0.814600985553207,0.502241817848479,0.42456069541307
"BTC",2024-05-11,2024-05-12,-0.0533028506175828,-0.0684585234922706,-0.0689728139185782,-0.0814656148714745,0.000585682785809693,0.272157394015175,0.356476207185009,0.414139284798682
"BTC",2024-05-12,2024-05-13,-0.0509536335655622,-0.066260130732822,-0.0663867080955556,-0.0795002991216839,0.000535781517680704,0.205429130313799,0.338544967405099,0.668053733690747
"BTC",2024-05-13,2024-05-14,-0.0542237668074946,-0.0694233292026246,-0.0694220555338062,-0.0817569153143128,0.00060646295327263,0.431856287448529,0.399390543508145,0.692199137125185
"BTC",2024-05-14,2024-05-15,-0.0544567897353458,-0.0691431565027207,-0.0694210491832825,-0.0822334457653329,0.000607176737253685,0.442630068226495,0.402285677230348,0.899017455958329
"BTC",2024-05-15,2024-05-16,-0.0730430924055815,-0.0871053033618689,-0.0887326503810337,-0.0987341046359041,0.00119983660220515,0.999982766674173,0.552057667740559,0.601763590407396
"BTC",2024-05-16,2024-05-17,-0.0624987797540102,-0.0782349098145067,-0.0793575008490119,-0.0915633809158787,0.00081892068192442,0.401032685540778,0.391107615614774,0.673754181492581
"BTC",2024-05-17,2024-05-18,-0.0613258159981284,-0.0769353733503986,-0.0777156692061184,-0.0904153472205838,0.000790474156314777,0.448862857606783,0.403960554331539,0.40447308599756
"BTC",2024-05-18,2024-05-19,-0.0547579434375079,-0.0708988814536849,-0.0711443807378508,-0.0848683011092032,0.000629628910173439,0.201288301903639,0.337432242706576,0.424785713713518
"BTC",2024-05-19,2024-05-20,-0.0528769803222016,-0.0684404515754579,-0.0687928680978973,-0.0820778157044716,0.000585349108301742,0.198032672369422,0.336557388925368,0.851349572740366
"BTC",2024-05-20,2024-05-21,-0.0733456708936995,-0.0873334102650229,-0.0890493964139073,-0.0989258837944521,0.00122139099696939,0.999760027429334,0.551997813181395,0.564915404641297
"BTC",2024-05-21,2024-05-22,-0.0623220644887303,-0.0783893945235556,-0.0791957411786501,-0.0921005733326291,0.000828380558299841,0.383515971377852,0.386400518735748,0.532060061420015
"BTC",2024-05-22,2024-05-23,-0.0580983646388499,-0.0740885181076758,-0.0747362343092546,-0.0879969399479921,0.000717421543313633,0.276486554822938,0.357639540624002,0.570265278378769
"BTC",2024-05-23,2024-05-24,-0.0564551423952171,-0.0727650116458937,-0.0728578773732429,-0.0857832942187318,0.000680722043467551,0.297695731763449,0.363338877249286,0.484010922775954
"BTC",2024-05-24,2024-05-25,-0.0536333165970342,-0.0696668040276112,-0.0697988664232166,-0.0822778519748176,0.000614431965673145,0.232144797534089,0.345724009811344,0.427422586314228
"BTC",2024-05-25,2024-05-26,-0.0517486630420141,-0.0671176823496837,-0.0674426400602617,-0.0799697595819534,0.000569154390930915,0.203057613806969,0.337907692751643,0.451748152386007
"BTC",2024-05-26,2024-05-27,-0.0508045680145502,-0.0664698889218676,-0.0662622348441621,-0.0791091224521235,0.000548796692365253,0.217795762074712,0.341868132538949,0.477266148974704
"BTC",2024-05-27,2024-05-28,-0.0503271111316712,-0.0658255018607726,-0.0655479643343411,-0.0784990090082188,0.000535060633869557,0.232025747804453,0.345692018730962,0.516181531883524
"BTC",2024-05-28,2024-05-29,-0.0503214409519551,-0.0654967231974605,-0.0653065179073234,-0.0784413106295814,0.000529727150329784,0.254741336718446,0.35179615885038,0.464234085449558
"BTC",2024-05-29,2024-05-30,-0.0538847476874711,-0.0696719163050489,-0.0700552172451045,-0.0824582511199154,0.000595139164532101,0.215855746586737,0.34828840893787,0.465351030375582
"BTC",2024-05-30,2024-05-31,-0.0538743160054551,-0.069530351057562,-0.069807481433369,-0.0833573552959367,0.000588248741127341,0.21309282338787,0.34761532127984,0.536902393847565
"BTC",2024-05-31,2024-06-01,-0.0543364101992422,-0.0699418823995227,-0.0702677450058022,-0.0833881843076567,0.000593991665308932,0.248903179136008,0.356339236766752,0.365827816443863
"BTC",2024-06-01,2024-06-02,-0.0531532500154189,-0.0693408785448086,-0.0693154588122157,-0.082910939827403,0.000564051840588319,0.169967715865863,0.337109427508999,0.294240527577448
"BTC",2024-06-02,2024-06-03,-0.0529072477825515,-0.0687821979294753,-0.0690660234069548,-0.0825196666303997,0.000550365632739834,0.146041843517777,0.331280742371567,0.535606270051229
"BTC",2024-06-03,2024-06-04,-0.0543034165584205,-0.0699359243011826,-0.0702254995399254,-0.0834631559257993,0.000577358702050122,0.247901586240008,0.35609523439385,0.778182626101102
"BTC",2024-06-04,2024-06-05,-0.0580471908051516,-0.07275724053081,-0.0732661756251836,-0.086057112205844,0.000672963193786794,0.563308819747818,0.432932953304974,0.465555005973443
"BTC",2024-06-05,2024-06-06,-0.0540554020239672,-0.0696295649280709,-0.0699735806354459,-0.0833757296968205,0.000566867084110273,0.22713138024358,0.351035314770796,0.330795618665615
"BTC",2024-06-06,2024-06-07,-0.0528741102576061,-0.069119892869001,-0.0692572628890679,-0.0819980496810473,0.000538555464216647,0.151435626401612,0.332594745124409,0.702348251776084
"BTC",2024-06-07,2024-06-08,-0.0563830180385401,-0.0719675305047324,-0.0720635646170353,-0.0847360748391726,0.000621192185620945,0.424553185288394,0.399130093683291,0.344961031375078
"BTC",2024-06-08,2024-06-09,-0.0530949786041126,-0.0692433968098274,-0.0692402580224667,-0.082929956197979,0.000537284967502195,0.165920714833546,0.336123520101944,0.310842319176981
"BTC",2024-06-09,2024-06-10,-0.0528495339563579,-0.0685303875611893,-0.068991471297432,-0.0823415905508671,0.000524302994346354,0.138812419843233,0.329519551234584,0.268045278185786
"BTC",2024-06-10,2024-06-11,-0.0526045563103333,-0.0684399726689624,-0.0687432600198378,-0.0824976850707926,0.000515255048555891,0.124331352731226,0.325991755908172,0.856034877514942
"BTC",2024-06-11,2024-06-12,-0.0610347728734766,-0.0757708865353118,-0.076006368072051,-0.0874867603829285,0.000759647316157106,0.899140581146879,0.514746379702405,0.63499441244651
"BTC",2024-06-12,2024-06-13,-0.0558781993785532,-0.0709723463417929,-0.0715488791952763,-0.0841326076855364,0.000593919995173355,0.368551022346544,0.385487164804698,0.786861498266354
"BTC",2024-06-13,2024-06-14,-0.0577479747415357,-0.0733176650518972,-0.0731844176452939,-0.0859725741085236,0.000651780897635839,0.554737131656043,0.430844767333889,0.610711403946844
"BTC",2024-06-14,2024-06-15,-0.0546995671196771,-0.0706302033558527,-0.0706015849568157,-0.0839383967126401,0.000566416976878971,0.286711604865326,0.36554991071469,0.343398980527702
"BTC",2024-06-15,2024-06-16,-0.0528173641473558,-0.0687975821131334,-0.0691837208899486,-0.0817295713853313,0.000517537935558176,0.142441175184366,0.330403568001728,0.345588152396806
"BTC",2024-06-16,2024-06-17,-0.0528062993253855,-0.0685557391761836,-0.0689356227572117,-0.0824563416183816,0.000512240323401794,0.137259558150391,0.329141251888258,0.26469397101793
"BTC",2024-06-17,2024-06-18,-0.0523278844947703,-0.0686536528109687,-0.0686877130403661,-0.0820900582363667,0.000501225784207004,0.114386268953879,0.323568991080198,0.768229560008661
"BTC",2024-06-18,2024-06-19,-0.0516574443234842,-0.0654091298373682,-0.0652204212413013,-0.076552559823482,0.00052207017114934,0.689542100576627,0.46609564709535,0.374223639352986
"BTC",2024-06-19,2024-06-20,-0.0472043744325663,-0.0612291143453444,-0.060998412166058,-0.073562997482082,0.000415050195384596,0.205597148590354,0.367018888219071,0.252540543398007
"BTC",2024-06-20,2024-06-21,-0.0460251477976507,-0.0601057267163232,-0.0598162738068409,-0.0723041371196673,0.000390943369985031,0.134690667117639,0.352502393442539,0.569007800079867
"BTC",2024-06-21,2024-06-22,-0.0476544611749692,-0.0615781159088169,-0.06144368325501,-0.0727470767463161,0.000423392512656784,0.30206379589901,0.386768247553795,0.303953273471718
"BTC",2024-06-22,2024-06-23,-0.046008225829455,-0.0594979098313906,-0.0595608739442549,-0.0720464082669958,0.000385496081536154,0.146580871415802,0.35493664324596,0.66197581870878
"BTC",2024-06-23,2024-06-24,-0.0485724770469776,-0.0617018648635331,-0.0618898730939219,-0.0740082444925156,0.000438219383491335,0.399402659574456,0.406696173418257,0.955568847633664
"BTC",2024-06-24,2024-06-25,-0.0600652590607993,-0.0748416031489524,-0.0747949652746603,-0.0859986725883665,0.000739734438982433,0.999999408254244,0.529654743409731,0.843746086771759
"BTC",2024-06-25,2024-06-26,-0.058660034552073,-0.0728898791565731,-0.0733891636846086,-0.084707102178094,0.000689626449022354,0.815699724074437,0.49192356077106,0.686375695228956
"BTC",2024-06-26,2024-06-27,-0.0544456011208581,-0.0690531791765503,-0.0691731492193859,-0.0821619376272189,0.000573205852818476,0.441677801066771,0.415351050347759,0.590589215524871
"BTC",2024-06-27,2024-06-28,-0.0518649074936261,-0.0670185082877734,-0.0668236890510563,-0.0789537197484267,0.000516578590925359,0.298710802472878,0.386081798155302,0.750960323563161
"BTC",2024-06-28,2024-06-29,-0.0542002909712129,-0.0688121746698701,-0.0686911181483663,-0.0806330521933727,0.000576828503285163,0.577827763602814,0.443224668935644,0.530554236363577
"BTC",2024-06-29,2024-06-30,-0.0504507975665111,-0.0651460515638968,-0.0649389079389975,-0.0778123895901904,0.000485942112864383,0.264668204429852,0.37911234788211,0.851404841795555
"BTC",2024-06-30,2024-07-01,-0.0574651200043201,-0.0711389358663062,-0.0714867951241554,-0.0834273001977282,0.000669890867460269,0.932732286588149,0.515883325056757,0.402229287471135
"BTC",2024-07-01,2024-07-02,-0.0504433239120483,-0.0648502928227366,-0.0649293885159842,-0.0777538222695001,0.000484774684731559,0.240177780192606,0.374098488667394,0.540373319881765
"BTC",2024-07-02,2024-07-03,-0.0502027079870636,-0.0643467954764127,-0.064453241008449,-0.0770999571610764,0.000479994508289037,0.280804974621319,0.382415985791215,0.849972654853235
"BTC",2024-07-03,2024-07-04,-0.0567515728718496,-0.0709402635308514,-0.0707702980800923,-0.0828888268246861,0.000655579821069321,0.924653968636297,0.514229472575072,0.920796969285592
"BTC",2024-07-04,2024-07-05,-0.0626326111704358,-0.0768943862318676,-0.0775950878218481,-0.088853839776511,0.000815989337319739,0.999691163045487,0.529591637190527,0.606572787512193
"BTC",2024-07-05,2024-07-06,-0.0553770137088074,-0.0709560618609594,-0.0708048949999495,-0.083739888703316,0.00060567851332916,0.3667930549392,0.400020096062274,0.778912368376837
"BTC",2024-07-06,2024-07-07,-0.0584160695016853,-0.0733191833689866,-0.0733764959148073,-0.0855003787783137,0.000693215906284096,0.717389741392087,0.471796820303217,0.866848968106428
"BTC",2024-07-07,2024-07-08,-0.0621761524744363,-0.0769830073906471,-0.0771412027126799,-0.089258393509073,0.000810269978783273,0.967133108168784,0.522926113479079,0.549962510439684
"BTC",2024-07-08,2024-07-09,-0.0543764203751732,-0.069201007538416,-0.0688525830589729,-0.0816973864102268,0.000594057936594266,0.363845738016675,0.439401773263542,0.704380514023646
"BTC",2024-07-09,2024-07-10,-0.055540216878279,-0.0695376360732455,-0.0695485286717409,-0.0818766740826489,0.000629194438702601,0.611472462101522,0.485533952941339,0.416539675203137
"BTC",2024-07-10,2024-07-11,-0.0508602588168394,-0.0649458551319536,-0.0648658080377974,-0.0766727611821006,0.000515298072204112,0.249436005859847,0.418087553886562,0.387706387117072
"BTC",2024-07-11,2024-07-12,-0.049216854388268,-0.0628412878146244,-0.0627530843667427,-0.0747613847532568,0.000480479373640497,0.225026821874629,0.413540189842734,0.429831281309817
"BTC",2024-07-12,2024-07-13,-0.0485070682734293,-0.0615794539700358,-0.0618074011620566,-0.0729275844557785,0.000464843487991634,0.25417810848891,0.418970994602999,0.758742930108443
"BTC",2024-07-13,2024-07-14,-0.0529392895133305,-0.066375078983597,-0.06600599484467,-0.0781055274871146,0.00057725800630644,0.781861221000372,0.517276911499823,0.833105913714713
"BTC",2024-07-14,2024-07-15,-0.0552742035266526,-0.0682452159304722,-0.0685746053270518,-0.0799563953271272,0.00063264920655796,0.902868257461746,0.539820190578219,0.913851389663448
"BTC",2024-07-15,2024-07-16,-0.0656036430502487,-0.0801421597493173,-0.0807846961271255,-0.0916640146664934,0.000921780118950287,0.999989629359349,0.557913635845456,0.495641694615271
"BTC",2024-07-16,2024-07-17,-0.0571835231943037,-0.0720094207786282,-0.0723614847648445,-0.0849281906209174,0.0006593543030089,0.310484691211245,0.429460756565442,0.525544306543802
"BTC",2024-07-17,2024-07-18,-0.0548416695834938,-0.0694784591457482,-0.0695508764068648,-0.0819117649168308,0.000608207281697512,0.317243463227552,0.430719897258797,0.370469873259397
"BTC",2024-07-18,2024-07-19,-0.051562263875995,-0.0659378723415641,-0.065801694137538,-0.0781741793788369,0.000535381752054765,0.210339155162951,0.410803917809516,0.826590041403776
"BTC",2024-07-19,2024-07-20,-0.0609217186237814,-0.074796074074906,-0.0751661195267729,-0.0872454463421243,0.000789079912436033,0.987146979853302,0.555521085458411,0.475352909056941
"BTC",2024-07-20,2024-07-21,-0.0536714931967737,-0.0684670751967627,-0.0681465041258567,-0.0806811379126364,0.000587219524099188,0.325242355609144,0.432210068975661,0.501144510930359
"BTC",2024-07-21,2024-07-22,-0.0520281206821243,-0.0659221090636369,-0.0660338581934991,-0.0780538567051276,0.000548394008955006,0.309566002171268,0.429289607316438,0.41315286471946
"BTC",2024-07-22,2024-07-23,-0.0499181702233422,-0.063462431089587,-0.0634547014423464,-0.0759256951391623,0.000502305741712679,0.242676690727708,0.416828312012216,0.71026843703641
"BTC",2024-07-23,2024-07-24,-0.0534206479481197,-0.0664166828049256,-0.0667241835540589,-0.0785626512158984,0.000587129131810064,0.663298038106667,0.495188915639773,0.478433782088766
"BTC",2024-07-24,2024-07-25,-0.0496776102339671,-0.0629678435844184,-0.0629789240054022,-0.0751958839937741,0.000496640763805222,0.306152461488718,0.428653674047576,0.372114885685658
"BTC",2024-07-25,2024-07-26,-0.0478006961561846,-0.061467132459848,-0.0610993482465889,-0.0727311179899675,0.000459209331895955,0.225757769906132,0.413676363456664,0.813831667652288
"BTC",2024-07-26,2024-07-27,-0.0552732586424259,-0.0686526728830411,-0.0685734428331244,-0.0802289366312103,0.000641444108972114,0.940309215456064,0.546795338385412,0.413920491260145
"BTC",2024-07-27,2024-07-28,-0.0496625618115014,-0.0628306957863976,-0.062960037730227,-0.0751633953592878,0.000491407203001885,0.292305700023309,0.426074060355885,0.312803740819272
"BTC",2024-07-28,2024-07-29,-0.0482945462457339,-0.061534510536739,-0.061771805138023,-0.0729395387525462,0.000460153716578819,0.203683113138871,0.405146277623725,0.648557178931095
"BTC",2024-07-29,2024-07-30,-0.0520099274172058,-0.0649911743986482,-0.0652542161479535,-0.0768672728166749,0.000543519217129694,0.522231108517045,0.476732710540591,0.510377201270347
"BTC",2024-07-30,2024-07-31,-0.0494459981748685,-0.0633021402667663,-0.0629205631854053,-0.0746943342550138,0.000484852349137237,0.315540671781739,0.43028372546271,0.761608197144152
"BTC",2024-07-31,2024-08-01,-0.053860771419124,-0.0667909590165727,-0.0671031789055968,-0.0781870010907941,0.000592130851050133,0.717584472364886,0.520633945767563,0.472635247404164
"BTC",2024-08-01,2024-08-02,-0.049436505405141,-0.062449748520298,-0.0626763293544594,-0.0745319460094596,0.000478129325607491,0.304348867837327,0.427768621510057,0.90668610698929
"BTC",2024-08-02,2024-08-03,-0.0636757213538865,-0.0778735088120743,-0.0783247742068648,-0.0891017145037622,0.00087017222395885,0.999995441367907,0.58409940209078,0.61421067587528
"BTC",2024-08-03,2024-08-04,-0.0513451829228458,-0.0647387593116368,-0.0648299258828356,-0.0760312213414736,0.000542160482665691,0.44618628715628,0.459643362680923,0.847569500120314
"BTC",2024-08-04,2024-08-05,-0.0588100270082501,-0.0722873827055328,-0.0725328601024904,-0.0837898151191792,0.000744699821016214,0.980599227144311,0.579740543116608,0.892668316320305
"BTC",2024-08-05,2024-08-06,-0.0677610147930081,-0.0820914354008314,-0.0829036553740659,-0.093447710494302,0.00101965992279581,0.999994478694031,0.584099185751673,0.769708241540574
"BTC",2024-08-06,2024-08-07,-0.0563511859120429,-0.0702712244505637,-0.0700973043106809,-0.0815217201817302,0.000703785992876628,0.788831735379106,0.536645151263371,0.591685324256945
"BTC",2024-08-07,2024-08-08,-0.0514534821168297,-0.0647556300007018,-0.0647323949688335,-0.0765339264800983,0.000580271480891801,0.46164528744551,0.463117422173443,0.7983606858046
"BTC",2024-08-08,2024-08-09,-0.0816795503304865,-0.094197821373293,-0.0964987029629176,-0.104387452415403,0.00169367968659803,0.999999994449544,0.584100425292551,0.584899752478046
"BTC",2024-08-09,2024-08-10,-0.0545926495902596,-0.0675496229627044,-0.067878077080407,-0.0791829017422931,0.000710418772844065,0.451542686216483,0.460847091812993,0.430815682998867
"BTC",2024-08-10,2024-08-11,-0.0507481330875112,-0.063283432359967,-0.0632647107693836,-0.0740648833728735,0.000620127601445487,0.328386487532464,0.433170531033123,0.638028874486723
"BTC",2024-08-11,2024-08-12,-0.0551044067862325,-0.0690819999195726,-0.0686454776532139,-0.0803783942057281,0.000719892090572203,0.580601728726036,0.489850182785067,0.466737850895206
"BTC",2024-08-12,2024-08-13,-0.0510055316201448,-0.0634494983582598,-0.0635224908146103,-0.0755215487151862,0.000616422793423146,0.365914434936122,0.441604085562733,0.516706970576109
"BTC",2024-08-13,2024-08-14,-0.0515101429191046,-0.0649801453956358,-0.0645367339704199,-0.0764106157542963,0.000625436042568633,0.399374817900315,0.449123547292809,0.633846529693273
"BTC",2024-08-14,2024-08-15,-0.0538148511384019,-0.0669478239860562,-0.0670980339160687,-0.0789261973582506,0.000670798524540631,0.536444046773647,0.479926745869082,0.580531141809339
"BTC",2024-08-15,2024-08-16,-0.0520242146778996,-0.0655014423589336,-0.0653068854535998,-0.0765719098232427,0.000628714711704737,0.451069923944781,0.46074084922117,0.591310865897964
"BTC",2024-08-16,2024-08-17,-0.0522756159031921,-0.0651763120940142,-0.0653020484712112,-0.077711080821508,0.000626556720638435,0.458122060020698,0.462325656764913,0.436147756240008
"BTC",2024-08-17,2024-08-18,-0.0536781711372081,-0.0677786490840737,-0.06795397880521,-0.0805083235871541,0.000651185270042663,0.285471404959972,0.411376065506073,0.421943277949605
"BTC",2024-08-18,2024-08-19,-0.0518840983561119,-0.065659339864348,-0.0659029150349629,-0.0773281940135642,0.000608013134706486,0.282273406661863,0.410731173981464,0.418216322360987
"BTC",2024-08-19,2024-08-20,-0.0505989958447281,-0.0637761707009523,-0.0641057809825237,-0.0759506013626295,0.000574926929403987,0.284051949875933,0.411089825656039,0.359840882740724
"BTC",2024-08-20,2024-08-21,-0.0488039447670279,-0.0627074042777872,-0.0623083060397165,-0.0735976904136084,0.00053834962855984,0.258020520951813,0.405840464548948,0.726032678377098
"BTC",2024-08-21,2024-08-22,-0.0546733353219848,-0.0689539502886708,-0.0684343209953091,-0.0808641642203873,0.000667348829901709,0.687901040804853,0.492527910258906,0.516726874206334
"BTC",2024-08-22,2024-08-23,-0.0510971750004422,-0.0653629682034782,-0.064856343414611,-0.0772669646808827,0.000578109222135665,0.363589907335688,0.427129032018612,0.858121366308434
"BTC",2024-08-23,2024-08-24,-0.0656898823452412,-0.0802373491466896,-0.0807362281270044,-0.0926666980754023,0.000967340261054758,0.993694617551157,0.55419263535906,0.453129647492088
"BTC",2024-08-24,2024-08-25,-0.0570058546187518,-0.0725386897776605,-0.0723043370707234,-0.0853231149811666,0.000709820742201344,0.339020843323437,0.422174563731856,0.390598671253293
"BTC",2024-08-25,2024-08-26,-0.0536791139489547,-0.068646659434908,-0.068464980207314,-0.0811182274397469,0.000629079970301696,0.254066011090385,0.405043018879535,0.619722057666278
"BTC",2024-08-26,2024-08-27,-0.0549545745761109,-0.0692376523942671,-0.0694856861922295,-0.0810338206580398,0.000656721135716846,0.450835597022355,0.444722539141769,0.860683463232555
"BTC",2024-08-27,2024-08-28,-0.0664941361583252,-0.0805887933977256,-0.0815478801404938,-0.0933474347395903,0.000986528559970049,0.988403337194499,0.553125623579111,0.491601207423102
"BTC",2024-08-28,2024-08-29,-0.0580624795462539,-0.0728549824673358,-0.0733688459547272,-0.086023903790019,0.000728544353419548,0.355163071572902,0.425429720619383,0.372362493982152
"BTC",2024-08-29,2024-08-30,-0.0539681699126803,-0.0692019943929895,-0.0690166062919388,-0.081240217967132,0.000634211591550918,0.241287140642868,0.402466099044851,0.337593924673925
"BTC",2024-08-30,2024-08-31,-0.0516608252399507,-0.0659307179252139,-0.0659414859181593,-0.0783815734205794,0.000579103159072844,0.226630983626932,0.399510615469856,0.323950562370051
"BTC",2024-08-31,2024-09-01,-0.0498642388447127,-0.063686858477793,-0.0636323660049884,-0.0760230797158109,0.00053876054791452,0.226128720451396,0.399409331718324,0.688040859855152
"BTC",2024-09-01,2024-09-02,-0.0539487069530434,-0.0672590364613611,-0.0677178634996016,-0.0792127083342197,0.00062698700729697,0.587263045696147,0.47223378122899,0.787671173964021
"BTC",2024-09-02,2024-09-03,-0.0565044472564576,-0.0705207766604417,-0.0705297739510297,-0.0826172362140251,0.000692252578700325,0.741498823866356,0.503336157422343,0.753001125939563
"BTC",2024-09-03,2024-09-04,-0.0559975738470692,-0.070095197681437,-0.0702785538271898,-0.0817753533904626,0.000674519745732685,0.635965693227586,0.482054901095636,0.44880441510586
"BTC",2024-09-04,2024-09-05,-0.0513957476684899,-0.0655792571730634,-0.0654192126532127,-0.0780440815970814,0.000562509648864222,0.29537574616536,0.413373322885469,0.77984282507431
"BTC",2024-09-05,2024-09-06,-0.0572735396221732,-0.0710719237132681,-0.071299676805102,-0.0833447538800577,0.000706519000939309,0.786470735487037,0.512404956698066,0.859841656612799
"BTC",2024-09-06,2024-09-07,-0.0591269493796815,-0.0734891961770726,-0.0736768531578658,-0.0848392891835999,0.000773598671685077,0.897868653107951,0.519773063574843,0.452626120651313
"BTC",2024-09-07,2024-09-08,-0.0542640418537648,-0.0687849406246014,-0.0693215822335705,-0.0817575981374414,0.000631390045241903,0.32401818177711,0.390133080889434,0.505513551359028
"BTC",2024-09-08,2024-09-09,-0.0537443572455059,-0.0687321490688166,-0.0690549937145475,-0.0811165843424146,0.000616824644557889,0.285815981182709,0.381502727041127,0.827277517550304
"BTC",2024-09-09,2024-09-10,-0.0588691450300085,-0.0731124736039386,-0.0734185357315443,-0.0846944322892513,0.000760538554343785,0.859362951065791,0.511074144962023,0.502822424863634
"BTC",2024-09-10,2024-09-11,-0.0542628548920497,-0.0693889514012859,-0.0693201305053481,-0.0825351770676075,0.000631208386091075,0.340507138941357,0.393858142082319,0.36515176927524
"BTC",2024-09-11,2024-09-12,-0.0529747676182076,-0.0681036543471622,-0.0682844658667066,-0.0811821224569725,0.000594585035060793,0.217390697831273,0.366044601637218,0.453671969951936
"BTC",2024-09-12,2024-09-13,-0.0532196762448172,-0.0683649585168404,-0.068527012955305,-0.0813232078763043,0.000595074358282669,0.24221412702017,0.371652524068262,0.83681846768602
"BTC",2024-09-13,2024-09-14,-0.0591085141329421,-0.073143070066706,-0.0733995149111135,-0.0858184785498427,0.000758962125780213,0.887479474742543,0.517426018533155,0.500120560097316
"BTC",2024-09-14,2024-09-15,-0.0542490891326099,-0.069211261303175,-0.0693032941228196,-0.0824467261976923,0.000620661091584045,0.337470604060223,0.393172150959055,0.533865789825347
"BTC",2024-09-15,2024-09-16,-0.0537314755440716,-0.0688487899336,-0.0690391676242138,-0.081412975936782,0.000604726993410912,0.290983614720133,0.382670159945317,0.561617512277192
"BTC",2024-09-16,2024-09-17,-0.0537246267416164,-0.0688610700445382,-0.0690307533811975,-0.0814682164480035,0.000600645331136125,0.291553636025542,0.382798934871635,0.823416029141006
"BTC",2024-09-17,2024-09-18,-0.0580712878031838,-0.0728266061155077,-0.0726141322083891,-0.0852839099836066,0.000722155673173489,0.771058645817505,0.491125100436738,0.667106752173886
"BTC",2024-09-18,2024-09-19,-0.055257280822919,-0.0696861318171083,-0.070308753931443,-0.0820579594855258,0.000635455291444429,0.429748146326162,0.414018799309565,0.777928219355166
"BTC",2024-09-19,2024-09-20,-0.0567889659226203,-0.0710814267937061,-0.0715855462770536,-0.0833343007624503,0.000677390337822164,0.59851017290839,0.452144247134563,0.406412846434949
"BTC",2024-09-20,2024-09-21,-0.0532048375283596,-0.0683633808615072,-0.0685087564922545,-0.0814353302914181,0.000583924106637179,0.243015709648496,0.371833611587134,0.324990142265168
"BTC",2024-09-21,2024-09-22,-0.0524273302975227,-0.0681166058377977,-0.0679833981182935,-0.0808361440285012,0.000563551224220763,0.185063991619982,0.358741595291699,0.302202610298389
"BTC",2024-09-22,2024-09-23,-0.0524150433249394,-0.0675904481875607,-0.067968200445409,-0.0802561112280119,0.000554713615180497,0.172629750750965,0.355932545109642,0.297918825253669
"BTC",2024-09-23,2024-09-24,-0.0524033031763135,-0.0674348850743725,-0.0679536791353609,-0.0801080230940332,0.000548331371880544,0.168692005811522,0.355042959387799,0.565723577692042
"BTC",2024-09-24,2024-09-25,-0.0536695830229523,-0.0686624093728717,-0.0689631282411244,-0.0814118207849184,0.000575113771945851,0.285098734003909,0.381340691952744,0.723992986927686
"BTC",2024-09-25,2024-09-26,-0.054941244499888,-0.070257911864976,-0.0702341615405845,-0.0819754971654068,0.000608773938779625,0.42156859704013,0.412170937051377,0.868819877412294
"BTC",2024-09-26,2024-09-27,-0.0565812841287197,-0.071081296308238,-0.0711326362377157,-0.0839585704509074,0.000733981536301493,0.455429601665566,0.357541039317483,0.569473630120275
"BTC",2024-09-27,2024-09-28,-0.0540171004968087,-0.0691435080789938,-0.0688212489317038,-0.0814003614468196,0.000675097078296532,0.248893571191171,0.297512613320122,0.327669233580706
"BTC",2024-09-28,2024-09-29,-0.0527281470881741,-0.0675287922973545,-0.0672742437632198,-0.0803922034922719,0.000645283402144795,0.166540980343343,0.273577339682661,0.282735872921455
"BTC",2024-09-29,2024-09-30,-0.0522054436385452,-0.0669135364041034,-0.0667488038485665,-0.079210355730095,0.00063412196840694,0.154239199221904,0.270001902719009,0.863734034654275
"BTC",2024-09-30,2024-10-01,-0.057072216821136,-0.0717564402809134,-0.0718747208480175,-0.0838343389565714,0.000745460699375813,0.480196739216078,0.36473945540112,0.903861930548773
"BTC",2024-10-01,2024-10-02,-0.0601582001680856,-0.0743477927254739,-0.0749654241455775,-0.0875080385094842,0.00082089173743005,0.615363442443532,0.404024825722994,0.437580122182145
"BTC",2024-10-02,2024-10-03,-0.0550395295531188,-0.0701546549236528,-0.0700992424679619,-0.0830463467203838,0.000694070530309082,0.234348749737617,0.293285250490189,0.31620173093241
"BTC",2024-10-03,2024-10-04,-0.0534952178722074,-0.068130542199298,-0.0682968389826011,-0.0810858843574618,0.000658254603792958,0.159877007718743,0.271640497057065,0.674834893779267
"BTC",2024-10-04,2024-10-05,-0.0545109925535155,-0.0696729989544284,-0.0693115155361289,-0.0822709162480713,0.000684803795830708,0.27598806602414,0.305387461472675,0.357303508993066
"BTC",2024-10-05,2024-10-06,-0.0529673330817365,-0.0675138490676144,-0.0675099133982389,-0.0806243456375185,0.00064748133691735,0.170089252448257,0.274608623129811,0.494675470803865
"BTC",2024-10-06,2024-10-07,-0.0529570158363169,-0.0674302129649512,-0.0674973299370624,-0.0800440222004303,0.000647444463234741,0.195830844461162,0.28209025840503,0.372685054605183
"BTC",2024-10-07,2024-10-08,-0.0521804794921401,-0.0672542167383037,-0.0667182921140714,-0.0796583685272049,0.000634056210115013,0.168292374787981,0.274086371697901,0.319826033740358
"BTC",2024-10-08,2024-10-09,-0.0519138800716064,-0.0665026586742934,-0.066194111825723,-0.0795237127001731,0.000626118372456686,0.159773664361542,0.271610460946388,0.789128142199979
"BTC",2024-10-09,2024-10-10,-0.054210589533453,-0.06858645050612,-0.0684911753294463,-0.0818629402530535,0.000675119597773132,0.327986449019442,0.320500471432469,0.454762491594082
"BTC",2024-10-10,2024-10-11,-0.0526694258731811,-0.0668886699990362,-0.0669476068328136,-0.0802050329646552,0.000639046848916271,0.196703004062382,0.282343746224852,0.889889569256247
"BTC",2024-10-11,2024-10-12,-0.0572723125540619,-0.0717655067075764,-0.0720632543693079,-0.0838537964619311,0.000747034544194256,0.500085593249558,0.370520028407092,0.611695515312505
"BTC",2024-10-12,2024-10-13,-0.0544565720370147,-0.0688881911542512,-0.0689902300881757,-0.0825677359053559,0.000676939764460581,0.264532195785042,0.302057883300268,0.426184766544845
"BTC",2024-10-13,2024-10-14,-0.0529158454169222,-0.067889197472666,-0.0677020508811281,-0.0801282964037907,0.00064602689442132,0.182439602092115,0.278198176235557,0.904756857781509
"BTC",2024-10-14,2024-10-15,-0.0613723190086253,-0.0763080950449967,-0.0766773438937897,-0.0883659377337266,0.000853621136408511,0.645570511060529,0.412804324287518,0.610355455994667
"BTC",2024-10-15,2024-10-16,-0.0565152564984608,-0.0717966211259913,-0.0718179842070557,-0.08469001376038,0.000725065683906786,0.298215605652829,0.311847759051937,0.503999601831921
"BTC",2024-10-16,2024-10-17,-0.0530755401153066,-0.0683220696062212,-0.0689196383047292,-0.0813370725528738,0.000603480806645789,0.240631657882157,0.342153339838527,0.366185400792762
"BTC",2024-10-17,2024-10-18,-0.0520414946225974,-0.0680202359788489,-0.0681382219475928,-0.0808744619330678,0.000584502223106588,0.181798004076039,0.326532512122652,0.571725014925838
"BTC",2024-10-18,2024-10-19,-0.0530545015016858,-0.0682498304721443,-0.068893573124463,-0.0813289832813476,0.000600444676245245,0.239064527405129,0.341737253574862,0.336769201044502
"BTC",2024-10-19,2024-10-20,-0.0520200570348027,-0.0675833617105445,-0.067856078675366,-0.0815184899651429,0.000579460792165712,0.173778607195642,0.324403295102293,0.425371085525884
"BTC",2024-10-20,2024-10-21,-0.0522640007931644,-0.0676668108310171,-0.0680972485209708,-0.0814297988477748,0.00058233363421295,0.188090021194833,0.32820309535248,0.76395897684417
"BTC",2024-10-21,2024-10-22,-0.0545624171106574,-0.0700401492131457,-0.0701402994438013,-0.0832012605397282,0.00063325644533822,0.359985934524584,0.373842899673247,0.369291703423444
"BTC",2024-10-22,2024-10-23,-0.0522514955605969,-0.0679339789660591,-0.0680817205811161,-0.0818068178294449,0.000581967943033458,0.192984083226167,0.329502509801126,0.502464418497581
"BTC",2024-10-23,2024-10-24,-0.0524978703311747,-0.0678781572170522,-0.0683259400536562,-0.0815339512278472,0.000584305649929926,0.204909807263234,0.332668889390332,0.780001223484883
"BTC",2024-10-24,2024-10-25,-0.0542805872604289,-0.07018755525946,-0.0701076436050517,-0.0825639106737921,0.000626491904840472,0.347130078214218,0.370429562177228,0.870944250274051
"BTC",2024-10-25,2024-10-26,-0.0565837719416138,-0.0719043436117354,-0.0719015304604068,-0.0845720675492741,0.000681108298369448,0.528646671071924,0.41862373746926,0.607397705895741
"BTC",2024-10-26,2024-10-27,-0.0532541537361588,-0.0693057225125205,-0.0690799407789534,-0.0825468840264858,0.000603308737208614,0.27213331678885,0.350517294050301,0.633864960740306
"BTC",2024-10-27,2024-10-28,-0.0529895906097246,-0.0687559285129985,-0.0688131536571585,-0.0821651961012276,0.000595009549633902,0.247687180820306,0.344026640256438,0.846363240240714
"BTC",2024-10-28,2024-10-29,-0.0560526987635348,-0.0713822896514664,-0.0713659310442167,-0.0845275442788814,0.000665514556835354,0.482058613559862,0.4062542181052,0.913613570062541
"BTC",2024-10-29,2024-10-30,-0.0601544772980219,-0.0742619934630861,-0.0747056662109285,-0.0873285954994507,0.000780978573636576,0.861601323252783,0.507025985544074,0.444433607845848
"BTC",2024-10-30,2024-10-31,-0.0537602078814124,-0.0690178445690609,-0.0693297050108058,-0.0828312788269087,0.000610202287422829,0.294391310566454,0.356426977770552,0.803380050535265
"BTC",2024-10-31,2024-11-01,-0.0568306447009033,-0.0722369850992243,-0.0721465620795818,-0.0847160851897849,0.000688104330496735,0.553057841227691,0.425105107547052,0.600274922543305
"BTC",2024-11-01,2024-11-02,-0.0535038982799167,-0.0694898924171179,-0.0693283789160964,-0.0825302070971509,0.000608220172945847,0.289429696823879,0.355109627776943,0.369040975005973
"BTC",2024-11-02,2024-11-03,-0.0519607842067658,-0.0680772325490436,-0.068037610333337,-0.0812626318754174,0.000574628366979203,0.182254069343607,0.326653601269951,0.378337439941997
"BTC",2024-11-03,2024-11-04,-0.0519501765626729,-0.0677048128984045,-0.0680243871057691,-0.0808543352589756,0.000571167978452264,0.175379236686367,0.324828275634591,0.565020880393603
"BTC",2024-11-04,2024-11-05,-0.052708375507886,-0.0682009966272544,-0.0685257034556427,-0.0818300424284481,0.000584566717219348,0.223259408513348,0.33754086216849,0.817206949104756
"BTC",2024-11-05,2024-11-06,-0.0528651003334273,-0.0675828755529741,-0.0676399639292605,-0.080526787435966,0.000638925452824489,0.273521569010421,0.2544937530521,0.917121482163505
"BTC",2024-11-06,2024-11-07,-0.0706105021098875,-0.0861292451984421,-0.0877123651872128,-0.0977912948391981,0.00114030705712813,0.718529110884937,0.373965655112832,0.491690518787664
"BTC",2024-11-07,2024-11-08,-0.0596206229391658,-0.0762127911376308,-0.0772295921754336,-0.0897662074925949,0.000803856542355997,0.183902011236102,0.23043344390759,0.410992386208169
"BTC",2024-11-08,2024-11-09,-0.0562901353809592,-0.0729005149862319,-0.0731303835915121,-0.0865968397707295,0.000724376527415823,0.115365838308458,0.212033425550288,0.361891606806947
"BTC",2024-11-09,2024-11-10,-0.0544910663563236,-0.070361741746803,-0.0705627682424295,-0.0839802192067472,0.000681096117913836,0.104216729524967,0.209040206093748,0.804570869311629
"BTC",2024-11-10,2024-11-11,-0.0616654498333943,-0.0774493711233745,-0.0779991061773687,-0.0910599992612501,0.000856719237051227,0.494703126901335,0.313874727384968,0.852101230652712
"BTC",2024-11-11,2024-11-12,-0.0785102272481728,-0.0932424910263077,-0.0948895686470635,-0.104460865996741,0.00153378389175434,0.841875372871605,0.407080627658137,0.523795230560089
"BTC",2024-11-12,2024-11-13,-0.0651898551653228,-0.0823857731398086,-0.0838696459335016,-0.0953549011944564,0.000986952581679532,0.211758186372928,0.237912036773038,0.606918000687852
"BTC",2024-11-13,2024-11-14,-0.0633972804636102,-0.0806401699320372,-0.0813090902930301,-0.0945641913102328,0.000927496939855666,0.234358611421312,0.243979609822559,0.710665720351443
"BTC",2024-11-14,2024-11-15,-0.064695727910811,-0.0806980965684048,-0.0821000220151808,-0.0938653248109071,0.000956220827026766,0.370376465469121,0.280496545398211,0.776864133348348
"BTC",2024-11-15,2024-11-16,-0.0670271048525183,-0.0830346518957042,-0.0841814091735953,-0.0955783923303066,0.00103255174516204,0.534369283904371,0.324523965383565,0.478412230380668
"BTC",2024-11-16,2024-11-17,-0.0593336396006405,-0.0761752210638325,-0.0764850055011054,-0.089028751318765,0.000816824756200141,0.173247475403187,0.227573003259392,0.425624166938707
"BTC",2024-11-17,2024-11-18,-0.0570189736407143,-0.0731123646029452,-0.0733998612932643,-0.0862592646737838,0.000757005173838999,0.128870689828568,0.215659095109413,0.413781335473676
"BTC",2024-11-18,2024-11-19,-0.0557271177485934,-0.0709702938780615,-0.0713374127332458,-0.0847770943022377,0.000723617450410422,0.127546726471223,0.21530364850306,0.51932295571688
"BTC",2024-11-19,2024-11-20,-0.0554634712024826,-0.0708694578361239,-0.0708161300871828,-0.0845448722738307,0.000719396779889902,0.176277176680442,0.228386392112859,0.580459041659152
"BTC",2024-11-20,2024-11-21,-0.0554573248655557,-0.070397786766081,-0.0705527555104506,-0.0843359111556966,0.000717210619739854,0.207193751410789,0.236686615458913,0.809078459171471
"BTC",2024-11-21,2024-11-22,-0.0611141737778086,-0.0761096990041066,-0.0769831540436616,-0.0893361973178167,0.000856079489836934,0.487687965918757,0.311991355650816,0.455960916841977
"BTC",2024-11-22,2024-11-23,-0.0559820235660239,-0.071293693073575,-0.0715920928940352,-0.0845693970412821,0.000730272307911926,0.17698495706582,0.228576411069675,0.456531588657765
"BTC",2024-11-23,2024-11-24,-0.0546940860793219,-0.0702063677742234,-0.0700463489913835,-0.0831181833621395,0.00070318663801309,0.154486249890753,0.222536146383845,0.358133535163646
"BTC",2024-11-24,2024-11-25,-0.0534021082983722,-0.0688451616781066,-0.0684956413144584,-0.0812694778253401,0.000675272939137609,0.125535909642588,0.214763801222717,0.810148005430454
"BTC",2024-11-25,2024-11-26,-0.0605381141785531,-0.0762911560043497,-0.0767050737039846,-0.0899316451697892,0.000842586717780979,0.68410133097597,0.386135894207787,0.590358270307377
"BTC",2024-11-26,2024-11-27,-0.0553989935194982,-0.0718784837528322,-0.0720775490473232,-0.085887528655928,0.000722136511154437,0.282112702107453,0.291190733702632,0.817124526985613
"BTC",2024-11-27,2024-11-28,-0.0597851708789672,-0.0752332090945484,-0.0759558753980802,-0.0892089418009117,0.000822321897116905,0.607520505964405,0.36804837082981,0.44519654772691
"BTC",2024-11-28,2024-11-29,-0.0546386696852268,-0.0706962641347767,-0.0713195489081589,-0.0845963215087527,0.000704916326070196,0.218286517547758,0.27611571191779,0.530407767898526
"BTC",2024-11-29,2024-11-30,-0.0543732642852115,-0.0703260342939187,-0.0710519785298587,-0.0843424497388995,0.000697748699993364,0.200180141042418,0.271839190892046,0.436228679320098
"BTC",2024-11-30,2024-12-01,-0.0535932195808589,-0.0703018239716235,-0.0702693742744545,-0.0847513778845417,0.000684250694895818,0.163439896284655,0.2631615612652,0.42616119530785
"BTC",2024-12-01,2024-12-02,-0.0535814146521313,-0.0699024838951057,-0.0702546237780981,-0.0844262663557219,0.000680433980978738,0.159176354850445,0.262154561074845,0.565301567141297
"BTC",2024-12-02,2024-12-03,-0.054089704185087,-0.0703304287495333,-0.0707617415068259,-0.0849204237907751,0.000689156884142893,0.193995827088445,0.270378525990586,0.364588598370841
"BTC",2024-12-03,2024-12-04,-0.0533072230228353,-0.0697333226113539,-0.0702324462279971,-0.0836004331352583,0.00067267492464377,0.148392238123445,0.259607474863891,0.745781673851873
"BTC",2024-12-04,2024-12-05,-0.0556176318272984,-0.0723777642574274,-0.0725434508322669,-0.0858359778954294,0.000722399951427118,0.31271643080136,0.298418987748221,0.686786448683461
"BTC",2024-12-05,2024-12-06,-0.0545889423800813,-0.0712756217348861,-0.0715140421884658,-0.0850824100340075,0.000699448115303069,0.239938748104167,0.281229723503787,0.804392573037393
"BTC",2024-12-06,2024-12-07,-0.0561307751548104,-0.0727193027702049,-0.0730566526500039,-0.0859649718526884,0.000732348224581455,0.347341460335036,0.306597027499802,0.40769827877604
"BTC",2024-12-07,2024-12-08,-0.0535533860161531,-0.0701112482611613,-0.0704760047466655,-0.0841890181174869,0.000676508242023378,0.169959204888725,0.264701348108272,0.388738770276043
"BTC",2024-12-08,2024-12-09,-0.053284804714928,-0.0696559849403065,-0.0702043261539168,-0.0838892992419135,0.000668576031797736,0.152172524485759,0.260500335680465,0.808271660895349
"BTC",2024-12-09,2024-12-10,-0.0568886816398919,-0.0728472685616736,-0.0735553848629953,-0.0868732832109857,0.000743285705096084,0.395034148290186,0.317861500143144,0.444812813680797
"BTC",2024-12-10,2024-12-11,-0.0535437515652744,-0.0706270189344251,-0.0707202956513101,-0.0840498495584485,0.000676802580049313,0.182186112950003,0.267589205288778,0.861204642865786
"BTC",2024-12-11,2024-12-12,-0.059979122432325,-0.0758592029429546,-0.0763924435646824,-0.0890611299273271,0.000820237455528795,0.64427262126495,0.376728804144394,0.566669915022022
"BTC",2024-12-12,2024-12-13,-0.0548411204843396,-0.0709426579627014,-0.0715087357627121,-0.0857341129877944,0.000699963988729869,0.24922859240437,0.283423879494302,0.495647398029799
"BTC",2024-12-13,2024-12-14,-0.0535480340682952,-0.0703819998856702,-0.0704692968350509,-0.0847162733800482,0.000676119688333328,0.177252020824271,0.266423828620927,0.33434422610274
"BTC",2024-12-14,2024-12-15,-0.0530226576807589,-0.0696458653990491,-0.0699407006562423,-0.0841743367834072,0.00066289358008076,0.142710544990269,0.258265523306731,0.774668119900677
"BTC",2024-12-15,2024-12-16,-0.056592370216157,-0.072178945748978,-0.0725392834625949,-0.0861608255851991,0.000723607639262245,0.413669003546865,0.354611066270705,0.562980905256557
"BTC",2024-12-16,2024-12-17,-0.0547802663459298,-0.0704431857406692,-0.0709816139833827,-0.0843354209689583,0.000681709312609726,0.235583034963026,0.320432012752854,0.3501618336679
"BTC",2024-12-17,2024-12-18,-0.053995328809959,-0.0702215650749087,-0.0704505501922023,-0.083624198116359,0.000666214253196055,0.178317294618143,0.309441316407983,0.878837222273572
"BTC",2024-12-18,2024-12-19,-0.0607383892363506,-0.0762742678904071,-0.0764346050941489,-0.0884234845266523,0.000835963122740999,0.900315477103034,0.448010428366542,0.79567923469634
"BTC",2024-12-19,2024-12-20,-0.0573987884511117,-0.0732144642907988,-0.0733535603162304,-0.0866234280903836,0.0007475363653266,0.50210362868453,0.371583834026905,0.418647123045134
"BTC",2024-12-20,2024-12-21,-0.0545548002478574,-0.0704554510558511,-0.0707637265701637,-0.0843237910509066,0.000680916512699431,0.215208623266684,0.316521664771473,0.357861412990536
"BTC",2024-12-21,2024-12-22,-0.0540280763007185,-0.0704464870463657,-0.0704913123652127,-0.0836847612451097,0.000670705517479566,0.18130901724551,0.310015501160463,0.619525360023828
"BTC",2024-12-22,2024-12-23,-0.0550538937193107,-0.070639834500638,-0.0712591478610406,-0.0843744349226588,0.000687215439962824,0.25989245063829,0.325097584251607,0.378690901503459
"BTC",2024-12-23,2024-12-24,-0.0540124074500655,-0.0703765120458322,-0.0704718086906906,-0.0837901677554058,0.000667343496693883,0.182952709861038,0.310330965979616,0.837470521050278
"BTC",2024-12-24,2024-12-25,-0.0584000194364087,-0.0739847375839824,-0.0743485336125792,-0.0868264215524017,0.000767454453807414,0.614296182959643,0.393116329525382,0.462257130941025
"BTC",2024-12-25,2024-12-26,-0.0547856070125724,-0.0704322212744609,-0.0709882267180725,-0.0843876450697965,0.00068046933937466,0.237189247989327,0.320740284322049,0.826005816477856
"BTC",2024-12-26,2024-12-27,-0.0578905631053021,-0.0736982802089726,-0.0738402011000033,-0.0869393318727689,0.000755809633255866,0.561806450874826,0.383042265991174,0.617107232497629
"BTC",2024-12-27,2024-12-28,-0.0550533184455843,-0.0712248446453516,-0.0712584360816841,-0.0851389217665081,0.000689774424085345,0.275033523436394,0.328003526486132,0.467317452372729
"BTC",2024-12-28,2024-12-29,-0.054269472736589,-0.0703561913069931,-0.0707288464613926,-0.0836217127056853,0.000670771609850216,0.200695054461875,0.313736155902587,0.60680889747347
"BTC",2024-12-29,2024-12-30,-0.0547785354211252,-0.070429057066673,-0.0709794707778117,-0.0845089849918497,0.000678138913033973,0.239659140269971,0.321214317066542,0.479098286262525
"BTC",2024-12-30,2024-12-31,-0.054254076922949,-0.0700813919348556,-0.0707096970017604,-0.0834574012653366,0.000666295128294939,0.196938283085499,0.313015139581376,0.436297304504021
"BTC",2024-12-31,2025-01-01,-0.0539848810913503,-0.0703576935308211,-0.0704375454793644,-0.0840901832523716,0.00066192681874956,0.187516295907999,0.31120682977154,0.478211498066066
"BTC",2025-01-01,2025-01-02,-0.0539734836273164,-0.0706031593602081,-0.0704233585786261,-0.0844939980359476,0.000661511844122675,0.194671423453937,0.312580073768608,0.772444939875817
"BTC",2025-01-02,2025-01-03,-0.0555128245817319,-0.0715821615683673,-0.0719620212951902,-0.0844953202454574,0.000691588289701942,0.327333179715004,0.3380411098237,0.602282905123501
"BTC",2025-01-03,2025-01-04,-0.0544739566349451,-0.0703228463595438,-0.0709205318617221,-0.0838628779084963,0.000666244997173788,0.223912466179477,0.318192145130443,0.338167538939566
"BTC",2025-01-04,2025-01-05,-0.0496745755442753,-0.0638653785738636,-0.0633124299454768,-0.0755656919189746,0.000557295462371812,0.24448178987229,0.404668558294434,0.282652093734558
"BTC",2025-01-05,2025-01-06,-0.0488901531494421,-0.0622679853379271,-0.0622680048418299,-0.0735494586592894,0.000538481927053833,0.244921212117133,0.404701013336643,0.867613107558533
"BTC",2025-01-06,2025-01-07,-0.0566197726398449,-0.0707846504724156,-0.0712863974904694,-0.0838527717992941,0.000695600744963274,0.775664693070623,0.443900899730047,0.923712154129921
"BTC",2025-01-07,2025-01-08,-0.0659386833059988,-0.0809449479556127,-0.0821605913339358,-0.0941717949951647,0.000935360669203465,0.970942286306629,0.458323798446159,0.728106636436629
"BTC",2025-01-08,2025-01-09,-0.0605279964735224,-0.0767182695348434,-0.0767491603413919,-0.0898074194735922,0.000790723856465909,0.394467150434782,0.415746243288626,0.794394814274231
"BTC",2025-01-09,2025-01-10,-0.0605347474378356,-0.0758664931838854,-0.076499893455818,-0.0887833286438153,0.000789842296866779,0.538010984650502,0.426348167185309,0.773742707435246
"BTC",2025-01-10,2025-01-11,-0.0592444854940386,-0.0745823754061351,-0.0749515332057116,-0.0878095006659265,0.000759791963217447,0.481964500856887,0.422208661235067,0.412998450515789
"BTC",2025-01-11,2025-01-12,-0.0548539058752636,-0.0699124125707751,-0.070043022728674,-0.0819792136665521,0.00066091527865945,0.233406145623992,0.403850528470522,0.331644572931469
"BTC",2025-01-12,2025-01-13,-0.0525243953642306,-0.0663651250772557,-0.0666810450585279,-0.0794041618725159,0.000609452299540403,0.231381255177696,0.403700973217744,0.300106249906464
"BTC",2025-01-13,2025-01-14,-0.0507100809244857,-0.0643647953226678,-0.0646066078640268,-0.0760024321838302,0.000574201347615286,0.236135804044777,0.404052136787585,0.689264335952475
"BTC",2025-01-14,2025-01-15,-0.0525066625507335,-0.0668730949671831,-0.0666594950053348,-0.0792289816049198,0.000611659602751021,0.435841122973242,0.418802060423181,0.868232619576239
"BTC",2025-01-15,2025-01-16,-0.0579208642245681,-0.0733661006889359,-0.0733625730559139,-0.0850352668489553,0.000732015853584991,0.757384960261673,0.442550787151886,0.428251362190411
"BTC",2025-01-16,2025-01-17,-0.0535329895841783,-0.0679831757278693,-0.0681998181497719,-0.0804126641239412,0.000628346149050376,0.252284847289302,0.405244879954982,0.852793579524054
"BTC",2025-01-17,2025-01-18,-0.0610148845984058,-0.0766983371452346,-0.0767151559197311,-0.0897576889126817,0.000807097909636741,0.858703992850086,0.450034053003442,0.428757230665556
"BTC",2025-01-18,2025-01-19,-0.0553391119301804,-0.0706373767846042,-0.0705216581401884,-0.0834675997884559,0.000668740909397102,0.249251723759483,0.405020858177885,0.797650167726783
"BTC",2025-01-19,2025-01-20,-0.0589553548512282,-0.0741954074969622,-0.0743981424785606,-0.0873123513634704,0.000753142290539333,0.664950329001897,0.435723709337025,0.638866165216009
"BTC",2025-01-20,2025-01-21,-0.0555996248297434,-0.0710704436935412,-0.0707828727775616,-0.0837959511373042,0.000676684206711295,0.334329856450108,0.411304596472784,0.818374855747844
"BTC",2025-01-21,2025-01-22,-0.0586925775089321,-0.0737574061031962,-0.074134206449644,-0.0865998470023466,0.000746364800116428,0.645836342087065,0.434311980050703,0.721612792849762
"BTC",2025-01-22,2025-01-23,-0.056631467329869,-0.0714127893840953,-0.0718152519838239,-0.0844393690592543,0.000696239734961802,0.405702634337138,0.416576078620293,0.411596509239093
"BTC",2025-01-23,2025-01-24,-0.0532730116391318,-0.0676727703691477,-0.0679392525285086,-0.0797751102170225,0.00062430558710841,0.238215478961191,0.40420573833595,0.351602255152232
"BTC",2025-01-24,2025-01-25,-0.0518066092423004,-0.0652177227030862,-0.0654598891911682,-0.0768649738148948,0.000592965499253208,0.271288305957373,0.442842740355826,0.303686037941701
"BTC",2025-01-25,2025-01-26,-0.0502481814767276,-0.0639794893849314,-0.0636411577717803,-0.0750005697231993,0.000564644364180696,0.267151328068776,0.443091526897996,0.638084408733044
"BTC",2025-01-26,2025-01-27,-0.050759994379941,-0.0642546969309666,-0.0641522798032713,-0.0765182826705832,0.00056988867562222,0.428333099289537,0.433398495752393,0.473456247721234
"BTC",2025-01-27,2025-01-28,-0.05023480084336,-0.063349073167113,-0.0633674514950657,-0.075349584768846,0.000559137222536276,0.289740896451946,0.441733052001949,0.403418542117735
"BTC",2025-01-28,2025-01-29,-0.0494517253217934,-0.0627060614639292,-0.0625821628332741,-0.0737936174199119,0.000544450731461633,0.289432079715077,0.441751623396382,0.798106821134859
"BTC",2025-01-29,2025-01-30,-0.0512525157490536,-0.0656254481584607,-0.0651550244316988,-0.0775971137207367,0.000576946792559248,0.59694167922112,0.423258836631423,0.546202925132559
"BTC",2025-01-30,2025-01-31,-0.0509833316422368,-0.0646066386115143,-0.064368487815932,-0.0768475261386349,0.000571523408959923,0.284797876510968,0.442030311709906,0.809874151278457
"BTC",2025-01-31,2025-02-01,-0.0522737772714295,-0.0660286763196266,-0.0661744709736336,-0.07886833922363,0.000591441597895675,0.577761855219247,0.424412258820603,0.695168571850513
"BTC",2025-02-01,2025-02-02,-0.0520103989795515,-0.0663427092465815,-0.0659098235138692,-0.0782741268665688,0.000591313973726563,0.351608993726408,0.438012473742642,0.868482707139178
"BTC",2025-02-02,2025-02-03,-0.0540804278716906,-0.0686576015855308,-0.0687544087327222,-0.0813574400021903,0.000626652214216076,0.723109192975026,0.41567146722161,0.905658917914496
"BTC",2025-02-03,2025-02-04,-0.0579601549234939,-0.0737052792188573,-0.0739253975935221,-0.0863145239265297,0.00071064993270673,0.898243520237532,0.405139367493691,0.877053687313366
"BTC",2025-02-04,2025-02-05,-0.0597828171171814,-0.0758449046277094,-0.076010038100233,-0.0886888152982817,0.000756571328033495,0.801568420570655,0.410953143735124,0.602947871011977
"BTC",2025-02-05,2025-02-06,-0.0579709947195351,-0.0730361434507927,-0.0731660386600019,-0.085845762433534,0.000719773916783331,0.273811976309922,0.442690973719045,0.368420712543385
"BTC",2025-02-06,2025-02-07,-0.0548672242864745,-0.0693790055742317,-0.0692868329413306,-0.0819344872446528,0.000652435133749632,0.242683855369635,0.444562933826525,0.315175375125876
"BTC",2025-02-07,2025-02-08,-0.0525372151278268,-0.0665387281280381,-0.0664391806521179,-0.0784278579669947,0.000603908554647982,0.254377093336894,0.44385973445757,0.301659141873361
"BTC",2025-02-08,2025-02-09,-0.0509799824870791,-0.0641803113886371,-0.0643644406404609,-0.0760286949785377,0.000570428739353608,0.261555507297681,0.443428044263505,0.299190526425128
"BTC",2025-02-09,2025-02-10,-0.0496813086520984,-0.0632197920348934,-0.0628059314900989,-0.0748484297787805,0.000547256398783689,0.267388597443521,0.443077258166352,0.449089846438061
"BTC",2025-02-10,2025-02-11,-0.0494130714949495,-0.0624408170112423,-0.0625354131330461,-0.0736182039698812,0.000538526895249824,0.316054127919929,0.440150646186273,0.627057509397239
"BTC",2025-02-11,2025-02-12,-0.0496646440921636,-0.0631967782110188,-0.0630430682751212,-0.0741489287447494,0.000543065607957528,0.378797024214214,0.436377459905097,0.747358919684097
"BTC",2025-02-12,2025-02-13,-0.0504298976792446,-0.064450449527403,-0.0640641905044857,-0.0758469064343185,0.000556871050699897,0.443438561290702,0.43249009455704,0.605591982402594
"BTC",2025-02-13,2025-02-14,-0.0503536756372251,-0.0647576905368679,-0.0642848766877887,-0.0762722581671663,0.000565679121284576,0.298269747719396,0.407954200545413,0.479328608281579
"BTC",2025-02-14,2025-02-15,-0.0498257145311755,-0.0637756234577891,-0.0634963311667563,-0.0755535686112286,0.000553326070097105,0.268640627720109,0.406906827052547,0.304841567279044
"BTC",2025-02-15,2025-02-16,-0.0490393145972286,-0.0630095534616679,-0.0624492838684358,-0.0749946944776407,0.000538568352380578,0.241693583123246,0.405954263485945,0.587568577981234
"BTC",2025-02-16,2025-02-17,-0.0495477740779671,-0.0631531149381154,-0.0629561825871865,-0.0754759267437708,0.000545171674348037,0.318483899738688,0.408668759972297,0.351876829541528
"BTC",2025-02-17,2025-02-18,-0.0490203270947015,-0.0620678157859684,-0.06216840255832,-0.0746806380246223,0.000532275937095524,0.247341655307302,0.406153919806872,0.291459168449852
"BTC",2025-02-18,2025-02-19,-0.0484930011812268,-0.0619830407750085,-0.0618963384729363,-0.0730489232055129,0.000523963556028572,0.245143202935308,0.406076205695221,0.55745835563217
"BTC",2025-02-19,2025-02-20,-0.0489979199267638,-0.0619606625586306,-0.0621412634418737,-0.0744828989788103,0.00052949887239494,0.299712146694931,0.408005188575201,0.766811080758192
"BTC",2025-02-20,2025-02-21,-0.0497628908254776,-0.0635788570979398,-0.0634198892344654,-0.0752673153415299,0.00054558895944251,0.369295956719095,0.410464938920593,0.876412285498294
"BTC",2025-02-21,2025-02-22,-0.0515672573405682,-0.0654074441566076,-0.0654820663701683,-0.0780348210083952,0.000577747188334219,0.491396741009226,0.414781136125461,0.461606771313232
"BTC",2025-02-22,2025-02-23,-0.0502664305452725,-0.0637669872355468,-0.0639208878115874,-0.0763042416433001,0.000550782141143386,0.248368976634756,0.406190235064533,0.352439142676554
"BTC",2025-02-23,2025-02-24,-0.0494822234713397,-0.0630210588817349,-0.0631342183018456,-0.0745808516326561,0.000536452642446104,0.242683129280838,0.405989243411621,0.923475740242631
"BTC",2025-02-24,2025-02-25,-0.05724219298251,-0.0718763933428723,-0.0724466915092178,-0.0845732336015376,0.000694665407457373,0.935031721499846,0.430463394629427,0.900957817973759
"BTC",2025-02-25,2025-02-26,-0.0582869586618339,-0.0738467115425864,-0.0740099308927221,-0.0862612071208147,0.000721292633689249,0.756025075198587,0.424135605738389,0.91872790030223
"BTC",2025-02-26,2025-02-27,-0.0650486794979007,-0.0812222510893213,-0.0818155433934175,-0.0939170461417155,0.000897238565643224,0.988827890520954,0.432365060337075,0.518581102867585
"BTC",2025-02-27,2025-02-28,-0.0596179036206258,-0.0757399679130695,-0.0758657889247396,-0.088839772314805,0.00075392095780993,0.23451339587589,0.405700447719669,0.381495365259194
"BTC",2025-02-28,2025-03-01,-0.0562523686148189,-0.071948249861315,-0.0717236960926749,-0.0849859635638598,0.000679340460213563,0.214929733165489,0.405008175751531,0.607044011590903
"BTC",2025-03-01,2025-03-02,-0.055212972518757,-0.0702618711581067,-0.0704246724799365,-0.0824839747862232,0.000656557396279058,0.352342755946489,0.40986565237044,0.861088352365316
"BTC",2025-03-02,2025-03-03,-0.0757795833095219,-0.0916016703603517,-0.0930924728923285,-0.102799246405649,0.00130095687425561,0.999996402524726,0.432759861243339,0.841097234191155
"BTC",2025-03-03,2025-03-04,-0.0816680290609631,-0.0958869108110405,-0.0982412711005835,-0.106249978195526,0.00166245160951313,0.999967270329087,0.432758831435855,0.539598448495479
"BTC",2025-03-04,2025-03-05,-0.0749198120635495,-0.0902114863934786,-0.0925258187512641,-0.102270424313112,0.00127107519337415,0.218663034491151,0.405140145950088,0.684014257646692
"BTC",2025-03-05,2025-03-06,-0.0780184567808042,-0.0924845374912161,-0.0941151973595126,-0.104213456787613,0.00140588008034016,0.772461175362873,0.524057109290083,0.454915006501166
"BTC",2025-03-06,2025-03-07,-0.070732546317224,-0.0861267468550777,-0.0870857150600302,-0.097895009515938,0.00110761115483479,0.273795934106915,0.513509370784339,0.709481561856833
"BTC",2025-03-07,2025-03-08,-0.0710205552614612,-0.0857150646132073,-0.0871195827474912,-0.0978826184172747,0.00111948696498839,0.868828146386588,0.526095457919293,0.45473372224201
"BTC",2025-03-08,2025-03-09,-0.0642542331070593,-0.0797726165656201,-0.0798308985168302,-0.0919946776085375,0.000913623455993291,0.300942807133888,0.51408357988144,0.79216402200441
"BTC",2025-03-09,2025-03-10,-0.0749967183346125,-0.0896476086839177,-0.091110581456121,-0.102116113555385,0.00127746273460046,0.996856120722014,0.528803498269788,0.604538558222894
"BTC",2025-03-10,2025-03-11,-0.0692736089203112,-0.0842877632491256,-0.0853864396165803,-0.096465263125515,0.00106603726848581,0.44078113040116,0.51704143205335,0.759983157729741
"BTC",2025-03-11,2025-03-12,-0.0711219816301406,-0.0862730285371577,-0.0872403879601093,-0.0986171597732593,0.0011354664361975,0.911901062890524,0.527006533772142,0.502274149148608
"BTC",2025-03-12,2025-03-13,-0.0648680886279735,-0.0800178829931724,-0.0804636492139018,-0.0923500533055184,0.000937365639614838,0.339449928142539,0.514898080290543,0.648486523815405
"BTC",2025-03-13,2025-03-14,-0.0638354554627417,-0.078632796551445,-0.0791724970593295,-0.0908554847279047,0.00090956255971071,0.643250791580375,0.521324058682962,0.727690117508387
"BTC",2025-03-14,2025-03-15,-0.0643648898627639,-0.0797683688752615,-0.0799637978364955,-0.091262684630469,0.000928786429549429,0.763302844427578,0.523863392800818,0.442009155089475
"BTC",2025-03-15,2025-03-16,-0.0591504053036832,-0.0736832916094236,-0.073706400370732,-0.0854987346570006,0.000789282740613101,0.323808982760547,0.514567243913304,0.563187622516295
"BTC",2025-03-16,2025-03-17,-0.0578479209370681,-0.0717296968484535,-0.071883497921183,-0.0840749276941795,0.000756222826593333,0.504379045505012,0.51838665149623,0.545596729792735
"BTC",2025-03-17,2025-03-18,-0.0560194548925822,-0.0693757316971773,-0.0695334319070472,-0.0818912612180244,0.000711995497107935,0.454160245622789,0.51732442632911,0.515572328795017
"BTC",2025-03-18,2025-03-19,-0.0541925889315166,-0.0677610129050036,-0.0674451730476686,-0.0794491367614851,0.000672955454123647,0.431157882932004,0.516837881676297,0.806771123282838
"BTC",2025-03-19,2025-03-20,-0.062797522989586,-0.0776002130529827,-0.077874984928649,-0.08990447760938,0.000880486502308748,0.935954557715254,0.527515311911403,0.744861767927588
"BTC",2025-03-20,2025-03-21,-0.0622850474255095,-0.076467866842657,-0.0771040123471186,-0.0895931470189984,0.000862165002303891,0.676936769904354,0.522036582559254,0.427069355673372
"BTC",2025-03-21,2025-03-22,-0.0573312077461038,-0.0717786431412254,-0.0716273354731609,-0.0828650260811544,0.000743196612515662,0.323215993575728,0.514554701040168,0.35450015811406
"BTC",2025-03-22,2025-03-23,-0.0541988582443458,-0.0670970358183149,-0.0674526744797822,-0.0785609112594073,0.000667611148729719,0.3341247290438,0.514785441985448,0.58773340098779
"BTC",2025-03-23,2025-03-24,-0.0544531914331568,-0.067480876201344,-0.0677059219733683,-0.0791703881117517,0.000673018186268452,0.535318254225993,0.51904107585984,0.573547967644352
"BTC",2025-03-24,2025-03-25,-0.0534050325793758,-0.0668269544611243,-0.0666560275274548,-0.0775405398724245,0.000651601447824508,0.465209033341727,0.517558129651546,0.368636864041806
"BTC",2025-03-25,2025-03-26,-0.0518834926547388,-0.0639443942659024,-0.0633222929673007,-0.0745184324917004,0.000622678233148882,0.436711912402511,0.678076253119892,0.357131693646672
"BTC",2025-03-26,2025-03-27,-0.0500517361280727,-0.0608476998939958,-0.0609685302317861,-0.0718142872008878,0.000574633846873871,0.511520499445368,0.662318729068765,0.327646808054605
"BTC",2025-03-27,2025-03-28,-0.0487393169966717,-0.059175588175257,-0.0593939868768903,-0.0694688703963403,0.000547567308358692,0.483493025251106,0.66822237751564,0.769939807738384
"BTC",2025-03-28,2025-03-29,-0.0518675078602256,-0.0645180920229055,-0.0643431361556558,-0.0745539651345347,0.000594795359867084,0.937129343491617,0.572669373807066,0.705287695895632
"BTC",2025-03-29,2025-03-30,-0.0534233969110125,-0.06556023673455,-0.0656384631419111,-0.0758126804827729,0.000640799275879183,0.655896639829593,0.631907641325457,0.395007114624987
"BTC",2025-03-30,2025-03-31,-0.0518510038600242,-0.0638195807651483,-0.0632840975579455,-0.0742496272906391,0.000619689611334478,0.424726789222197,0.680600774357826,0.319032515705921
"BTC",2025-03-31,2025-04-01,-0.0497592811339807,-0.0609998396366936,-0.0609302304657039,-0.07031890762318,0.00056924899235472,0.48618592486325,0.667655150782947,0.785138812156119
"BTC",2025-04-01,2025-04-02,-0.0523618552117443,-0.064763458918206,-0.0648326415914598,-0.0752748760122079,0.000601280871506236,0.935416980251197,0.573030062412636,0.833243605313898
"BTC",2025-04-02,2025-04-03,-0.0552272088106523,-0.0684450033571807,-0.068219027808224,-0.0797264044384422,0.000667089381820782,0.889798094956207,0.582639128839858,0.435794482350569
"BTC",2025-04-03,2025-04-04,-0.0546937554106316,-0.066526387349187,-0.0666438047604993,-0.0770540098431553,0.000684105301229211,0.36547116145219,0.693082255651083,0.428885045372992
"BTC",2025-04-04,2025-04-05,-0.0518241349947158,-0.0637529472809674,-0.0635122449889553,-0.073809999717642,0.000609800367186554,0.551083431713931,0.653985275899842,0.350464612770413
"BTC",2025-04-05,2025-04-06,-0.0502536886205872,-0.0619617550590401,-0.0614202110535808,-0.0720391681815781,0.000580527318724391,0.465797751466562,0.671949672914114,0.888744646983609
"BTC",2025-04-06,2025-04-07,-0.0664405548741468,-0.0817190379090576,-0.0817786746087673,-0.0941548728783668,0.000946846527311567,0.999969115092812,0.559432935965969,0.665033644172254
"BTC",2025-04-07,2025-04-08,-0.0653911240628432,-0.0788587598427846,-0.0794276968692804,-0.0915786529918276,0.000954123395515292,0.522978682964248,0.65990520129718,0.823808017547853
"BTC",2025-04-08,2025-04-09,-0.0643714830083281,-0.0785393400346014,-0.0791917045759934,-0.0912718514141289,0.000885094326539003,0.977465204257662,0.564173112598714,0.885792736200704
"BTC",2025-04-09,2025-04-10,-0.0790697700418816,-0.0934334952250784,-0.094953765213262,-0.104490960088564,0.00142783233535515,0.999999144488629,0.559426610636945,0.791077624715462
"BTC",2025-04-10,2025-04-11,-0.0770086059615332,-0.0909731315540809,-0.0928964711256115,-0.102078477806783,0.00133082811882954,0.939637651764646,0.572141029007327,0.807498112910525
"BTC",2025-04-11,2025-04-12,-0.0759980455101226,-0.0911013276750842,-0.0921520274506591,-0.10186291243704,0.00129291237842439,0.986541919924745,0.56226121222627,0.641158371922344
"BTC",2025-04-12,2025-04-13,-0.0739063803265189,-0.087952530892464,-0.0890169075095324,-0.100234058985277,0.00124500110683187,0.572911768856171,0.649387400694448,0.579890843326876
"BTC",2025-04-13,2025-04-14,-0.0686896775639602,-0.0836062282197931,-0.0837990657435776,-0.0944943080887459,0.00106180180866478,0.615739880672499,0.640366176946117,0.473676781177293
"BTC",2025-04-14,2025-04-15,-0.0645842328724935,-0.0788934079809436,-0.0786629301913156,-0.0908131760057278,0.000948719532105744,0.483895017775323,0.668441640270019,0.43555502861758
"BTC",2025-04-15,2025-04-16,-0.0606610780184258,-0.0741579075089159,-0.0739553937911729,-0.0861983582247182,0.00083262879595276,0.500915945734716,0.666069947280877,0.376068848843634
"BTC",2025-04-16,2025-04-17,-0.057257819401461,-0.0703149702529375,-0.070028160764465,-0.0809284235235865,0.000744476968393033,0.456088217776546,0.672316234696652,0.394826225132906
"BTC",2025-04-17,2025-04-18,-0.0546385094866275,-0.0671843601115487,-0.0668852456834774,-0.077561393724428,0.000675799533406137,0.506396344102231,0.665306309574581,0.361913799278037
"BTC",2025-04-18,2025-04-19,-0.0525412124542563,-0.0648964966169584,-0.064264539342321,-0.0752331058478967,0.000627436160589424,0.467945805841608,0.670664000544135,0.375600567480981
"BTC",2025-04-19,2025-04-20,-0.050965458608004,-0.0630495729367264,-0.0624260102519813,-0.0728904113035844,0.000588978598553555,0.500556076507113,0.66612009139324,0.319060424186403
"BTC",2025-04-20,2025-04-21,-0.0496500732628391,-0.0614250887903109,-0.0608478342337864,-0.0705694283360742,0.000560309482051206,0.443565792114345,0.674061107198372,0.679074329442507
"BTC",2025-04-21,2025-04-22,-0.0509496117882827,-0.0630024310231649,-0.0626677375865281,-0.0737357293121487,0.00056977837558245,0.897062089737849,0.61087101602111,0.894791563104313
"BTC",2025-04-22,2025-04-23,-0.0679573684091603,-0.0826184452699777,-0.0830759194573505,-0.0950638124280938,0.00101055006100731,0.999997922494027,0.59652795590936,0.464169301163479
"BTC",2025-04-23,2025-04-24,-0.0653343979409324,-0.0784724790714732,-0.0791467561104734,-0.0910035725014559,0.000964383987564226,0.331846108330978,0.689628107505895,0.355817857483471
"BTC",2025-04-24,2025-04-25,-0.0603675448053201,-0.0738036783295301,-0.0736559282662242,-0.085146969647666,0.00081978560861498,0.437445184662939,0.674913951521338,0.397191849249511
"BTC",2025-04-25,2025-04-26,-0.056967045596846,-0.0703196193024808,-0.0697319043065545,-0.0810513946731086,0.000729481090934326,0.499128457412405,0.666319015576819,0.328331416903375
"BTC",2025-04-26,2025-04-27,-0.0543481640347556,-0.0669421335276578,-0.0665895071678631,-0.0765654373576437,0.000666577158205189,0.423780371491199,0.676818004089722,0.38643470357796
"BTC",2025-04-27,2025-04-28,-0.0525136913928177,-0.0638114952613335,-0.063971704156272,-0.07519181696425,0.000614383287431268,0.513670142019183,0.664292779903036,0.473501473455883
"BTC",2025-04-28,2025-04-29,-0.0512007850889647,-0.0634861929551292,-0.0629172327972402,-0.0728334480965193,0.000586486689322005,0.583679329236277,0.654537712559208,0.437261620586248
"BTC",2025-04-29,2025-04-30,-0.0504091526007127,-0.0622848564796317,-0.061863338759893,-0.0714241262572311,0.000569718359653576,0.511807831071386,0.66455227396993,0.316981113488923
"BTC",2025-04-30,2025-05-01,-0.0493550977132709,-0.0607465432823629,-0.0602864097749446,-0.07065587922267,0.000547891749153299,0.426384105477046,0.676455200272294,0.677310989951581
"BTC",2025-05-01,2025-05-02,-0.0498704662716447,-0.0619220631739846,-0.0615816269356398,-0.0711901133923972,0.000543211492307578,0.868927739656899,0.614791251216292,0.388284085416612
"BTC",2025-05-02,2025-05-03,-0.0498577849389513,-0.0617206520620263,-0.0610462009247516,-0.0709197010575315,0.000560346298625086,0.384639599248138,0.682271872136161,0.410323545924763
"BTC",2025-05-03,2025-05-04,-0.0490666755351072,-0.0596615144782219,-0.059993050563707,-0.0693294368476362,0.000532035349649492,0.532245770954991,0.661704455164158,0.598959492261387
"BTC",2025-05-04,2025-05-05,-0.0501263456861358,-0.0615690215065973,-0.061576468937381,-0.0716132481366487,0.000545707472877468,0.679821064728427,0.627778552733277,0.371938547126939
"BTC",2025-05-05,2025-05-06,-0.0493327436571344,-0.0610691893599289,-0.0605203282785002,-0.0713351763312674,0.000532861267265115,0.394875637134171,0.636311025464536,0.670221366105116
"BTC",2025-05-06,2025-05-07,-0.0503656376906018,-0.061850485663885,-0.0618119929457131,-0.0723533563358247,0.000549102073582503,0.774811197237098,0.624934145921026,0.380875144573848
"BTC",2025-05-07,2025-05-08,-0.0495722725095929,-0.0611506648005033,-0.06075618075843,-0.0716309174015276,0.000536465392901905,0.38594074668841,0.636578573920144,0.914425893388136
"BTC",2025-05-08,2025-05-09,-0.0639332553084808,-0.0785873414993185,-0.0785089188040686,-0.0897127513187866,0.000889699720405796,0.999999170016666,0.618191064435665,0.439821757164277
"BTC",2025-05-09,2025-05-10,-0.0597537534938166,-0.0733751363111273,-0.0732855125013714,-0.0844814108750141,0.000781416732160172,0.338174018614437,0.638008912031528,0.557025359906151
"BTC",2025-05-10,2025-05-11,-0.0571408017420431,-0.0700232426416419,-0.070150132434944,-0.0809605090556894,0.000710616602386226,0.591337900434407,0.630428113362793,0.38813625132959
"BTC",2025-05-11,2025-05-12,-0.0545259693364637,-0.0665663177458587,-0.0667524007845316,-0.0778564209648234,0.000648014254130046,0.394697495643073,0.636316359775137,0.433182841217729
"BTC",2025-05-12,2025-05-13,-0.0526939956514038,-0.0648035325512994,-0.0646582913360819,-0.0754229718307334,0.000606745333684302,0.477348700161489,0.633841432717303,0.487119223254257
"BTC",2025-05-13,2025-05-14,-0.0516421160621583,-0.0635802911530606,-0.0633442431226469,-0.0742532040295636,0.000582611518213688,0.518940370279675,0.632596001989998,0.361858562919324
"BTC",2025-05-14,2025-05-15,-0.0503297344028588,-0.0625183263338037,-0.062029626128517,-0.0715919422744798,0.0005567387681065,0.405787989316663,0.635984263430777,0.285415300431735
"BTC",2025-05-15,2025-05-16,-0.0495368744848093,-0.0603705082989538,-0.0607144799797513,-0.0703940425604944,0.000534289775041851,0.380481339025041,0.636742051703977,0.26541153903187
"BTC",2025-05-16,2025-05-17,-0.0487445388356085,-0.0597024494238801,-0.0596599982820265,-0.0701984345653772,0.000518262618014102,0.381515126763583,0.63671109572141,0.277703747984541
"BTC",2025-05-17,2025-05-18,-0.0482127086412922,-0.0594300973904913,-0.0591260287673362,-0.0694396604014567,0.000508078846897533,0.393792098807794,0.636343471190376,0.81869296588608
"BTC",2025-05-18,2025-05-19,-0.0513291717077866,-0.0631001146286214,-0.0630217198190349,-0.0738944268770767,0.000568384217721489,0.954838642709215,0.619543361859889,0.400138013503385
"BTC",2025-05-19,2025-05-20,-0.0502774768153253,-0.0621786261167674,-0.0617079667186486,-0.0723944418558276,0.000552382439713331,0.368217417581808,0.637109285444754,0.529524701125368
"BTC",2025-05-20,2025-05-21,-0.0500067562318708,-0.0613863763197877,-0.0614352698897376,-0.0711910506967409,0.00054278158733054,0.545546655959709,0.631799297129837,0.844183349289645
"BTC",2025-05-21,2025-05-22,-0.0520820825569365,-0.0647964123859947,-0.0642893299270514,-0.0743422487273964,0.000588297597785638,0.93627984497344,0.620099090853129,0.729061066016572
"BTC",2025-05-22,2025-05-23,-0.0520725870292466,-0.0638694576335085,-0.0637586780634847,-0.0752233941062695,0.000586964597847158,0.640590245112995,0.628953289599279,0.916199754585979
"BTC",2025-05-23,2025-05-24,-0.0572833920372304,-0.0698037493369149,-0.070271065949529,-0.0813540451669837,0.000704555894621528,0.997057124403753,0.618279161739693,0.474291080408568
"BTC",2025-05-24,2025-05-25,-0.0557369702422369,-0.0681606964844831,-0.0684671236504878,-0.0800274645615808,0.000664877902785009,0.269655610320876,0.601341955064769,0.447280704842443
"BTC",2025-05-25,2025-05-26,-0.0520872189139005,-0.0639667846858229,-0.0642954261598696,-0.0747395778666289,0.000578594182556155,0.414212004150317,0.58268839063474,0.331216935400413
"BTC",2025-05-26,2025-05-27,-0.0494767997423331,-0.0610947061610035,-0.0609034042564155,-0.0721075358300027,0.000528161133861684,0.345147623636262,0.591600461817555,0.284742341496685
"BTC",2025-05-27,2025-05-28,-0.04738701205914,-0.0591420063627546,-0.058551670057961,-0.0690114690684808,0.000488276154052693,0.352754212393666,0.590618907216473,0.470059524738259
"BTC",2025-05-28,2025-05-29,-0.0468579563971187,-0.0582282619057399,-0.0580207998064396,-0.0678613219478303,0.000472280306198695,0.467580083283114,0.575801770982447,0.767286806038684
"BTC",2025-05-29,2025-05-30,-0.0484112386637266,-0.0605048491971616,-0.060352047651654,-0.0703074838681992,0.00049265255891406,0.74471463837685,0.540040313863313,0.745954866964381
"BTC",2025-05-30,2025-05-31,-0.0494426310677245,-0.0610124968759035,-0.0611225643051671,-0.0720738343709583,0.000514543153786618,0.584015637536428,0.560776921125077,0.461585748314946
"BTC",2025-05-31,2025-06-01,-0.0483922711785461,-0.0593662911603479,-0.059550897641111,-0.0700691049635892,0.000500115854240904,0.354377904350979,0.590409385923517,0.49355382051058
"BTC",2025-06-01,2025-06-02,-0.0473430392262524,-0.0584617053543665,-0.0584995994442847,-0.0684539204260486,0.000477361576649027,0.444280723756579,0.57880832152368,0.287830919163593
"BTC",2025-06-02,2025-06-03,-0.0462930655028626,-0.0571066362105967,-0.0571879465398794,-0.0662887571519751,0.000460170041984825,0.327618973391138,0.593862359738892,0.28044671509635
"BTC",2025-06-03,2025-06-04,-0.0455034074874049,-0.0558208999716461,-0.056136813564898,-0.0652202502844472,0.000442202525415436,0.358981692076331,0.589815312920711,0.355895800679237
"BTC",2025-06-04,2025-06-05,-0.0449740048062423,-0.0562664120201551,-0.0556054567733894,-0.0657663737923039,0.000434534756506118,0.390613565637182,0.585733534343653,0.900826686953186
"BTC",2025-06-05,2025-06-06,-0.0506838756615334,-0.0629793082340169,-0.0631314640691116,-0.0748469313728677,0.00051878684679524,0.981208977697668,0.509523072259577,0.901523238100901
"BTC",2025-06-06,2025-06-07,-0.0535348550249891,-0.066631971351474,-0.0667601022052164,-0.0781698020984836,0.000580168346953011,0.920224082270249,0.517392566274875,0.656196175071653
"BTC",2025-06-07,2025-06-08,-0.0527456152841174,-0.0647913133228576,-0.0649315042890739,-0.0764822587330663,0.000583602382587833,0.39913600899863,0.584633797817771,0.328179779235211
"BTC",2025-06-08,2025-06-09,-0.0498809206089498,-0.061494064606781,-0.0615459181703359,-0.0715398164724019,0.000528458228578307,0.304315060732039,0.596869497816583,0.906097496827912
"BTC",2025-06-09,2025-06-10,-0.0584526813308526,-0.0731179185980235,-0.0729726527004533,-0.0853339544884692,0.000688946564416588,0.999452629272095,0.507168910530251,0.414806106280131
"BTC",2025-06-10,2025-06-11,-0.0561053610962676,-0.0686092121485718,-0.0688078167289334,-0.0808146126318894,0.000667349399121281,0.225687717472103,0.607015574199699,0.553540592498603
"BTC",2025-06-11,2025-06-12,-0.0524669180053207,-0.0652560722757572,-0.0649084035081603,-0.0764810441766826,0.000577425839972833,0.516971324640907,0.569428322679401,0.81309954058323
"BTC",2025-06-12,2025-06-13,-0.0529848504161118,-0.0662590328900744,-0.0662038363803224,-0.077012386147059,0.000573762537438376,0.883993620337442,0.522067746929912,0.383546389997347
"BTC",2025-06-13,2025-06-14,-0.0506294278494833,-0.0618691080014567,-0.0620299983438667,-0.0727135852421818,0.000550597910750625,0.33215395664574,0.626748358518146,0.34123623175118
"BTC",2025-06-14,2025-06-15,-0.0488037973358269,-0.059784173156341,-0.0599431268123289,-0.0696315088685417,0.000512183360248847,0.3851825524261,0.625587945459367,0.270861668673444
"BTC",2025-06-15,2025-06-16,-0.0474960595574681,-0.0579214429770714,-0.0581151009707934,-0.0685070233428642,0.000484142623613284,0.351554518520762,0.626323820304073,0.650314084392604
"BTC",2025-06-16,2025-06-17,-0.0480052026475506,-0.0597948065999997,-0.0591406353664781,-0.0694437545946886,0.0004965425049289,0.721907014990194,0.618219478355543,0.854856641465015
"BTC",2025-06-17,2025-06-18,-0.0508536688379515,-0.0626772887614498,-0.0625070045005883,-0.0733869810786628,0.000551539183143682,0.946202186611109,0.613311276613827,0.386990026528001
"BTC",2025-06-18,2025-06-19,-0.0490282066464843,-0.0602719263421476,-0.0601613418231184,-0.0705400598735139,0.000516442074249369,0.333406202936667,0.626720955888915,0.275380175033643
"BTC",2025-06-19,2025-06-20,-0.0474625116944243,-0.0588913194081848,-0.0583345455453453,-0.0686958627772865,0.000486209021343081,0.347088178554011,0.626421556235905,0.595851171644976
"BTC",2025-06-20,2025-06-21,-0.0477132266855537,-0.0590947126466796,-0.0588426316607575,-0.0680924734500475,0.000488520613974995,0.635013349918668,0.620120953252064,0.748078431415893
"BTC",2025-06-21,2025-06-22,-0.04848331226894,-0.0602235655815209,-0.0596115661546679,-0.070508106970827,0.000503771416730076,0.752418737376745,0.617551797068076,0.454255646353819
"BTC",2025-06-22,2025-06-23,-0.0476957501918852,-0.058507488959806,-0.0585632149686763,-0.0683026577819162,0.000486696253663215,0.392480837468562,0.625428238698414,0.92816039832011
"BTC",2025-06-23,2025-06-24,-0.0585865051436525,-0.0715050697884861,-0.0717869927290952,-0.0838647718121013,0.000727843223448952,0.999978635332784,0.612134498454174,0.458687613096666
"BTC",2025-06-24,2025-06-25,-0.0544316761834603,-0.067110456628917,-0.0668531865755082,-0.0780270630436927,0.000637063938388678,0.335418624682049,0.626676918507975,0.55235029433664
"BTC",2025-06-25,2025-06-26,-0.0520916910212074,-0.0644743113283731,-0.0639936432710168,-0.0753361035699638,0.000583877087848225,0.536802397456984,0.622270081850975,0.3379336859839
"BTC",2025-06-26,2025-06-27,-0.0497507891231175,-0.0614323830421707,-0.0611330499974723,-0.0715596247675489,0.000533846743410514,0.349075202611817,0.626378074626957,0.273709194652645
"BTC",2025-06-27,2025-06-28,-0.0481864037486257,-0.0587793636482005,-0.0590491212404885,-0.0690446931873058,0.000497967609281761,0.34930926819941,0.626372952621359,0.268444703750051
"BTC",2025-06-28,2025-06-29,-0.0468812471085306,-0.0581532753345598,-0.0577418011964163,-0.0672055529509252,0.000475016635043077,0.358834918953492,0.626164504908088,0.439757633734443
"BTC",2025-06-29,2025-06-30,-0.046611726760933,-0.0581096570223238,-0.0574702968293318,-0.0670711718262593,0.000469380225744006,0.479774688411234,0.62351800662279,0.554959979767622
"BTC",2025-06-30,2025-07-01,-0.0468612327145195,-0.0578906218108389,-0.0577181712989709,-0.06695326964349,0.000471168337750819,0.540870186387464,0.622181067323514,0.705478595089725
"BTC",2025-07-01,2025-07-02,-0.0476294972596828,-0.0585745252342199,-0.0584851462269092,-0.0686854417563097,0.000483969911622291,0.687964750291667,0.618962229443349,0.918068077140883
"BTC",2025-07-02,2025-07-03,-0.0528022087544776,-0.0651354978023087,-0.0649508140181501,-0.0759763298287492,0.000592366583539743,0.995433966123317,0.612233948447539,0.497353375871699
"BTC",2025-07-03,2025-07-04,-0.0461991298762579,-0.0587012411191563,-0.0581127905752087,-0.069232180016758,0.000455238295719127,0.339889646370793,0.481167612636811,0.64660808411684
"BTC",2025-07-04,2025-07-05,-0.046191158526018,-0.0581090907453003,-0.0578442635912276,-0.0690969761739393,0.000454082435532088,0.421664746515918,0.488530762580466,0.329961878933982
"BTC",2025-07-05,2025-07-06,-0.0446255196484628,-0.0562554944644222,-0.0560173257604118,-0.0670130482983548,0.000423751568071862,0.277932056935011,0.47558886042063,0.434462204767322
"BTC",2025-07-06,2025-07-07,-0.0440968050598825,-0.0553631915880444,-0.0554864448979099,-0.0649952289971837,0.00041394947611775,0.32184636625769,0.479542969234206,0.462390143580272
"BTC",2025-07-07,2025-07-08,-0.0435691407320526,-0.0545278504270742,-0.0546979752453098,-0.0645039892625066,0.000403839729846639,0.326947809221119,0.480002310640112,0.397030009023628
"BTC",2025-07-08,2025-07-09,-0.0427817043618985,-0.0540077345693999,-0.0539083529149854,-0.0632572521765946,0.000391401490815722,0.305150877914078,0.478039682979119,0.842784011293523
"BTC",2025-07-09,2025-07-10,-0.0453647410128301,-0.0570161394674554,-0.05674926377686,-0.066798098082488,0.000441779298921847,0.692997180354776,0.512961932843622,0.944681547278756
"BTC",2025-07-10,2025-07-11,-0.0521054577964588,-0.0649558280371887,-0.0647862958956567,-0.0761097976412322,0.000580544667314351,0.986485829940811,0.539388081265667,0.725924309713779
"BTC",2025-07-11,2025-07-12,-0.0497667905812545,-0.0629993229831941,-0.062445710197281,-0.0741099319312738,0.000525170951111402,0.47397800542623,0.493241125132321,0.36978627222699
"BTC",2025-07-12,2025-07-13,-0.0476846827051699,-0.0598650764651036,-0.0598436844909486,-0.0712419436157372,0.000478771833814152,0.274967996255725,0.475321972050149,0.562063681310711
"BTC",2025-07-13,2025-07-14,-0.0471572954012231,-0.0594034317187775,-0.0593142877663853,-0.0696196618189301,0.000471677097241884,0.378611030879886,0.484654142884532,0.462506274486047
"BTC",2025-07-14,2025-07-15,-0.0458528391203624,-0.0581551026085185,-0.0577489255782968,-0.0683146172249741,0.000448012704129194,0.316626341500997,0.47907295054973,0.738075476963529
"BTC",2025-07-15,2025-07-16,-0.0468819947517462,-0.0583932172529896,-0.0585184474081907,-0.0695647118718629,0.000466394194734977,0.526721741455594,0.497990248475289,0.523586109719437
"BTC",2025-07-16,2025-07-17,-0.0453195820466772,-0.057347140893788,-0.0569538719844046,-0.0677994092398243,0.000437979791876618,0.336786916415726,0.480888238281374,0.405864891186959
"BTC",2025-07-17,2025-07-18,-0.0442743402929484,-0.0561916628329478,-0.0559063887962179,-0.0654184289010264,0.000419189868027264,0.300824565748041,0.477650135486972,0.611671795145271
"BTC",2025-07-18,2025-07-19,-0.0445248654776499,-0.0555905998455309,-0.0558968560033985,-0.0653468752924962,0.000421313339741266,0.400811032523691,0.486653063589766,0.306049878979082
"BTC",2025-07-19,2025-07-20,-0.0432214571247607,-0.054254118754892,-0.0543328016581538,-0.0641496386856552,0.000397607435050622,0.277708469127735,0.475568728246562,0.319359251444527
"BTC",2025-07-20,2025-07-21,-0.0424359464329475,-0.0538599414001584,-0.0535452356245875,-0.0629477534614557,0.000386223273413933,0.289621609940683,0.476641404916477,0.241421192929195
"BTC",2025-07-21,2025-07-22,-0.0416500512850896,-0.0530983405841889,-0.0524988447008492,-0.062508673655602,0.000373213233657948,0.272922158179641,0.475137761789472,0.838432974715484
"BTC",2025-07-22,2025-07-23,-0.0444870148785522,-0.0563473426992606,-0.055851553832219,-0.0652112610879711,0.000426880025146979,0.699159177848529,0.513516768134785,0.691969133867038
"BTC",2025-07-23,2025-07-24,-0.0388725549009359,-0.0503339707507282,-0.0491663291641432,-0.0620989954412762,0.000385431714547804,0.229950256728658,0.226280063454103,0.330356292643007
"BTC",2025-07-24,2025-07-25,-0.0383476798014707,-0.0505060798538979,-0.0488967154195699,-0.0613141641985024,0.000378610020410806,0.265569280824363,0.250946038038731,0.406347736105055
"BTC",2025-07-25,2025-07-26,-0.0380811788087573,-0.050026292725022,-0.0486283221708006,-0.0605674775639351,0.000372655748787271,0.276839930519658,0.258750899794332,0.302410172199321
"BTC",2025-07-26,2025-07-27,-0.0378138556550749,-0.0493669298028546,-0.0481017212392816,-0.060757456885684,0.000366019054809164,0.299103921634871,0.274168588878814,0.63619407247227
"BTC",2025-07-27,2025-07-28,-0.0375484475767158,-0.0494621410284009,-0.0478346500847191,-0.0603655261329208,0.000362431366746043,0.271887802859671,0.255321579140491,0.694331975258845
"BTC",2025-07-28,2025-07-29,-0.0375409360400089,-0.0486415760540281,-0.0475685001945195,-0.0600544217318933,0.000358824747750317,0.254763817382606,0.243463315156897,0.297850932056778
"BTC",2025-07-29,2025-07-30,-0.0370168222314975,-0.0488527404745598,-0.0472994819835278,-0.0592978905951971,0.00035239704646241,0.28786187081008,0.266383531680775,0.218656951538588
"BTC",2025-07-30,2025-07-31,-0.0367499482350146,-0.0481822463311992,-0.0467735749502899,-0.059516762957571,0.000345949370933533,0.314300178147919,0.28469191135742,0.78143271135942
"BTC",2025-07-31,2025-08-01,-0.0367445149208354,-0.0481160293262121,-0.0467670521797972,-0.0587316352920154,0.000345485436011311,0.2553838800093,0.243892705051181,0.919353457075299
"BTC",2025-08-01,2025-08-02,-0.0369998583577001,-0.0483745385668595,-0.0470220675183435,-0.0586019583185264,0.000350241019409036,0.192528026822637,0.200365378950623,0.520777266367194
"BTC",2025-08-02,2025-08-03,-0.0367339095504552,-0.0480244378042191,-0.0467543202827083,-0.0582830326814656,0.000345342534812332,0.222619133806487,0.221203301912597,0.767294466990013
"BTC",2025-08-03,2025-08-04,-0.036727127320435,-0.0476992961470707,-0.0464892793812343,-0.0586739860664951,0.000343957090115449,0.20267831799886,0.207394398710025,0.558678316552126
"BTC",2025-08-04,2025-08-05,-0.0364612855848124,-0.0474843303381204,-0.0462216813981034,-0.0584185753184784,0.000339577339100831,0.222614283527177,0.221199943121354,0.576549369976457
"BTC",2025-08-05,2025-08-06,-0.0361964279868917,-0.0473773141274423,-0.0459552435772855,-0.0581707523650611,0.000335585357818685,0.230471283103912,0.226640871299242,0.518585344105435
"BTC",2025-08-06,2025-08-07,-0.0359307989189616,-0.0471598926134501,-0.0456878646973923,-0.0578176579424362,0.000331179246052207,0.242963990561385,0.235292001206992,0.879401906544126
"BTC",2025-08-07,2025-08-08,-0.0361837073143375,-0.0470359522574207,-0.0459400118109284,-0.0572758854678311,0.000334200765138115,0.191989738664433,0.199992617417523,0.490622066594126
"BTC",2025-08-08,2025-08-09,-0.0359181867824065,-0.0467485831489412,-0.0456727498914424,-0.0570382392211987,0.000329682517603262,0.221421523377839,0.220373963401919,0.2722929292824
"BTC",2025-08-09,2025-08-10,-0.0356521931184025,-0.0462974197896896,-0.045404902179548,-0.0566060252921937,0.000324502367844069,0.254701250622327,0.243419988026016,0.874879223997598
"BTC",2025-08-10,2025-08-11,-0.0359062477355063,-0.0466271457263414,-0.0454018050543371,-0.0576921744672963,0.000329323380713839,0.194621863086752,0.201815348830097,0.405187972138139
"BTC",2025-08-11,2025-08-12,-0.0356405703632158,-0.0462833407194475,-0.0451343717478949,-0.0574143281391966,0.000324639417078287,0.228051603613687,0.224965256811645,0.63653153009194
"BTC",2025-08-12,2025-08-13,-0.0414386256387292,-0.0516977094916378,-0.0510997604898457,-0.0597603337090041,0.000378504690122415,0.598177100907255,0.620907167609151,0.922964640035887
"BTC",2025-08-13,2025-08-14,-0.0439822006719244,-0.0547889203090363,-0.0544062686872205,-0.0639782976384663,0.000415535894388347,0.968666710456914,0.581405559504935,0.951470968579786
"BTC",2025-08-14,2025-08-15,-0.0508704027978678,-0.0633170674553373,-0.0630786530741131,-0.0730944270813888,0.000550060724151978,0.999328426022315,0.578136406900252,0.611799256532907
"BTC",2025-08-15,2025-08-16,-0.0500976056720619,-0.0616606130977814,-0.06154108315331,-0.0712593122803346,0.000549310325312138,0.425095161918263,0.639361166716363,0.341281266344723
"BTC",2025-08-16,2025-08-17,-0.0477970567191523,-0.0588223203265818,-0.058729824647874,-0.0677809752390866,0.000502640716876088,0.380528822483213,0.644112830540735,0.278880869380406
"BTC",2025-08-17,2025-08-18,-0.0457516259464419,-0.0564095425222888,-0.0561738865105523,-0.0653444506051134,0.000461969964758617,0.392104345104639,0.642878648133437,0.503073874709593
"BTC",2025-08-18,2025-08-19,-0.0444721422855315,-0.0549150682572676,-0.0546387175606447,-0.064072763272021,0.000434004321673289,0.546347599673255,0.626433229860859,0.883293362135704
"BTC",2025-08-19,2025-08-20,-0.0470204914355066,-0.0578504828496523,-0.0579507687838905,-0.0683404625465205,0.000470859442282056,0.979519061147726,0.580248481700462,0.661478275571754
"BTC",2025-08-20,2025-08-21,-0.0467571875022177,-0.0575491230277366,-0.0574316610684592,-0.0669322698064996,0.000478732347819652,0.501346197895929,0.631231280039132,0.737420062347854
"BTC",2025-08-21,2025-08-22,-0.045989450067083,-0.0569466961919945,-0.0566629788504804,-0.0663691218885518,0.00045958139903244,0.71527522874815,0.608422163343226,0.917755876162029
"BTC",2025-08-22,2025-08-23,-0.0510890368962348,-0.0638438556319571,-0.063290553131008,-0.0740941655217787,0.000557426194339909,0.998090183041343,0.578268428386716,0.660846471329753
"BTC",2025-08-23,2025-08-24,-0.0505724507350041,-0.0619556475925967,-0.0620099126632617,-0.0723767284715787,0.000557178280089611,0.497979754147926,0.631590210325464,0.66331226032422
"BTC",2025-08-24,2025-08-25,-0.0490408588125736,-0.0600130549838568,-0.0602229773626327,-0.0702465219395533,0.000520601886211682,0.634216696496843,0.617064625350152,0.861735604883856
"BTC",2025-08-25,2025-08-26,-0.0505735858198236,-0.0626037709821217,-0.0625195906724521,-0.072974909436991,0.000545483570396002,0.972160746957034,0.581033025277329,0.7104512140379
"BTC",2025-08-26,2025-08-27,-0.0500579151374479,-0.0621063208463434,-0.0617484036368732,-0.0714217108922305,0.000546880648661937,0.60191317932376,0.620508826868543,0.434626075171006
"BTC",2025-08-27,2025-08-28,-0.0482681298056362,-0.0595142690387385,-0.0591942883169509,-0.0692970106425237,0.000513778186109959,0.399538877881829,0.642085978129656,0.499833924890986
"BTC",2025-08-28,2025-08-29,-0.0464800596033749,-0.0577795549189313,-0.0571504532618567,-0.0672512245692249,0.000475993449950731,0.529599402013468,0.628218922963596,0.876012320619603
"BTC",2025-08-29,2025-08-30,-0.0503064171713489,-0.0628593406918347,-0.0622499929121456,-0.0733439711014591,0.000542031856032044,0.995094896490057,0.578587785886789,0.43005476857141
"BTC",2025-08-30,2025-08-31,-0.0492782192922289,-0.0610012664298643,-0.0604573549839234,-0.0706725240882484,0.000538160439110458,0.328549976928862,0.649654815886271,0.339176235731865
"BTC",2025-08-31,2025-09-01,-0.0469806979371047,-0.0579781571217355,-0.0576497751289185,-0.067436996912447,0.000487428650598314,0.415471474910236,0.640387244379299,0.35671676125195
"BTC",2025-09-01,2025-09-02,-0.0448355999183511,-0.0571151745404481,-0.0564982501093601,-0.0686030142181595,0.000451909194337691,0.519953120569674,0.703752227817102,0.707983497325608
"BTC",2025-09-02,2025-09-03,-0.0450843715652544,-0.0570384092924234,-0.0567460750848445,-0.068615070954035,0.000455707526901873,0.905115963726492,0.705308583275916,0.428101522155219
"BTC",2025-09-03,2025-09-04,-0.0440596778500136,-0.0563100674276022,-0.05571923149346,-0.0668821139200399,0.000436676321601257,0.514504728494589,0.703730212103752,0.420701570855216
"BTC",2025-09-04,2025-09-05,-0.0432899179009525,-0.055645004468762,-0.0546941279648845,-0.0664906288784485,0.000422453496344726,0.563617649869868,0.703928666250196,0.291469861916018
"BTC",2025-09-05,2025-09-06,-0.0425191000562962,-0.0544135744825138,-0.0536677900667403,-0.0652500863231806,0.000406008748713853,0.462704925643032,0.703520900880289,0.297767968817428
"BTC",2025-09-06,2025-09-07,-0.0417489657683525,-0.0537956124252844,-0.0528956427873174,-0.0637850232978464,0.000392573609449748,0.489160134503165,0.70362780036308,0.464609418425387
"BTC",2025-09-07,2025-09-08,-0.0414865000144551,-0.0528815960163277,-0.0523780380212797,-0.0633410226558178,0.000385328550372921,0.629876550114918,0.704196403398064,0.419887216322178
"BTC",2025-09-08,2025-09-09,-0.0409702722930578,-0.0523637997912949,-0.0516066390364344,-0.0633393967266622,0.000376124002816672,0.557783045870258,0.703905089942289,0.357006000662793
"BTC",2025-09-09,2025-09-10,-0.0404543890403681,-0.0517773173241589,-0.051088908649664,-0.0620941801155163,0.000366795285399159,0.518702916049321,0.703747176024945,0.832572663783806
"BTC",2025-09-10,2025-09-11,-0.0414643897567016,-0.0528978395222146,-0.0523515565401542,-0.0633353891024289,0.000385642174333906,0.973082497717372,0.705583220583416,0.721171006282653
"BTC",2025-09-11,2025-09-12,-0.0412035047771037,-0.0532875607175242,-0.0520891432125689,-0.0637687607452725,0.000383524340819733,0.763815089798994,0.70473761857779,0.442396485569622
"BTC",2025-09-12,2025-09-13,-0.0406874732661178,-0.0525587499084827,-0.0515711626195249,-0.0623307831929388,0.000373350049740503,0.530556639086099,0.703795074224067,0.269743717474969
"BTC",2025-09-13,2025-09-14,-0.0401713662393122,-0.0516068120803873,-0.0507999920225608,-0.0616645019112602,0.000362552450394583,0.462382714017396,0.703519598896385,0.305688638444847
"BTC",2025-09-14,2025-09-15,-0.0396559793451416,-0.0512856802933473,-0.0502827571569476,-0.0608124834877435,0.00035447311478547,0.506550722209647,0.703698071773185,0.225071973809737
"BTC",2025-09-15,2025-09-16,-0.0393931542137597,-0.0499169267420842,-0.0495120226027453,-0.0608122987450303,0.000345717385825578,0.456260951126723,0.703494862244701,0.607774249024396
"BTC",2025-09-16,2025-09-17,-0.0393853110141295,-0.0501875291246925,-0.0497556161668502,-0.0600727097968738,0.000346916604072446,0.739337095966278,0.704638708571285,0.287594157222509
"BTC",2025-09-17,2025-09-18,-0.038869929575493,-0.049880875634034,-0.0489854666451886,-0.0603978553973028,0.000338903108912703,0.465543263455869,0.703532369957921,0.26964644973414
"BTC",2025-09-18,2025-09-19,-0.0386075543016118,-0.0491669212913534,-0.0487212537253725,-0.0591259280834239,0.000332875116441918,0.487292071592289,0.703620251945675,0.660523039993411
"BTC",2025-09-19,2025-09-20,-0.0386009044176705,-0.049892438501113,-0.0489661260110853,-0.0590798943035631,0.000335768990497191,0.755344442868695,0.704703390619866,0.276005112304189
"BTC",2025-09-20,2025-09-21,-0.0383385944710429,-0.0489901666537898,-0.0484491566987014,-0.0586793466331219,0.000328878577726375,0.461448303344393,0.70351582315535,0.265210843266806
"BTC",2025-09-21,2025-09-22,-0.0357654108596642,-0.0446665838711204,-0.0443514682219628,-0.0519640043414322,0.000277477428027212,0.361801029836739,0.572553369317217,0.9071541754421
"BTC",2025-09-22,2025-09-23,-0.0387959153377112,-0.0487880406706456,-0.0481395894076715,-0.0570837704514682,0.000323947711985889,0.935526172666454,0.564244551292342,0.503217516016879
"BTC",2025-09-23,2025-09-24,-0.0382819738470049,-0.0477368279859016,-0.0473715609104603,-0.056033053572642,0.000315756136116188,0.375166767734016,0.572359803660657,0.667689050271475
"BTC",2025-09-24,2025-09-25,-0.0382740101532078,-0.0476968533804672,-0.0473622021170198,-0.0560515415176054,0.000315208225714514,0.527137750151745,0.570158925324138,0.960038679153789
"BTC",2025-09-25,2025-09-26,-0.0461181870645723,-0.0569124559476339,-0.0569768427078677,-0.0673669258709188,0.000448410435732915,0.999291811762927,0.563321082802048,0.460918924328702
"BTC",2025-09-26,2025-09-27,-0.0440874140018012,-0.05519719964584,-0.0546916021198093,-0.0641539092468488,0.000416317788909831,0.332911190070815,0.572971758548337,0.279082191640367
"BTC",2025-09-27,2025-09-28,-0.0423096507228921,-0.0526035837706437,-0.0524069996522727,-0.06138337994714,0.000383356910055277,0.322797110181572,0.573118232953963,0.825998851802144
"BTC",2025-09-28,2025-09-29,-0.0438224721999531,-0.0543856385471035,-0.0541719339059476,-0.064310884710186,0.000408383307310253,0.888090180247024,0.564931530124921,0.834521956937357
"BTC",2025-09-29,2025-09-30,-0.0443227760380601,-0.0546971930611968,-0.054923831334303,-0.0637832410759138,0.000416913211843568,0.758764333739034,0.566804456452061,0.397142267470102
"BTC",2025-09-30,2025-10-01,-0.0425458930408297,-0.0528429150598769,-0.0526403311557748,-0.0619437683953667,0.000387840786176085,0.330815511796036,0.573002108637821,0.912769692335157
"BTC",2025-10-01,2025-10-02,-0.0491237243339157,-0.0610034422422759,-0.0609877997280848,-0.0707646820380518,0.000510597025086264,0.998435026577271,0.563333490960002,0.784353499616808
"BTC",2025-10-02,2025-10-03,-0.0483607944020468,-0.0601051513208255,-0.0599713842809779,-0.0698987649261849,0.000497112982192553,0.662229334984978,0.568202498263028,0.692945525494165
"BTC",2025-10-03,2025-10-04,-0.0470911978942319,-0.0584797218500869,-0.0581955934958225,-0.0689819732824843,0.000472473336449818,0.553867888518838,0.569771813379947,0.354450452797565
"BTC",2025-10-04,2025-10-05,-0.0448091366772759,-0.0557498069786094,-0.0554068443979446,-0.0655407172926337,0.00043036455539708,0.319513792111523,0.573165782713117,0.452883040233607
"BTC",2025-10-05,2025-10-06,-0.0432859505431259,-0.0541148059037884,-0.0536296540916129,-0.0632670619923229,0.000403230932814605,0.427779361572729,0.571597856108792,0.51991701247222
"BTC",2025-10-06,2025-10-07,-0.0422681333011749,-0.0526739159668205,-0.0523579847277623,-0.0615869237321913,0.000384406214312105,0.462175712261009,0.571099720333917,0.8584682217181
"BTC",2025-10-07,2025-10-08,-0.0447944420423861,-0.0557655978696118,-0.0556417466803358,-0.0646785417348211,0.000428160220406386,0.941103526925427,0.564163778779271,0.722617486470204
"BTC",2025-10-08,2025-10-09,-0.044282787639445,-0.0547829114859775,-0.0548765247973792,-0.0638170131953704,0.000418629244602652,0.57508815298322,0.569464496682958,0.69535740554637
"BTC",2025-10-09,2025-10-10,-0.0437726162792882,-0.0537793256096484,-0.0541130929622178,-0.0631539459696827,0.000407956843514268,0.581285637859283,0.569374743297228,0.928455543926426
"BTC",2025-10-10,2025-10-11,-0.0630407402931009,-0.0774294448949818,-0.0776879206471896,-0.0890809401896901,0.000849359361884264,0.999999958337243,0.563310827262276,0.786013894216044
"BTC",2025-10-11,2025-10-12,-0.0520912490955175,-0.066620454915814,-0.0659617356360122,-0.0791807454657805,0.000648038923705128,0.983196320975411,0.820499374190287,0.843197389541759
"BTC",2025-10-12,2025-10-13,-0.0536214845587851,-0.0676578174400263,-0.0674954984209937,-0.0813307107066266,0.000685215823945563,0.999783652821938,0.821163230180035,0.450260685207183
"BTC",2025-10-13,2025-10-14,-0.0515912393719126,-0.0654673442899065,-0.065210448465356,-0.0786858249073205,0.000627547719518534,0.614356624457655,0.805737720896351,0.585826128959032
"BTC",2025-10-14,2025-10-15,-0.0508300411231632,-0.0648473233591755,-0.0644482831788292,-0.0771840794908904,0.000611873377943126,0.913258003132955,0.817700312132438,0.693004804369551
"BTC",2025-10-15,2025-10-16,-0.0503250528496683,-0.0647812233720309,-0.0639431651907095,-0.0767784096251666,0.000602363542263329,0.978451490294622,0.820309477207643,0.753342714614086
"BTC",2025-10-16,2025-10-17,-0.0503274487338498,-0.064452758600854,-0.0636938747239577,-0.0773983347770326,0.000600631626840907,0.993001288377707,0.820891787292016,0.597889496924354
"BTC",2025-10-17,2025-10-18,-0.0493116834245179,-0.0627708408351591,-0.0624244582730136,-0.0756189880171162,0.000571398268826954,0.870429166764389,0.815986222137721,0.39964715524996
"BTC",2025-10-18,2025-10-19,-0.0477876198064452,-0.060966257277743,-0.060645911296301,-0.0734194168901575,0.000532589850750055,0.627828095402914,0.806276874315386,0.538745793988645
"BTC",2025-10-19,2025-10-20,-0.0470237603142669,-0.0607539860661426,-0.0598804636143866,-0.0724562881659746,0.00052062980865609,0.904094800555471,0.817333583657201,0.64347647935596
"BTC",2025-10-20,2025-10-21,-0.0467661262947213,-0.0596825063699011,-0.0593695804217096,-0.071782077143984,0.000511397485503215,0.969548046059518,0.819953144746247,0.6719222715119
"BTC",2025-10-21,2025-10-22,-0.0462578854848383,-0.0595132481522736,-0.0588604758971311,-0.0712254537842393,0.000502069677195233,0.973821256826423,0.820124166619404,0.499499272725686
"BTC",2025-10-22,2025-10-23,-0.0452410244648053,-0.0581097708892364,-0.0575897470707134,-0.0697643424726022,0.000476987465799521,0.787799466358044,0.812679227254318,0.733684966418753
"BTC",2025-10-23,2025-10-24,-0.0454908974578111,-0.0586297357890475,-0.0578391725330214,-0.070529102918727,0.000485318031623576,0.997255783104918,0.82106206011432,0.497392619939422
"BTC",2025-10-24,2025-10-25,-0.0444734314769284,-0.057243806223774,-0.0565677343906945,-0.0691019968835805,0.000460506773819247,0.766916666540673,0.811843458616557,0.369060688298861
"BTC",2025-10-25,2025-10-26,-0.0434555393023057,-0.0559437305138224,-0.0552957955449782,-0.0676989681849867,0.000437633793631192,0.637614557550059,0.806668546802252,0.788850346278131
"BTC",2025-10-26,2025-10-27,-0.0444646638097287,-0.0575947121685536,-0.0565571409186116,-0.0694483307050653,0.000463981897532261,0.999893104140069,0.821167610626136,0.415384798313229
"BTC",2025-10-27,2025-10-28,-0.0431952302873885,-0.0563233202239503,-0.0550337381156113,-0.068101896286959,0.000435407293483959,0.619175760430366,0.805930591715509,0.457413691500948
"BTC",2025-10-28,2025-10-29,-0.0426834339516347,-0.0555045061700804,-0.0545202531350074,-0.0664229778862381,0.000425371221562609,0.816567219579087,0.813830566448834,0.803013528147332
"BTC",2025-10-29,2025-10-30,-0.0436930471511482,-0.0564001917250085,-0.0555303258670205,-0.0682802124386345,0.000446413325262201,0.999860220900325,0.821166294577487,0.783565445154413
"BTC",2025-10-30,2025-10-31,-0.0439428377917422,-0.0562030960560496,-0.0557796914808838,-0.0681601553891099,0.000449416088699533,0.99586600368369,0.821006438547105,0.661045525147277
"BTC",2025-10-31,2025-11-01,-0.0445756926649808,-0.0548732580392731,-0.0549244326961299,-0.0647662776915693,0.000432322560525351,0.546128493213699,0.583837668360841,0.380240871940195
"BTC",2025-11-01,2025-11-02,-0.0430507596015322,-0.053157334315335,-0.0531452234901887,-0.0620177893074064,0.000406533769656989,0.372442491832965,0.591096954723381,0.306169948035554
"BTC",2025-11-02,2025-11-03,-0.0417786683822358,-0.0511452378980866,-0.0513666288356297,-0.0605578730358012,0.000382273737188975,0.379653363358906,0.590795573029323,0.878685858196816
"BTC",2025-11-03,2025-11-04,-0.0470935456545107,-0.0590966572388229,-0.0584507531732752,-0.0688591520146287,0.000479839875334578,0.991498985808341,0.565223203651721,0.926890352292823
"BTC",2025-11-04,2025-11-05,-0.0564778568459178,-0.0703814937828651,-0.0701154888972743,-0.0807599316657794,0.000683306518580769,0.999666069885835,0.564881856613997,0.804092002667626
"BTC",2025-11-05,2025-11-06,-0.0559731152318164,-0.0686420945064305,-0.0691057169693089,-0.0798807198859719,0.000669475264991854,0.779160651370524,0.574097982063194,0.793430042620487
"BTC",2025-11-06,2025-11-07,-0.0552191430422971,-0.0685207886906083,-0.0683524466196336,-0.0793660287776863,0.000655696498735467,0.815584343234642,0.572575637098599,0.734937223957399
"BTC",2025-11-07,2025-11-08,-0.053953066575294,-0.0668807708604433,-0.0665806339676017,-0.0783988686077492,0.000628067953553156,0.68331280829501,0.578103986776215,0.528580990529339
"BTC",2025-11-08,2025-11-09,-0.0514183013195382,-0.0638598572460783,-0.0635390414130076,-0.0741895359824771,0.000575398641479922,0.422561455019754,0.589002209590934,0.716687610774646
"BTC",2025-11-09,2025-11-10,-0.0509113731625492,-0.0625576617155028,-0.0627792488196795,-0.0737608163734609,0.000557660425083452,0.761959720368914,0.574816902890724,0.584453499042345
"BTC",2025-11-10,2025-11-11,-0.0491353202958845,-0.060821076680394,-0.060749115090227,-0.0706514099676261,0.000525531332835909,0.486216525474373,0.586341716625558,0.811542368246448
"BTC",2025-11-11,2025-11-12,-0.0506580828803534,-0.0628262951904137,-0.0627783189863946,-0.0730695190574566,0.000552984241773341,0.923935109926502,0.568047066938862,0.592841885008789
"BTC",2025-11-12,2025-11-13,-0.0491352270347327,-0.060607027544916,-0.0604965311408609,-0.0715705771194283,0.000524802945380438,0.465068033070813,0.587225627598653,0.627919877853168
"BTC",2025-11-13,2025-11-14,-0.0478674756593608,-0.0592947185839401,-0.0592277847290983,-0.0688942936145887,0.00049879761850773,0.590038658434789,0.582002422796821,0.89755003508608
"BTC",2025-11-14,2025-11-15,-0.0597985194081339,-0.0739988262782109,-0.0739484834335193,-0.0852675930933242,0.00076842588165021,0.999941606518672,0.564870340433618,0.563293015661569
"BTC",2025-11-15,2025-11-16,-0.0570084494153577,-0.0697082506102473,-0.070145727255155,-0.0812703188349054,0.000701686442486884,0.392292064786613,0.590267332686491,0.547513966427637
"BTC",2025-11-16,2025-11-17,-0.0539693272166426,-0.0668730869071601,-0.0665999339811651,-0.0780018480659157,0.000632264787780319,0.497570899999642,0.585867155316695,0.716755625337026
"BTC",2025-11-17,2025-11-18,-0.0532128463705441,-0.0658919978539624,-0.0658437093845511,-0.0765840329088778,0.000611353341738795,0.780941757191386,0.5740235399257,0.506252451404859
"BTC",2025-11-18,2025-11-19,-0.0509293176393683,-0.0626807068041717,-0.0628004942374399,-0.0732749896982718,0.000563787102644599,0.411315659999302,0.589472232769422,0.59093710336798
"BTC",2025-11-19,2025-11-20,-0.0491557661908822,-0.0615088379992359,-0.0607733457384235,-0.0719240345007813,0.000528884040006161,0.58168680564571,0.582351492327881,0.877052081467616
"BTC",2025-11-20,2025-11-21,-0.0575386907541214,-0.0714793644938919,-0.0711860368475295,-0.0824133710184303,0.000719460988795384,0.999123764627342,0.575188685179728,0.741717168249248
"BTC",2025-11-21,2025-11-22,-0.0565275653980674,-0.0691994140036471,-0.0696694147217583,-0.0806440927141741,0.000691027566073328,0.687001265515987,0.581177497127927,0.415743502259423
"BTC",2025-11-22,2025-11-23,-0.0532296617652362,-0.0660231965033612,-0.0658637034927956,-0.076112695313832,0.000618769352261898,0.343506240129814,0.587768265553903,0.688523031978022
"BTC",2025-11-23,2025-11-24,-0.052724060054716,-0.0656720031895701,-0.0653580560601005,-0.0756594653022971,0.000606154552985423,0.775104598131894,0.579487025301806,0.633268294674443
"BTC",2025-11-24,2025-11-25,-0.051454158229514,-0.0633645213196243,-0.0635815823295031,-0.0736428492414842,0.000575353409736286,0.5714182965372,0.583395231086868,0.499107262271227
"BTC",2025-11-25,2025-11-26,-0.0494239041749943,-0.0608624291800107,-0.0610443565390551,-0.0708787417902826,0.000532167447057769,0.441029616920094,0.585897047792245,0.813310486532353
"BTC",2025-11-26,2025-11-27,-0.0519613678098793,-0.0648327878084222,-0.0643418053913366,-0.0753463689230399,0.000587930077532054,0.960751594958598,0.575924946451648,0.523657488073859
"BTC",2025-11-27,2025-11-28,-0.0499298341667823,-0.0621668628940718,-0.0618030345548369,-0.0719578909736479,0.000545603393908799,0.41434985284531,0.586408962474208,0.36352691460405
"BTC",2025-11-28,2025-11-29,-0.0476452849564501,-0.0591642372734176,-0.0587586332983887,-0.0695722931603477,0.000497332992166388,0.366445080187486,0.587328129390037,0.308777090662981
"BTC",2025-11-29,2025-11-30,-0.045613803537436,-0.0565960595649041,-0.0564725820788967,-0.0654389206639336,0.00045654527126604,0.361753540604249,0.587418147727041,0.297584334456386
"BTC",2025-11-30,2025-12-01,-0.0438356869499951,-0.0547519483886854,-0.0541875302153377,-0.0639172048139029,0.000423708223520489,0.368619444930999,0.587286409034751,0.869043320276044
"BTC",2025-12-01,2025-12-02,-0.0524560821688616,-0.0650745383372076,-0.0648345317137117,-0.0760752008506164,0.000595198927546674,0.999319745584995,0.575184924819279,0.906017623865564
"BTC",2025-12-02,2025-12-03,-0.0621176494619395,-0.0762126353046959,-0.0765288611508311,-0.0875881630486046,0.00083868464418126,0.999840478858864,0.575174933313825,0.727290714927801
"BTC",2025-12-03,2025-12-04,-0.0600924313107399,-0.0742471454605052,-0.0739974974021158,-0.0861638072465651,0.000787849012384731,0.64342391474621,0.582013632170111,0.583933785710814
"BTC",2025-12-04,2025-12-05,-0.0573042362010703,-0.0709668176204143,-0.07070230651927,-0.0822941171571391,0.000716460323747288,0.484706779243925,0.585058997628181,0.776706756005661
"BTC",2025-12-05,2025-12-06,-0.0578219765425792,-0.0714148836172867,-0.0714751636500876,-0.0823262798308826,0.000726583652328146,0.90347850102255,0.577023866876324,0.424554075066796
"BTC",2025-12-06,2025-12-07,-0.0545226584251042,-0.0678508081175986,-0.0674149810497109,-0.0784041470495637,0.000651118536282241,0.337341648339696,0.587886547898411,0.43079852033947
"BTC",2025-12-07,2025-12-08,-0.0519844744179627,-0.0641927448704901,-0.064116524062636,-0.0751274572389569,0.000589594158090844,0.423689783207069,0.586229753712568,0.380625093609276
"BTC",2025-12-08,2025-12-09,-0.049446102725653,-0.0613940561925077,-0.0610706478084724,-0.0716739769119876,0.000535932957465026,0.388094741211936,0.586912729189837,0.678653514073576
"BTC",2025-12-09,2025-12-10,-0.0494446959281555,-0.0617028824927933,-0.06132168350483,-0.0712082296264731,0.000535032263644139,0.771776012563774,0.579550892126779,0.450747181817965
"BTC",2025-12-10,2025-12-11,-0.0489701370024343,-0.0626730159777784,-0.0618642879308196,-0.0736773282870406,0.000548033338682388,0.577536845547339,0.724702946715113,0.365196589302124
"BTC",2025-12-11,2025-12-12,-0.0479476817985788,-0.0610264548955553,-0.060333936163402,-0.0729504150759158,0.00052151347738319,0.526794984605519,0.72295772944279,0.731006630219003
"BTC",2025-12-12,2025-12-13,-0.0484550211788491,-0.0616275429997712,-0.0608416304149701,-0.0737700467673374,0.000537411006656337,0.975273155338902,0.73838270273498,0.381294454167829
"BTC",2025-12-13,2025-12-14,-0.0471796607179168,-0.0595020601653054,-0.0593112026106009,-0.071360547777732,0.000501723718484308,0.5018984127311,0.722101435912155,0.732810834384538
"BTC",2025-12-14,2025-12-15,-0.047685884281006,-0.0599838185528822,-0.05981757317263,-0.0720005851460904,0.000516724436302185,0.970649868311562,0.738223689245422,0.732346018505536
"BTC",2025-12-15,2025-12-16,-0.0474301145022674,-0.0597374144049855,-0.0595612019011882,-0.0715231465559449,0.000511229216921012,0.912506422173085,0.736223901602837,0.660763685823319
"BTC",2025-12-16,2025-12-17,-0.0466654527762284,-0.0597892250309091,-0.0587952382856183,-0.0711989948617089,0.000498262592625312,0.819971396122266,0.733041248803723,0.717919601115578
"BTC",2025-12-17,2025-12-18,-0.0466620746221443,-0.0590769136294783,-0.0585384905508561,-0.0712089783448139,0.00049577082488421,0.904878545496702,0.735961548155807,0.454557384365707
"BTC",2025-12-18,2025-12-19,-0.0453887860853641,-0.0583075258272121,-0.0572632213648891,-0.0695055084791406,0.000469251620463511,0.580975501755149,0.72482121597241,0.837255379532362
"BTC",2025-12-19,2025-12-20,-0.0469124845841743,-0.059891908081196,-0.0590411333139066,-0.0713645678951732,0.000505782547945072,0.997665806481628,0.739152876331731,0.402439311362568
"BTC",2025-12-20,2025-12-21,-0.0456380973531381,-0.058091033790354,-0.0575118639516646,-0.0694011489325155,0.000472843189575732,0.517407011105013,0.722634839166377,0.30995659515322
"BTC",2025-12-21,2025-12-22,-0.0446168747545303,-0.0569806972161263,-0.0562358748043863,-0.0682188708858997,0.000451236971916588,0.498203498420884,0.721974352905063,0.273909865949519
"BTC",2025-12-22,2025-12-23,-0.0435959882585467,-0.0560080997491254,-0.0549603075761823,-0.0672242202510286,0.00043102680934566,0.48122301917112,0.721390325730478,0.507962680859178
"BTC",2025-12-23,2025-12-24,-0.0433361476342997,-0.055108253024421,-0.0544465020943685,-0.0666211397925859,0.000425043432672255,0.741793949677554,0.730352411080609,0.320339878648491
"BTC",2025-12-24,2025-12-25,-0.0423159536190347,-0.0539696918888681,-0.053424289483928,-0.0643985523406754,0.000403757260764844,0.503438342723498,0.722154400316121,0.303636409503669
"BTC",2025-12-25,2025-12-26,-0.0415489093498884,-0.0529386201468286,-0.0524028824295588,-0.0634344627766546,0.000388644346643246,0.514488665611356,0.722534465493288,0.253261354366625
"BTC",2025-12-26,2025-12-27,-0.0407817262807322,-0.0517445623801711,-0.0513813462374837,-0.0622543779168588,0.000372959808083383,0.475503863156213,0.721193620886094,0.277745461991619
"BTC",2025-12-27,2025-12-28,-0.0400150698274277,-0.0510938169903889,-0.0503604770784403,-0.061837015141381,0.000360276329076173,0.507302328084581,0.722287298358625,0.23418822159648
"BTC",2025-12-28,2025-12-29,-0.0392484835820508,-0.050248000639877,-0.0495920110511665,-0.0600408026218114,0.000346739201566401,0.471550693480725,0.72105765543528,0.358316897837284
"BTC",2025-12-29,2025-12-30,-0.0387353907691001,-0.0496735328659874,-0.0488249926472019,-0.0598479199910817,0.000338720244028136,0.586248292916668,0.725002568529009,0.689916342610875
"BTC",2025-12-30,2025-12-31,-0.0367509307300053,-0.0450186010607502,-0.0447254162870047,-0.0521188485821891,0.000311139477439292,0.781678221250648,0.717416538411074,0.604892903584314
"BTC",2025-12-31,2026-01-01,-0.0362756374460741,-0.044857035543197,-0.044248940927221,-0.0519227703664623,0.000302718275100631,0.672870296312596,0.702619351597124,0.698046720675649
"BTC",2026-01-01,2026-01-02,-0.0365044159807529,-0.0450724776865257,-0.0444766340396043,-0.0521559127742392,0.000307653150394509,0.74940370246591,0.713027408813574,0.742011028724061
"BTC",2026-01-02,2026-01-03,-0.0367334701272316,-0.0453333581200793,-0.0447046667064232,-0.0526109594403061,0.000311932345055192,0.783572876249305,0.717674199459008,0.49483559349122
"BTC",2026-01-03,2026-01-04,-0.0360227342610803,-0.0441998142512526,-0.0439925143348547,-0.0510297907253735,0.000296132178687071,0.590491443742969,0.691416350789182,0.489406096441508
"BTC",2026-01-04,2026-01-05,-0.0357812288008017,-0.0434849037353658,-0.0435152760688738,-0.0510188437058155,0.000291164041176724,0.589367188770907,0.691263459252489,0.917188899361888
"BTC",2026-01-05,2026-01-06,-0.0390659355944918,-0.0472447297743145,-0.0472693736514754,-0.055221241304871,0.000352391469828526,0.99122760635817,0.745913924056003,0.420473608187356
"BTC",2026-01-06,2026-01-07,-0.0374173766401828,-0.0459179504409381,-0.0456193133511069,-0.0535691828276742,0.000317230096382088,0.554831454671561,0.686566818731903,0.875384166728777
"BTC",2026-01-07,2026-01-08,-0.0399982609379467,-0.0488553351467195,-0.0486694756958494,-0.0558210011280112,0.000370035619846965,0.982142158234962,0.744678360807792,0.36905300304045
"BTC",2026-01-08,2026-01-09,-0.0383494348312009,-0.0464284054641615,-0.0467846938381414,-0.0538761566983411,0.000329467546336904,0.522484537120941,0.682167843362008,0.360934995136899
"BTC",2026-01-09,2026-01-10,-0.0376390367849472,-0.0456023272020818,-0.045838567904304,-0.0533950722519,0.000317988442662528,0.512040459285648,0.680747515100843,0.253218273442017
"BTC",2026-01-10,2026-01-11,-0.0366939945142439,-0.0448859876527774,-0.0448919835006522,-0.0518428341368073,0.000303346626169442,0.455041401342,0.672996005189304,0.260333757031116
"BTC",2026-01-11,2026-01-12,-0.0359835355092606,-0.0444619681851009,-0.0439458070897286,-0.0519060087315199,0.00029406702775453,0.467235401060274,0.67465431171379,0.29305062086398
"BTC",2026-01-12,2026-01-13,-0.0355076220139314,-0.0437474792061756,-0.0434684319665917,-0.0503751136258771,0.000286926203590111,0.489880602820078,0.677733915346247,0.944439341712276
"BTC",2026-01-13,2026-01-14,-0.0434938351400556,-0.0530796168024522,-0.052864344155808,-0.0608811104121647,0.000435298942166558,0.999984046849392,0.747104744355606,0.793594259398044
"BTC",2026-01-14,2026-01-15,-0.0432556379779546,-0.0526593512782624,-0.0526253921857057,-0.0604582695376406,0.000426835441650893,0.900001175480144,0.733507708784087,0.716843388142309
"BTC",2026-01-15,2026-01-16,-0.0427828738019968,-0.0519593587177284,-0.0519175764927757,-0.0606014449459557,0.000415339138376903,0.831033256046375,0.724128509717365,0.354075022651838
"BTC",2026-01-16,2026-01-17,-0.040900403016632,-0.0497280173647707,-0.0497992198235338,-0.0585138919436346,0.000371462955115962,0.475531854262404,0.675782576663195,0.309485787364452
"BTC",2026-01-17,2026-01-18,-0.039721427467794,-0.0489029885601561,-0.0486186577794951,-0.0565121154493169,0.000352915823988477,0.452024018442176,0.672585660276621,0.435765471287515
"BTC",2026-01-18,2026-01-19,-0.0392463668529968,-0.0483355585960965,-0.0479081485201975,-0.056115001956966,0.000347815832873128,0.56266616239774,0.687632289228864,0.756949054645172
"BTC",2026-01-19,2026-01-20,-0.0412751533737106,-0.0519408348189306,-0.0513247915071635,-0.0616525919984227,0.000382224723374813,0.606961100989266,0.488203304568896,0.940577253007796
"BTC",2026-01-20,2026-01-21,-0.0494940030840274,-0.0613247977395414,-0.0614217680717672,-0.0722075775795171,0.000546021518725925,0.885031455935061,0.497521957643855,0.703852523685407
"BTC",2026-01-21,2026-01-22,-0.0478507662915754,-0.0595657456301202,-0.0595433203663069,-0.0700965450860565,0.00051048964479223,0.481884570498187,0.484011758168012,0.382666585652245
"BTC",2026-01-22,2026-01-23,-0.0457364817389242,-0.0569119203805043,-0.0569592289066045,-0.0670911186417394,0.000466153493066327,0.286279214669044,0.477456660085258,0.298157782121681
"BTC",2026-01-23,2026-01-24,-0.043856579827754,-0.0551896059991849,-0.0546096585050792,-0.0654222328211877,0.000431679959807827,0.278832862530809,0.477207119021222,0.290317496779201
"BTC",2026-01-24,2026-01-25,-0.0424451216218605,-0.0531701931507425,-0.0529624925967089,-0.0624209843067783,0.000403769505229667,0.288749925236473,0.477539458176522,0.842708516459124
"BTC",2026-01-25,2026-01-26,-0.0454937769467616,-0.0567116186656872,-0.0564808029902642,-0.067095375627294,0.000463995087314137,0.792597163411868,0.494424313148739,0.808173124091386
"BTC",2026-01-26,2026-01-27,-0.0454923418693014,-0.0571921841000807,-0.0567128191670769,-0.0668927814656493,0.000465596722225152,0.641575254553348,0.489363289021788,0.569061540722507
"BTC",2026-01-27,2026-01-28,-0.0440820314077156,-0.0554031464651368,-0.0548333109979862,-0.0657572162061369,0.000436583684629868,0.3928749766056,0.481028881672638,0.332025917809481
"BTC",2026-01-28,2026-01-29,-0.0424369601619736,-0.0536390453063055,-0.052952543955825,-0.0631550572226448,0.000405814145737736,0.284798748418804,0.477407046916757,0.897375042890235
"BTC",2026-01-29,2026-01-30,-0.0525391774889268,-0.0652899906893594,-0.0651696108861872,-0.0766750887776592,0.000619590127324445,0.876453339223471,0.497234489050925,0.488821466018392
"BTC",2026-01-30,2026-01-31,-0.0497229427990665,-0.0617786201880335,-0.0618834997914925,-0.0725862915631877,0.000552497317306822,0.319495902268934,0.478569812863098,0.873093394069513
"BTC",2026-01-31,2026-02-01,-0.0612779592267079,-0.0755386186669912,-0.0757979390288537,-0.0867160265863496,0.000856041874855275,0.882979599781275,0.497453196140456,0.723784302489073
"BTC",2026-02-01,2026-02-02,-0.0591714507485461,-0.0725389977334678,-0.0732233111272427,-0.0842998148507308,0.000791053774794823,0.548688413261495,0.486250478778508,0.699752885795855
"BTC",2026-02-02,2026-02-03,-0.0572977166868611,-0.0713082338064715,-0.0711153458432548,-0.0827753676263798,0.000746377908876458,0.551625271705511,0.486348898349251,0.821341829784732
"BTC",2026-02-03,2026-02-04,-0.0589628120998277,-0.0732532889792384,-0.0730202388721926,-0.08485260731686,0.000794860534414458,0.779485075932421,0.493984902790402,0.808944663233353
"BTC",2026-02-04,2026-02-05,-0.0592146659668156,-0.0734847483703706,-0.0732759039697298,-0.0853208606514769,0.000802608321384894,0.728850244697769,0.49228803572999,0.785092896806727
"BTC",2026-02-05,2026-02-06,-0.0989386369389227,-0.119749968956641,-0.121408841355418,-0.136762796668702,0.00226287463775707,0.388610563647467,0.480885973289136,0.789233929176518
"BTC",2026-02-06,2026-02-07,-0.108572420891432,-0.129533294683877,-0.131051696713233,-0.145907040281337,0.00288209906628261,0.892588007929903,0.497775191709373,0.5736099010906
"BTC",2026-02-07,2026-02-08,-0.101767089146069,-0.122448923375479,-0.124245730172944,-0.139968716028954,0.00243911776284478,0.363728139508297,0.48005211712974,0.512500072565083
"BTC",2026-02-08,2026-02-09,-0.0882258212881711,-0.111211236320355,-0.11161287399979,-0.131335824686072,0.00208161212152748,0.978318879357702,0.968553911842942,0.427148083142043
"BTC",2026-02-09,2026-02-10,-0.0784468243793865,-0.100757737428481,-0.10064620864666,-0.121832302321327,0.00157490298994173,0.916381016377333,0.90833561877639,0.503561337263101
"BTC",2026-02-10,2026-02-11,-0.072821850927984,-0.0948394316167135,-0.094132828421564,-0.114909642540718,0.00134926113144145,0.932991974825285,0.924485410128606,0.546659070022256
"BTC",2026-02-11,2026-02-12,-0.0686788058080584,-0.0904884279119757,-0.0891021248636504,-0.110023748969368,0.00120109507721015,0.956058298939833,0.946911347974381,0.454538121676403
"BTC",2026-02-12,2026-02-13,-0.0630492668185051,-0.0840082964415914,-0.0822862316369874,-0.102752437175171,0.00100168881776645,0.923388214705688,0.915148277499312,0.660012553143552
"BTC",2026-02-13,2026-02-14,-0.0642454930151116,-0.0852395555283527,-0.0834875164135656,-0.104486507711306,0.00104892140596566,0.976228060114352,0.966521139643728,0.49369409717593
"BTC",2026-02-14,2026-02-15,-0.0600962554087235,-0.0800511914857073,-0.0781521411656286,-0.0992838148625518,0.000910655157585094,0.959320101601577,0.950082593786857,0.484820705797156
"BTC",2026-02-15,2026-02-16,-0.0574290124505682,-0.0761816013440431,-0.074595518703684,-0.0954008214199566,0.000825445727305986,0.952992743216399,0.943930900731245,0.384810689486142
"BTC",2026-02-16,2026-02-17,-0.0535755034736014,-0.0717332977389715,-0.0701474114230121,-0.089101203230675,0.000714529414974896,0.89970770906634,0.892125209541569,0.486949908356811
"BTC",2026-02-17,2026-02-18,-0.0526855174433843,-0.0705293081377029,-0.0686645832938946,-0.0887789260159408,0.000691439225725242,0.911276292817594,0.903372616752224,0.486652860554344
"BTC",2026-02-18,2026-02-19,-0.0514989251528521,-0.0693160317779965,-0.0674766200137771,-0.0861620192518128,0.000662217237157685,0.909878542482891,0.902013671912365,0.404244418203063
"BTC",2026-02-19,2026-02-20,-0.0494231849224907,-0.0667960612239571,-0.0648069489848328,-0.0835653960873118,0.000608138766654965,0.867402105304366,0.860716500531911,0.465531767029324
"BTC",2026-02-20,2026-02-21,-0.0488285348647618,-0.0663966372844445,-0.0642108638119669,-0.0825378809909225,0.000595717962351572,0.86663654902721,0.859972198258012,0.353877568682493
"BTC",2026-02-21,2026-02-22,-0.0467531249482159,-0.0635184828992238,-0.0615414816853396,-0.0796775965713243,0.000542119881685921,0.78905405619151,0.784543614422393,0.356244007239489
"BTC",2026-02-22,2026-02-23,-0.045270206645292,-0.0616927692174406,-0.0597607014955123,-0.0775742680073547,0.000506990943944181,0.72228856344146,0.719631720215944,0.783439390766334
"BTC",2026-02-23,2026-02-24,-0.0529718913854478,-0.0715274287290341,-0.0695383799024487,-0.0886551936595223,0.000699797964156133,0.875425805953444,0.868517440601762,0.475298524036261
"BTC",2026-02-24,2026-02-25,-0.0503048736802858,-0.0682290292254789,-0.0659817299114456,-0.0857327530745992,0.000628479933474838,0.823078766410171,0.817623702640826,0.847877225513424
"BTC",2026-02-25,2026-02-26,-0.0618765560978703,-0.0826082158151631,-0.0805262311873105,-0.10196128241031,0.000967763826916385,0.94709614988546,0.938198013476008,0.483702104680716
"BTC",2026-02-26,2026-02-27,-0.0574304461186578,-0.0764228130783961,-0.0748935462982297,-0.0952724426931185,0.000820781848313333,0.899725346644222,0.892142357450501,0.626025129674173
"BTC",2026-02-27,2026-02-28,-0.0568388993823429,-0.0756934867111505,-0.0740061971190956,-0.0944827915150832,0.000808021871159911,0.936341992593573,0.927742421947255,0.546555556869113
"BTC",2026-02-28,2026-03-01,-0.0527205407702228,-0.0703764029577282,-0.0687153017215571,-0.0874259402448868,0.000697184271795816,0.967515454046394,0.905680794604055,0.564662618314894
"BTC",2026-03-01,2026-03-02,-0.0512372390392225,-0.0685143586848818,-0.066638563531833,-0.0858531078463938,0.000658394962591561,0.974617830556902,0.90684296711095,0.834267914635548
"BTC",2026-03-02,2026-03-03,-0.0568830983449807,-0.0758418716888939,-0.0740694558574434,-0.0936755154685534,0.0008125278424621,0.991664659976135,0.909632365342857,0.473078885259865
"BTC",2026-03-03,2026-03-04,-0.0533218990788975,-0.0713295257410039,-0.0696168820542159,-0.0883986367646974,0.000712666696695192,0.863250170979315,0.888619710159314,0.846482096466798
"BTC",2026-03-04,2026-03-05,-0.0628407689922196,-0.0833810550302344,-0.0815214886582015,-0.102654332439129,0.00099544817657962,0.990150998724275,0.909384682684938,0.677003464645341
"BTC",2026-03-05,2026-03-06,-0.0604681424814364,-0.0799795955086516,-0.0785556270484342,-0.0986038378336248,0.000916901243147233,0.982315814718784,0.908102599789985,0.789100621265894
"BTC",2026-03-06,2026-03-07,-0.0616662835733081,-0.081551049260309,-0.0800552593296939,-0.100433516028342,0.000955213574294773,0.992226397831663,0.909724283349571,0.537017961098793
"BTC",2026-03-07,2026-03-08,-0.0581024807325191,-0.0770632437001041,-0.0755996880735254,-0.095220981216454,0.000845473889048355,0.946526322018808,0.902246311491262,0.525267763504138
"BTC",2026-03-08,2026-03-09,-0.0554300951596219,-0.074198036353688,-0.07233271549493,-0.091458700896058,0.000772042644378988,0.964891196825684,0.905251383464218,0.745349178002147
"BTC",2026-03-09,2026-03-10,-0.0566227280686934,-0.0751746357806488,-0.0735281169019479,-0.0936138837876148,0.000802371184357418,0.990659250088937,0.909467848617036,0.62302639739239
"BTC",2026-03-10,2026-03-11,-0.0545445092793053,-0.0728552864388756,-0.0711523745510179,-0.0899751509098648,0.000745796259815665,0.977869940695571,0.907375114764198,0.408755901630589
"BTC",2026-03-11,2026-03-12,-0.0512770315838519,-0.0684235639326055,-0.0666962713346505,-0.0860758337587993,0.000656646177939255,0.830890873001755,0.883324709761027,0.339789855554096
"BTC",2026-03-12,2026-03-13,-0.0483068552416496,-0.0650564982485021,-0.0631307070592099,-0.0814974236262788,0.00058516868838257,0.715419349634774,0.864429931430452,0.336812871645918
"BTC",2026-03-13,2026-03-14,-0.0462270675497947,-0.0628502041207539,-0.0604557975282056,-0.0787404797081223,0.000538676902461907,0.772968333278969,0.873846757825399,0.312098791248717
"BTC",2026-03-14,2026-03-15,-0.0441477635878929,-0.0603026731387782,-0.058077862790307,-0.0747231306438664,0.000492367843319768,0.693265174925807,0.860804810638615,0.618547773058221
"BTC",2026-03-15,2026-03-16,-0.0453324307643874,-0.0615569857747522,-0.0592621002336663,-0.0767305778548391,0.00051677930030991,0.977164305445188,0.907259650611224,0.759812673015736
"BTC",2026-03-16,2026-03-17,-0.0471118831551072,-0.062832212621498,-0.0613384945041562,-0.078824101606556,0.00055169631250514,0.989534115108379,0.909283741094854,0.470476110784754
"BTC",2026-03-17,2026-03-18,-0.0450332979178618,-0.061434245655145,-0.0589615962303425,-0.0764564771415095,0.000510203781629523,0.919633714625475,0.897845833861697,0.836402027014547
"BTC",2026-03-18,2026-03-19,-0.0500795732346875,-0.0669735078209314,-0.0651970917255629,-0.0837468414674697,0.000624158747927636,0.991433026511014,0.909594462812001,0.671542279824243
"BTC",2026-03-19,2026-03-20,-0.0488917891849436,-0.0659821820284921,-0.0637119107097558,-0.0825505162031171,0.000597539271460806,0.981428843890654,0.907957463424806,0.441631412258778
"BTC",2026-03-20,2026-03-21,-0.0477437558654411,-0.0612396737053249,-0.0605046718290187,-0.072134597891065,0.00051133640902335,0.289390534719147,0.425118521944802,0.454638470313263
"BTC",2026-03-21,2026-03-22,-0.045959438072228,-0.0583415288133511,-0.0578285294222303,-0.070128165785975,0.00047321676572126,0.33165187747922,0.426693796253588,0.718852742754221
"BTC",2026-03-22,2026-03-23,-0.0474431044869271,-0.0610108386586734,-0.0599056626954524,-0.0726630411425473,0.000504583613663194,0.573277262099239,0.435700283882323,0.87272971090001
"BTC",2026-03-23,2026-03-24,-0.0542773288578018,-0.0688456634242669,-0.0685238822096568,-0.0821679654202763,0.000643755402336566,0.790586669759702,0.443800403390792,0.424195020973918
"BTC",2026-03-24,2026-03-25,-0.0498199213430242,-0.0630058758282572,-0.0628771277792484,-0.0756647409039778,0.000545326852640653,0.254684668990726,0.423824874959742,0.413955049283571
"BTC",2026-03-25,2026-03-26,-0.0471449301667687,-0.0599672765114829,-0.0596068897227017,-0.0712876104329046,0.000493630167513927,0.297939776209173,0.425437191433258,0.827272623968035
"BTC",2026-03-26,2026-03-27,-0.0530864872954301,-0.0671904343155082,-0.0670348337256782,-0.0800747392449998,0.000615644768747716,0.761230367025823,0.442706159183736,0.866282782862404
"BTC",2026-03-27,2026-03-28,-0.0569530225181206,-0.0729366931667663,-0.0720916784674714,-0.0868150429950525,0.000707443523448221,0.766056548161651,0.442886053116496,0.431032193386799
"BTC",2026-03-28,2026-03-29,-0.051901163465038,-0.0666463463354933,-0.0658502176884143,-0.0791495408857362,0.000593306450024255,0.249377687260252,0.423627059380983,0.359347626482527
"BTC",2026-03-29,2026-03-30,-0.0486316339378013,-0.0618514271773166,-0.0613915734621371,-0.0741703080730766,0.000523347989408238,0.260246109528884,0.424032175386738,0.419444425526879
"BTC",2026-03-30,2026-03-31,-0.0462538145798541,-0.0593900220060724,-0.058418654717961,-0.0709704016680049,0.000478924535422158,0.311942696117677,0.425959144559667,0.702069701305052
"BTC",2026-03-31,2026-04-01,-0.0474401663715571,-0.0606244870575234,-0.0599015206693942,-0.0722674540475544,0.0005005614110648,0.550876870946885,0.434865318441462,0.371620806781209
"BTC",2026-04-01,2026-04-02,-0.0444687641561906,-0.056836193243671,-0.0563348122641228,-0.0670298085924497,0.000442190289523701,0.259278146758031,0.423996094969383,0.610419332400429
"BTC",2026-04-02,2026-04-03,-0.0447633399223202,-0.0564204497466917,-0.0563318711374346,-0.0677700939562944,0.000443911637166451,0.457072989083252,0.431368817016908,0.33966276678219
"BTC",2026-04-03,2026-04-04,-0.0423862372969766,-0.0534710347133159,-0.0533597489629886,-0.0642158810475591,0.000399749726040789,0.258659996179798,0.423973053658784,0.335277064295767
"BTC",2026-04-04,2026-04-05,-0.0408997470102036,-0.0516105931736483,-0.0515750748080897,-0.0614757282699854,0.000373069858507693,0.283117247556489,0.42488468772531,0.749254059174989
"BTC",2026-04-05,2026-04-06,-0.0435684350500095,-0.0558145802985798,-0.0551333107884796,-0.0660123919041149,0.000422019883784192,0.614388650425093,0.437232694108754,0.373882667758784
"BTC",2026-04-06,2026-04-07,-0.0414888342977866,-0.0523835272554162,-0.0521624225412147,-0.0635029358817506,0.00038039354247519,0.263779537081657,0.424163882457132,0.898125315405458
"BTC",2026-04-07,2026-04-08,-0.0542540429634026,-0.0698013289820097,-0.0687883078062987,-0.0829223590814076,0.000637272718386273,0.874531514277341,0.446929413220754,0.626201770518307
"BTC",2026-04-08,2026-04-09,-0.0506909550406091,-0.0653615401506703,-0.0643338770508693,-0.0780611150370018,0.000559592352142933,0.357862788469108,0.427670797266704,0.481967530278475
"BTC",2026-04-09,2026-04-10,-0.0475721253803793,-0.062091111652282,-0.0596715214811046,-0.0753689075701315,0.000618725810350581,0.546606302450015,0.466484769517435,0.59936380564053
"BTC",2026-04-10,2026-04-11,-0.0469794470650142,-0.0601915849646271,-0.0587827649599568,-0.072991205869577,0.000583000589218615,0.438220451561163,0.469863612303118,0.348477456181336
"BTC",2026-04-11,2026-04-12,-0.0454995441091119,-0.0586034385090511,-0.0570059651650504,-0.0694752335480104,0.000518979878764975,0.657585297002618,0.463025087538365,0.838404372439147
"BTC",2026-04-12,2026-04-13,-0.0481598126720312,-0.0628603167329555,-0.060553309924621,-0.0774923136521384,0.000661315269492382,0.159825038964242,0.478542368097402,0.919755527238973
"BTC",2026-04-13,2026-04-14,-0.0552684841702281,-0.0747203754356638,-0.0712141029983058,-0.0942022486362726,0.00106303524380215,0.25140300365212,0.475687497809671,0.491409641794528
"BTC",2026-04-14,2026-04-15,-0.0517197978014434,-0.0687928646357067,-0.0655963057593819,-0.0854595502007047,0.000841504659534576,0.536834260703755,0.466789405154698,0.411142934716126
"BTC",2026-04-15,2026-04-16,-0.0493533321207879,-0.0643357155545767,-0.0620470908533011,-0.0790072461718751,0.000702183186681075,0.549678807985668,0.466388986598558,0.34481259803196
"BTC",2026-04-16,2026-04-17,-0.0475774666775791,-0.0606574829864,-0.0593838198257846,-0.074090483498825,0.000601971729418725,0.604581765294683,0.46467743052648,0.731221167171618
"BTC",2026-04-17,2026-04-18,-0.0481692432117089,-0.0624286977624281,-0.0605664948023694,-0.0760071041304008,0.000646131184006836,0.268890963175395,0.475142324566236,0.661354574989193
"BTC",2026-04-18,2026-04-19,-0.0472813852200624,-0.0617693781148982,-0.0593825281454484,-0.0747366652442416,0.000609104781191349,0.431119325044396,0.470084984280222,0.773657478743603
"BTC",2026-04-19,2026-04-20,-0.0478721592237787,-0.0623384046831567,-0.059973488257314,-0.0769318107355118,0.000639200909495381,0.294567251668528,0.474341886673036,0.792809998365782
"BTC",2026-04-20,2026-04-21,-0.0481683042698135,-0.0634045164132473,-0.0605651820637005,-0.0779128787964342,0.000661855585360052,0.310975477815023,0.473830373259742,0.421715846037119
"BTC",2026-04-21,2026-04-22,-0.046687977406184,-0.0596323095087888,-0.0581976145254265,-0.0729416009606085,0.00057206387607353,0.622614963318575,0.464115259905997,0.7785249252891
"BTC",2026-04-22,2026-04-23,-0.047870893128729,-0.0620454373591787,-0.059971725416838,-0.0768738038791855,0.000642944242287447,0.234554465265302,0.476212737607216,0.396314422178088
"BTC",2026-04-23,2026-04-24,-0.04609549704065,-0.0595974469536683,-0.0576042462409347,-0.072255313228539,0.000556396765289375,0.64157032908615,0.463524341438794,0.439665104379845
"BTC",2026-04-24,2026-04-25,-0.0452065681164733,-0.0577036201918818,-0.0564187725978899,-0.0695729859610884,0.000513063597502644,0.541679923630079,0.466638345462993,0.316856039873002
"BTC",2026-04-25,2026-04-26,-0.0443172033343323,-0.0557149047222023,-0.0549376607980994,-0.06785505510521,0.000468739001801736,0.679405888574418,0.462344847933223,0.472632782266498
"BTC",2026-04-26,2026-04-27,-0.0437241183185629,-0.0556117872460822,-0.0546383376030129,-0.0660825122192517,0.000456375236803985,0.478305837918796,0.468613982232448,0.640531112568631
"BTC",2026-04-27,2026-04-28,-0.0437219196973962,-0.0561876187230383,-0.0546352400980543,-0.0674795949799977,0.000469253474392124,0.344326214374386,0.472790690545655,0.58049025703565
"BTC",2026-04-28,2026-04-29,-0.0434239724131661,-0.0557155615272604,-0.054336055616999,-0.0662962120698922,0.000459835243554979,0.469830406116583,0.4688781970849,0.406356411723606
"BTC",2026-04-29,2026-04-30,-0.0425438895838737,-0.0537828874097078,-0.0531629996460927,-0.0645077617885707,0.00040244848388911,0.322579294782669,0.483781405199825,0.369304757606016
"BTC",2026-04-30,2026-05-01,-0.0419503309870954,-0.0529816171429727,-0.0525679038971301,-0.062823447202223,0.000386588429043483,0.326102359804714,0.483603689441177,0.796486660661174
"BTC",2026-05-01,2026-05-02,-0.0428354144563085,-0.0544196805476482,-0.0537480407687577,-0.0655586342379299,0.000425165742154641,0.768249853507237,0.46130021880248,0.482023886353486
"BTC",2026-05-02,2026-05-03,-0.0422419870586616,-0.0539069284563185,-0.0528581803858466,-0.0646421357657581,0.000407807348278263,0.332105825177118,0.483300853587597,0.290663492084379
"BTC",2026-05-03,2026-05-04,-0.0413534409404741,-0.0531558634711436,-0.0519679484461657,-0.0626198418426434,0.000384193449253145,0.271766089236203,0.486344601540651,0.616070357557711
"BTC",2026-05-04,2026-05-05,-0.041351244358722,-0.0524212735941198,-0.0516699725505324,-0.0635236100891604,0.000384771717550107,0.560014470306385,0.471804342022237,0.659436158583756
"BTC",2026-05-05,2026-05-06,-0.0413488344534815,-0.0521785692277054,-0.0516665402612506,-0.0630627023780067,0.000386093509992481,0.50632731867755,0.47451251028528,0.392122924624184
"BTC",2026-05-06,2026-05-07,-0.0407557380458988,-0.0516768476268124,-0.0510719163673342,-0.0613737090928085,0.00037077459746394,0.303749408397617,0.484731250724453,0.719641869259513
"BTC",2026-05-07,2026-05-08,-0.0407538651189256,-0.0523124284265155,-0.0510692291242857,-0.0631578081389298,0.000380297322738147,0.624981982722127,0.468527152789523,0.341183420003309
"BTC",2026-05-08,2026-05-09,-0.0404555236050033,-0.0508678970390002,-0.0504746161049504,-0.0612412341581492,0.000364581433271211,0.269476181948615,0.486460112497247,0.3459304869917
"BTC",2026-05-09,2026-05-10,-0.03986287287082,-0.0502598618757042,-0.0498805209841563,-0.0599533135958348,0.000350423286972153,0.324344727179553,0.483692350596577,0.7906494807029
"BTC",2026-05-10,2026-05-11,-0.0401565520599326,-0.0518545893362336,-0.0504684099626935,-0.0622652642413167,0.000373081473338253,0.704312933068033,0.464525421360575,0.470794241006769
"BTC",2026-05-11,2026-05-12,-0.0398586199260623,-0.0509906997631539,-0.0498744022313759,-0.0612155010473538,0.000361127028394807,0.325626009150346,0.483627718239225,0.699431949503015
"BTC",2026-05-12,2026-05-13,-0.0398563799197627,-0.0507235900030593,-0.0498711795126352,-0.0613318262959736,0.000363045754094342,0.555084705591804,0.472053016648088,0.762463592339481
"BTC",2026-05-13,2026-05-14,-0.0398542886843859,-0.0513821849250342,-0.0501626967775807,-0.0610787636752503,0.000369383716652758,0.555775053661507,0.472018193069707,0.888903086073355
"BTC",2026-05-14,2026-05-15,-0.0410326043343951,-0.0529681932160845,-0.0516356319589437,-0.0639091759956865,0.000407505547600668,0.713626821887642,0.46405559613533,0.906758207363036
"BTC",2026-05-15,2026-05-16,-0.0425061369462213,-0.0550011361985574,-0.0534040737608582,-0.0675739503548543,0.000453311934621134,0.694890961675686,0.465000698649943,0.649974169137693
"BTC",2026-05-16,2026-05-17,-0.041619559708894,-0.0536444303423962,-0.052221681204495,-0.0649902775100327,0.00042373629978685,0.421362440032652,0.478798436821487,0.499295181893034
"BTC",2026-05-17,2026-05-18,-0.0407328397870351,-0.0521394189190923,-0.0510390623437471,-0.0628677029967055,0.00039467564284802,0.386320205374599,0.480566090066031,0.406517906446081
"BTC",2026-05-18,2026-05-19,-0.039846202080382,-0.0512903083560953,-0.0498565365566229,-0.0619503098908098,0.000370614934499851,0.352946784181595,0.482249562505189,0.27680528326578
"BTC",2026-05-19,2026-05-20,-0.0366147883792007,-0.0488201700984041,-0.0475124069880175,-0.0617052424775612,0.000358909071518215,0.69397592892343,0.811576314489837,0.401166397767293
"BTC",2026-05-20,2026-05-21,-0.0363175810216044,-0.0482815077113329,-0.046919198000845,-0.061136172953625,0.00034771335665864,0.818576008444397,0.851886833099071,0.269801221673335
"BTC",2026-05-21,2026-05-22,-0.0348423572316289,-0.0471065564919149,-0.0454423217886725,-0.0589532813735708,0.000331101551833444,0.6888984256558,0.809933644671766,0.880731880560417
"BTC",2026-05-22,2026-05-23,-0.0389654105365022,-0.0514526792063646,-0.0501546929517556,-0.0648539756905726,0.000388057969710312,0.963731268563231,0.898847347384006,0.742223430925109
"BTC",2026-05-23,2026-05-24,-0.0386688368451745,-0.0515300671297393,-0.0498570237794049,-0.0647475615989897,0.000384369842860067,0.961049443128013,0.897979725352554,0.390164837597657
"BTC",2026-05-24,2026-05-25,-0.0368992902097909,-0.0502064477671554,-0.0480857934323295,-0.0621647975367719,0.000361366555080403,0.816442080559775,0.851196466447343,0.299078020981511
"BTC",2026-05-25,2026-05-26,-0.0357189331991294,-0.0483517633924669,-0.0466094055743055,-0.0601212827862549,0.000342989435426494,0.729325641358612,0.82301262533673,0.782043561691022
"BTC",2026-05-26,2026-05-27,-0.0374837134704692,-0.0503096465572608,-0.0486678437068308,-0.0620549079281618,0.000363586638348716,0.955353522080967,0.896136985506428,0.866260183745913
"BTC",2026-05-27,2026-05-28,-0.0389544466077965,-0.0516967938379456,-0.0501381366835759,-0.0651365916129587,0.000387578722825431,0.978768795597032,0.903712276167866,0.636525842839009
"BTC",2026-05-28,2026-05-29,-0.0380688369506667,-0.0511135303539772,-0.0492510990999623,-0.0637707435444699,0.000374568167744482,0.940903447983411,0.891462109029192,0.323448525968582
"BTC",2026-05-29,2026-05-30,-0.0363002443655396,-0.0490617323753338,-0.0471865574797513,-0.0615046324653208,0.000350724737817548,0.749467258480015,0.82952882528551,0.336745813677324
"BTC",2026-05-30,2026-05-31,-0.0357091054368066,-0.0474464069426014,-0.0462996690759803,-0.0596963193708101,0.000336517552853162,0.76795679749387,0.835510546239136,0.245966682579289
"BTC",2026-05-31,2026-06-01,-0.0342355452272864,-0.0464427830090185,-0.0448244789630951,-0.0577558122164855,0.000320402560049103,0.640789018220505,0.794369327448571,0.913602949611799
"BTC",2026-06-01,2026-06-02,-0.0401210019721012,-0.0529982198392905,-0.0515936960938165,-0.0669108365913356,0.000408497595011878,0.963568081202049,0.898794553138729,0.950518381921631
"BTC",2026-06-02,2026-06-03,-0.0592926983952142,-0.077818565037935,-0.0763750808923555,-0.0953557404460673,0.000875258464563427,0.97487172209748,0.902451498049352,0.85727261551039
"BTC",2026-06-03,2026-06-04,-0.0604787463265731,-0.0797255082957811,-0.0778588336945634,-0.0976060986505572,0.00091425203814789,0.992174442410592,0.90804926036101,0.533465395619323
"BTC",2026-06-04,2026-06-05,-0.0569384620538723,-0.0754885165275918,-0.0737271428390728,-0.0919874338425839,0.000810384018772019,0.903635881158749,0.879405335455837,0.834520546538829
"BTC",2026-06-05,2026-06-06,-0.0613728153105132,-0.0803323407877636,-0.079051600986493,-0.097888140637124,0.000938448999851105,0.991562318154511,0.907851226408618,0.452656840214188
"BTC",2026-06-06,2026-06-07,-0.0560631929115298,-0.07471876187416,-0.0728554638947837,-0.0916737912887791,0.000785423538280515,0.692764455867964,0.81118437969064,0.797154130908251
"BTC",2026-06-07,2026-06-08,-0.0601997918772656,-0.0788336128440982,-0.0772914868281104,-0.09734699519124,0.000902661728395146,0.98416191030557,0.905457052348235,0.437298435648459
"BTC",2026-06-08,2026-06-09,-0.0519246331851792,-0.0692861901428792,-0.0672376920416033,-0.086039257074332,0.000662806470315365,0.804052891992259,0.791199243493174,0.668007859747903
"BTC",2026-06-09,2026-06-10,-0.052218740479077,-0.0691416021475909,-0.0675316363265158,-0.0856072936838366,0.000670206927026663,0.84285200156554,0.828093869223555,0.408746820692017
"BTC",2026-06-10,2026-06-11,-0.0480911678171988,-0.0645147411235453,-0.0625183655007957,-0.0799045383614437,0.000568974917320359,0.751859860354518,0.741568146563712,0.773636675603023
"BTC",2026-06-11,2026-06-12,-0.0531027392504413,-0.0700315224490475,-0.0687103572196145,-0.08635740103763,0.000692013412769685,0.850896240832346,0.835743250879437,0.417869831876591
"BTC",2026-06-12,2026-06-13,-0.0483860703860961,-0.0652958018341313,-0.0631079213154383,-0.0801419507150099,0.000577912509594965,0.754709403840354,0.744277818037326,0.533894847395464
"BTC",2026-06-13,2026-06-14,-0.0475001735723821,-0.0637997223638429,-0.0619263633078743,-0.0785482507557261,0.000554946848144304,0.734630563049948,0.725184562439211,0.635859493025719
"BTC",2026-06-14,2026-06-15,-0.0477930678762542,-0.0641792635311448,-0.0622185459481508,-0.0792314258989168,0.000562095548199885,0.746547569967149,0.73651661399586,0.475888601067776
"BTC",2026-06-15,2026-06-16,-0.0460230047276793,-0.0615300982343155,-0.0598579327539824,-0.076728503373665,0.000518360155992144,0.682975762319372,0.676065276942917,0.432916409278429
"BTC",2026-06-16,2026-06-17,-0.0445474113485363,-0.0601596650330896,-0.0580861133627522,-0.0751855682724997,0.000487433064864097,0.618869434660181,0.615105657200412,0.656651204808965
"BTC",2026-06-17,2026-06-18,-0.0460172344769649,-0.0612308199754554,-0.0598494091856681,-0.0766571449762375,0.000515236124179158,0.649349266653983,0.644089363427285,0.786589053299007
"BTC",2026-06-18,2026-06-19,-0.0483718183179613,-0.0653820400343175,-0.0630869781355031,-0.0806292129351042,0.000576222090300366,0.726062847372841,0.717037399611308,0.479089717232505
"BTC",2026-06-19,2026-06-20,-0.0457192352330617,-0.0620822746128998,-0.0598438911476288,-0.0766258865783971,0.000514561277085824,0.644519070556977,0.639496261184389,0.574552048990049
"BTC",2026-06-20,2026-06-21,-0.0454224889448736,-0.0611087302444743,-0.0592516720412361,-0.0762318326297766,0.000504696614486083,0.626486265044129,0.622348609663968,0.579688685352254
"BTC",2026-06-21,2026-06-22,-0.0448309589823256,-0.0605609488441526,-0.0586586231152274,-0.0751844500041029,0.000492382552226509,0.600761055243904,0.597886141379169,0.463153292332933
"BTC",2026-06-22,2026-06-23,-0.0433565964981061,-0.0592083243706726,-0.0568883412490491,-0.0736490995304531,0.000462917198461913,0.535202272628864,0.535545361538517,0.740269405624684
"BTC",2026-06-23,2026-06-24,-0.0454146845235676,-0.0613265107702466,-0.0592400665028174,-0.0769744770153166,0.000503948022580706,0.593247827071833,0.590741705734017,0.852466620289354
"BTC",2026-06-24,2026-06-25,-0.0489459703883956,-0.0659319075286873,-0.0639486392047247,-0.0811196791680014,0.000586709582793252,0.704560974148385,0.696590962209953,0.730966343167235
"BTC",2026-06-25,2026-06-26,-0.0483551964702704,-0.0642211921817451,-0.0627684054807867,-0.0802785373385601,0.000568647755553332,0.708469274618269,0.700307420774701,0.371970376320867
"BTC",2026-06-26,2026-06-27,-0.0451153547419507,-0.0602047240844887,-0.0586440880867281,-0.0760796394727242,0.000494433076748461,0.598299454034874,0.595545369740245,0.284651735078602
"BTC",2026-06-27,2026-06-28,-0.0427586262072016,-0.0577588898826547,-0.0559912481903694,-0.072505862907924,0.000446712553644261,0.493753820125535,0.496131437893556,0.365400571866297
"BTC",2026-06-28,2026-06-29,-0.0377759978411495,-0.0520552791177048,-0.0498419023420947,-0.0655510592470771,0.000359377412595593,0.0231056973470378,0.0429338197906815,0.498812570737785
"BTC",2026-06-29,2026-06-30,-0.0377735895906916,-0.0515158214598347,-0.0498380935488174,-0.0652535247664929,0.000356815603990728,0.0247470469395896,0.0442618176723441,0.859818459589963
"BTC",2026-06-30,2026-07-01,-0.0410116844470399,-0.057292176980773,-0.0554310055572446,-0.0732199948504952,0.000418975140619531,0.0702796232474777,0.0811017237824775,0.86975829606037
"BTC",2026-07-01,2026-07-02,-0.0433673019879239,-0.0609971604495117,-0.0589645648517261,-0.0779693050677368,0.000462902174797554,0.108315029106865,0.111875751837593,0.828539479706378
"BTC",2026-07-02,2026-07-03,-0.043955986128576,-0.0616826453796251,-0.0598476008169568,-0.0781683571497529,0.00047315906723299,0.119337253835728,0.120793712494824,0.753392501347335
"BTC",2026-07-03,2026-07-04,-0.0427775089890641,-0.05956144010867,-0.0577854865342733,-0.0759688167173141,0.000449709001875133,0.100343237914145,0.1054258633647,0.499160981166093
"BTC",2026-07-04,2026-07-05,-0.0398317636431864,-0.0555236017870969,-0.0533665874352263,-0.0698864232655503,0.000397458901404752,0.0564744833260285,0.0699321370869112,0.44117848773583
"BTC",2026-07-05,2026-07-06,-0.0386519783196602,-0.0530036597582893,-0.0513024323028127,-0.066998027030915,0.000373158616036823,0.0370471223523063,0.054213673246867,0.391404679782985
"BTC",2026-07-06,2026-07-07,-0.0377665230828163,-0.0517426395712194,-0.0498269174406174,-0.0657617815487482,0.000357364521576475,0.0270672510528888,0.0461390692715574,0.459817858663568
"BTC",2026-07-07,2026-07-08,-0.0374696400266508,-0.0510271466872189,-0.0492343088727246,-0.0655734931114511,0.000350720398816686,0.0249019338789892,0.0443871349894795,0.764759259517281
"BTC",2026-07-08,2026-07-09,-0.0383509064708966,-0.0537634289732672,-0.0512913844961264,-0.0683970365804983,0.000371744743136986,0.041757889793713,0.0580251033112367,0.727452167384055
"BTC",2026-07-09,2026-07-10,-0.0383492704153308,-0.0530446161728749,-0.0509946763170623,-0.0681409158761336,0.000368516056747318,0.04160529745754,0.0579016425323051,0.69872325119592
"BTC",2026-07-10,2026-07-11,-0.0380533926395347,-0.0528938827671127,-0.050697716884518,-0.067538394392677,0.000364270268304148,0.0396161455445316,0.0562922416229757,0.367398808392189
"BTC",2026-07-11,2026-07-12,-0.0368741687361975,-0.0509367288684939,-0.0489285579808435,-0.064203954962871,0.00034258065639224,0.0253346269649183,0.0447372222007179,0.273717290713741
"BTC",2026-07-12,2026-07-13,-0.0362832092863832,-0.0498370606509201,-0.0477478287338892,-0.0637853741217126,0.000331216468127611,0.0196808475319249,0.0401628115179032,0.844972385696932
"BTC",2026-07-13,2026-07-14,-0.0392234505842923,-0.0549801503035191,-0.0530401574167646,-0.0706373557298695,0.00038560747879095,0.0589739821506326,0.0719544540627432,0.941716179083615
"BTC",2026-07-14,2026-07-15,-0.0565847483626587,-0.0781796934820133,-0.0768775306040581,-0.0970636301307166,0.000725911805966895,0.299240412163425,0.266351376899609,0.440984490993242
"BTC",2026-07-15,2026-07-16,-0.0439344411865976,-0.0610548352881678,-0.0595192871302043,-0.0773265772357677,0.000468627458857013,0.129921235643187,0.129357095630046,0.610248565096027
"BTC",2026-07-16,2026-07-17,-0.0421678085055936,-0.0586820366134144,-0.0568691421892171,-0.0750893050544985,0.000437652871623987,0.0948911402397788,0.101014631171978,0.348969820786549
"BTC",2026-07-17,2026-07-18,-0.0392242256271938,-0.0536012080567896,-0.0521594666829056,-0.0681427333558189,0.000381868772069048,0.0472953199233761,0.0625053770539038,0.556626437606699
"BTC",2026-07-18,2026-07-19,-0.039409996866347,-0.0529911242786042,-0.051405293955886,-0.0666119262097169,0.000390866993516377,0.45832565992921,0.472941521898704,0.325970668135125
"BTC",2026-07-19,2026-07-20,-0.0382364871054593,-0.0518782966258126,-0.049937430111728,-0.064648701850383,0.000369588436374636,0.454577972597812,0.46999196337246,0.404746413098721
"BTC",2026-07-20,2026-07-21,-0.0376487820221378,-0.0506183008214331,-0.0490557311073304,-0.063217875150687,0.000355992895665369,0.461983951772939,0.475820723108676,0.733081481201755
"BTC",2026-07-21,2026-07-22,-0.0379404402773773,-0.0512414824857366,-0.0493469379341663,-0.0645281391978105,0.000362688441081163,0.467569816926918,0.480216990655686,0.446783112110291
"BTC",2026-07-22,2026-07-23,-0.0370601742367739,-0.0506430865938076,-0.0484650531692832,-0.0627130630046386,0.000348021128827287,0.475394990889079,0.486375671073356,0.624212472709004
"BTC",2026-07-23,2026-07-24,-0.0370581592976315,-0.0499168941656448,-0.0481694876605409,-0.0627492489938194,0.000344888370021833,0.480335055167064,0.490263671171242,0.716932634194705
"BTC",2026-07-24,2026-07-25,-0.037056455110449,-0.0501110638536516,-0.0481668380848485,-0.0630650426447478,0.00034570481721948,0.482095630342221,0.491649304245664,0.370281341693743
"BTC",2026-07-25,2026-07-26,-0.0361765398769924,-0.0494855374527952,-0.0472853101804276,-0.0612944314310626,0.000331119954820917,0.496540550955374,0.503017952424632,0.682656351643356
"BTC",2026-07-26,2026-07-27,-0.0364674748175874,-0.0491721875237954,-0.0472831294898675,-0.062218499093832,0.000333747339981729,0.493363948978224,0.500517857668144,0.882408987646012
"BTC",2026-07-27,2026-07-28,-0.0379296571578389,-0.0511584123403304,-0.0493302731130615,-0.0645383766255904,0.000362184284507242,0.479286003196419,0.489438031273654,0.374576460198437
"BTC",2026-07-28,2026-07-29,-0.0370496939182083,-0.0498266428730652,-0.048156326158226,-0.0626882785040692,0.000344441972448963,0.484563109876248,0.49359129530691,0.282764368287588
"BTC",2026-07-29,2026-07-30,-0.0361700659057697,-0.0491139806483952,-0.0469828430961419,-0.0618837870278812,0.000329538871541733,0.498546388027215,0.504596615027549,0.640935369049192
"BTC",2026-07-30,2026-07-31,-0.0361685198129371,-0.049261574730399,-0.047272637254783,-0.0610081532186924,0.000330163099826092,0.497171223122791,0.503514313060986,0.914521863769736
"BTC",2026-07-31,2026-08-01,-0.0388010788770699,-0.0525855458340591,-0.0504910391296726,-0.0666700564081396,0.000380478309520776,0.480574851195123,0.490452398873576,0.400441127680389
"BTC",2026-08-01,2026-08-02,-0.0379212428339251,-0.0506483423569413,-0.0493172691579221,-0.0637800880985819,0.000359894715072455,0.474820622974369,0.485923623815881,0.530569210235533
"BTC",2026-08-02,2026-08-03,-0.0373346638221542,-0.0503721977653722,-0.0484372992867752,-0.063840876894176,0.000350704488224599,0.478955897616296,0.489178226855005,0.293410356240279
"BTC",2026-08-03,2026-08-04,-0.0364552787506149,-0.0493670433146604,-0.0475562792329106,-0.0614492019352457,0.000334515918550387,0.489802052858162,0.497714523200376,0.524701391881898
"BTC",2026-08-04,2026-08-05,-0.0361611147202092,-0.0488972094046536,-0.0469688355156846,-0.0615811277661126,0.000328589008638389,0.496418550913725,0.5029219342056,0.428513335895017
"BTC",2026-08-05,2026-08-06,-0.0355745158119257,-0.0482994800419367,-0.0463808394732982,-0.0601855336459068,0.00031825879303125,0.510816876819893,0.514253910751341,0.380348319903011
"BTC",2026-08-06,2026-08-07,-0.0349879256022212,-0.0477372266132837,-0.0457927664922713,-0.0588921835631981,0.000308174249866995,0.528526441532063,0.528191945857743,0.539886988336261
"BTC",2026-08-07,2026-08-08,-0.0346576801225392,-0.046090499281368,-0.0445649722769527,-0.0573486826879843,0.000298004313612441,0.137684663786057,0.159448669024055,0.271002138213443
"BTC",2026-08-08,2026-08-09,-0.0343637020194094,-0.0452229449950413,-0.0439781683340782,-0.0567985959289696,0.000291478870993739,0.129056310507637,0.153061178079364,0.218016952843269
"BTC",2026-08-09,2026-08-10,-0.0340698110577486,-0.0447263309601357,-0.0436828425789109,-0.0556946290850391,0.000286296845383177,0.125729554805767,0.150598411287692,0.721304085425238
"BTC",2026-08-10,2026-08-11,-0.0343596466439419,-0.0453585791853813,-0.0442631430652817,-0.0559615682229573,0.000291743068312487,0.150292981561951,0.168782491252074,0.43577202263252
"BTC",2026-08-11,2026-08-12,-0.0340659734627492,-0.0449910361467246,-0.0436768401867323,-0.0562133288350293,0.000287019241735075,0.143093396133944,0.163452704067543,0.274926868100699
"BTC",2026-08-12,2026-08-13,-0.0337722847186878,-0.0445633477511069,-0.0433817451499745,-0.0552244786728119,0.000282115758745035,0.136566832569478,0.158621148807486,0.204697735383517
"BTC",2026-08-13,2026-08-14,-0.0334786677759975,-0.044278179871011,-0.0430867140713993,-0.0544680627295707,0.000277731822900047,0.132809382444454,0.1558395428771,0.426202059494366
"BTC",2026-08-14,2026-08-15,-0.0334764856015789,-0.0439137990865202,-0.0427921430571437,-0.0551013866398558,0.000276381809604966,0.138373134336518,0.159958337470033,0.233756067397802
"BTC",2026-08-15,2026-08-16,-0.0331830284947557,-0.0438365473402461,-0.0424973351401804,-0.0546786727207784,0.000272743862626569,0.135960422615494,0.158172229069866,0.244886252886145
"BTC",2026-08-16,2026-08-17,-0.0328896728763833,-0.0440143983315062,-0.0424936689131344,-0.0534973905102538,0.000269977747305887,0.136571146850786,0.158624342630444,0.933094347825527
"BTC",2026-08-17,2026-08-18,-0.0346370152746683,-0.0458119825242417,-0.0445326941261462,-0.0574438777277533,0.000295853322577744,0.19518261876829,0.20201387873862,0.423196933512952
"BTC",2026-08-18,2026-08-19,-0.0340525501735039,-0.0450981439571999,-0.0439468537132445,-0.0556239744533235,0.000286638828825541,0.164929811282167,0.179618002302682,0.954901081576523
"BTC",2026-08-19,2026-08-20,-0.0498104186783121,-0.0675701544017874,-0.0661285154180101,-0.0852695508235008,0.000591264595151251,0.423427874419535,0.370981752050842,0.904797014442399
"BTC",2026-08-20,2026-08-21,-0.0647070688217372,-0.0849896690573464,-0.0842450641814582,-0.104132705488862,0.000998678885857458,0.785803605701373,0.639245188589525,0.87874967511425
"BTC",2026-08-21,2026-08-22,-0.0793718633625173,-0.101580075023751,-0.101564338747294,-0.120985507727514,0.00155626462922285,0.955723275735839,0.765035164804883,0.628939595942182
"BTC",2026-08-22,2026-08-23,-0.0694405109774894,-0.0921046044308947,-0.0907556907221975,-0.112059298724942,0.00115501518874084,0.703205278255259,0.578098402918582,0.455223878914934
"BTC",2026-08-23,2026-08-24,-0.0574637416948799,-0.0786339362423048,-0.0770244588343378,-0.0975161888844408,0.000789396952015622,0.414603253412121,0.364448965903088,0.532370094399165
"BTC",2026-08-24,2026-08-25,-0.0519145444967666,-0.0716743143311099,-0.0697224692833801,-0.0899623904299876,0.000654040754460295,0.305679748559116,0.283813892388799,0.395859959441691
"BTC",2026-08-25,2026-08-26,-0.045779848854289,-0.0633826592450449,-0.0612501027652296,-0.0794543433285543,0.00051955207937766,0.173296739290913,0.185811962513424,0.365246439446598
"BTC",2026-08-26,2026-08-27,-0.0428573359555615,-0.0586829284320896,-0.0565743300606612,-0.0739129457804282,0.000457132156412657,0.113698554979625,0.141691972252881,0.537554533544028
"BTC",2026-08-27,2026-08-28,-0.0407243769255805,-0.0521443955997662,-0.0514820016335851,-0.0626387743982922,0.000403686432343411,0.263908309111517,0.298548921844762,0.777525269672022
"BTC",2026-08-28,2026-08-29,-0.0494529966370068,-0.065219878492907,-0.0645747219641933,-0.0780678369152424,0.000559638401994208,0.499020516689919,0.327030974407738,0.470610817309877
"BTC",2026-08-29,2026-08-30,-0.0424703727053641,-0.0552505191985621,-0.0543916942682148,-0.0670094050874964,0.000433716973284693,0.198898220968402,0.290673444996124,0.400644269336436
"BTC",2026-08-30,2026-08-31,-0.0398504895697658,-0.0502874616243989,-0.0503166121159321,-0.0602421931315524,0.00038479424535834,0.193390361326517,0.29000620976642,0.446895554403264
"BTC",2026-08-31,2026-09-01,-0.0389759342352419,-0.0492109778016553,-0.0488595344362209,-0.0598135499762555,0.000369673529129987,0.220706134167699,0.293315307519677,0.537140717578183
"BTC",2026-09-01,2026-09-02,-0.0392648194367204,-0.0504245482395369,-0.0497289566273665,-0.060458524865365,0.000375294382391311,0.250304435156457,0.296900916166797,0.357034876829811
"BTC",2026-09-02,2026-09-03,-0.0372272202612715,-0.0475612258477581,-0.0468179662714046,-0.0564362388573236,0.000341378773649987,0.19831273811725,0.290602518209663,0.866607726283969
"BTC",2026-09-03,2026-09-04,-0.0642883205692838,-0.0844142684184645,-0.083773896620976,-0.100769075399782,0.000859232628804302,0.854314520061456,0.370072135832603,0.700628741121191
"BTC",2026-09-04,2026-09-05,-0.0520724968042823,-0.069071037625768,-0.0686493119675026,-0.0846463235288521,0.000601411476290262,0.297855068137728,0.302661313051011,0.399847616854069
"BTC",2026-09-05,2026-09-06,-0.0436348302713606,-0.0575917791252405,-0.0567198970081294,-0.0693127182532507,0.000453231780236666,0.158953738873515,0.285834475338421,0.369142895952938
"BTC",2026-09-06,2026-09-07,-0.0401424185771867,-0.052050350525037,-0.0511905675769652,-0.0621036399280423,0.000392423711705861,0.179386187256511,0.288309710779527,0.549092998967663
"BTC",2026-09-07,2026-09-08,-0.0404315470139237,-0.0520978303629245,-0.0514789349155187,-0.0627652058677581,0.000394706340484769,0.248696029515314,0.296706070078261,0.429107760658929
"BTC",2026-09-08,2026-09-09,-0.0383938255349182,-0.0494542652950831,-0.0485677767864996,-0.0590398749797402,0.000361199040545617,0.206955985579195,0.291649581784377,0.32729418097545
"BTC",2026-09-09,2026-09-10,-0.0369375863357982,-0.0466574209232284,-0.0462381683757169,-0.0560102823413966,0.000334446904782568,0.196869524711504,0.2904276839018,0.286882569430735
